{"type":"FeatureCollection","licence":"Data © OpenStreetMap contributors, ODbL 1.0. http://osm.org/copyright","features":[{"type":"Feature","properties":{"place_id":38282546,"osm_type":"relation","osm_id":1110965,"place_rank":22,"category":"natural","type":"water","importance":0.4995744404485999,"addresstype":"water","name":"Lac Albert / Lake Albert","display_name":"Lac Albert / Lake Albert, Hoima, Western Region, Uganda"},"bbox":[30.3504959,0.9981697,31.5341869,2.5141232],"geometry":{"type":"Polygon","coordinates":[[[30.3504959,1.2708337],[30.3506032,1.2707291],[30.350799,1.2706299],[30.3509653,1.2705696],[30.3510323,1.270587],[30.3510524,1.2706152],[30.3510618,1.2706594],[30.3510042,1.2707412],[30.3509881,1.2708136],[30.3510095,1.2709034],[30.3511047,1.2710348],[30.3512952,1.2712467],[30.3513864,1.2713874],[30.3514722,1.2715255],[30.3515567,1.2716047],[30.3516828,1.2716409],[30.351841,1.2716905],[30.3520033,1.2717883],[30.3521749,1.2719251],[30.3524458,1.272153],[30.352639,1.2723434],[30.3528106,1.2725874],[30.3529045,1.2728556],[30.3530252,1.2729307],[30.3531298,1.2729226],[30.3532746,1.2728315],[30.3535724,1.2725445],[30.3537253,1.2723783],[30.3537762,1.2722388],[30.353744,1.2719546],[30.3537467,1.2718312],[30.3538379,1.2717723],[30.3539371,1.2718044],[30.3540444,1.2720511],[30.3540793,1.272389],[30.3541759,1.2725928],[30.3543341,1.2726813],[30.3544763,1.272684],[30.3545366,1.2727027],[30.3545406,1.272751],[30.3544977,1.2728033],[30.3543757,1.2728449],[30.3540297,1.2727926],[30.3536233,1.2728569],[30.3532854,1.2731103],[30.3530386,1.2734294],[30.3529313,1.2737673],[30.3529581,1.2740837],[30.3532612,1.274722],[30.3537762,1.2753173],[30.3543314,1.2756873],[30.3547847,1.2760145],[30.3550905,1.276406],[30.3553426,1.2767975],[30.3557235,1.2772265],[30.3560668,1.2775],[30.3562546,1.2776797],[30.3564262,1.2778835],[30.3566167,1.2780363],[30.3569332,1.2781543],[30.3572658,1.2782938],[30.3574911,1.2784466],[30.3576654,1.2785619],[30.3578907,1.2785887],[30.3580651,1.278519],[30.3582501,1.2783233],[30.3583521,1.2780846],[30.3584433,1.2777762],[30.3585023,1.2775537],[30.3585076,1.2773633],[30.3584459,1.277248],[30.3583145,1.2771112],[30.3580731,1.2769718],[30.3578746,1.2769369],[30.357762,1.2768726],[30.3576788,1.2767331],[30.3576145,1.2765803],[30.3574616,1.2764462],[30.3572443,1.2763738],[30.3570458,1.276355],[30.356791,1.2763631],[30.356618,1.2763537],[30.3565831,1.2763195],[30.3565952,1.2762719],[30.3567106,1.2762129],[30.3568313,1.2761593],[30.3569761,1.2760359],[30.3571276,1.2758629],[30.3572229,1.2757155],[30.3572483,1.2755452],[30.3571987,1.2752516],[30.357192,1.2751188],[30.3572001,1.2750263],[30.357251,1.2749043],[30.3573248,1.2748399],[30.3574106,1.2748507],[30.3574964,1.2749123],[30.3575474,1.275029],[30.3576252,1.2751872],[30.35777,1.2752918],[30.3578934,1.2753253],[30.3580262,1.2753494],[30.3581482,1.2753347],[30.3582837,1.2752502],[30.3583574,1.2751108],[30.3583628,1.2749713],[30.3583091,1.2748748],[30.35823,1.2747796],[30.3579041,1.2745289],[30.3577968,1.274368],[30.357762,1.2742339],[30.3577217,1.2739792],[30.3576332,1.27377],[30.3575152,1.273644],[30.3573221,1.2735608],[30.3570807,1.2735313],[30.3569815,1.2734804],[30.356968,1.2734107],[30.3570056,1.2733088],[30.3571612,1.2731988],[30.3572336,1.2730165],[30.3572094,1.2726518],[30.3571022,1.2723568],[30.3569198,1.2721155],[30.3567079,1.2717588],[30.3564557,1.2715336],[30.356217,1.2712708],[30.3561071,1.2711019],[30.3560722,1.2709517],[30.3560749,1.2705951],[30.3560641,1.2703618],[30.3560105,1.270166],[30.3559005,1.2699488],[30.3556806,1.2696699],[30.355635,1.2696002],[30.3556403,1.2695385],[30.3556913,1.2694661],[30.3557986,1.2694715],[30.3559193,1.2695573],[30.356099,1.2698281],[30.3562841,1.2701499],[30.3563592,1.2703457],[30.3563619,1.2705575],[30.3563404,1.2707908],[30.3563645,1.2709517],[30.3564638,1.271134],[30.3565738,1.2712493],[30.3568688,1.2713647],[30.357078,1.2713995],[30.3572175,1.2713539],[30.3573167,1.2711877],[30.3573731,1.2708793],[30.3573891,1.2705361],[30.3573731,1.2701794],[30.3573167,1.2698898],[30.3572752,1.2697624],[30.3573087,1.2697048],[30.3573623,1.2697075],[30.3574602,1.2697852],[30.3575662,1.2699434],[30.3576386,1.2702867],[30.3576627,1.2706701],[30.3575769,1.2712252],[30.3575635,1.2715148],[30.3576493,1.2718715],[30.3578988,1.2724909],[30.3581026,1.2728636],[30.3584816,1.273358],[30.3589341,1.2736842],[30.3594314,1.2738777],[30.3598809,1.2740248],[30.3602591,1.2741106],[30.3604522,1.2741883],[30.360581,1.274317],[30.3607178,1.2745557],[30.3608653,1.2747166],[30.3610826,1.2748641],[30.3613535,1.2750652],[30.361509,1.2751215],[30.3616485,1.2750974],[30.3616941,1.2750357],[30.3617048,1.2748051],[30.3617316,1.2746174],[30.3616995,1.2744645],[30.3616431,1.2743331],[30.3616163,1.2741749],[30.3615841,1.2740596],[30.3614983,1.2739953],[30.3613186,1.2739229],[30.3611496,1.2738317],[30.3610557,1.2737432],[30.3609914,1.2736145],[30.3609377,1.2735528],[30.3608197,1.2734884],[30.3606158,1.2733597],[30.3605327,1.2732391],[30.3604335,1.2730648],[30.3603744,1.2729092],[30.3603718,1.2727617],[30.360471,1.2725365],[30.3605917,1.272263],[30.3606185,1.2720163],[30.3606641,1.2718581],[30.3607446,1.2717508],[30.3609404,1.2716328],[30.3611577,1.2715416],[30.3612515,1.2714411],[30.3612636,1.2713445],[30.3612408,1.2711394],[30.3611912,1.2710268],[30.3611389,1.2709571],[30.3611121,1.2708914],[30.3611214,1.270831],[30.3611845,1.270768],[30.3613052,1.2706956],[30.361446,1.2706447],[30.3614996,1.2705723],[30.3614849,1.2704985],[30.3614326,1.2704368],[30.3613387,1.2703899],[30.3613172,1.2703189],[30.3613816,1.2701995],[30.3614594,1.2700064],[30.3614822,1.2698965],[30.3614688,1.2696967],[30.3613937,1.2694473],[30.3612381,1.2691336],[30.3610155,1.2689432],[30.3606695,1.2687448],[30.3605407,1.2686563],[30.3604791,1.2685249],[30.3605005,1.2684337],[30.3606561,1.2683292],[30.3608452,1.2682353],[30.3611282,1.2681307],[30.3612998,1.2679993],[30.3614044,1.2677901],[30.3615332,1.2674885],[30.3616431,1.2673061],[30.3617531,1.2672324],[30.3618765,1.2672297],[30.3619918,1.2672941],[30.3620495,1.2673638],[30.3620991,1.2674268],[30.3621742,1.2674777],[30.3622802,1.2675113],[30.3624424,1.2675475],[30.3625511,1.2675971],[30.3626181,1.2676909],[30.3627348,1.2681012],[30.3628072,1.2684042],[30.3629386,1.2686858],[30.3631934,1.2690263],[30.3633973,1.2693267],[30.3636467,1.2695734],[30.3638345,1.2698067],[30.3640142,1.2699676],[30.36421,1.270048],[30.3644299,1.2700896],[30.3646311,1.2700628],[30.3647572,1.2700024],[30.3648551,1.2698724],[30.3648819,1.2696713],[30.3648323,1.2695305],[30.3647357,1.2694205],[30.3646217,1.2693562],[30.3644501,1.2693119],[30.3642905,1.2692958],[30.3641993,1.2692958],[30.3641228,1.2692637],[30.3640786,1.2691979],[30.3640692,1.2690853],[30.3641295,1.2688601],[30.3641892,1.2687294],[30.3642335,1.2686348],[30.3642979,1.2685484],[30.3643528,1.2684974],[30.3644139,1.2684538],[30.3645366,1.2683714],[30.3646378,1.2682802],[30.3646928,1.2681723],[30.3646928,1.268069],[30.3646284,1.2679457],[30.3644863,1.2678196],[30.3644058,1.267652],[30.3645185,1.2676333],[30.3647129,1.2677392],[30.3648886,1.2678223],[30.3650455,1.2679148],[30.3651769,1.268057],[30.365299,1.2681066],[30.3654358,1.2681066],[30.3655806,1.2681361],[30.3657268,1.2682219],[30.3658931,1.2682862],[30.3660272,1.2683023],[30.3661814,1.2682594],[30.3663263,1.2681575],[30.3665221,1.2679698],[30.3666683,1.2677834],[30.3667434,1.2675662],[30.3667554,1.267341],[30.3667366,1.2671265],[30.3666897,1.267042],[30.3665945,1.2669884],[30.3664041,1.2669213],[30.3662619,1.2668208],[30.3661345,1.266688],[30.3659293,1.2664909],[30.3657737,1.2663931],[30.3657013,1.2663434],[30.3656463,1.2662737],[30.3656182,1.2661665],[30.3656034,1.2660176],[30.3656101,1.2658648],[30.3656101,1.265716],[30.365582,1.2655792],[30.3655444,1.2654947],[30.3655109,1.2654277],[30.3654626,1.2653137],[30.3654157,1.2652011],[30.3653567,1.2650818],[30.3652856,1.2649169],[30.3652185,1.2647171],[30.3651796,1.2644221],[30.3650965,1.2642371],[30.3650147,1.2639368],[30.3649838,1.2637959],[30.3649261,1.2637222],[30.3648015,1.2636914],[30.364674,1.2637048],[30.3645613,1.2637785],[30.3644755,1.2638577],[30.3643897,1.2639033],[30.3642878,1.2639341],[30.3641564,1.2639287],[30.3640008,1.2638778],[30.3639069,1.2637879],[30.3638426,1.2636512],[30.3637715,1.2635614],[30.363683,1.2634876],[30.363581,1.2634474],[30.363467,1.2633723],[30.3633825,1.2632972],[30.3632967,1.2631899],[30.3631881,1.2630612],[30.3630432,1.2629325],[30.362653,1.2626174],[30.3622815,1.2624592],[30.3618617,1.2623989],[30.3613923,1.2623721],[30.3610718,1.262356],[30.3607835,1.2623654],[30.3606869,1.2623278],[30.3606132,1.2622299],[30.360589,1.262112],[30.3605622,1.261939],[30.3605045,1.2618049],[30.3604522,1.2617037],[30.3604556,1.2616796],[30.3604791,1.2616661],[30.3605052,1.2616728],[30.3606346,1.2617835],[30.3607969,1.2619189],[30.3609565,1.2619953],[30.361226,1.2620878],[30.3614527,1.2621602],[30.3615814,1.262179],[30.3616686,1.262175],[30.3617679,1.2621374],[30.3618845,1.2620811],[30.3620079,1.2620704],[30.3621849,1.2620972],[30.3622828,1.2620825],[30.3623526,1.2620168],[30.3623727,1.261935],[30.3623633,1.2618358],[30.3622547,1.2614671],[30.362189,1.261168],[30.3621005,1.2608838],[30.3619824,1.2605888],[30.361843,1.2602442],[30.3617786,1.2600673],[30.361784,1.2599788],[30.3618537,1.259901],[30.3620817,1.2597817],[30.3621246,1.2597401],[30.3621313,1.2596704],[30.3621165,1.2596074],[30.3618886,1.25924],[30.361784,1.2591823],[30.3617196,1.2591629],[30.361682,1.2591415],[30.3616586,1.2591086],[30.3616297,1.2590215],[30.3616016,1.2589129],[30.3615426,1.2588136],[30.3613816,1.2586997],[30.3612113,1.2585763],[30.361049,1.2584838],[30.3609203,1.258406],[30.3608479,1.2583108],[30.3607929,1.2581701],[30.3607365,1.2579984],[30.3607111,1.2578483],[30.36075,1.2575774],[30.3607567,1.2574018],[30.3607821,1.2573012],[30.3608304,1.2572704],[30.3608908,1.2572731],[30.3609337,1.2573267],[30.3609645,1.2575104],[30.3610182,1.2578255],[30.3610946,1.2580749],[30.3611657,1.2582224],[30.3613266,1.2583752],[30.3615627,1.2585334],[30.3618577,1.2587077],[30.3624183,1.2590992],[30.3627375,1.2594666],[30.3629842,1.2598393],[30.3630835,1.2602764],[30.3632712,1.2610889],[30.3633624,1.2614268],[30.3634885,1.261636],[30.3636602,1.2617808],[30.3638747,1.2619819],[30.3639834,1.2622313],[30.3640906,1.2623721],[30.3642221,1.2624579],[30.3643669,1.2624673],[30.3644983,1.2623868],[30.3646928,1.2621709],[30.364902,1.2618773],[30.3649771,1.2615475],[30.364961,1.2612364],[30.3649369,1.2608985],[30.3650442,1.260204],[30.365122,1.2593352],[30.3650656,1.2588177],[30.3649235,1.2584154],[30.3647116,1.2580802],[30.3644568,1.2579086],[30.3641778,1.2578335],[30.3639632,1.2577638],[30.3637621,1.2576351],[30.3635421,1.2575117],[30.3633785,1.2574367],[30.3632981,1.2573508],[30.3632766,1.2572221],[30.3633866,1.2570988],[30.3635636,1.2570746],[30.363805,1.2571283],[30.3643736,1.2573455],[30.3649422,1.2575171],[30.365248,1.2577316],[30.3654841,1.2579515],[30.3657389,1.258107],[30.366042,1.2582277],[30.3664309,1.2583269],[30.3669137,1.2583698],[30.3672811,1.2584637],[30.3676781,1.2586702],[30.3680778,1.2587855],[30.368523,1.2589008],[30.3688744,1.2588901],[30.3692043,1.2587453],[30.3696147,1.25852],[30.3706232,1.2580186],[30.3719026,1.2575225],[30.3730881,1.2573938],[30.3740054,1.2574367],[30.3751534,1.2576297],[30.37606,1.257796],[30.3769237,1.2580641],[30.3776693,1.2583913],[30.3784096,1.25852],[30.3788093,1.2584905],[30.3791928,1.2583216],[30.3795155,1.2580824],[30.3798124,1.2579408],[30.3799492,1.2579569],[30.3800404,1.2580239],[30.3801088,1.258166],[30.3803918,1.2584449],[30.3806922,1.2586621],[30.3810731,1.2588203],[30.3816202,1.2590054],[30.3820977,1.2591019],[30.3827038,1.2590939],[30.3832242,1.2591019],[30.3840905,1.2591877],[30.385156,1.2592454],[30.3858533,1.2593203],[30.3865367,1.2593996],[30.3868666,1.2593996],[30.3872421,1.2595256],[30.3876552,1.2597321],[30.3880763,1.2598635],[30.388315,1.2600726],[30.3886637,1.260432],[30.3889427,1.260566],[30.3893718,1.2606706],[30.3895864,1.2608154],[30.3898627,1.260987],[30.3900906,1.2610487],[30.3902838,1.2609495],[30.3904232,1.2607672],[30.3905891,1.260444],[30.3907129,1.2599922],[30.3908336,1.2595846],[30.3909516,1.2593567],[30.3911421,1.259244],[30.3913486,1.2592092],[30.3916892,1.2592118],[30.3920701,1.2592038],[30.3924805,1.2592333],[30.3927809,1.2593191],[30.3931993,1.2594639],[30.393548,1.2594961],[30.3938538,1.2594103],[30.3944009,1.2589276],[30.3946638,1.2587828],[30.3950179,1.2586487],[30.3954041,1.258579],[30.3956133,1.2585844],[30.3959084,1.2586326],[30.3961605,1.2587077],[30.3963697,1.2587613],[30.3965571,1.2587603],[30.3968847,1.2587292],[30.3973567,1.2585951],[30.397743,1.2581231],[30.3979737,1.2579032],[30.3982365,1.2578335],[30.3984149,1.2577434],[30.3985772,1.2575922],[30.398671,1.2573079],[30.3986898,1.2569111],[30.3987274,1.2567716],[30.3988132,1.2567314],[30.3989178,1.2567824],[30.3989714,1.2568816],[30.3990197,1.2570371],[30.3990519,1.2571926],[30.3990734,1.2574152],[30.3991029,1.2575922],[30.3991806,1.2578362],[30.3992665,1.2580427],[30.3993416,1.2581446],[30.3994569,1.2582304],[30.3995964,1.2583269],[30.3997734,1.2584154],[30.3998995,1.2585602],[30.4000041,1.2588016],[30.4000738,1.2589651],[30.4001972,1.2590563],[30.4003555,1.259059],[30.4004681,1.2589839],[30.4005674,1.2588016],[30.4007041,1.2585066],[30.400798,1.2582733],[30.4008865,1.2581151],[30.4009348,1.2579824],[30.4009697,1.2578282],[30.4009911,1.2576994],[30.4010206,1.2575949],[30.4010689,1.2575332],[30.4011226,1.2575158],[30.4011574,1.2575493],[30.4011615,1.2576405],[30.4011507,1.2577263],[30.401132,1.2578697],[30.4011306,1.258099],[30.4011092,1.2582626],[30.4010528,1.2584583],[30.4010005,1.2585911],[30.400963,1.2587117],[30.4009388,1.2588297],[30.4008932,1.2589477],[30.4008101,1.2590603],[30.4007296,1.2592038],[30.4006746,1.2593955],[30.4006827,1.2595122],[30.4007108,1.2595899],[30.4007135,1.2596476],[30.400676,1.2597455],[30.4006478,1.2598635],[30.4006492,1.2599493],[30.4006787,1.2600498],[30.4007028,1.2601759],[30.4007444,1.2602711],[30.4008409,1.2603636],[30.4009952,1.2604413],[30.4010944,1.2605044],[30.4011829,1.2605902],[30.4012594,1.260684],[30.4013237,1.2607591],[30.4013988,1.2608355],[30.4014941,1.2609374],[30.4016148,1.2610031],[30.401769,1.2610393],[30.4019326,1.261038],[30.4020372,1.2610152],[30.402119,1.2609844],[30.4022008,1.260983],[30.4022478,1.2610045],[30.4023081,1.2610434],[30.40241,1.2610568],[30.4025777,1.2610675],[30.4026903,1.2610876],[30.4028016,1.2611345],[30.4029478,1.261152],[30.4031248,1.2611023],[30.4032657,1.2610004],[30.4033515,1.2608865],[30.4034172,1.2608235],[30.403499,1.2608127],[30.4035848,1.2608355],[30.4037055,1.260861],[30.4038316,1.2608342],[30.4039858,1.260747],[30.4042366,1.2606304],[30.4043868,1.2605607],[30.4045558,1.2604561],[30.4047529,1.2603354],[30.4049045,1.2602188],[30.4050466,1.2600941],[30.4051378,1.2599587],[30.4051673,1.2598165],[30.4051687,1.2596717],[30.405174,1.2594827],[30.4051794,1.2594304],[30.4052018,1.2593804],[30.405282,1.2593359],[30.4053008,1.259303],[30.4053035,1.2592621],[30.4052833,1.2592253],[30.4052223,1.2591884],[30.4051633,1.2591234],[30.4051452,1.259057],[30.4051653,1.258994],[30.4052223,1.2589531],[30.4053028,1.2589558],[30.4053779,1.2589879],[30.4054838,1.2590322],[30.4056139,1.2590255],[30.40574,1.2589665],[30.4058821,1.2588512],[30.4059948,1.2587372],[30.4061101,1.2585642],[30.4062483,1.2583953],[30.4063784,1.2583001],[30.4067874,1.2582787],[30.4069121,1.2584556],[30.4069819,1.2586112],[30.4070838,1.2587399],[30.4072219,1.2588632],[30.407466,1.2590201],[30.407643,1.2591086],[30.4079582,1.2592118],[30.4082613,1.2593164],[30.4085885,1.2594545],[30.408783,1.2596114],[30.4090002,1.2598849],[30.4092362,1.2600887],[30.4095581,1.2603408],[30.4099631,1.2605339],[30.4103145,1.2606733],[30.4107463,1.260802],[30.4112399,1.2609066],[30.4115966,1.261038],[30.411905,1.2611587],[30.4121625,1.2612472],[30.4123704,1.2613236],[30.4125622,1.2614536],[30.4127982,1.2615958],[30.4130986,1.2617003],[30.4133682,1.2618022],[30.4135331,1.2619685],[30.4136056,1.2621482],[30.4136538,1.26236],[30.4136994,1.2625397],[30.4137638,1.2626979],[30.4138845,1.262848],[30.4140361,1.2629607],[30.4142225,1.2630679],[30.4143365,1.2631323],[30.4144894,1.2631873],[30.4146932,1.263202],[30.4148743,1.2631698],[30.415058,1.2630518],[30.4151532,1.2629017],[30.4152256,1.262714],[30.4152592,1.2625209],[30.4152994,1.2621562],[30.4153047,1.2620704],[30.4153262,1.2620536],[30.4153517,1.2620536],[30.4153718,1.262067],[30.415408,1.2621696],[30.415459,1.2622474],[30.4155368,1.2623493],[30.4155837,1.262474],[30.4156575,1.2628239],[30.4157191,1.2632744],[30.4157487,1.2637973],[30.415754,1.2641057],[30.4157728,1.2643604],[30.4158184,1.2647412],[30.4159284,1.2651944],[30.4159713,1.2657012],[30.4160571,1.2661571],[30.4160491,1.2666317],[30.4161295,1.2673933],[30.4162878,1.2679323],[30.4166257,1.2683881],[30.417012,1.2686027],[30.4173867,1.2687941],[30.4176796,1.268821],[30.4181518,1.2687717],[30.4184426,1.26877],[30.4188052,1.2687421],[30.4191612,1.2686998],[30.419617,1.2685956],[30.4198936,1.2684466],[30.4201347,1.268213],[30.4203105,1.26793],[30.4203712,1.2676183],[30.4203594,1.267337],[30.4202253,1.2669133],[30.4202038,1.2664681],[30.4203218,1.2660766],[30.4206222,1.2655296],[30.42081,1.2650094],[30.4209977,1.2645106],[30.4212874,1.2640601],[30.4216307,1.2636418],[30.4221618,1.2630358],[30.4226232,1.2625584],[30.4230617,1.2622474],[30.4233527,1.2620758],[30.4236424,1.2619229],[30.4238972,1.2618559],[30.4240876,1.2618585],[30.4243156,1.2618988],[30.424675,1.2620731],[30.4248869,1.2623788],[30.4249644,1.2626143],[30.4249619,1.2627951],[30.4248797,1.2630213],[30.4246478,1.2632578],[30.4244041,1.2634273],[30.4242593,1.2636793],[30.4242432,1.2640011],[30.424372,1.2642156],[30.4247099,1.2643712],[30.4250532,1.2644355],[30.4253322,1.2644838],[30.4256487,1.264516],[30.4257452,1.2645857],[30.4257667,1.2646876],[30.4257399,1.2647734],[30.4256809,1.2648538],[30.4255789,1.2649262],[30.425455,1.2650291],[30.4253671,1.2652266],[30.4253134,1.2655001],[30.4253563,1.2658916],[30.4253939,1.2662509],[30.4254448,1.2665808],[30.4255709,1.2668436],[30.4257426,1.2671814],[30.4260349,1.2676561],[30.4263219,1.2680395],[30.4263085,1.2682272],[30.4262093,1.268415],[30.4260054,1.2685812],[30.4258847,1.2687957],[30.4258418,1.269021],[30.4258525,1.2693267],[30.4259598,1.2694956],[30.4261449,1.269627],[30.4263192,1.269737],[30.4268852,1.2699729],[30.4274565,1.2702491],[30.4281968,1.270469],[30.4288941,1.2703672],[30.4293072,1.2702223],[30.4296797,1.2698646],[30.4298598,1.2695358],[30.4301383,1.2687138],[30.430136,1.2681897],[30.4301709,1.2677982],[30.4303586,1.2673906],[30.4307154,1.2670205],[30.4311472,1.2667953],[30.4316971,1.2666076],[30.4320618,1.2664842],[30.4325634,1.2664306],[30.4330623,1.2665164],[30.4336658,1.2668516],[30.4338858,1.267227],[30.4341835,1.2675649],[30.4344678,1.2677285],[30.434787,1.2678465],[30.4350123,1.2678518],[30.4353449,1.2677365],[30.4358143,1.2676695],[30.4359698,1.2676641],[30.4360878,1.2676105],[30.4361495,1.2675086],[30.436112,1.2674094],[30.4360315,1.2672994],[30.435998,1.2671788],[30.4360369,1.2670876],[30.4361214,1.2670487],[30.4362273,1.2670648],[30.4363239,1.267105],[30.4364875,1.2672015],[30.4365773,1.2673383],[30.4366404,1.2675341],[30.4366431,1.2677151],[30.4365049,1.2680543],[30.4364406,1.268191],[30.4364486,1.2683345],[30.4364982,1.2685142],[30.4366122,1.2686576],[30.4367597,1.2687461],[30.4369757,1.2688266],[30.437158,1.2688132],[30.4373901,1.2687099],[30.4375778,1.2686509],[30.4378004,1.2685825],[30.4380512,1.2685209],[30.4382631,1.268486],[30.4384308,1.2685021],[30.4385743,1.2685624],[30.4387526,1.2686898],[30.4389685,1.2689325],[30.4391268,1.2692141],[30.4393414,1.2696216],[30.4395238,1.2698871],[30.4397678,1.2701499],[30.4400709,1.2703403],[30.4404089,1.2703537],[30.4406691,1.2703001],[30.4409856,1.2701472],[30.4413879,1.26993],[30.4419619,1.2695546],[30.4424286,1.2691658],[30.4427075,1.2688225],[30.4429248,1.2684552],[30.4431769,1.2680395],[30.4433942,1.2674603],[30.4435497,1.266857],[30.4437858,1.2662617],[30.443995,1.2661061],[30.444231,1.2660552],[30.4444107,1.2662],[30.4444939,1.2664252],[30.4444939,1.2668918],[30.4444563,1.2689942],[30.4444966,1.2693696],[30.4447111,1.2696994],[30.4449847,1.2699327],[30.4454085,1.2702411],[30.4457197,1.2704315],[30.4460657,1.2706782],[30.4463218,1.2707117],[30.4466102,1.2706567],[30.4470876,1.2705495],[30.4475462,1.2705253],[30.4479834,1.2706809],[30.4484233,1.2710402],[30.4486674,1.2713754],[30.4488939,1.2718861],[30.4491607,1.27244],[30.4495142,1.2729444],[30.4500139,1.2731398],[30.4504806,1.2731613],[30.4509419,1.2730862],[30.4514354,1.2728341],[30.4520202,1.2723247],[30.452283,1.2721316],[30.4525673,1.2720136],[30.4528248,1.2720565],[30.4533988,1.2721691],[30.4537636,1.2721101],[30.454064,1.2720511],[30.4545629,1.2719868],[30.4548472,1.2721048],[30.4550618,1.2722764],[30.4553407,1.2724373],[30.4556733,1.2725606],[30.4559684,1.2726679],[30.4561561,1.272684],[30.4563868,1.2726679],[30.4568481,1.2724426],[30.4572236,1.2718259],[30.4577386,1.271488],[30.458141,1.2712574],[30.458731,1.2711877],[30.4589081,1.2713003],[30.4592782,1.2719385],[30.4593962,1.2724373],[30.4596698,1.2727859],[30.4599273,1.2728771],[30.460327,1.2727054],[30.4606435,1.2725901],[30.4609224,1.2725097],[30.4612094,1.2723917],[30.4613784,1.2722978],[30.4616957,1.2722055],[30.462006,1.2721638],[30.4621804,1.2720967],[30.4623923,1.2719787],[30.4626149,1.2720297],[30.4627329,1.2721101],[30.4630762,1.2720377],[30.4633579,1.2719063],[30.4635351,1.2718061],[30.4639292,1.2718607],[30.4643476,1.2719546],[30.4645434,1.2719466],[30.4650906,1.2717079],[30.4653025,1.2716489],[30.4654658,1.2716079],[30.4656243,1.2715792],[30.465804,1.271539],[30.4659322,1.2714438],[30.4661233,1.2713102],[30.4662469,1.2712091],[30.4667965,1.2707927],[30.4676145,1.2703939],[30.4677245,1.2703698],[30.4679418,1.2703323],[30.4681161,1.270402],[30.4683092,1.2705146],[30.4686069,1.2705334],[30.4688001,1.2704556],[30.4688886,1.270351],[30.468969,1.2701687],[30.4690509,1.2699521],[30.4689771,1.2697396],[30.4690066,1.2696056],[30.4690602,1.2693562],[30.4692131,1.2691846],[30.469299,1.2688708],[30.4692341,1.2686377],[30.4688966,1.2683506],[30.4686499,1.2680127],[30.468446,1.2678196],[30.4681939,1.2675461],[30.468151,1.2671707],[30.4682475,1.26657],[30.4685587,1.2659265],[30.4687196,1.2653633],[30.468961,1.2650094],[30.4690736,1.264752],[30.4691058,1.264398],[30.4691219,1.2641084],[30.4691595,1.2639099],[30.4692399,1.2636311],[30.4691917,1.2633844],[30.4691112,1.2632127],[30.4689288,1.2630358],[30.4685801,1.2624726],[30.4680222,1.2617969],[30.4673141,1.2605687],[30.4666436,1.259952],[30.4658174,1.2595122],[30.4647446,1.2590778],[30.4634947,1.2584744],[30.4630333,1.2580722],[30.4628831,1.2576539],[30.4627839,1.2569486],[30.4627436,1.2563292],[30.4627088,1.2555676],[30.4625854,1.2553504],[30.4623011,1.2552378],[30.4618853,1.2551412],[30.4613382,1.2548999],[30.4607803,1.2545084],[30.4603189,1.2539989],[30.4598817,1.2535779],[30.4595411,1.2533365],[30.459018,1.2530818],[30.4586586,1.2528726],[30.458259,1.252347],[30.4572827,1.2516498],[30.4570547,1.2516257],[30.4568347,1.2517383],[30.4564404,1.2522451],[30.4559013,1.2528378],[30.4554963,1.2533526],[30.4551852,1.2536208],[30.4547346,1.2540927],[30.4546554,1.2541504],[30.4545602,1.2541786],[30.4544824,1.2541678],[30.4544502,1.2540646],[30.454473,1.2539748],[30.4545817,1.2538527],[30.4547064,1.2537857],[30.4547815,1.2537267],[30.4548284,1.2536074],[30.4548432,1.2534103],[30.4548995,1.2532561],[30.4550229,1.2531234],[30.4551999,1.2530201],[30.4553863,1.2529021],[30.455668,1.252642],[30.4558772,1.2523618],[30.4559121,1.2522961],[30.4559013,1.2522063],[30.4558638,1.252107],[30.4557954,1.2520011],[30.4556841,1.251973],[30.4555714,1.2519676],[30.4554977,1.2519126],[30.4554373,1.2517893],[30.4554185,1.2515158],[30.4554185,1.2513039],[30.4554132,1.2511242],[30.4554561,1.2509674],[30.4556063,1.25084],[30.4557994,1.2507998],[30.4559416,1.2507301],[30.4560193,1.2505853],[30.4559818,1.2503627],[30.455786,1.2500034],[30.4556277,1.2497727],[30.4553702,1.2495636],[30.4549786,1.2494054],[30.4546756,1.2492874],[30.4543644,1.249046],[30.4541337,1.248566],[30.4540399,1.2483006],[30.454005,1.2480485],[30.4539272,1.2477481],[30.4538172,1.2472896],[30.4536831,1.2469946],[30.4535852,1.246705],[30.4535383,1.2466098],[30.4535289,1.2465066],[30.4535732,1.2463698],[30.4535879,1.2462116],[30.4535584,1.2461124],[30.4534726,1.2460078],[30.4534042,1.2459005],[30.4533827,1.2457571],[30.4533908,1.245619],[30.4533707,1.2455198],[30.453317,1.245442],[30.4531883,1.245383],[30.4530957,1.2453093],[30.4530072,1.2451309],[30.4529254,1.2448802],[30.4528584,1.2447448],[30.4527645,1.2445879],[30.4527135,1.2444726],[30.4526545,1.2442943],[30.4525566,1.2440704],[30.452456,1.2438947],[30.4523917,1.2438129],[30.4523206,1.2436963],[30.4522106,1.2435327],[30.4520792,1.2433504],[30.4519558,1.2431908],[30.4517613,1.2429428],[30.4515629,1.2426424],[30.4513925,1.24244],[30.4512799,1.2422871],[30.4511525,1.2420592],[30.4510304,1.2418487],[30.4509795,1.2417656],[30.4509439,1.2417454],[30.4509124,1.2417387],[30.4508648,1.2417401],[30.4508313,1.2417293],[30.4508112,1.2417052],[30.4508098,1.2416455],[30.4508011,1.2415986],[30.4507649,1.2415403],[30.4506817,1.2414538],[30.4506697,1.2414143],[30.450673,1.2413821],[30.4506945,1.2413492],[30.4507615,1.2412688],[30.4508045,1.2411776],[30.4508199,1.2410771],[30.4508246,1.2409745],[30.4507998,1.2409269],[30.4507595,1.240892],[30.450734,1.2408451],[30.4507253,1.2407962],[30.4507247,1.2407378],[30.4507367,1.2406956],[30.4507575,1.2406654],[30.4507796,1.2406125],[30.4507823,1.2405575],[30.4507629,1.2405005],[30.4507294,1.2404543],[30.450718,1.2404134],[30.4507267,1.2403557],[30.4507495,1.2401814],[30.4507656,1.2400728],[30.4507642,1.2400098],[30.4507401,1.2399562],[30.4507019,1.2399213],[30.4506771,1.2398791],[30.4506697,1.2398154],[30.4506509,1.2397027],[30.4506194,1.2396498],[30.4505684,1.2396122],[30.4504826,1.2395921],[30.4504283,1.239564],[30.4503974,1.2395184],[30.4503907,1.2394493],[30.4503411,1.2392636],[30.4502445,1.2391175],[30.4500796,1.2389405],[30.4499307,1.2388078],[30.4497953,1.2387153],[30.449684,1.2386522],[30.449574,1.2385436],[30.4494761,1.2384404],[30.4493648,1.2383801],[30.4492548,1.2383506],[30.4491462,1.2383278],[30.4490335,1.2382929],[30.4489289,1.2382634],[30.448835,1.2381923],[30.448768,1.2380958],[30.4487412,1.2379751],[30.4487573,1.2378813],[30.448831,1.2377807],[30.4489531,1.2377365],[30.4491073,1.2377579],[30.4492468,1.237829],[30.4493728,1.2379108],[30.4494801,1.2379832],[30.4495874,1.2380422],[30.4497255,1.2380945],[30.4498476,1.2380971],[30.4499508,1.238065],[30.450215,1.2378746],[30.4503787,1.2377083],[30.4504336,1.2374884],[30.4504216,1.2372383],[30.4504216,1.2370259],[30.4504135,1.2368743],[30.4504296,1.2367014],[30.4504256,1.2365794],[30.4503947,1.2364895],[30.4503129,1.2364238],[30.4502526,1.2363394],[30.4502325,1.236216],[30.4502217,1.2360658],[30.4501802,1.2359613],[30.450085,1.2358875],[30.4499844,1.2358138],[30.4497483,1.2357092],[30.4496437,1.2356717],[30.4495136,1.2355791],[30.4494707,1.2354853],[30.4494801,1.2354035],[30.4495338,1.2352989],[30.4496008,1.2352346],[30.449637,1.2351434],[30.4496397,1.2350013],[30.4496035,1.2349007],[30.4495271,1.2347948],[30.4494533,1.2346929],[30.4493983,1.2345896],[30.4493782,1.2344475],[30.449346,1.2343161],[30.4492736,1.2341619],[30.4491556,1.233938],[30.4490644,1.2337664],[30.4489383,1.2335478],[30.4488511,1.2334044],[30.4488324,1.2332971],[30.4488417,1.2331791],[30.4488337,1.2330678],[30.4487975,1.2329995],[30.4486862,1.2329378],[30.4486527,1.2328667],[30.4486164,1.2327916],[30.4485574,1.2326844],[30.4485078,1.2325959],[30.4484944,1.2324591],[30.4484931,1.232325],[30.4484609,1.2321816],[30.4483938,1.232014],[30.4482932,1.2318263],[30.4482101,1.2317619],[30.4481055,1.2317337],[30.4480505,1.2316962],[30.4480076,1.231593],[30.4480089,1.2313838],[30.4481162,1.2310593],[30.4481243,1.2309789],[30.4480961,1.2308998],[30.4480304,1.2308046],[30.4479204,1.2307523],[30.4477943,1.2307268],[30.4477058,1.2306866],[30.447679,1.2306061],[30.4477045,1.2305284],[30.4477823,1.2304452],[30.4478614,1.2303487],[30.447915,1.2302522],[30.4479499,1.2301328],[30.4480036,1.2300417],[30.4480411,1.2299062],[30.4480478,1.2297494],[30.4480679,1.2296193],[30.4481269,1.2295027],[30.4481564,1.2294021],[30.4481672,1.2292787],[30.4481471,1.2291313],[30.4481068,1.2289798],[30.4480223,1.2288497],[30.4479419,1.2287451],[30.4478842,1.2286177],[30.4478171,1.2284783],[30.4477487,1.2283147],[30.4477032,1.2281806],[30.4477005,1.22806],[30.4477206,1.2279071],[30.4477541,1.2277368],[30.4477487,1.2276175],[30.4477273,1.2274647],[30.4477085,1.2273453],[30.4477139,1.2272421],[30.4477541,1.2271522],[30.447856,1.227045],[30.4480036,1.2269766],[30.4481511,1.2269149],[30.4482758,1.2268184],[30.4483603,1.226691],[30.4484099,1.2265194],[30.4484166,1.2264215],[30.4484005,1.2263411],[30.4483469,1.2262539],[30.448308,1.2261453],[30.4482946,1.2260354],[30.4482476,1.2259375],[30.4481564,1.2258691],[30.4480746,1.2258074],[30.4480197,1.225727],[30.4479754,1.2256197],[30.4478882,1.2253502],[30.4478735,1.2252255],[30.447848,1.2250646],[30.4478185,1.2248823],[30.4477474,1.2246624],[30.4476897,1.2245176],[30.4476039,1.2243272],[30.4474215,1.2240791],[30.4472284,1.223933],[30.4471251,1.2238365],[30.4469508,1.2237667],[30.4467094,1.223689],[30.4466102,1.2235897],[30.4464787,1.2234369],[30.4463151,1.2232116],[30.446071,1.2231339],[30.445886,1.2231124],[30.4456794,1.2231366],[30.4453629,1.2232358],[30.4452181,1.2233323],[30.4450169,1.2236541],[30.4447943,1.2238284],[30.4447004,1.2238284],[30.4445851,1.2237855],[30.4445448,1.2237185],[30.4446119,1.2234637],[30.4449814,1.2229472],[30.4452717,1.2227316],[30.4454622,1.2225707],[30.4457948,1.2221739],[30.445902,1.2220103],[30.4459262,1.2218226],[30.4459798,1.221651],[30.4461247,1.2215142],[30.4463688,1.2213372],[30.446417,1.2212139],[30.446409,1.2210315],[30.4463527,1.2208357],[30.4458269,1.2205944],[30.4456902,1.2204979],[30.4455131,1.2200286],[30.4453844,1.2196478],[30.4453307,1.2194225],[30.445379,1.2190847],[30.4454917,1.2190096],[30.4456875,1.2188675],[30.4458296,1.2186931],[30.4458591,1.2184813],[30.4457706,1.2183982],[30.4454836,1.2182775],[30.4453012,1.2181273],[30.4450571,1.217717],[30.4448453,1.2175481],[30.4445904,1.2175401],[30.4442579,1.2175561],[30.4440862,1.2175052],[30.4440808,1.2174516],[30.4442471,1.217347],[30.4445422,1.2172129],[30.4449338,1.2169447],[30.4450196,1.2166069],[30.4450947,1.2159955],[30.4452932,1.2153358],[30.4452825,1.2149711],[30.4452234,1.2145635],[30.4449713,1.2142953],[30.4446548,1.214054],[30.4443759,1.2138716],[30.444231,1.2134479],[30.4441023,1.212976],[30.4440486,1.2126381],[30.4439199,1.2121071],[30.4437911,1.2118443],[30.4437697,1.2116593],[30.4437026,1.2115467],[30.443472,1.2114153],[30.4432896,1.2113348],[30.4431823,1.2112651],[30.4431635,1.2111632],[30.4432064,1.2110881],[30.4432869,1.2110693],[30.4435497,1.211064],[30.4436463,1.2111122],[30.4437321,1.2112222],[30.4438207,1.2113804],[30.4438555,1.2116164],[30.4439387,1.2116888],[30.4440728,1.2117317],[30.4443651,1.2118926],[30.4445797,1.2119891],[30.4449284,1.2119945],[30.445025,1.2117961],[30.4450947,1.211603],[30.4452074,1.2114314],[30.4453683,1.211367],[30.445599,1.2115118],[30.4458135,1.2116834],[30.4461193,1.211957],[30.4463661,1.2121768],[30.4467684,1.212445],[30.4469937,1.2124718],[30.4473156,1.2124236],[30.4476213,1.212445],[30.4479539,1.2126595],[30.4485762,1.2131583],[30.4490228,1.2134533],[30.4491448,1.213523],[30.4492629,1.2135954],[30.4493862,1.2136785],[30.4495445,1.2137349],[30.4497135,1.2138019],[30.4498449,1.2138958],[30.4499119,1.2139869],[30.4499415,1.2141505],[30.4500595,1.2142685],[30.4501373,1.2144294],[30.450274,1.2144964],[30.4504001,1.2144857],[30.4504994,1.2145045],[30.4505664,1.2145903],[30.4505798,1.2146627],[30.450663,1.2147096],[30.4507863,1.2147056],[30.4509258,1.2146117],[30.4509473,1.2144321],[30.4510331,1.2144079],[30.4511511,1.214424],[30.4512504,1.2145662],[30.4513657,1.2148772],[30.4516196,1.2153043],[30.451878,1.2154672],[30.4522777,1.2156603],[30.4528302,1.2158855],[30.4530045,1.215907],[30.4531333,1.2158962],[30.4533291,1.2157353],[30.4533881,1.2156549],[30.4533881,1.2155074],[30.453321,1.2151883],[30.4532272,1.2147914],[30.4531816,1.2142417],[30.4531789,1.2139816],[30.4531682,1.2137965],[30.4531051,1.2136128],[30.453077,1.2134627],[30.4531172,1.2132843],[30.4531574,1.2130698],[30.453144,1.2127856],[30.4530609,1.2125871],[30.4529539,1.2123931],[30.4528342,1.2123029],[30.4526988,1.2121809],[30.4525191,1.212016],[30.4523689,1.2119328],[30.4521167,1.211788],[30.4519571,1.2117049],[30.4516004,1.2115748],[30.4514194,1.2115386],[30.4511793,1.2115038],[30.451068,1.2114756],[30.451009,1.2113697],[30.4509848,1.2112571],[30.4508319,1.2110814],[30.4506817,1.2109983],[30.4504377,1.210883],[30.4501547,1.2107261],[30.4499723,1.2106081],[30.4498449,1.2103869],[30.449743,1.2102447],[30.4496437,1.2100785],[30.4496424,1.2099444],[30.4496223,1.2098519],[30.4495901,1.2097031],[30.4495874,1.2096146],[30.4496129,1.2095153],[30.4497014,1.209506],[30.4498342,1.2096226],[30.4498771,1.2096333],[30.4499334,1.2096199],[30.4500394,1.2095314],[30.450152,1.2095046],[30.4502164,1.2095046],[30.4502539,1.2095314],[30.4502392,1.2095985],[30.450101,1.2097245],[30.4500407,1.2098479],[30.4500085,1.2099766],[30.4499723,1.2100852],[30.4500045,1.2101268],[30.4500514,1.2101361],[30.4502459,1.2101254],[30.4503746,1.2101589],[30.4504216,1.210238],[30.4504403,1.2103359],[30.450502,1.2103721],[30.4506187,1.2104204],[30.4507568,1.210533],[30.4508534,1.2106242],[30.4509634,1.2107315],[30.4511417,1.2108414],[30.4513831,1.2109594],[30.4516312,1.2111297],[30.4517426,1.2112141],[30.451996,1.2113388],[30.4522656,1.2114166],[30.4524922,1.2114635],[30.4526679,1.2113737],[30.4528436,1.2112329],[30.4529455,1.2109996],[30.4529697,1.2107744],[30.4529482,1.210584],[30.4528946,1.2104499],[30.4528114,1.2102729],[30.4526451,1.2101831],[30.452566,1.2101482],[30.4524694,1.2101254],[30.4524279,1.2100678],[30.4524359,1.2100222],[30.4525968,1.2099109],[30.4526317,1.2097942],[30.4526894,1.2096012],[30.452747,1.2094376],[30.4527712,1.209219],[30.4527014,1.2090823],[30.4525459,1.2089991],[30.4524735,1.2089267],[30.452444,1.2087752],[30.4525311,1.2085795],[30.4525593,1.2083998],[30.452511,1.2079788],[30.4524721,1.2077991],[30.4525512,1.207653],[30.4527457,1.2075779],[30.4529563,1.2074653],[30.4530582,1.207366],[30.4530984,1.2072695],[30.4531051,1.2070684],[30.4531735,1.206642],[30.4532191,1.2064972],[30.4532754,1.2063041],[30.4533452,1.2061379],[30.4533184,1.2059984],[30.4532111,1.205922],[30.4529978,1.2057142],[30.4529388,1.2056029],[30.4529348,1.2055197],[30.4529643,1.2054125],[30.453022,1.2053106],[30.4531158,1.2052744],[30.4532365,1.2053119],[30.4533425,1.2054272],[30.4535423,1.205619],[30.4538199,1.2058308],[30.4540023,1.2059341],[30.4540855,1.2059408],[30.4541431,1.2059153],[30.4541726,1.2058643],[30.4541807,1.2057316],[30.4541659,1.2055962],[30.454127,1.2054487],[30.454013,1.2051912],[30.4539648,1.2049995],[30.4539809,1.2048587],[30.4540345,1.2047018],[30.4540788,1.2044846],[30.4540935,1.2043318],[30.4540533,1.2041709],[30.4539634,1.2040623],[30.453773,1.203888],[30.4535893,1.2037888],[30.4534511,1.2037244],[30.453372,1.2036359],[30.4533465,1.2035541],[30.4533794,1.2034817],[30.4534471,1.2034603],[30.4535772,1.2034817],[30.4537596,1.2035917],[30.4538803,1.2036574],[30.4540305,1.2037003],[30.4542008,1.2037821],[30.4543215,1.2038893],[30.4544114,1.2040542],[30.4544234,1.204191],[30.4543953,1.2043439],[30.4543591,1.2045396],[30.4543094,1.2047179],[30.4542531,1.204844],[30.454182,1.2049566],[30.4541686,1.2050424],[30.4542088,1.2051162],[30.4542712,1.2051564],[30.454345,1.2051678],[30.4544093,1.205145],[30.4544663,1.2050907],[30.4545133,1.2050853],[30.4545374,1.2051121],[30.4545388,1.2051899],[30.454528,1.2052998],[30.4545119,1.2055466],[30.4545723,1.2058952],[30.4546407,1.2062505],[30.4547547,1.2064301],[30.4548003,1.2065683],[30.4547963,1.2067144],[30.454752,1.206937],[30.454748,1.2070711],[30.4547842,1.2072628],[30.4548419,1.2074746],[30.4549786,1.2077079],[30.4550672,1.2079399],[30.4551195,1.2081584],[30.4551288,1.2084199],[30.4551382,1.2085915],[30.4551905,1.2087296],[30.4552884,1.2088248],[30.4553756,1.2089093],[30.4554467,1.2090286],[30.4554789,1.2092003],[30.4554923,1.2092928],[30.4555392,1.2093544],[30.4556116,1.2093679],[30.4557498,1.2093544],[30.4559161,1.2093826],[30.4561333,1.2093692],[30.4562661,1.2093263],[30.4563788,1.2092593],[30.4564498,1.2091493],[30.4565182,1.208975],[30.4565907,1.2088087],[30.4566604,1.2086183],[30.4567154,1.2084347],[30.4567409,1.2082858],[30.4568079,1.2081048],[30.4569165,1.2079533],[30.4570869,1.2078206],[30.4571579,1.2076999],[30.4571405,1.2075739],[30.4570721,1.2074451],[30.457048,1.2073459],[30.4570815,1.2072346],[30.4572196,1.2070965],[30.4573484,1.2069839],[30.4574201,1.20688],[30.4574557,1.2067747],[30.4574778,1.2066842],[30.4575227,1.2066239],[30.4575609,1.2065887],[30.4576008,1.2065843],[30.4576381,1.2065937],[30.4576991,1.2066031],[30.4577447,1.2065877],[30.4577735,1.2065542],[30.4577822,1.2065166],[30.4577849,1.2064677],[30.4577889,1.2063893],[30.4578104,1.20629],[30.4578593,1.2061754],[30.457864,1.2061037],[30.4578466,1.2060406],[30.4577702,1.2059595],[30.4577011,1.2058992],[30.4576568,1.2058422],[30.4576427,1.2057859],[30.4576602,1.2057323],[30.4577018,1.2057115],[30.4577561,1.2057229],[30.4578432,1.2057812],[30.4579304,1.2058321],[30.4580015,1.2058402],[30.4580766,1.2058335],[30.4581658,1.2058053],[30.4582174,1.2058107],[30.4582409,1.2058422],[30.4582449,1.2058885],[30.4581825,1.2059662],[30.4581155,1.2060634],[30.4580437,1.2061767],[30.4580002,1.206339],[30.4579975,1.2064891],[30.4580632,1.2066407],[30.458082,1.2067519],[30.4580672,1.2068552],[30.4580672,1.2069678],[30.4581276,1.2070898],[30.4582161,1.2071421],[30.4582972,1.2071609],[30.4583327,1.2071957],[30.4583408,1.207242],[30.4583281,1.2072842],[30.4582851,1.2073204],[30.4582067,1.2073426],[30.4581168,1.2073479],[30.4580283,1.2073768],[30.4579485,1.2074291],[30.4579177,1.207488],[30.4579143,1.2075484],[30.4579324,1.207608],[30.4579774,1.2076483],[30.4580558,1.2076805],[30.4581483,1.2077113],[30.4582476,1.2077508],[30.4583193,1.2077877],[30.4583763,1.2078407],[30.4584219,1.207903],[30.4585057,1.2080143],[30.4585842,1.2081055],[30.4586741,1.2081725],[30.4587599,1.2082483],[30.4588155,1.2083408],[30.4588424,1.208434],[30.4588906,1.2085459],[30.458945,1.2086304],[30.4590147,1.2087142],[30.4590999,1.2087719],[30.4591984,1.2087973],[30.4593178,1.2088242],[30.4594365,1.2088463],[30.4595257,1.208851],[30.4595847,1.2088724],[30.4596108,1.2089106],[30.4596155,1.2089549],[30.4595914,1.2089911],[30.4595304,1.209026],[30.4594626,1.2090514],[30.4593768,1.2090709],[30.4592977,1.2090635],[30.4591978,1.2090233],[30.4590382,1.2089321],[30.4589161,1.2088275],[30.4588115,1.2086975],[30.4587069,1.208491],[30.4585956,1.2083234],[30.4584803,1.2082309],[30.4583421,1.2081383],[30.4581638,1.2080498],[30.4579921,1.2080029],[30.4578245,1.208019],[30.4576997,1.2080874],[30.4575375,1.2082242],[30.4574168,1.2083448],[30.4572974,1.2085312],[30.4572518,1.20868],[30.4572304,1.2088436],[30.4572478,1.2089696],[30.4572692,1.2090876],[30.4572961,1.2091815],[30.4572894,1.2092445],[30.4572599,1.2093196],[30.4572183,1.2093866],[30.4571673,1.2094979],[30.4571445,1.2096092],[30.4571472,1.2096896],[30.457172,1.2097594],[30.4571781,1.209815],[30.457166,1.2098619],[30.4571258,1.2099618],[30.4570949,1.210057],[30.4571056,1.2101536],[30.4570828,1.2102608],[30.4570426,1.2103668],[30.4570064,1.2104539],[30.4570051,1.2105585],[30.4570493,1.2106121],[30.4572585,1.2107328],[30.4573913,1.2107757],[30.4575502,1.2107851],[30.4576166,1.2107931],[30.4576676,1.210832],[30.4576937,1.2108924],[30.4576944,1.211005],[30.4576662,1.2111337],[30.4576327,1.211316],[30.4576381,1.2114287],[30.4576783,1.2115185],[30.4577588,1.2116231],[30.4578634,1.2117076],[30.4579076,1.2117692],[30.4579733,1.2120213],[30.4580498,1.2121728],[30.4580766,1.2122653],[30.4580793,1.2125415],[30.4580592,1.212807],[30.4580578,1.2129089],[30.4580833,1.2130081],[30.4581504,1.2131141],[30.4581906,1.2132401],[30.4582027,1.2134439],[30.4582536,1.2136276],[30.4583126,1.2138099],[30.4583006,1.213936],[30.4582932,1.2140453],[30.458314,1.2141136],[30.458373,1.2141599],[30.4584501,1.2141894],[30.4585178,1.2142149],[30.4585513,1.2142363],[30.4585587,1.2142786],[30.4585406,1.2143483],[30.4584997,1.2144911],[30.4584494,1.2146707],[30.4584367,1.21477],[30.4584628,1.214835],[30.4585245,1.2149074],[30.4586191,1.2150294],[30.4587458,1.2151253],[30.4588511,1.2151957],[30.4590838,1.2152915],[30.4591522,1.2153693],[30.4592125,1.2154873],[30.4592568,1.2156468],[30.4592849,1.2157742],[30.4593185,1.2158466],[30.4593748,1.2158976],[30.4594646,1.2159244],[30.4595424,1.2159512],[30.4595867,1.2160102],[30.4596175,1.2161],[30.4596779,1.2161657],[30.4598015,1.2163261],[30.4599662,1.2165827],[30.4600071,1.2166927],[30.4600239,1.2167919],[30.4600427,1.2169474],[30.4600997,1.2171552],[30.4601419,1.2172699],[30.4601848,1.2173309],[30.4602301,1.2173845],[30.4602314,1.2174137],[30.4602274,1.2174304],[30.4602083,1.2174408],[30.4601546,1.2174331],[30.4601178,1.2174251],[30.4600976,1.2174371],[30.4600916,1.2174522],[30.460097,1.2174703],[30.4601194,1.2174807],[30.4602224,1.217475],[30.4602961,1.2174864],[30.4603685,1.2175213],[30.4604631,1.2176165],[30.4605248,1.2177023],[30.460555,1.2177747],[30.4605583,1.2178605],[30.4605456,1.2179336],[30.46051,1.2180234],[30.4604973,1.2180643],[30.4605067,1.2181059],[30.4605328,1.2181253],[30.4605791,1.2181334],[30.460625,1.2181317],[30.4606431,1.2181397],[30.4606485,1.2181528],[30.4606438,1.2181743],[30.4606361,1.2181924],[30.4606344,1.2182252],[30.4606394,1.2182621],[30.4606619,1.2182832],[30.4606971,1.2182926],[30.4607531,1.2182943],[30.4607779,1.2182855],[30.4607933,1.2182664],[30.460792,1.2182396],[30.4607853,1.2182195],[30.4607669,1.2181964],[30.4607652,1.218181],[30.4607689,1.2181669],[30.460786,1.2181521],[30.4608265,1.2181313],[30.46085,1.2181263],[30.4608822,1.218131],[30.460906,1.2181414],[30.4609254,1.2181444],[30.4609392,1.2181381],[30.4609456,1.218121],[30.4609402,1.2181035],[30.4609191,1.2180844],[30.4609103,1.218075],[30.4609127,1.2180626],[30.4609409,1.2180422],[30.4610019,1.2179879],[30.4610646,1.2179161],[30.4611933,1.2177606],[30.4613328,1.2175615],[30.4614616,1.2177158],[30.4613002,1.2179668],[30.4612136,1.2182163],[30.4611933,1.2185215],[30.4612255,1.2187588],[30.4613087,1.219035],[30.4614025,1.2192147],[30.4615232,1.2194091],[30.4615849,1.2195003],[30.4616915,1.2196304],[30.4617834,1.2197316],[30.4618518,1.2198865],[30.4619859,1.2201063],[30.462175,1.2204348],[30.4623346,1.2205984],[30.4624835,1.2206936],[30.4626296,1.2208009],[30.4627041,1.2209387],[30.4628952,1.2212232],[30.4631768,1.2215249],[30.4634249,1.221726],[30.4637602,1.2218226],[30.4640847,1.2217743],[30.4643033,1.2217488],[30.4644401,1.2217703],[30.4645917,1.221848],[30.4648063,1.2220451],[30.4651147,1.2222972],[30.4654419,1.2225278],[30.4660025,1.2228094],[30.4666087,1.2231553],[30.4673409,1.2235147],[30.4679216,1.2237399],[30.4680826,1.2238378],[30.4682046,1.2239679],[30.4683441,1.2242655],[30.4684916,1.2245149],[30.4687813,1.2247455],[30.4693311,1.2250056],[30.4697362,1.2252389],[30.4699561,1.2253127],[30.4701546,1.2253006],[30.4705328,1.2252872],[30.4707916,1.2253314],[30.4710665,1.2254816],[30.471202,1.2256982],[30.4712637,1.2257565],[30.471499,1.2257887],[30.4718437,1.2258014],[30.471949,1.2258007],[30.4720167,1.2258041],[30.4721401,1.2258208],[30.472189,1.225849],[30.4722306,1.2258825],[30.4722601,1.2258765],[30.4722789,1.2258403],[30.4722896,1.2257813],[30.4723205,1.2257283],[30.4723755,1.2256928],[30.4724613,1.2257089],[30.4725739,1.2257209],[30.4727255,1.2257296],[30.4728214,1.2257451],[30.4729394,1.225849],[30.472983,1.2258725],[30.473038,1.2258758],[30.4730862,1.2258624],[30.4731711,1.2257967],[30.4732344,1.225731],[30.4732968,1.2256941],[30.4733994,1.2256982],[30.4734644,1.225735],[30.473504,1.225784],[30.4735456,1.2258389],[30.4735992,1.2258906],[30.4736475,1.22591],[30.4737347,1.2259201],[30.4738373,1.2259589],[30.4739117,1.225973],[30.4739754,1.2259589],[30.4740357,1.2259113],[30.474139,1.2257357],[30.4743348,1.2255419],[30.4744166,1.2255192],[30.4745172,1.2255366],[30.4747787,1.2257243],[30.4748967,1.2257833],[30.4750898,1.2258047],[30.4754063,1.2257752],[30.4757121,1.2256492],[30.4761225,1.2254937],[30.4764444,1.225255],[30.476726,1.2251317],[30.4769808,1.2250888],[30.4772195,1.225011],[30.4774851,1.2248447],[30.4778606,1.2246114],[30.4783353,1.2242119],[30.4785499,1.2238928],[30.4787698,1.2234369],[30.4790221,1.2230246],[30.4792352,1.2227115],[30.4794109,1.2225962],[30.4797046,1.2224635],[30.4798236,1.2224088],[30.4798944,1.2223666],[30.479954,1.2222878],[30.4800902,1.222082],[30.4801539,1.2219748],[30.4802062,1.2218594],[30.4803604,1.2216215],[30.4805119,1.2214793],[30.4806581,1.221356],[30.4808177,1.2211455],[30.4810001,1.2207674],[30.481102,1.2205716],[30.4812428,1.2203919],[30.4814199,1.2202458],[30.4815821,1.2201707],[30.4816599,1.2200862],[30.4816961,1.219975],[30.4816747,1.2197443],[30.481727,1.2195767],[30.4818812,1.2194011],[30.482073,1.2192053],[30.4821829,1.2191477],[30.4823438,1.2192831],[30.4828133,1.2192483],[30.4833095,1.2185765],[30.4832921,1.2185215],[30.4832491,1.2184263],[30.4833055,1.218315],[30.4833403,1.2182198],[30.4834221,1.2181448],[30.4835643,1.2181179],[30.4837386,1.2181005],[30.4838848,1.218012],[30.484153,1.2177801],[30.4846385,1.2173952],[30.4850345,1.2171199],[30.4852313,1.2169903],[30.4854459,1.2168777],[30.4855692,1.2167678],[30.4856242,1.2166323],[30.4856363,1.2165331],[30.4856765,1.2164071],[30.4857624,1.2162408],[30.4859179,1.2160437],[30.4862854,1.2157782],[30.4868004,1.2153465],[30.4871437,1.2150274],[30.4874924,1.2148182],[30.4877901,1.214652],[30.4880771,1.2144133],[30.4883292,1.2142229],[30.4884687,1.2139789],[30.4887074,1.2132549],[30.4889783,1.2127078],[30.4891755,1.21239],[30.4894316,1.2120709],[30.4898359,1.2117725],[30.4897482,1.2115681],[30.4901558,1.2113046],[30.4902376,1.2113348],[30.4902161,1.2115675],[30.4903262,1.2115681],[30.4903784,1.2114273],[30.4905125,1.2112852],[30.4906386,1.2112771],[30.4907941,1.2111002],[30.4907821,1.2108039],[30.4908451,1.2105504],[30.4911925,1.2102903],[30.4915546,1.2103024],[30.4918242,1.2101415],[30.4921762,1.2097258],[30.4923244,1.2094349],[30.4923633,1.2092727],[30.4924183,1.2090823],[30.4924478,1.2089978],[30.4925591,1.2088637],[30.4927267,1.2087176],[30.4928594,1.2085808],[30.4929682,1.2084454],[30.4931036,1.2082966],[30.4932538,1.2081021],[30.4934295,1.2079546],[30.4935394,1.2078179],[30.4936253,1.2076449],[30.4937795,1.2075618],[30.4939552,1.2075149],[30.4941174,1.2074398],[30.4942837,1.2073017],[30.4944339,1.207055],[30.4945318,1.2068083],[30.4945406,1.2067627],[30.4945278,1.2067171],[30.4945131,1.2066822],[30.4945131,1.206636],[30.4945499,1.2066159],[30.4945996,1.2066313],[30.4946794,1.2066923],[30.4947404,1.2066909],[30.4948059,1.2066527],[30.4948376,1.2065683],[30.4948336,1.2064811],[30.4947652,1.2064261],[30.4946861,1.2063336],[30.4946056,1.2061754],[30.4946021,1.2061218],[30.4946504,1.2060065],[30.4946834,1.2059495],[30.4947241,1.2058791],[30.4947255,1.205733],[30.4947791,1.2056954],[30.4948408,1.2057866],[30.4949159,1.2057812],[30.4949427,1.205674],[30.4948918,1.2055801],[30.4948274,1.2054916],[30.4947873,1.2054688],[30.4947384,1.2054245],[30.4945976,1.2052998],[30.4944688,1.2052274],[30.4943682,1.2051483],[30.4942314,1.2051363],[30.4940678,1.2051255],[30.4939136,1.2051684],[30.4937661,1.2052248],[30.4936521,1.2052194],[30.4935032,1.2051483],[30.4933244,1.2050605],[30.4931773,1.2050585],[30.4930687,1.2050934],[30.4930338,1.2051644],[30.4930606,1.2052248],[30.4931237,1.2052382],[30.4932658,1.2052221],[30.4933812,1.2052636],[30.4933932,1.2053025],[30.4933771,1.2053548],[30.4932591,1.2054527],[30.493129,1.2056309],[30.4930311,1.2057772],[30.4929627,1.2058871],[30.4929386,1.2060199],[30.4929017,1.2061361],[30.4928058,1.2061955],[30.4927616,1.206284],[30.4927013,1.2063482],[30.4926167,1.2063564],[30.4925413,1.2063174],[30.4925188,1.2062263],[30.4925121,1.2060909],[30.4924169,1.2059917],[30.492366,1.2058898],[30.4923753,1.2057571],[30.4924437,1.2055466],[30.4924169,1.205446],[30.4923169,1.2053872],[30.4921393,1.2053562],[30.4919489,1.205395],[30.4917853,1.2055104],[30.4916853,1.2056196],[30.4915895,1.2056927],[30.4914714,1.2057597],[30.4913642,1.2057953],[30.4912857,1.2058033],[30.4912086,1.2058033],[30.4911569,1.2058395],[30.4911348,1.2058878],[30.4911114,1.205932],[30.4910698,1.2059421],[30.4910369,1.2059307],[30.4910242,1.2058844],[30.491047,1.2058241],[30.4910537,1.2057705],[30.4910329,1.2057282],[30.4909387,1.2056906],[30.4908203,1.205684],[30.4907266,1.2057074],[30.4906586,1.2057681],[30.4905944,1.2057772],[30.4905188,1.2057662],[30.4904368,1.2057557],[30.4903733,1.2057627],[30.4903241,1.2057752],[30.4902962,1.2058218],[30.4902919,1.2058757],[30.490324,1.2059139],[30.4903795,1.2059342],[30.4904006,1.2059602],[30.4904013,1.2059882],[30.4903395,1.2060789],[30.4902569,1.2061243],[30.4901006,1.2061372],[30.4899728,1.2061604],[30.4899245,1.2061857],[30.4898621,1.20623],[30.4898004,1.2062652],[30.4897349,1.2062674],[30.489669,1.2062342],[30.4896489,1.2062103],[30.4896414,1.2061742],[30.4896066,1.2061573],[30.4895524,1.2061673],[30.4894332,1.2062272],[30.4893693,1.2062344],[30.4893284,1.2062176],[30.48928,1.2062181],[30.4892327,1.2062489],[30.4891863,1.206295],[30.4891332,1.2063222],[30.489097,1.2063443],[30.489017,1.206389],[30.4888846,1.2064576],[30.4887083,1.2065138],[30.4884905,1.2065796],[30.4881871,1.2066353],[30.4881005,1.2066727],[30.4880588,1.2067358],[30.4879658,1.2067855],[30.4878911,1.2067969],[30.4878008,1.2067627],[30.4876785,1.2067791],[30.487608,1.2068282],[30.4875326,1.2068994],[30.4874344,1.2069305],[30.487194,1.2069396],[30.4870337,1.2069195],[30.4868559,1.2068917],[30.4867655,1.2068217],[30.486711,1.2067121],[30.4866891,1.2065817],[30.4866424,1.2065117],[30.4865436,1.2064838],[30.4862752,1.2064604],[30.4861613,1.2064576],[30.4860476,1.2064831],[30.4859592,1.2065601],[30.485869,1.2066592],[30.4858638,1.2067231],[30.4858871,1.2067734],[30.4859152,1.2068036],[30.485936,1.2068485],[30.4859319,1.2068873],[30.4859146,1.2069169],[30.4858733,1.20695],[30.485813,1.2069715],[30.4857306,1.2069877],[30.4856581,1.2069808],[30.4855641,1.2069969],[30.4854994,1.2070419],[30.4854792,1.2071204],[30.4854345,1.207189],[30.4853808,1.2072373],[30.4852794,1.2072579],[30.4851602,1.2072614],[30.4850529,1.2072389],[30.4849798,1.2072212],[30.484898,1.2072259],[30.4847411,1.2072628],[30.4845064,1.2072916],[30.4843924,1.2072916],[30.4843073,1.2072809],[30.4842201,1.2072366],[30.4841356,1.2072172],[30.4840538,1.2072085],[30.4840075,1.2071877],[30.4839492,1.2071669],[30.4839002,1.2071696],[30.4838546,1.2071991],[30.483805,1.2072373],[30.4837172,1.2072507],[30.4835623,1.2072474],[30.483461,1.2072279],[30.4833819,1.2071609],[30.483335,1.2070912],[30.4833269,1.2070147],[30.4833115,1.2069799],[30.4832645,1.2069557],[30.4832243,1.2069631],[30.4831846,1.2069965],[30.4831204,1.2070268],[30.4830922,1.2070677],[30.4830909,1.2071052],[30.4830654,1.2071341],[30.4830265,1.2071461],[30.4829668,1.2071441],[30.4828314,1.2071368],[30.4826946,1.207114],[30.482531,1.2070281],[30.4823606,1.2069283],[30.4822453,1.2068143],[30.4821602,1.2067291],[30.4820562,1.2066608],[30.4819985,1.2065991],[30.4819087,1.2064529],[30.4818081,1.2064214],[30.4816961,1.2064328],[30.4816029,1.2064757],[30.4814798,1.2065401],[30.4814172,1.2065026],[30.4813497,1.2064624],[30.4813039,1.2064502],[30.4812607,1.2064405],[30.4811101,1.2064141],[30.4809257,1.2063832],[30.4808057,1.206339],[30.4807723,1.2063414],[30.4806528,1.2063579],[30.4805669,1.2062381],[30.480486,1.2061243],[30.4800224,1.2060446],[30.4796698,1.2059968],[30.4795698,1.2062659],[30.4795155,1.2062558],[30.4794478,1.2062129],[30.4794183,1.2061627],[30.4794082,1.2060983],[30.4794055,1.2060473],[30.4793854,1.2060232],[30.4793311,1.2060138],[30.4792137,1.2060011],[30.4791407,1.205989],[30.4791031,1.2059749],[30.4790838,1.2059546],[30.4790843,1.2059139],[30.4791172,1.2058885],[30.4791507,1.2058482],[30.4791601,1.205804],[30.4791386,1.205749],[30.4790997,1.2057075],[30.4789978,1.2056914],[30.4789133,1.2056686],[30.4787081,1.2055211],[30.4784466,1.2053106],[30.478342,1.2053012],[30.4782562,1.20532],[30.4777908,1.2054701],[30.4776621,1.2054809],[30.4775864,1.205447],[30.477536,1.2053977],[30.4774475,1.205379],[30.477359,1.2053977],[30.4771784,1.2055524],[30.4769835,1.2056625],[30.4767112,1.2057591],[30.4765335,1.205806],[30.4762238,1.2058348],[30.4760481,1.2058985],[30.4758885,1.2059615],[30.4756759,1.2059924],[30.4755485,1.205993],[30.475515,1.2059763],[30.475515,1.20593],[30.4755042,1.2058972],[30.4754734,1.2058764],[30.4754325,1.2058878],[30.475411,1.2059193],[30.4753976,1.205985],[30.4753138,1.2060038],[30.4751663,1.2059904],[30.4750188,1.2059381],[30.4747452,1.2058328],[30.4745594,1.2058181],[30.4744186,1.2058502],[30.4742409,1.2059696],[30.4740921,1.2060775],[30.4739492,1.2061385],[30.4737467,1.2061915],[30.4735731,1.206219],[30.4734599,1.2062285],[30.4734061,1.2062089],[30.473333,1.2062056],[30.4733162,1.2061895],[30.4733122,1.2061506],[30.4732975,1.2061017],[30.4732611,1.2060462],[30.4732203,1.2060427],[30.4731882,1.2060688],[30.473166,1.2061104],[30.4731667,1.206172],[30.4731734,1.206229],[30.4731473,1.2062679],[30.473042,1.2063236],[30.4729702,1.2063544],[30.4728187,1.2063899],[30.4726438,1.2064545],[30.4725847,1.2064804],[30.4725629,1.2064851],[30.4725457,1.2064877],[30.4725163,1.2064838],[30.4723674,1.2064717],[30.4723205,1.2064436],[30.472291,1.2063953],[30.4722876,1.2062894],[30.4722655,1.2062069],[30.4721575,1.2060574],[30.4720214,1.2059314],[30.4719597,1.2058476],[30.4719134,1.205739],[30.4718618,1.2056639],[30.4716673,1.2055063],[30.4715446,1.205448],[30.4713817,1.2053977],[30.4712483,1.2053119],[30.4710035,1.2050478],[30.4708225,1.2048648],[30.4707152,1.2047863],[30.4705717,1.2046791],[30.4704738,1.2045725],[30.4703262,1.2044283],[30.4702458,1.2044055],[30.4701559,1.2043908],[30.470113,1.2043673],[30.4700815,1.2043398],[30.470054,1.2043304],[30.4700134,1.2043201],[30.4699581,1.204309],[30.4699326,1.2041856],[30.4698931,1.2041494],[30.469875,1.2040931],[30.4698723,1.20389],[30.4698434,1.2038397],[30.4697932,1.2038116],[30.4696832,1.2037914],[30.4695873,1.2037653],[30.4695182,1.2037143],[30.4694854,1.2036614],[30.4694505,1.2035702],[30.4693881,1.2035172],[30.4693499,1.2034676],[30.4693358,1.2034133],[30.4693184,1.2032752],[30.4692681,1.2032162],[30.4692145,1.2031981],[30.4691286,1.2031928],[30.4690616,1.2032055],[30.4689999,1.2032055],[30.468955,1.2031841],[30.4689027,1.2031277],[30.4688504,1.2031197],[30.4688115,1.2031338],[30.4687665,1.2031767],[30.4687236,1.2031954],[30.4685493,1.2032162],[30.4684413,1.2032397],[30.468379,1.2033161],[30.4683381,1.2033946],[30.4683374,1.2034489],[30.4683273,1.2035139],[30.4682998,1.2035655],[30.4682589,1.2036426],[30.46822,1.2037827],[30.4681892,1.2038853],[30.4681644,1.2040703],[30.4681288,1.2041481],[30.4680752,1.204193],[30.4680035,1.2042091],[30.4679431,1.2042379],[30.4678955,1.2043009],[30.4678646,1.2044337],[30.4678264,1.2045195],[30.4677721,1.2045859],[30.4677399,1.2046569],[30.4677024,1.2048219],[30.4676501,1.2049452],[30.4675857,1.2051282],[30.4675173,1.2052462],[30.467469,1.2053917],[30.4674442,1.2054182],[30.467408,1.2054165],[30.4673785,1.205386],[30.4673613,1.2053529],[30.4674261,1.2052093],[30.4674757,1.205033],[30.4674563,1.2049157],[30.4673905,1.2047347],[30.4674831,1.2046804],[30.467632,1.2044297],[30.4677299,1.2042594],[30.467752,1.204191],[30.4677916,1.2041548],[30.4678646,1.2041126],[30.4679243,1.2040509],[30.4679391,1.2039798],[30.467927,1.2039389],[30.4678895,1.2038826],[30.4678593,1.2037935],[30.4678673,1.2037143],[30.4679099,1.2035778],[30.4679444,1.2035239],[30.4680202,1.2034582],[30.4680591,1.2033858],[30.4680832,1.2032672],[30.4681429,1.2031009],[30.4681483,1.2030332],[30.4681369,1.2029628],[30.4681443,1.2029005],[30.4681771,1.2028495],[30.4683233,1.2026826],[30.4684105,1.2025592],[30.4685097,1.2024647],[30.4685922,1.2024205],[30.4686606,1.202399],[30.4687317,1.2023883],[30.4687887,1.2023936],[30.4688323,1.2023876],[30.4689174,1.2023172],[30.4689449,1.2022381],[30.4689334,1.2021801],[30.4688961,1.202133],[30.4688363,1.2021154],[30.4687893,1.2020765],[30.4687585,1.2020356],[30.4686821,1.2020182],[30.4686076,1.2020149],[30.4685674,1.2019874],[30.46855,1.2019498],[30.4685225,1.2018841],[30.468499,1.2018386],[30.4684997,1.2018003],[30.4685251,1.201744],[30.4685587,1.2017165],[30.4686224,1.2017165],[30.4687283,1.2017434],[30.4688001,1.2017387],[30.4688537,1.2017072],[30.4689355,1.2017085],[30.4690281,1.2017253],[30.4690696,1.2017494],[30.4690847,1.2017963],[30.4691903,1.2018634],[30.4692306,1.2018885],[30.4692587,1.2018918],[30.4692912,1.2018855],[30.4693855,1.2018781],[30.4694894,1.2018922],[30.4695263,1.2019103],[30.4695461,1.2019334],[30.4695813,1.2019934],[30.4696128,1.2020169],[30.469647,1.2020232],[30.4696634,1.2020353],[30.4696658,1.2020487],[30.4696644,1.2020605],[30.4696738,1.2020722],[30.4696939,1.2020705],[30.4697362,1.2020464],[30.4699112,1.2019344],[30.4699957,1.2018506],[30.4700587,1.2016488],[30.4700607,1.2015442],[30.4700366,1.2014202],[30.4700071,1.2012962],[30.4699957,1.2011896],[30.4699568,1.201134],[30.4699058,1.2011071],[30.4698448,1.2010823],[30.4697978,1.2010294],[30.4697449,1.2009811],[30.469704,1.2009194],[30.4696584,1.2008142],[30.4696007,1.2007491],[30.4695269,1.2006915],[30.4694927,1.2006211],[30.4694465,1.2005098],[30.4693707,1.2003918],[30.4692554,1.200251],[30.4691771,1.200183],[30.4691447,1.2001511],[30.4690918,1.200072],[30.4690187,1.1999453],[30.468961,1.1998474],[30.4688966,1.1997556],[30.4688329,1.199645],[30.4687639,1.1995726],[30.4686542,1.1994553],[30.4685841,1.1994117],[30.4685164,1.1993922],[30.4684547,1.1993648],[30.4684165,1.1993272],[30.4683971,1.1992662],[30.468381,1.1992005],[30.4683394,1.1991489],[30.4683092,1.1990597],[30.468273,1.1990282],[30.4682335,1.1989974],[30.4682113,1.1989598],[30.4681979,1.1989196],[30.4681624,1.1988921],[30.4681248,1.1988787],[30.4681034,1.1988365],[30.4681047,1.1987889],[30.4681134,1.1987413],[30.46809,1.1986863],[30.4680175,1.1986226],[30.467919,1.1985455],[30.4678479,1.1985227],[30.4677761,1.1985267],[30.4676756,1.1985375],[30.4675777,1.1985395],[30.4675012,1.1985227],[30.4674248,1.1984543],[30.4673664,1.1984329],[30.4673181,1.1984329],[30.4672652,1.1984208],[30.4672256,1.198392],[30.46717,1.1983558],[30.4670607,1.1983102],[30.4669366,1.1982445],[30.4668568,1.1982076],[30.4667455,1.1981915],[30.466659,1.1981889],[30.4665899,1.1981828],[30.4665356,1.19816],[30.4664317,1.1980474],[30.4663251,1.1979851],[30.4662312,1.1979556],[30.4661755,1.1979234],[30.4661272,1.1978932],[30.4660736,1.1978724],[30.4660012,1.197855],[30.4659422,1.1978262],[30.4658946,1.1977833],[30.4658449,1.1977095],[30.4658121,1.1976834],[30.4657685,1.1976633],[30.4657377,1.1976418],[30.4657035,1.1976143],[30.4656592,1.1976056],[30.4656163,1.1975929],[30.4655895,1.1975681],[30.4655519,1.1974836],[30.4655137,1.1974621],[30.4654701,1.1974528],[30.4654258,1.1974575],[30.465387,1.1974528],[30.4653554,1.1974266],[30.4653119,1.1973777],[30.4652327,1.1973287],[30.4651771,1.1973167],[30.4651093,1.1973033],[30.465055,1.1972738],[30.4649799,1.1972087],[30.4649122,1.1971571],[30.4648532,1.1971464],[30.4647781,1.197145],[30.4647137,1.1971534],[30.4646859,1.197132],[30.4646652,1.1971091],[30.4646607,1.1970679],[30.4646413,1.196964],[30.4646373,1.1969258],[30.4646225,1.1969077],[30.4645964,1.1968896],[30.4644777,1.1968809],[30.4644153,1.196893],[30.4643691,1.1969225],[30.4643255,1.1969479],[30.4642926,1.1969573],[30.4642537,1.196954],[30.4641417,1.1969111],[30.4640532,1.1968869],[30.4640029,1.1968628],[30.4639037,1.1968051],[30.463783,1.1967622],[30.4637059,1.1967341],[30.4636603,1.1967059],[30.4635738,1.1966],[30.4634819,1.1965584],[30.4633961,1.1965517],[30.4633257,1.1965685],[30.4630762,1.1966516],[30.4629904,1.1966664],[30.4628952,1.1966396],[30.4627731,1.1965779],[30.4624975,1.1965142],[30.4622689,1.1964847],[30.4620952,1.1964472],[30.4619899,1.1964284],[30.4619182,1.1964089],[30.4618759,1.1963747],[30.461831,1.1963191],[30.4617961,1.1962688],[30.461766,1.1962521],[30.4617164,1.1962521],[30.461658,1.1962715],[30.4615755,1.1962601],[30.4615159,1.1962259],[30.461485,1.1961803],[30.4614039,1.1961368],[30.4613549,1.1961049],[30.4612959,1.1960556],[30.4612537,1.1960094],[30.4612255,1.1959785],[30.4611893,1.1959564],[30.4611484,1.1959591],[30.4610793,1.1959665],[30.46096,1.196004],[30.4608352,1.1960617],[30.460724,1.1960755],[30.460681,1.1960771],[30.4606655,1.1960714],[30.4606532,1.196062],[30.4606415,1.1960248],[30.4605965,1.1959343],[30.4605134,1.1958605],[30.4603672,1.1958123],[30.4600668,1.1957265],[30.4599367,1.195709],[30.4598509,1.1956996],[30.4597704,1.1956648],[30.4596604,1.1956098],[30.4595545,1.1955736],[30.4594593,1.1955441],[30.4593667,1.1954771],[30.4592593,1.1953418],[30.4592004,1.195276],[30.4591468,1.1952532],[30.4590328,1.195225],[30.4589014,1.1952076],[30.4588236,1.195221],[30.4587646,1.1952049],[30.4586841,1.1951647],[30.458609,1.1951687],[30.458546,1.1951888],[30.4584682,1.1952558],[30.4583864,1.1952733],[30.4582657,1.1952411],[30.4581638,1.1951834],[30.4580592,1.1951016],[30.4579425,1.1949609],[30.4578365,1.1948724],[30.4577132,1.1948201],[30.457622,1.1948093],[30.4575013,1.1948254],[30.4574168,1.1948295],[30.4573457,1.1948093],[30.4572652,1.1947356],[30.4571566,1.1946659],[30.4570681,1.1945868],[30.4569702,1.194505],[30.456879,1.1944594],[30.4567999,1.1944393],[30.4566993,1.1944232],[30.4565907,1.1943843],[30.4564874,1.194332],[30.4563452,1.1942435],[30.4562366,1.1942221],[30.4561642,1.1942261],[30.4560891,1.1942556],[30.4560193,1.1942636],[30.4558785,1.1942288],[30.4556479,1.1941617],[30.4554011,1.1940665],[30.4552147,1.1939807],[30.4551074,1.1938775],[30.455047,1.1938145],[30.4549679,1.1937716],[30.4548579,1.1937287],[30.454756,1.1936536],[30.4546756,1.1935785],[30.4546326,1.1934967],[30.4546139,1.1934216],[30.454579,1.1933546],[30.4545119,1.1932768],[30.4544489,1.1932567],[30.4543617,1.1932728],[30.4543,1.1933345],[30.4542316,1.1933854],[30.4541753,1.1933854],[30.4541109,1.1933425],[30.4540533,1.1932875],[30.4539715,1.1932647],[30.4538561,1.1932862],[30.453663,1.1933318],[30.4535423,1.193309],[30.4534551,1.1932634],[30.4534002,1.1932232],[30.4533599,1.1931682],[30.4532835,1.1930851],[30.4531708,1.1930234],[30.4530595,1.1930033],[30.4529026,1.1929778],[30.4526974,1.1929362],[30.4525271,1.1929034],[30.4524453,1.1929054],[30.4523589,1.192923],[30.4522998,1.1929403],[30.4522374,1.1929429],[30.4521891,1.192961],[30.4521268,1.1930261],[30.4520718,1.1930576],[30.4520195,1.1930609],[30.451986,1.1930569],[30.4519679,1.1930341],[30.4519612,1.1929872],[30.4519211,1.1929303],[30.451863,1.1928829],[30.4517421,1.1927754],[30.4517035,1.1927373],[30.4516707,1.1927004],[30.451563,1.1925608],[30.451503,1.1924609],[30.4514529,1.1924053],[30.4514106,1.1923288],[30.4513791,1.1922397],[30.4513885,1.192186],[30.4514073,1.1921505],[30.4514334,1.1921311],[30.4514824,1.1921029],[30.451534,1.1920781],[30.4515729,1.1920533],[30.451593,1.1920225],[30.4516105,1.1920091],[30.4516292,1.1920064],[30.4516748,1.1920144],[30.4517312,1.1920459],[30.4517794,1.1920855],[30.451819,1.1920989],[30.451876,1.1920949],[30.4519283,1.1920533],[30.4519504,1.1920272],[30.4519652,1.1919943],[30.4519598,1.1919507],[30.4519182,1.1918837],[30.4518458,1.191767],[30.4517815,1.1916866],[30.4517117,1.1916035],[30.4516809,1.1915083],[30.4516742,1.1914332],[30.4516916,1.1913795],[30.4517345,1.1913447],[30.4517989,1.1913541],[30.451874,1.1914064],[30.4519947,1.1914184],[30.4521315,1.1913648],[30.4522723,1.1913071],[30.4524225,1.191279],[30.4525633,1.1912468],[30.4527216,1.1911529],[30.4528302,1.1910698],[30.4529268,1.1909853],[30.452975,1.1908794],[30.4529791,1.1907936],[30.4529321,1.1906783],[30.4529241,1.1906099],[30.4529509,1.1905549],[30.4530126,1.1905576],[30.4531038,1.1906247],[30.4531574,1.1906837],[30.4532433,1.1907051],[30.4533532,1.1906676],[30.4534672,1.1905509],[30.4535289,1.1904048],[30.4535839,1.1901983],[30.4535799,1.1900066],[30.4535544,1.1898309],[30.4534605,1.1896727],[30.4533264,1.1894206],[30.4532674,1.1890827],[30.4531199,1.1888467],[30.4529375,1.1887127],[30.4525351,1.1885947],[30.4521167,1.1884284],[30.4516125,1.1881066],[30.4512638,1.1877795],[30.451076,1.1875435],[30.451017,1.1873021],[30.4509687,1.1868731],[30.4507005,1.186444],[30.4505128,1.1860686],[30.4503947,1.185854],[30.4504484,1.1857602],[30.4505986,1.1857736],[30.4507327,1.1858353],[30.4508883,1.1859506],[30.4510814,1.1862885],[30.4512799,1.1866103],[30.4516178,1.187286],[30.4518539,1.1875435],[30.4522401,1.187699],[30.4529804,1.1879725],[30.4536241,1.1882407],[30.4542303,1.1885947],[30.4549062,1.1890774],[30.4553837,1.1893938],[30.4557967,1.1895815],[30.4559751,1.1898363],[30.4561642,1.1901902],[30.4562889,1.1902787],[30.456427,1.1902881],[30.4566416,1.1902412],[30.4568012,1.1901889],[30.4569353,1.190209],[30.4570238,1.1902626],[30.4570734,1.1903351],[30.4571016,1.1904296],[30.4571606,1.1904691],[30.4572123,1.1904799],[30.4572625,1.190502],[30.4572887,1.1905174],[30.4573008,1.1905509],[30.457292,1.1906314],[30.4572693,1.1907333],[30.4572646,1.1907909],[30.4572961,1.1908647],[30.4573511,1.1909243],[30.457455,1.1910033],[30.4575898,1.1911027],[30.4576495,1.1911717],[30.4576723,1.1912106],[30.4576984,1.1912401],[30.4577574,1.1912522],[30.457801,1.1912776],[30.4578345,1.1912864],[30.4578593,1.1912817],[30.4578714,1.1912662],[30.4579002,1.1911925],[30.4579458,1.1911355],[30.4579981,1.1910899],[30.4581175,1.1909478],[30.4581376,1.1909314],[30.4581601,1.190928],[30.4581785,1.1909391],[30.4581866,1.1909719],[30.4581953,1.1910209],[30.4582027,1.1910551],[30.4582161,1.1910678],[30.4582771,1.1910759],[30.4583381,1.1910759],[30.4583891,1.1910705],[30.458426,1.1910531],[30.4584461,1.1910068],[30.4584387,1.1909659],[30.4584286,1.190919],[30.4584058,1.1908727],[30.4583649,1.1908479],[30.4583099,1.1908472],[30.4582603,1.1908432],[30.4582288,1.1908157],[30.4582154,1.1907675],[30.4581986,1.1907413],[30.4581638,1.1906971],[30.4581383,1.1906676],[30.4581329,1.190626],[30.458149,1.1905911],[30.4581758,1.1905677],[30.458202,1.1905529],[30.458212,1.1905254],[30.4582027,1.1904879],[30.4581738,1.1904524],[30.4581497,1.1904162],[30.4581336,1.1903632],[30.4581289,1.1900588],[30.4581329,1.1899596],[30.4581624,1.189916],[30.4581799,1.1898805],[30.4581738,1.1898215],[30.4581577,1.1897967],[30.4581202,1.1897833],[30.4580685,1.1898001],[30.4580468,1.1897917],[30.4580317,1.1897746],[30.4580354,1.1897528],[30.4580873,1.1897082],[30.4581135,1.1896794],[30.4581155,1.1896506],[30.4581074,1.1896284],[30.4580739,1.1896083],[30.458031,1.1896271],[30.4580149,1.1896888],[30.4579867,1.1897102],[30.4579331,1.1896606],[30.4578687,1.1895775],[30.4578571,1.1894703],[30.4578191,1.189367],[30.4577333,1.1892651],[30.4576153,1.1891283],[30.457567,1.1889567],[30.457449,1.1888521],[30.457347,1.1887851],[30.4572585,1.1886403],[30.4571968,1.1884928],[30.4570949,1.1883909],[30.4568964,1.1883372],[30.456783,1.1883212],[30.4566765,1.1882514],[30.4565933,1.1881576],[30.4565155,1.1880074],[30.4564431,1.1879189],[30.4563519,1.1877821],[30.4562929,1.1876829],[30.4560944,1.187581],[30.4558638,1.1875167],[30.4556465,1.187522],[30.4554427,1.1876052],[30.4551262,1.1875649],[30.4550886,1.1873316],[30.4550564,1.187168],[30.4549813,1.1869911],[30.4548767,1.1868248],[30.4547694,1.1866612],[30.4547024,1.1864708],[30.4546058,1.1862938],[30.4544502,1.1861383],[30.4543135,1.1860096],[30.454182,1.185854],[30.4541016,1.185602],[30.4539433,1.1854196],[30.4537824,1.1852668],[30.4536214,1.1849986],[30.4534873,1.1846393],[30.4533532,1.1842826],[30.4532593,1.1839608],[30.4531091,1.1837034],[30.452857,1.183403],[30.4526719,1.1832341],[30.4523072,1.1830678],[30.4520389,1.1829525],[30.4519129,1.1828399],[30.4519075,1.1824162],[30.4520094,1.1821695],[30.452283,1.1819925],[30.4525995,1.181971],[30.453195,1.1820515],[30.453769,1.182266],[30.4542088,1.1825288],[30.4546487,1.1827434],[30.4551476,1.1829847],[30.4555285,1.1833923],[30.4557122,1.1838173],[30.4558785,1.1840976],[30.4559818,1.1843067],[30.4560274,1.1844328],[30.4560388,1.1845038],[30.456075,1.184536],[30.456132,1.1845414],[30.4562393,1.1845494],[30.4563948,1.184595],[30.4565504,1.1846138],[30.4567234,1.1846218],[30.4569729,1.1846352],[30.4572304,1.1846339],[30.4573967,1.1846138],[30.4575013,1.1845816],[30.4575978,1.1845749],[30.4577346,1.1845923],[30.4578473,1.1846178],[30.4579706,1.1846111],[30.4581182,1.1846017],[30.4582416,1.1846124],[30.4583368,1.1846513],[30.4584628,1.1847117],[30.4585711,1.1847422],[30.4586546,1.1847733],[30.4586871,1.1847981],[30.4587083,1.1848283],[30.4587176,1.1848873],[30.4587498,1.1849222],[30.4587887,1.1849235],[30.4588558,1.1849074],[30.4589282,1.1848618],[30.459002,1.1847841],[30.4590838,1.1847506],[30.4591763,1.1847358],[30.4592581,1.1847693],[30.4593104,1.1848283],[30.4593828,1.1848793],[30.4594968,1.1849007],[30.4596296,1.1849047],[30.4597691,1.1849182],[30.4598925,1.1849316],[30.4600172,1.1848846],[30.4600963,1.1848042],[30.4601419,1.1846849],[30.4601473,1.1845642],[30.4601271,1.1844381],[30.460099,1.1843523],[30.4600494,1.1843027],[30.4600051,1.1842705],[30.4599944,1.1842129],[30.4600172,1.1841552],[30.4600775,1.1840882],[30.4601526,1.1840466],[30.4602036,1.1839849],[30.4603001,1.1838777],[30.4603444,1.1837677],[30.4603551,1.1836497],[30.460337,1.1834627],[30.4603773,1.1832971],[30.460391,1.1830796],[30.4604007,1.1830202],[30.4604111,1.1829374],[30.4604128,1.1828835],[30.4604175,1.1828466],[30.4604242,1.1828194],[30.4604443,1.1828013],[30.4604785,1.1827735],[30.4605322,1.1827152],[30.4606046,1.1826703],[30.4606683,1.1826595],[30.460736,1.1826448],[30.4608051,1.1826093],[30.4608634,1.182555],[30.4609164,1.1825013],[30.4609472,1.1824484],[30.4609794,1.1823921],[30.4610196,1.1823431],[30.4610478,1.1822915],[30.4610505,1.1822439],[30.4610418,1.1821896],[30.4610498,1.18215],[30.4610706,1.1821179],[30.4610948,1.1820904],[30.4611471,1.1820495],[30.4612222,1.1820039],[30.4612818,1.181957],[30.461314,1.1819201],[30.4613294,1.1818651],[30.4613402,1.1817987],[30.4613757,1.1817451],[30.4614025,1.1817149],[30.4614173,1.1816794],[30.4614287,1.1816358],[30.4614535,1.1816057],[30.4615098,1.1815782],[30.4615648,1.1815681],[30.4616084,1.1815909],[30.4616439,1.1816385],[30.4617076,1.1816908],[30.4617801,1.1817062],[30.4618833,1.1817096],[30.4619638,1.1817203],[30.4620959,1.1817444],[30.4621764,1.1817444],[30.4622843,1.181719],[30.4623903,1.1816781],[30.4624674,1.1816358],[30.4625143,1.1815862],[30.4625599,1.1814991],[30.4626216,1.1814307],[30.4627074,1.1813596],[30.4627772,1.1813408],[30.4628409,1.1813375],[30.4628932,1.1813234],[30.4629327,1.1812872],[30.4629522,1.1812289],[30.4629515,1.1811806],[30.4629193,1.1810955],[30.4628543,1.1810056],[30.4627859,1.1809621],[30.4627255,1.1809198],[30.4626719,1.1808689],[30.4626478,1.1808173],[30.4626424,1.1807495],[30.4626625,1.1806939],[30.462696,1.1806497],[30.4627725,1.1806195],[30.4628744,1.1806081],[30.4629803,1.1805833],[30.4630829,1.1804908],[30.4631567,1.1803513],[30.4632291,1.1802481],[30.4632895,1.1802072],[30.4633659,1.1802025],[30.4634283,1.1802253],[30.4634759,1.1802447],[30.463492,1.1802736],[30.4634933,1.1803084],[30.4634866,1.1803621],[30.4635,1.1804479],[30.4635631,1.1805069],[30.463618,1.1805243],[30.4636878,1.1805136],[30.4637642,1.1805002],[30.4638568,1.1804814],[30.4639117,1.1804505],[30.4639399,1.1804184],[30.4639225,1.1803621],[30.4638809,1.1803111],[30.4638219,1.1802092],[30.4638045,1.1801623],[30.4638205,1.1800979],[30.4642698,1.1796782],[30.4643878,1.1796554],[30.4645139,1.1796514],[30.4646534,1.1796031],[30.4647432,1.179457],[30.4647982,1.1793243],[30.4648237,1.1791794],[30.4647875,1.1790092],[30.4646936,1.1788308],[30.4645863,1.1787276],[30.4644978,1.1785949],[30.4643878,1.1784393],[30.464243,1.1783079],[30.4641183,1.1781966],[30.4639587,1.1780733],[30.4638701,1.1779995],[30.4637347,1.1778453],[30.4636408,1.1777863],[30.4636127,1.1777112],[30.463618,1.177659],[30.4636542,1.1776174],[30.4637173,1.1776026],[30.4637897,1.1775624],[30.4638085,1.1775034],[30.4638031,1.1774015],[30.4637575,1.1772151],[30.4636998,1.1771132],[30.463618,1.1770744],[30.4634987,1.177069],[30.4633579,1.1770837],[30.4632734,1.1770972],[30.4632036,1.1770864],[30.4631634,1.1770502],[30.4631607,1.1769658],[30.4631554,1.1766989],[30.4631044,1.1765474],[30.462981,1.1763517],[30.4628389,1.1761666],[30.4627061,1.1760138],[30.4626484,1.1759065],[30.4626478,1.1758254],[30.4626726,1.1757389],[30.4627074,1.1756678],[30.4627088,1.1755297],[30.4626913,1.1754493],[30.4626283,1.1753849],[30.4624761,1.1753118],[30.4623366,1.1751892],[30.4622615,1.1751737],[30.4621435,1.1751731],[30.4620188,1.1751737],[30.4619383,1.1751597],[30.4618531,1.1750886],[30.4617881,1.1750075],[30.4616721,1.1749197],[30.4615299,1.1748687],[30.4614371,1.1748395],[30.4613603,1.1748365],[30.461317,1.1748315],[30.4612714,1.1748312],[30.4612275,1.1748345],[30.4611927,1.1748395],[30.4611558,1.1748456],[30.461133,1.1747702],[30.4611209,1.1746944],[30.4611672,1.1746548],[30.4612054,1.1746113],[30.4612698,1.1745047],[30.4613469,1.1743967],[30.4614106,1.1742506],[30.4614394,1.1740186],[30.461424,1.1737612],[30.4613408,1.1735949],[30.4611866,1.1733965],[30.461031,1.1732463],[30.4608648,1.173139],[30.4608098,1.1730707],[30.4607843,1.1729044],[30.4607829,1.1726872],[30.4607427,1.1725343],[30.4606703,1.1723198],[30.4606207,1.1721737],[30.4605603,1.1720677],[30.4604866,1.1719806],[30.4606321,1.1716575],[30.4608162,1.1712756],[30.4610511,1.1710675],[30.4612523,1.1709254],[30.4614427,1.1708556],[30.4615433,1.1707779],[30.4616037,1.1706585],[30.4616184,1.1705566],[30.4616721,1.1704816],[30.4617525,1.1704185],[30.4618772,1.1704118],[30.4619899,1.170436],[30.4620784,1.1704453],[30.4621696,1.1704118],[30.4622393,1.1703233],[30.4622474,1.1702375],[30.4622058,1.1701598],[30.4621549,1.1700847],[30.4621609,1.1700297],[30.4621891,1.1700035],[30.4622326,1.1700056],[30.4622809,1.1700364],[30.4623681,1.1701383],[30.4625022,1.1703099],[30.4626162,1.1704239],[30.4626725,1.1705379],[30.4627825,1.1706478],[30.4628791,1.1707464],[30.4629977,1.170808],[30.4631754,1.1708623],[30.4633706,1.1709388],[30.4635328,1.1710232],[30.4636924,1.1711325],[30.4637441,1.1712445],[30.4638165,1.1713745],[30.4639479,1.1714577],[30.4640914,1.1714657],[30.4642135,1.1715274],[30.4643167,1.1716373],[30.4643945,1.1718036],[30.4644937,1.1719109],[30.4645796,1.1719994],[30.4647566,1.1721415],[30.4649336,1.172289],[30.465061,1.1724003],[30.46523,1.1725129],[30.4654298,1.1726483],[30.465572,1.1727301],[30.4658053,1.172836],[30.4660025,1.172946],[30.4662238,1.1730358],[30.4664115,1.1731122],[30.4666355,1.1731847],[30.4667964,1.1732048],[30.4670915,1.1731967],[30.4672645,1.1732249],[30.4674643,1.1732517],[30.4676963,1.1732571],[30.4679551,1.1732597],[30.4681509,1.1732758],[30.4683494,1.1733549],[30.4686364,1.1735561],[30.4689717,1.1737652],[30.4693097,1.1739221],[30.4699292,1.1741179],[30.4701076,1.174193],[30.4703074,1.1742211],[30.4705435,1.174205],[30.4707996,1.1741246],[30.4709203,1.1740615],[30.470982,1.1740039],[30.4709968,1.1739234],[30.4709659,1.1738323],[30.4709297,1.173788],[30.4707956,1.1737317],[30.4705448,1.1736915],[30.4704147,1.1736821],[30.4703222,1.173666],[30.4702256,1.1736311],[30.4701385,1.1735882],[30.4700473,1.1735279],[30.4699789,1.173481],[30.4699225,1.1733818],[30.4698883,1.1733469],[30.4698454,1.1733328],[30.4697971,1.1733355],[30.4697634,1.1733575],[30.4697381,1.1733549],[30.469657,1.1733107],[30.4695403,1.1732731],[30.4694639,1.1732195],[30.4693767,1.1731069],[30.4689449,1.172765],[30.468682,1.1725397],[30.4684352,1.1724056],[30.4681375,1.1723493],[30.4679981,1.1723654],[30.4679417,1.1723547],[30.4678894,1.1723225],[30.4678183,1.1722528],[30.4677379,1.1721831],[30.4675957,1.1721133],[30.4673919,1.1719176],[30.4671961,1.1716977],[30.4669091,1.1714295],[30.4666409,1.1712016],[30.4664746,1.1710407],[30.4663431,1.1708905],[30.4661956,1.1708637],[30.4660105,1.1708717],[30.4657879,1.1708422],[30.4656887,1.1708288],[30.4655599,1.170735],[30.4654419,1.1706116],[30.4653534,1.1704641],[30.4652381,1.1702818],[30.4651254,1.1700672],[30.4651053,1.1699251],[30.465108,1.1698299],[30.4651549,1.1697521],[30.4652488,1.1696985],[30.4652823,1.16961],[30.4652823,1.1695215],[30.4652287,1.1694196],[30.4650503,1.1692011],[30.4648894,1.1689544],[30.4648156,1.1688216],[30.464821,1.1687492],[30.4648625,1.1686808],[30.4649444,1.1686634],[30.4650315,1.1686902],[30.4651281,1.168823],[30.4651764,1.1689436],[30.4652729,1.1690858],[30.4657745,1.1696167],[30.4663699,1.1703622],[30.4668581,1.1708825],[30.4673302,1.1711935],[30.4678183,1.1714456],[30.4682716,1.1715153],[30.4688349,1.1715153],[30.4691246,1.1715207],[30.4692453,1.171577],[30.4693418,1.171754],[30.4694759,1.1718613],[30.4696583,1.1719363],[30.4698139,1.1720517],[30.4699963,1.1721214],[30.4702136,1.1720999],[30.470412,1.1720356],[30.4705381,1.1718961],[30.470581,1.171762],[30.4705904,1.1716293],[30.4705636,1.171518],[30.4704979,1.1714268],[30.4704603,1.1713303],[30.4704764,1.1712726],[30.470514,1.1712472],[30.4705944,1.1712552],[30.4706749,1.1713745],[30.4707634,1.1714402],[30.4708761,1.171451],[30.470974,1.1714362],[30.4711,1.1713652],[30.4711443,1.1712565],[30.4711523,1.1711439],[30.4711067,1.1710353],[30.4710424,1.1709736],[30.4710692,1.1708556],[30.4711657,1.1707269],[30.4713481,1.1706626],[30.4715573,1.1706545],[30.4717531,1.1706626],[30.4720401,1.1706089],[30.4722976,1.1706143],[30.4725337,1.1707403],[30.4726946,1.1708959],[30.4728582,1.1710943],[30.4730004,1.1712177],[30.4731586,1.1712954],[30.4733142,1.1713142],[30.4734322,1.1712284],[30.4735449,1.1709415],[30.473628,1.1708154],[30.4737702,1.1707725],[30.4738855,1.1708396],[30.4739499,1.1709522],[30.4740974,1.1710594],[30.4742932,1.1711211],[30.4745748,1.1712418],[30.4747974,1.1713142],[30.4750442,1.1713839],[30.4752534,1.1713464],[30.4754412,1.1712096],[30.4755431,1.1711158],[30.4756745,1.1710809],[30.475751,1.171105],[30.4758489,1.171164],[30.4760339,1.1712498],[30.4762271,1.1713115],[30.476388,1.1712928],[30.4765838,1.1712123],[30.4766991,1.1710809],[30.4767742,1.17092],[30.4767555,1.1707511],[30.4766661,1.1705634],[30.476642,1.1704347],[30.4766947,1.170329],[30.476793,1.1703166],[30.476918,1.1703763],[30.4771739,1.1706143],[30.4774367,1.1707618],[30.4776486,1.1707484],[30.4777211,1.1707779],[30.477764,1.1708771],[30.4777506,1.1709817],[30.4776996,1.1711211],[30.4776513,1.1712498],[30.4776674,1.1714134],[30.4777693,1.1715582],[30.4778874,1.1716575],[30.4781234,1.1717245],[30.4783487,1.1717004],[30.4785552,1.1716038],[30.4787618,1.1714188],[30.478971,1.171164],[30.4791829,1.1709361],[30.4794618,1.1707484],[30.4797247,1.1706921],[30.4799768,1.1706545],[30.480237,1.1704936],[30.4806704,1.1700329],[30.4809461,1.1695421],[30.4811119,1.1691203],[30.4810942,1.1687443],[30.4810631,1.1684797],[30.4810577,1.1681901],[30.4810121,1.1678629],[30.4809665,1.1675626],[30.4808914,1.1673909],[30.4807654,1.1673239],[30.4805857,1.1673373],[30.4803443,1.1674231],[30.4801914,1.1675438],[30.4801163,1.1676806],[30.4800787,1.1678066],[30.4799875,1.1678817],[30.4798588,1.1678549],[30.4797327,1.167753],[30.4795879,1.167576],[30.4794055,1.1674204],[30.4791748,1.1673212],[30.4789415,1.1673105],[30.4787269,1.167348],[30.4784882,1.1673212],[30.4783675,1.1672595],[30.478228,1.1671416],[30.4780724,1.1669512],[30.4778874,1.1667634],[30.4776594,1.1666052],[30.4773482,1.1665006],[30.4770425,1.1664819],[30.4765865,1.1664631],[30.4761251,1.1663934],[30.4756853,1.1663344],[30.4753634,1.1662512],[30.4749879,1.1661333],[30.4746231,1.1659214],[30.4743898,1.1657069],[30.4741872,1.1655017],[30.4741685,1.1654132],[30.4741846,1.1653207],[30.4742369,1.165255],[30.4743375,1.1652456],[30.4744608,1.1652979],[30.4746982,1.1654575],[30.4749316,1.1656237],[30.4751341,1.1657605],[30.4752802,1.1658235],[30.4755042,1.1658906],[30.4757228,1.1659522],[30.4760165,1.1659616],[30.476325,1.165963],[30.4766576,1.1659147],[30.4769499,1.1658262],[30.4773053,1.1656184],[30.477937,1.1651236],[30.4783594,1.164779],[30.4786357,1.1646074],[30.4789039,1.1645484],[30.4791909,1.1645618],[30.4795181,1.1646557],[30.4797327,1.164838],[30.4798427,1.1650633],[30.4799071,1.1653207],[30.47995,1.1654119],[30.4800626,1.1654441],[30.4801887,1.1654253],[30.4804515,1.1653904],[30.4806956,1.1654468],[30.4808378,1.1655513],[30.4809317,1.1657283],[30.480929,1.1659214],[30.4809531,1.1660233],[30.4810309,1.166093],[30.4811275,1.1661198],[30.4812884,1.1661118],[30.4813796,1.1661064],[30.4814306,1.1661279],[30.4814762,1.1662124],[30.4814922,1.1663961],[30.4815271,1.1665489],[30.4815915,1.1666052],[30.4816988,1.1665918],[30.4818436,1.1664336],[30.4819992,1.1661708],[30.4820957,1.1658946],[30.4821762,1.1655889],[30.4822218,1.1653234],[30.482254,1.1651223],[30.4821869,1.1649614],[30.482085,1.1648246],[30.4818597,1.1645564],[30.4816585,1.1643285],[30.4815459,1.1641354],[30.4814171,1.164063],[30.4812723,1.1640308],[30.4810765,1.1639128],[30.4808566,1.1638485],[30.4806447,1.1638378],[30.4804596,1.1638458],[30.4803255,1.1637975],[30.4802182,1.1636447],[30.4800894,1.1635615],[30.4799312,1.1634891],[30.4797005,1.1634462],[30.4794511,1.1634677],[30.4792848,1.1634757],[30.4791855,1.163457],[30.4791185,1.1633846],[30.4791051,1.1632853],[30.4791507,1.1632076],[30.479258,1.1631566],[30.4794377,1.1631218],[30.4795879,1.1629877],[30.4796791,1.1627919],[30.4796952,1.1625479],[30.4796469,1.1623307],[30.479435,1.1620732],[30.4794243,1.1619499],[30.4794873,1.1618895],[30.4795785,1.1618574],[30.4797273,1.161848],[30.4798776,1.1618641],[30.4799983,1.1618265],[30.4800465,1.16173],[30.4800546,1.1615986],[30.4800868,1.161435],[30.4802423,1.1611615],[30.4804971,1.1608638],[30.4808887,1.1604964],[30.4812026,1.1602738],[30.4814654,1.1601183],[30.4815378,1.1601532],[30.4815432,1.1602336],[30.4815003,1.1603811],[30.4814869,1.160475],[30.4815298,1.1605219],[30.48157,1.160534],[30.481798,1.1605232],[30.4819965,1.1605313],[30.4822272,1.16055],[30.482372,1.1605608],[30.4825356,1.1605715],[30.4827636,1.1605661],[30.4829782,1.1605366],[30.4831606,1.1604964],[30.4834985,1.160424],[30.483752,1.16031],[30.4838808,1.1602081],[30.4839491,1.160117],[30.4839862,1.1600361],[30.4839693,1.1599426],[30.4838821,1.1598676],[30.4836796,1.1597804],[30.483343,1.1595806],[30.4828682,1.159228],[30.4825839,1.1589947],[30.4825088,1.1589116],[30.4823519,1.1586327],[30.4822594,1.1585535],[30.4821132,1.1585013],[30.4819026,1.1584865],[30.4816478,1.1585093],[30.4812133,1.1584691],[30.4809129,1.1584154],[30.4806956,1.1584423],[30.4805803,1.1585039],[30.4804864,1.1585147],[30.4803443,1.1584878],[30.4798776,1.1584235],[30.479502,1.1583591],[30.479097,1.1582706],[30.4789026,1.1582666],[30.478739,1.1582975],[30.4786035,1.1583752],[30.4785002,1.1584691],[30.4784426,1.1585763],[30.4783098,1.1586648],[30.4782025,1.1586648],[30.4781301,1.1586313],[30.4780979,1.1585777],[30.4780912,1.1584691],[30.4781368,1.1584101],[30.4783031,1.1582626],[30.4784265,1.1581339],[30.4786571,1.1580159],[30.4789173,1.1579488],[30.4792124,1.1579569],[30.4794323,1.1580239],[30.4796844,1.1580936],[30.4800036,1.1581955],[30.4803443,1.1582224],[30.48065,1.1581821],[30.4808995,1.1581178],[30.4811784,1.1581017],[30.4814091,1.1580883],[30.4817122,1.15804],[30.4821387,1.1578737],[30.4824122,1.1577692],[30.4826295,1.1576163],[30.4828173,1.157434],[30.4829862,1.1572355],[30.4830077,1.1570129],[30.4829433,1.156667],[30.4828602,1.1563157],[30.4828119,1.155951],[30.4829031,1.1554844],[30.4830801,1.1552216],[30.4833027,1.1549454],[30.48363,1.154704],[30.4840672,1.1544654],[30.4842952,1.1543045],[30.4844507,1.1542294],[30.4846197,1.1542776],[30.4848209,1.1543956],[30.484963,1.1545002],[30.4851105,1.1545673],[30.4852661,1.1545699],[30.4853895,1.154468],[30.4854834,1.154275],[30.4855182,1.154106],[30.4854378,1.1537976],[30.4852858,1.153396],[30.4851825,1.1531893],[30.4851052,1.1530012],[30.4849818,1.1527759],[30.4848101,1.1525775],[30.484558,1.152379],[30.4845231,1.1522074],[30.4845097,1.152017],[30.4845231,1.1518132],[30.4846009,1.1516147],[30.4846009,1.1514458],[30.4845312,1.1512232],[30.4843756,1.1510114],[30.4842549,1.1508156],[30.4841825,1.1505501],[30.4841879,1.150223],[30.4842871,1.1498985],[30.4844561,1.1494962],[30.4845661,1.1492871],[30.4847484,1.1490243],[30.4849577,1.1488178],[30.4851132,1.1486569],[30.4853037,1.1484772],[30.4854002,1.1483512],[30.4854351,1.1481956],[30.4854244,1.1480454],[30.4853144,1.1478376],[30.4851784,1.1476868],[30.4851065,1.1475829],[30.4850609,1.1474783],[30.484963,1.1473563],[30.4848504,1.1472825],[30.4846841,1.1472329],[30.4845379,1.1472289],[30.4844226,1.1472275],[30.4842898,1.1472047],[30.4841114,1.1471578],[30.4840108,1.1471203],[30.4839411,1.1471008],[30.4839116,1.1470827],[30.4839002,1.1470579],[30.4839082,1.1470358],[30.4839331,1.1470184],[30.4840155,1.147005],[30.4841403,1.147005],[30.4842569,1.1470157],[30.484334,1.1470043],[30.4843932,1.1469662],[30.4844527,1.146897],[30.4844749,1.1467924],[30.4844849,1.1466986],[30.4844628,1.1466268],[30.4844045,1.1465873],[30.4843374,1.1465564],[30.4843025,1.1465504],[30.4842395,1.1465551],[30.4841765,1.1465745],[30.4841376,1.1466114],[30.4841175,1.1466208],[30.4840846,1.1466221],[30.4840236,1.1466131],[30.4839431,1.1466208],[30.48387,1.1466516],[30.4837835,1.1467086],[30.4837004,1.1467864],[30.4836058,1.1469366],[30.4835254,1.1470304],[30.4834422,1.1470961],[30.4833939,1.1471618],[30.4833336,1.147257],[30.4832994,1.1472812],[30.4832705,1.1472792],[30.4832451,1.1472597],[30.4832364,1.1472262],[30.4832478,1.147192],[30.4834442,1.146956],[30.4834938,1.1468903],[30.4835036,1.1468361],[30.4834824,1.1467938],[30.4834221,1.1467683],[30.4833128,1.1467743],[30.4831767,1.1467743],[30.4830023,1.1467395],[30.4827261,1.1466376],[30.4825906,1.1465705],[30.4823894,1.1464673],[30.482309,1.1464257],[30.4822003,1.1463976],[30.4820796,1.1463935],[30.4819294,1.1463707],[30.481857,1.1463493],[30.4818128,1.1463064],[30.4817538,1.1462447],[30.4816907,1.1461978],[30.4816538,1.1461649],[30.4816438,1.1461254],[30.4816612,1.1460972],[30.4817082,1.1460825],[30.4817766,1.1460918],[30.4818852,1.1461321],[30.4820005,1.1461642],[30.4821199,1.1461937],[30.4822171,1.1462172],[30.4822969,1.1462239],[30.4823861,1.1462306],[30.4824283,1.1462588],[30.4824538,1.1462916],[30.482488,1.1463319],[30.4825329,1.1463734],[30.482592,1.146417],[30.4826811,1.1464673],[30.482824,1.1465256],[30.4830258,1.1465913],[30.4830908,1.1465886],[30.4831659,1.1465645],[30.4831988,1.1465283],[30.4831961,1.146482],[30.4831787,1.1464123],[30.4831452,1.1463412],[30.4830989,1.1462762],[30.4830204,1.1462326],[30.4829205,1.1461944],[30.4827924,1.1461441],[30.482596,1.1460751],[30.4824143,1.146006],[30.4823271,1.1459571],[30.4822446,1.1459041],[30.4821983,1.1458646],[30.482132,1.1458357],[30.4820951,1.1457995],[30.4820817,1.1457439],[30.4820857,1.1457053],[30.4821018,1.1456728],[30.4821273,1.1456427],[30.4821655,1.1456091],[30.4822071,1.1456011],[30.4822362,1.1456018],[30.48225,1.1456105],[30.4822567,1.1456266],[30.4822567,1.1456688],[30.4822721,1.1457144],[30.4822976,1.1457439],[30.4823519,1.1457935],[30.4824538,1.1458686],[30.4825128,1.1459028],[30.4825893,1.1459343],[30.4826603,1.1459464],[30.4827261,1.1459611],[30.4828032,1.1459839],[30.4828796,1.145998],[30.4829426,1.1460087],[30.4830137,1.1460355],[30.483062,1.1460677],[30.483115,1.1461066],[30.483172,1.1461361],[30.4832638,1.1461542],[30.4833168,1.1461636],[30.4833463,1.146181],[30.483351,1.1462011],[30.4833389,1.146232],[30.4833262,1.1462635],[30.4833215,1.1462983],[30.4833336,1.1463171],[30.483349,1.1463205],[30.4833691,1.1463178],[30.4834436,1.1462923],[30.4834945,1.1462601],[30.4835341,1.1462273],[30.4835461,1.1462092],[30.4835482,1.146175],[30.4835475,1.1461193],[30.4835589,1.1460469],[30.4835649,1.1459832],[30.483585,1.1459236],[30.4836132,1.1459008],[30.4836487,1.1458941],[30.4836749,1.1459115],[30.483699,1.1459397],[30.4837259,1.1459497],[30.4837654,1.1459316],[30.4837916,1.1458961],[30.4837976,1.145819],[30.4838157,1.1457204],[30.4838378,1.1456655],[30.4838452,1.1456266],[30.4838331,1.1455756],[30.4837996,1.14553],[30.4837285,1.1454798],[30.4836715,1.145463],[30.4835911,1.1454697],[30.4835388,1.1455025],[30.4834992,1.1455508],[30.4834617,1.1456205],[30.4834234,1.1456668],[30.483398,1.1456695],[30.4833778,1.1456608],[30.4833638,1.1456326],[30.4833658,1.1455817],[30.4833792,1.1455079],[30.4834026,1.1454409],[30.4834348,1.1453544],[30.4834637,1.1452833],[30.4835321,1.1452002],[30.4836353,1.14516],[30.4837949,1.1451399],[30.4839424,1.1451519],[30.4840511,1.1451546],[30.4841812,1.14516],[30.4842978,1.1451546],[30.4843676,1.1451278],[30.4844628,1.1450741],[30.4845687,1.1450487],[30.484672,1.1450661],[30.484778,1.1450795],[30.4849013,1.1450554],[30.4850395,1.1449709],[30.4851508,1.144861],[30.4852648,1.1447644],[30.4853171,1.1446317],[30.4853439,1.1444761],[30.4853211,1.1443555],[30.4852125,1.1441128],[30.485018,1.1439304],[30.4849523,1.1438446],[30.4849429,1.1437454],[30.484967,1.1436234],[30.4850059,1.1435295],[30.4851079,1.1432734],[30.4851327,1.1432251],[30.48514,1.1431675],[30.4851246,1.1431205],[30.4851085,1.1430974],[30.4850807,1.143079],[30.4850683,1.1430525],[30.4850743,1.1430106],[30.4850888,1.1429667],[30.4851172,1.1429248],[30.4852131,1.1428993],[30.4853063,1.1428866],[30.4854807,1.1428671],[30.4856477,1.1428651],[30.4857831,1.1428906],[30.4859259,1.1429234],[30.4860828,1.1429449],[30.4862056,1.1429737],[30.4862971,1.1430197],[30.4863501,1.1430652],[30.4863973,1.1431269],[30.4864124,1.1431621],[30.4864175,1.143201],[30.4864097,1.1432268],[30.4863873,1.1432483],[30.4863551,1.1432587],[30.4863082,1.1432593],[30.4862438,1.1432553],[30.4861419,1.1432667],[30.4860285,1.1432835],[30.4859212,1.1433177],[30.4858093,1.1433746],[30.4857509,1.143441],[30.4857355,1.1435201],[30.4857489,1.1435778],[30.4857945,1.1436193],[30.4858421,1.1436294],[30.4858958,1.1436153],[30.485942,1.1435744],[30.4859856,1.1435489],[30.4860507,1.1435402],[30.4861157,1.1435255],[30.4861647,1.1434926],[30.4861962,1.1434631],[30.4862163,1.1434444],[30.4862478,1.143437],[30.4862706,1.1434564],[30.4862807,1.1434879],[30.4862894,1.143551],[30.4862894,1.1435898],[30.4862659,1.1436381],[30.4862411,1.1436991],[30.4862384,1.1437528],[30.4862639,1.1438178],[30.4862835,1.1438873],[30.4863014,1.1439787],[30.4863269,1.1442039],[30.486319,1.1444003],[30.4862558,1.1445633],[30.4861942,1.1446866],[30.486162,1.1447644],[30.4861613,1.1448214],[30.4861935,1.144865],[30.4862585,1.1448945],[30.4863095,1.1449287],[30.4863611,1.1449535],[30.4864181,1.1449749],[30.4864456,1.1449897],[30.4864617,1.1450152],[30.4864617,1.145056],[30.4864335,1.145099],[30.4864235,1.1451586],[30.4864362,1.1452196],[30.486455,1.1453142],[30.4864865,1.1453953],[30.4865249,1.145443],[30.4865817,1.1454938],[30.4866669,1.1455555],[30.4867594,1.1456071],[30.4868768,1.1456554],[30.4870082,1.1456691],[30.4871262,1.1456507],[30.4873416,1.1455578],[30.4874769,1.1454717],[30.4875944,1.1453599],[30.4876633,1.1452699],[30.4876808,1.1452203],[30.4876782,1.1451715],[30.4876516,1.145077],[30.4876126,1.1449811],[30.4875406,1.1446968],[30.4875177,1.1446105],[30.4874484,1.1444483],[30.4873703,1.144326],[30.4873454,1.1441791],[30.4873046,1.1440203],[30.4872536,1.1438661],[30.4871893,1.1437642],[30.4871128,1.1436783],[30.4870927,1.1435898],[30.4870981,1.1434464],[30.4870806,1.1432828],[30.4870323,1.1431514],[30.4869653,1.1430334],[30.4869358,1.1429221],[30.4868473,1.142603],[30.4867561,1.1422651],[30.4867252,1.1421726],[30.4866595,1.1420988],[30.4865878,1.1420526],[30.4865053,1.1419963],[30.4864443,1.1419272],[30.4864007,1.1418213],[30.4863732,1.1417241],[30.4863605,1.1416349],[30.4863383,1.1415746],[30.4863029,1.1415084],[30.4862351,1.1414311],[30.4861714,1.1413748],[30.4861311,1.141348],[30.4860953,1.1413265],[30.4860567,1.141299],[30.4860208,1.1412759],[30.4859945,1.1412516],[30.4859449,1.1412165],[30.4858508,1.141112],[30.4856866,1.1409528],[30.4857287,1.1407831],[30.4857462,1.1405682],[30.4857355,1.1404228],[30.4857342,1.1402592],[30.4857489,1.1401345],[30.485765,1.1398717],[30.4858026,1.1397135],[30.4858911,1.1395539],[30.4859273,1.139334],[30.4860627,1.138968],[30.4862961,1.1384772],[30.4863665,1.1383693],[30.4863883,1.1383418],[30.4864191,1.1383301],[30.4864731,1.1383304],[30.4865335,1.1383361],[30.4865636,1.1383324],[30.4865884,1.138315],[30.4865965,1.1382905],[30.4866072,1.138201],[30.4866468,1.1380468],[30.4866374,1.1380093],[30.4866012,1.1379737],[30.4865402,1.1379275],[30.4864845,1.1378524],[30.4864416,1.1377525],[30.4864228,1.1376298],[30.486447,1.1374749],[30.4864852,1.1373757],[30.4865053,1.1372705],[30.4865127,1.1371397],[30.4864946,1.1370633],[30.4864496,1.1370184],[30.4864047,1.1369869],[30.4863611,1.1369701],[30.4863212,1.1369701],[30.4862951,1.1369785],[30.4862803,1.1369886],[30.4862605,1.137014],[30.4862438,1.1370258],[30.486231,1.1370271],[30.4862217,1.1370201],[30.4862096,1.137005],[30.4861989,1.1369694],[30.4861875,1.1369011],[30.486174,1.1368132],[30.4861425,1.1367361],[30.486111,1.1366544],[30.4860942,1.1365605],[30.4860681,1.1364867],[30.4860024,1.1364345],[30.4859286,1.1364083],[30.485879,1.1364432],[30.4858763,1.1364626],[30.4858642,1.1364747],[30.4858428,1.136478],[30.4858046,1.1364532],[30.4857898,1.1364338],[30.4857771,1.1363828],[30.4857811,1.1363624],[30.4857888,1.136353],[30.4858066,1.1363453],[30.4858495,1.1363131],[30.4858723,1.1362923],[30.4858837,1.1362494],[30.485883,1.1362018],[30.4858589,1.1361603],[30.4858213,1.1361173],[30.4857985,1.1360476],[30.4857858,1.1359585],[30.4857717,1.1359129],[30.4857382,1.1358847],[30.4857087,1.1358807],[30.4856617,1.1358753],[30.4856021,1.1358827],[30.4855498,1.1359115],[30.4855162,1.1359276],[30.485478,1.1359256],[30.4854371,1.1359135],[30.4853902,1.1358713],[30.485414,1.1357355],[30.4854391,1.1355892],[30.4854709,1.1355562],[30.4854968,1.135522],[30.4855216,1.1354727],[30.4855672,1.1353591],[30.4855826,1.1352874],[30.4855752,1.1352317],[30.4855511,1.1351922],[30.4854975,1.13516],[30.4854572,1.1351332],[30.4854264,1.1350936],[30.4854009,1.1349857],[30.4853828,1.1348724],[30.4853573,1.1348281],[30.4853137,1.1348067],[30.4852574,1.1348],[30.4852198,1.1348107],[30.4851903,1.1348469],[30.4851729,1.1348831],[30.4851642,1.1349139],[30.4851635,1.1349528],[30.4851742,1.1349897],[30.4851696,1.1350118],[30.485138,1.1350346],[30.4850958,1.1350279],[30.4850535,1.1349971],[30.4850415,1.1349649],[30.4850475,1.1349106],[30.4850603,1.1348529],[30.4850658,1.1347666],[30.4850495,1.1347329],[30.4850075,1.1347205],[30.4849529,1.1347229],[30.4848819,1.1347034],[30.4848102,1.1346819],[30.4847813,1.1346257],[30.4847441,1.1345836],[30.4846859,1.1345463],[30.4846311,1.1344815],[30.4845976,1.1344547],[30.484529,1.134421],[30.4845272,1.134336],[30.4844969,1.1342632],[30.484449,1.1342062],[30.484401,1.1341747],[30.4842992,1.1341007],[30.4842026,1.1340055],[30.4841429,1.1339157],[30.4841282,1.1338835],[30.4841241,1.1338714],[30.484126,1.1338547],[30.4841327,1.1338439],[30.4841463,1.1338419],[30.4841721,1.1338436],[30.4842127,1.13385],[30.4842599,1.1338627],[30.4842985,1.1338858],[30.4843491,1.1339291],[30.484385,1.1339509],[30.4844269,1.1339609],[30.4844718,1.1339519],[30.4845335,1.1339117],[30.4846103,1.1338178],[30.4846546,1.1337273],[30.4846955,1.1335443],[30.4847458,1.133437],[30.4848048,1.1333431],[30.4848598,1.1333043],[30.4849298,1.1332687],[30.4849701,1.1332479],[30.4850006,1.1332184],[30.4850264,1.1331739],[30.4850609,1.1331323],[30.4850888,1.1331229],[30.4851384,1.1331162],[30.4851602,1.1331092],[30.4851823,1.1330824],[30.4852004,1.133028],[30.4852064,1.1329593],[30.4852158,1.1329047],[30.4852547,1.1328122],[30.4853003,1.1327766],[30.48536,1.1327746],[30.4854257,1.1328014],[30.4855363,1.1329],[30.4856805,1.1329583],[30.4857757,1.1329583],[30.4859098,1.1329181],[30.4860493,1.1327813],[30.4861968,1.1326499],[30.4864798,1.1325145],[30.4869559,1.1323737],[30.4872912,1.1322959],[30.4875567,1.1323094],[30.4878303,1.1322289],[30.4880449,1.1320466],[30.4881844,1.1317972],[30.488348,1.1315236],[30.488592,1.1310409],[30.4886618,1.1308291],[30.4887235,1.1306172],[30.4888591,1.1304374],[30.4890431,1.1302629],[30.4892124,1.1300039],[30.4892935,1.129851],[30.4894312,1.1296591],[30.4895824,1.1295131],[30.4898347,1.129308],[30.4902983,1.1289007],[30.4906699,1.1285646],[30.4910355,1.1283163],[30.4913225,1.1281635],[30.4916042,1.1280213],[30.4918965,1.1278792],[30.4922941,1.1277983],[30.4928434,1.1277156],[30.4932712,1.1275896],[30.4937432,1.1274005],[30.4940946,1.1272369],[30.4943923,1.1270827],[30.4946538,1.127013],[30.4950454,1.1268588],[30.4953432,1.1266899],[30.4956328,1.1264445],[30.4958313,1.1261777],[30.4959789,1.1258787],[30.496011,1.1255569],[30.4959292,1.1252029],[30.4956221,1.1247041],[30.4954424,1.1245807],[30.4951836,1.1244802],[30.4949355,1.1243783],[30.4944124,1.1240685],[30.4940852,1.1239639],[30.4939859,1.123909],[30.4939092,1.1237884],[30.4938323,1.1236898],[30.4935999,1.1235108],[30.4933503,1.1233713],[30.4931974,1.1232345],[30.4930472,1.1230468],[30.4928943,1.1229449],[30.4927039,1.1228618],[30.4925349,1.1227706],[30.4923901,1.1226338],[30.4921487,1.1223951],[30.4916417,1.1217569],[30.4911562,1.1212688],[30.4908532,1.1209551],[30.4907995,1.1208156],[30.4907941,1.120636],[30.4906895,1.1204348],[30.4904481,1.1202659],[30.4901263,1.1201667],[30.4898661,1.1201908],[30.4896193,1.1202417],[30.4894262,1.1203356],[30.4893136,1.1204429],[30.4891821,1.1204885],[30.4889783,1.1204885],[30.4887127,1.1204429],[30.488474,1.1203946],[30.4883211,1.1203718],[30.4882769,1.1203329],[30.4882782,1.1202981],[30.4882957,1.1202565],[30.4883694,1.1202149],[30.4885585,1.1201895],[30.4887074,1.1202096],[30.4888978,1.1202176],[30.4892479,1.1201667],[30.489555,1.1201157],[30.4898648,1.1200071],[30.4902845,1.1198073],[30.4904991,1.119755],[30.4906547,1.1196947],[30.4908035,1.1196142],[30.4909014,1.1195096],[30.4909564,1.1193849],[30.4911495,1.1189921],[30.4913547,1.1185335],[30.4914862,1.1181044],[30.4915586,1.1178014],[30.4915653,1.1175306],[30.4915787,1.117375],[30.491631,1.1172101],[30.4916659,1.1170961],[30.4916605,1.1169111],[30.4916359,1.1167242],[30.4915987,1.1165065],[30.491599,1.1162503],[30.4916435,1.116069],[30.4916907,1.1159],[30.4916902,1.115711],[30.4916336,1.1155135],[30.4915499,1.1153749],[30.4915147,1.1153329],[30.4915003,1.1152942],[30.4915039,1.1152578],[30.4915278,1.1152256],[30.4915779,1.1152132],[30.4917334,1.1152208],[30.4918697,1.115231],[30.4919529,1.1152015],[30.4920069,1.1151573],[30.4922285,1.1146799],[30.4922385,1.1146269],[30.4922352,1.114572],[30.4921983,1.1145083],[30.4920575,1.1143822],[30.491975,1.114336],[30.4919287,1.1142984],[30.4918992,1.1142555],[30.4918999,1.1142207],[30.491916,1.1141945],[30.4919669,1.1141751],[30.4920387,1.1141657],[30.4921755,1.1141677],[30.492319,1.1141704],[30.4924357,1.1141583],[30.4925671,1.1141261],[30.4926744,1.1140403],[30.4927924,1.1138137],[30.4928957,1.1136877],[30.4929842,1.1135616],[30.4930472,1.1133753],[30.4931222,1.1131188],[30.4932256,1.1127839],[30.4933905,1.1124219],[30.4935917,1.1122127],[30.4938921,1.1119741],[30.4941067,1.1116228],[30.4942852,1.1108896],[30.4946109,1.1102685],[30.4948137,1.1096374],[30.4947638,1.1093943],[30.4946002,1.1091341],[30.4943508,1.1088767],[30.494167,1.1087962],[30.4939927,1.1087574],[30.4938009,1.1087667],[30.4936574,1.108807],[30.4934817,1.1088418],[30.4932725,1.1088593],[30.4930935,1.1088552],[30.4930097,1.1088385],[30.4929775,1.1088137],[30.4929661,1.1087775],[30.4929801,1.1087493],[30.493019,1.1087285],[30.4932175,1.1087145],[30.4933677,1.1087104],[30.4935045,1.1086917],[30.4936199,1.108634],[30.4937271,1.1085361],[30.4938961,1.1084905],[30.4940624,1.1084825],[30.494281,1.10852],[30.4943923,1.1085361],[30.4945063,1.1085294],[30.4946056,1.1084785],[30.4946592,1.1083564],[30.4946431,1.1080883],[30.4946579,1.1078536],[30.4946994,1.1076632],[30.4947759,1.1074487],[30.4947933,1.1073133],[30.4947705,1.1071886],[30.4947169,1.1071162],[30.4946418,1.1070397],[30.4945814,1.1069593],[30.4945559,1.1068909],[30.4945653,1.1068198],[30.4946002,1.1067662],[30.4946726,1.1066831],[30.4946901,1.106553],[30.4946565,1.1064457],[30.4945814,1.106372],[30.4944513,1.1063411],[30.4943011,1.1063291],[30.494155,1.1063438],[30.4940155,1.1063733],[30.4938854,1.1063693],[30.4937607,1.1063291],[30.4936869,1.106262],[30.4936172,1.1061735],[30.4935179,1.1060951],[30.4934878,1.1060542],[30.493481,1.106024],[30.4934884,1.1059838],[30.4935213,1.1059697],[30.493581,1.1059798],[30.4936708,1.1060408],[30.4937714,1.1061239],[30.4938814,1.1061655],[30.4940289,1.1061776],[30.4944259,1.1061574],[30.4947075,1.1061333],[30.4948657,1.1061172],[30.4949636,1.1060636],[30.4950253,1.1059523],[30.495028,1.1058544],[30.49502,1.1057311],[30.4950387,1.1056251],[30.4951353,1.1054736],[30.4952547,1.1053194],[30.495421,1.1050606],[30.4955977,1.1046486],[30.495708,1.1045511],[30.4958515,1.1045015],[30.4961559,1.1044519],[30.4966628,1.1043097],[30.4971698,1.104114],[30.497446,1.1039853],[30.4976579,1.1038083],[30.4980227,1.1035026],[30.4983258,1.1032156],[30.4987415,1.1027678],[30.4990339,1.1025908],[30.4993343,1.1025157],[30.4997125,1.1025559],[30.5000853,1.1026498],[30.5005091,1.1028563],[30.5008551,1.1030708],[30.5013138,1.1033872],[30.5017483,1.1036313],[30.5023384,1.10387],[30.5024805,1.1039263],[30.5025503,1.1039759],[30.5025918,1.1040268],[30.5026348,1.1040979],[30.5026871,1.1041381],[30.5027581,1.1041636],[30.5028198,1.1042065],[30.502852,1.1042588],[30.5028708,1.1043379],[30.5029016,1.1044184],[30.5029432,1.1044653],[30.5030009,1.1045015],[30.503076,1.1045149],[30.5031471,1.1044921],[30.5032181,1.1044479],[30.503257,1.1043714],[30.5032832,1.1042668],[30.5032999,1.1042005],[30.5033502,1.1041609],[30.5034099,1.1041488],[30.5034575,1.1041649],[30.5035266,1.1042347],[30.5036379,1.104303],[30.503776,1.1043272],[30.5043125,1.1043285],[30.5047121,1.1042963],[30.5050313,1.1042481],[30.5053451,1.1041033],[30.5056133,1.103878],[30.5058252,1.1034596],[30.5060908,1.10269],[30.5062946,1.1020652],[30.5064475,1.1014698],[30.5066165,1.1011587],[30.5067533,1.1008316],[30.506874,1.1005419],[30.5069732,1.1001826],[30.5073246,1.0995336],[30.5074507,1.099185],[30.5075982,1.0987371],[30.5077001,1.0984073],[30.5076894,1.0980989],[30.5075794,1.097879],[30.5073273,1.0977235],[30.5068498,1.0978522],[30.5066675,1.0976752],[30.5065602,1.0972407],[30.5064395,1.0966642],[30.5065682,1.0959508],[30.5070966,1.0935427],[30.5071771,1.0927489],[30.5071127,1.0922393],[30.5069732,1.0919229],[30.5067533,1.0917513],[30.5062973,1.0916011],[30.5061632,1.0915314],[30.5061203,1.0914456],[30.5061444,1.0913597],[30.5062437,1.0913061],[30.5065333,1.091231],[30.5066165,1.0911586],[30.5066621,1.0910111],[30.5066058,1.0908663],[30.5064931,1.0907912],[30.5063563,1.0907617],[30.5061766,1.0906786],[30.5061444,1.0905981],[30.5061954,1.090515],[30.5062866,1.0904748],[30.506477,1.090397],[30.5067452,1.0903219],[30.5071261,1.0902924],[30.5075284,1.0903568],[30.5077618,1.0904506],[30.5079791,1.0904694],[30.5081454,1.0904587],[30.5082661,1.0903782],[30.5083331,1.0902415],[30.5083412,1.0900001],[30.5082821,1.0898017],[30.50814,1.0895791],[30.5077484,1.089335],[30.5077189,1.0892358],[30.5077698,1.0891527],[30.5078584,1.0890856],[30.50803,1.0890481],[30.5083224,1.0889435],[30.5086523,1.0887182],[30.5089822,1.0882865],[30.5092746,1.0879861],[30.5096206,1.087726],[30.5099317,1.0875624],[30.5102107,1.0873372],[30.5104065,1.0871146],[30.5106344,1.0869215],[30.510723,1.0868209],[30.5107699,1.0867177],[30.5108128,1.0866184],[30.5108477,1.0865675],[30.5109067,1.0865447],[30.5109684,1.0865662],[30.5109912,1.0866252],[30.5109872,1.086715],[30.511014,1.0868316],[30.511081,1.0869215],[30.5112272,1.0869711],[30.5114002,1.086959],[30.5115907,1.0869322],[30.5117046,1.0869644],[30.5118522,1.087069],[30.5120319,1.0872084],[30.5122169,1.0872728],[30.5123135,1.0873184],[30.5124154,1.0873532],[30.5125093,1.0873801],[30.5126461,1.0873801],[30.5127668,1.0873264],[30.5129116,1.0872366],[30.5130002,1.0871803],[30.5130618,1.0871012],[30.5131222,1.0870247],[30.5131463,1.0869738],[30.513145,1.0869175],[30.5131162,1.0868484],[30.5131014,1.0868216],[30.5131007,1.0867887],[30.5131175,1.0867606],[30.513151,1.0867103],[30.5131785,1.0866319],[30.5131892,1.0865179],[30.5131705,1.0864173],[30.513153,1.0861331],[30.5131705,1.0860231],[30.5131812,1.0859306],[30.5131571,1.0858314],[30.5131215,1.0857382],[30.5130719,1.0856886],[30.5130545,1.0856262],[30.5130719,1.0855793],[30.5131101,1.0855149],[30.5131316,1.0853755],[30.5131182,1.0852293],[30.5130726,1.0850322],[30.5129908,1.0848525],[30.51298,1.0847479],[30.5129988,1.0846447],[30.5129827,1.0845522],[30.5129023,1.0844489],[30.5128137,1.084339],[30.5127802,1.0842572],[30.5127681,1.0841285],[30.5127588,1.0840105],[30.5127212,1.0838978],[30.5126877,1.0837906],[30.5126206,1.0836873],[30.5124691,1.0836203],[30.512335,1.0835834],[30.5123108,1.0835754],[30.5122914,1.0835492],[30.512288,1.0834835],[30.5122827,1.0833923],[30.5122518,1.0832877],[30.5122371,1.0831798],[30.512229,1.0831416],[30.5122069,1.0831228],[30.5121653,1.0831161],[30.5121378,1.083096],[30.5121184,1.0830397],[30.5121117,1.0829539],[30.5120902,1.0828815],[30.5119809,1.0827206],[30.5119353,1.0826441],[30.5119125,1.0825818],[30.5119065,1.0825147],[30.5118904,1.0824872],[30.5118676,1.0824738],[30.5118502,1.0824524],[30.5118475,1.0824189],[30.5118589,1.0823773],[30.511879,1.0821668],[30.5118763,1.0819911],[30.5118616,1.0818557],[30.5118173,1.0817149],[30.5117583,1.0816157],[30.5117,1.0815493],[30.5116537,1.0814943],[30.5116383,1.0814273],[30.5116477,1.0813502],[30.5116631,1.0812697],[30.5116477,1.0811464],[30.5116269,1.0809238],[30.5115893,1.0807481],[30.511482,1.0805229],[30.51136,1.0803338],[30.5112929,1.0802963],[30.5111682,1.080256],[30.5110609,1.0802359],[30.5109563,1.0802038],[30.5108691,1.0801461],[30.5107994,1.0801434],[30.5107028,1.0801796],[30.5106479,1.0802091],[30.5106043,1.0802607],[30.5105935,1.080313],[30.5105996,1.0803707],[30.5106157,1.0804518],[30.510611,1.0804987],[30.5105935,1.0805484],[30.5105627,1.0805745],[30.5105298,1.0805758],[30.5104802,1.0805557],[30.5104246,1.0805564],[30.510385,1.0805698],[30.5103635,1.0806013],[30.5103595,1.0806436],[30.5103434,1.0806831],[30.5103065,1.0807066],[30.5102623,1.0807106],[30.5102147,1.0806985],[30.5101771,1.0806731],[30.5101329,1.0805846],[30.5100873,1.0804062],[30.5100645,1.0803378],[30.5100256,1.080303],[30.5099558,1.0803043],[30.5098968,1.0803217],[30.5098271,1.0803714],[30.5097694,1.0804371],[30.5096863,1.0805028],[30.5095414,1.0805631],[30.50941,1.0806382],[30.5092477,1.0807495],[30.50917,1.0807991],[30.5091337,1.0808071],[30.5091083,1.0808011],[30.5090861,1.0807776],[30.5090472,1.0807274],[30.5089923,1.0806851],[30.5089259,1.0806576],[30.508824,1.0806255],[30.5086731,1.0805899],[30.5086573,1.0805758],[30.5086503,1.0805574],[30.5086543,1.080538],[30.5086667,1.0805246],[30.5087613,1.080484],[30.5088374,1.0804518],[30.508881,1.080433],[30.5089299,1.0804283],[30.5090224,1.0804438],[30.5090794,1.080433],[30.5091472,1.0803942],[30.509231,1.0802862],[30.5092947,1.080138],[30.5093316,1.0800502],[30.5093282,1.0799758],[30.5092913,1.079896],[30.509229,1.0798404],[30.5091217,1.0797827],[30.5090573,1.0797298],[30.5089708,1.0796708],[30.5089058,1.0796473],[30.5088582,1.0796473],[30.5088146,1.0796446],[30.5087851,1.0796305],[30.5087784,1.0795977],[30.5087965,1.0795487],[30.5088776,1.0794314],[30.5089286,1.079367],[30.508954,1.079292],[30.5089373,1.0792269],[30.5088856,1.079176],[30.5088105,1.079123],[30.5087287,1.0790452],[30.5086375,1.0789829],[30.5085356,1.0789179],[30.5084692,1.0789051],[30.5083418,1.0789125],[30.5082151,1.0789279],[30.5081172,1.0789561],[30.508032,1.0789762],[30.5079864,1.0790043],[30.5079784,1.0790426],[30.5079878,1.0791136],[30.5080086,1.0791921],[30.5080334,1.079245],[30.5080542,1.0792933],[30.5080582,1.0793315],[30.5080307,1.0793664],[30.5079905,1.0793791],[30.5079583,1.0793691],[30.5079247,1.0793436],[30.5079093,1.0792973],[30.5079113,1.079233],[30.5078986,1.0791874],[30.5078597,1.0791445],[30.5078228,1.0790928],[30.5078101,1.0790499],[30.5078081,1.0789997],[30.5078154,1.0789567],[30.5077994,1.0789205],[30.5077692,1.0788984],[30.5077343,1.0788917],[30.5076713,1.0788971],[30.5076089,1.0789299],[30.5075298,1.0789527],[30.5074668,1.0789541],[30.5074185,1.0789299],[30.5073601,1.0788843],[30.5072884,1.0788501],[30.5072515,1.0788495],[30.5072173,1.0788796],[30.5071905,1.0788817],[30.5071543,1.0788656],[30.5071355,1.0788119],[30.5070939,1.0786671],[30.5070805,1.0785303],[30.5070832,1.0784553],[30.5071033,1.0783896],[30.5071127,1.0783332],[30.5071026,1.0782682],[30.5070933,1.0782132],[30.5070792,1.0781784],[30.5070433,1.0781415],[30.5069853,1.0781187],[30.5069142,1.0781019],[30.506874,1.0780932],[30.5068378,1.0780899],[30.5068173,1.0780983],[30.5068012,1.0781153],[30.5067694,1.0781643],[30.5066125,1.0782756],[30.5065535,1.0783359],[30.5065313,1.0783822],[30.5065407,1.0784345],[30.5065535,1.0784693],[30.5065572,1.0785042],[30.5065441,1.0785216],[30.5065253,1.078527],[30.5065055,1.078519],[30.5064817,1.0785029],[30.5064012,1.0784271],[30.5063215,1.0783627],[30.5062651,1.078348],[30.5061853,1.0783648],[30.5060687,1.0784056],[30.5058849,1.0784358],[30.5057334,1.0784405],[30.5056288,1.0784278],[30.5055577,1.0783996],[30.5054598,1.0783366],[30.5053451,1.078297],[30.5052358,1.0782883],[30.5051232,1.0782729],[30.5050541,1.0782749],[30.5049971,1.0782877],[30.5049495,1.0782883],[30.5048885,1.0782622],[30.5048187,1.0782139],[30.5047195,1.0781388],[30.5046162,1.0780912],[30.5045183,1.0780691],[30.5044265,1.0780624],[30.504279,1.0780557],[30.5041804,1.078057],[30.50412,1.0780671],[30.5040389,1.0780919],[30.5039504,1.0780939],[30.5038713,1.0780899],[30.503821,1.0780738],[30.5037579,1.0780322],[30.5037304,1.0779953],[30.5037251,1.0779511],[30.5037392,1.0779249],[30.5037821,1.0779142],[30.503819,1.0779189],[30.5038692,1.0779303],[30.5039376,1.0779444],[30.5040255,1.0779451],[30.5041113,1.0779209],[30.5041931,1.07787],[30.5042662,1.077819],[30.5043433,1.0777922],[30.5044486,1.0777875],[30.5046008,1.0778143],[30.5047269,1.0778988],[30.5048529,1.0779752],[30.5050273,1.0780356],[30.5052714,1.0780745],[30.5054363,1.078108],[30.5056348,1.0781227],[30.5058333,1.078116],[30.5061149,1.0780691],[30.5063805,1.077994],[30.5065333,1.0779135],[30.5065857,1.0778103],[30.5065749,1.0777084],[30.5065347,1.0775904],[30.506477,1.0774013],[30.5063429,1.0770125],[30.5062437,1.0768489],[30.5061203,1.0767711],[30.5059564,1.0767266],[30.5057743,1.0766719],[30.5055168,1.0765888],[30.5054256,1.0765485],[30.5053438,1.0765338],[30.5052499,1.0765338],[30.5051601,1.0765472],[30.5050796,1.0765338],[30.5050045,1.0764775],[30.5049374,1.0763903],[30.5048301,1.0763018],[30.5047564,1.0762495],[30.504641,1.0761919],[30.5045364,1.0761744],[30.5044359,1.0761811],[30.504346,1.0762039],[30.5042521,1.0762026],[30.5041703,1.0761677],[30.5040778,1.0761128],[30.5040268,1.0760511],[30.5040013,1.075976],[30.5039933,1.0758862],[30.5039531,1.0758017],[30.5038793,1.0757561],[30.5037787,1.0757413],[30.5036768,1.0757145],[30.5035306,1.0756756],[30.503422,1.0756636],[30.5033362,1.0756502],[30.5032476,1.0756153],[30.5030854,1.075563],[30.5029392,1.0755255],[30.5028661,1.0749791],[30.5028426,1.0748255],[30.5028064,1.0746995],[30.5027488,1.0745855],[30.502738,1.0744689],[30.5027689,1.0743844],[30.5028493,1.0743013],[30.5029995,1.0742288],[30.5032047,1.0741417],[30.5033281,1.0740746],[30.5034542,1.0739848],[30.5035427,1.0738655],[30.5035588,1.0737113],[30.5035239,1.0735477],[30.503426,1.073368],[30.5033509,1.073254],[30.5032034,1.073187],[30.5029982,1.0731789],[30.5028011,1.0732084],[30.5026669,1.0732527],[30.5025892,1.0733184],[30.502565,1.0734136],[30.5025798,1.0735008],[30.5025784,1.0735973],[30.5025449,1.073718],[30.5024631,1.0738065],[30.5023585,1.0739097],[30.5022981,1.074017],[30.5022827,1.0741075],[30.5022934,1.0741853],[30.5023256,1.074257],[30.5023712,1.0743569],[30.5023786,1.0744005],[30.5023612,1.074442],[30.5022968,1.0744702],[30.5021976,1.0744622],[30.5021251,1.0744353],[30.5020018,1.0743509],[30.501928,1.0742838],[30.501806,1.0742275],[30.5017282,1.07419],[30.5016799,1.0741176],[30.5016517,1.0740197],[30.5015914,1.0739178],[30.5014895,1.0738387],[30.5013392,1.0737783],[30.5011408,1.0737555],[30.5009369,1.0737475],[30.500831,1.0737622],[30.5008062,1.0737569],[30.5007934,1.0737381],[30.5007545,1.073667],[30.5006741,1.0736241],[30.5005453,1.073596],[30.5004353,1.0736027],[30.5003294,1.0736362],[30.5002214,1.073193],[30.5001256,1.0727445],[30.5002972,1.0725943],[30.5005815,1.0724026],[30.5009302,1.0721183],[30.5011609,1.0718501],[30.5013916,1.0715927],[30.5015525,1.0713889],[30.5016839,1.071299],[30.5017362,1.0712146],[30.5017416,1.0711113],[30.5017094,1.0710201],[30.501645,1.0709249],[30.501578,1.0708445],[30.5015565,1.0707694],[30.5015525,1.0706755],[30.5015324,1.070575],[30.5014787,1.0704543],[30.5014023,1.0703805],[30.5012843,1.0702424],[30.501185,1.0700091],[30.5010858,1.0696364],[30.5009973,1.0693588],[30.5008538,1.0690222],[30.5007505,1.0687018],[30.5006459,1.068506],[30.5004474,1.0683102],[30.5001202,1.068093],[30.49986,1.0679992],[30.4995516,1.0679563],[30.4992002,1.0678973],[30.498932,1.0678973],[30.4986477,1.0678973],[30.4983553,1.0679107],[30.4981407,1.0679536],[30.4980511,1.0679489],[30.4979878,1.0677712],[30.4980267,1.0676975],[30.4981219,1.0676492],[30.4982762,1.0676264],[30.4985256,1.0676076],[30.4987214,1.0675754],[30.4989548,1.0675379],[30.4992069,1.0675486],[30.4994161,1.0675299],[30.4996964,1.0674575],[30.4999137,1.0674467],[30.5001282,1.0674548],[30.500324,1.0674575],[30.500493,1.0674132],[30.5006459,1.067314],[30.5007425,1.067141],[30.5008551,1.0668943],[30.5009544,1.0665805],[30.5009476,1.066429],[30.5008953,1.0663351],[30.5007988,1.0662533],[30.5006727,1.0661716],[30.5005346,1.0660978],[30.5004648,1.066012],[30.5004622,1.0659222],[30.5005145,1.0658725],[30.5006097,1.0658471],[30.5007317,1.0658511],[30.5008739,1.0659087],[30.5010147,1.0659852],[30.5011609,1.066071],[30.501291,1.0660871],[30.5014479,1.0660562],[30.5015471,1.0659517],[30.5016155,1.0657103],[30.501637,1.0654917],[30.5016195,1.0653281],[30.5015726,1.0651994],[30.5014814,1.0651136],[30.5013191,1.0650264],[30.5012011,1.0649581],[30.501059,1.0648803],[30.5009168,1.064828],[30.5008028,1.0647496],[30.500713,1.064647],[30.5006197,1.0645545],[30.5004427,1.0644345],[30.500198,1.0642608],[30.5001457,1.0642407],[30.5000793,1.0642367],[30.5000149,1.0642635],[30.4999613,1.0643211],[30.499921,1.0644076],[30.4998774,1.064466],[30.4998017,1.0645109],[30.4997018,1.0645142],[30.499628,1.0644841],[30.4995321,1.0644284],[30.499459,1.0643741],[30.4992304,1.0641234],[30.4991328,1.0640399],[30.4990627,1.0639967],[30.4989745,1.0639594],[30.4989169,1.0639397],[30.498872,1.0639296],[30.498827,1.0639269],[30.4987865,1.0639296],[30.4986893,1.063943],[30.4985324,1.0639846],[30.4983862,1.0640664],[30.4981984,1.0641642],[30.4980817,1.064234],[30.4980294,1.0643184],[30.498008,1.0644217],[30.4980254,1.064529],[30.4980536,1.0646858],[30.4980415,1.0648561],[30.4980402,1.0649755],[30.4980522,1.0650573],[30.498063,1.065241],[30.498016,1.0654233],[30.4979704,1.0656513],[30.4979107,1.0658037],[30.4978484,1.0659798],[30.497784,1.0661581],[30.4977076,1.0663003],[30.4976157,1.0664741],[30.4975191,1.0666297],[30.4974528,1.0666898],[30.4973911,1.0667018],[30.4973307,1.0666784],[30.4972905,1.0666214],[30.4972979,1.0665751],[30.4973743,1.066458],[30.4974386,1.0662918],[30.4975212,1.0661085],[30.4976049,1.0659217],[30.4976693,1.0657286],[30.4977143,1.065548],[30.4977263,1.0653107],[30.4977438,1.0650921],[30.4977183,1.0648722],[30.4976539,1.0646336],[30.497603,1.064529],[30.4975091,1.0643882],[30.4974675,1.0642581],[30.4974943,1.0640731],[30.497489,1.0639336],[30.497434,1.0637888],[30.4974434,1.0637097],[30.4975212,1.063652],[30.4976016,1.0636628],[30.497666,1.0637057],[30.4977652,1.063829],[30.4978457,1.0638773],[30.4979289,1.06388],[30.4981166,1.0638317],[30.498409,1.0637003],[30.4986955,1.0636313],[30.4987992,1.0636252],[30.4989333,1.0635971],[30.4990862,1.0635569],[30.4992163,1.0634798],[30.4993108,1.0634603],[30.4994047,1.0634623],[30.4995167,1.0634818],[30.4996112,1.063469],[30.4997118,1.0634208],[30.4998037,1.0633142],[30.499915,1.0630889],[30.500041,1.0628635],[30.5001336,1.062759],[30.5002194,1.0627121],[30.5003086,1.0627074],[30.5003991,1.0627295],[30.5004528,1.0627872],[30.5005037,1.0628408],[30.5005534,1.0628616],[30.5006016,1.0628629],[30.5006466,1.0628415],[30.5006915,1.0628013],[30.5007539,1.0627094],[30.50077,1.0626216],[30.5007485,1.0624754],[30.500715,1.0622723],[30.5006821,1.0620537],[30.5006405,1.0618714],[30.5005802,1.061695],[30.5005111,1.0616106],[30.5004125,1.0615395],[30.5003012,1.0615147],[30.5001966,1.0615281],[30.5001289,1.0615207],[30.5000478,1.0614852],[30.4999767,1.0614296],[30.4998962,1.0613189],[30.4997956,1.061158],[30.4996253,1.0610655],[30.4994644,1.0610239],[30.4993155,1.0610427],[30.4991304,1.0611446],[30.4988971,1.0612921],[30.4984814,1.0615335],[30.4978108,1.0618499],[30.4975332,1.0619424],[30.4972194,1.0619987],[30.4969766,1.0620309],[30.4967527,1.0620162],[30.4962873,1.0619357],[30.495783,1.0618553],[30.4950131,1.0618266],[30.4947021,1.0619143],[30.4936426,1.0627939],[30.49272,1.0645531],[30.4910423,1.0655641],[30.4890051,1.0658324],[30.4883211,1.0651431],[30.4893189,1.0629709],[30.4894209,1.0627],[30.4895576,1.0625713],[30.48985,1.062515],[30.4902953,1.0622575],[30.4907995,1.0616166],[30.4909658,1.0612117],[30.4909712,1.0608255],[30.4910464,1.0605827],[30.490923,1.0603789],[30.4907621,1.0603199],[30.4905556,1.0604379],[30.4903893,1.0605961],[30.4902659,1.0606471],[30.4900352,1.0606229],[30.4898206,1.0606498],[30.4896195,1.0607195],[30.4894344,1.0608871],[30.4892346,1.0610279],[30.4890696,1.0611137],[30.4888403,1.0612009],[30.4886566,1.0613309],[30.4885747,1.0614462],[30.4885372,1.0616192],[30.4884661,1.0617815],[30.4884272,1.0618123],[30.488385,1.0618197],[30.4883535,1.0618016],[30.4883387,1.0617613],[30.4883763,1.0615133],[30.4883816,1.0613537],[30.4883012,1.0612679],[30.4881778,1.061233],[30.4880638,1.0611754],[30.4880142,1.0610708],[30.4880316,1.0609582],[30.4881308,1.0608817],[30.4882824,1.0608442],[30.4885157,1.0608254],[30.4886834,1.0607932],[30.4888443,1.0607316],[30.4890428,1.0605707],[30.4892091,1.0603829],[30.4892869,1.0602381],[30.4893365,1.060155],[30.4893861,1.0601255],[30.4894719,1.0601054],[30.4895497,1.0600645],[30.4895873,1.0600001],[30.489661,1.0597862],[30.4898153,1.0596535],[30.4899762,1.0595972],[30.49018,1.0596253],[30.4903504,1.0596763],[30.4904389,1.0596736],[30.4905448,1.0595918],[30.4910169,1.0590045],[30.4914407,1.0583126],[30.4915238,1.0580646],[30.4915104,1.0578219],[30.49143,1.0576623],[30.49132,1.0575765],[30.4912878,1.0574464],[30.4912918,1.0572761],[30.4912757,1.0571595],[30.4912006,1.057071],[30.4910625,1.0570589],[30.4909405,1.0570991],[30.4908667,1.0571957],[30.4908452,1.0573177],[30.4908908,1.057433],[30.4909525,1.0575068],[30.4909539,1.0575631],[30.4909123,1.0576221],[30.4908104,1.0576462],[30.490636,1.0577508],[30.4904992,1.0578983],[30.4903946,1.0580914],[30.4903007,1.0582818],[30.4902149,1.0583113],[30.4900459,1.0582764],[30.489885,1.0582201],[30.489657,1.057968],[30.4894907,1.0572815],[30.4893834,1.0564019],[30.4892869,1.0551254],[30.4892949,1.0542752],[30.4893995,1.0536504],[30.489649,1.053165],[30.4898421,1.0530095],[30.490113,1.0529022],[30.4904295,1.0527976],[30.4906816,1.052752],[30.4908426,1.0526689],[30.4908895,1.0526058],[30.4908882,1.0525106],[30.4908399,1.052449],[30.4907447,1.0524423],[30.4905314,1.0524838],[30.4902069,1.0524865],[30.4901318,1.0524275],[30.4901237,1.052331],[30.4903732,1.0517303],[30.4909552,1.0498745],[30.4918242,1.0475306],[30.4924894,1.0463399],[30.4928435,1.0457499],[30.4930151,1.0450849],[30.4929508,1.0441945],[30.4931868,1.0427035],[30.4937232,1.0413626],[30.4959924,1.0376564],[30.4966522,1.0368894],[30.4971556,1.0361659],[30.4982776,1.0350229],[30.4991708,1.0343497],[30.4995329,1.0342022],[30.4998494,1.0341352],[30.5,1.0340677],[30.5000828,1.0340306],[30.5002839,1.0338241],[30.5013675,1.0317511],[30.5018878,1.028529],[30.5025262,1.0278639],[30.5028748,1.0275582],[30.5031216,1.0273329],[30.5034113,1.0270272],[30.5036312,1.0267912],[30.5038565,1.026582],[30.5039373,1.0265173],[30.5039632,1.0264935],[30.5039818,1.0264702],[30.5039863,1.0264585],[30.5039831,1.0264364],[30.5039709,1.0264161],[30.5039514,1.0263846],[30.5039367,1.0263474],[30.5039283,1.0263071],[30.503937,1.0262662],[30.5039799,1.0262153],[30.5040604,1.0261677],[30.5041415,1.0261228],[30.5041858,1.026106],[30.5042636,1.0260886],[30.5043045,1.0260725],[30.5043608,1.026039],[30.5043836,1.0260101],[30.5044084,1.0259431],[30.5044144,1.0258747],[30.5044118,1.0258191],[30.5044185,1.025748],[30.5044372,1.025693],[30.5045231,1.0256112],[30.5045901,1.0255174],[30.5046129,1.0254315],[30.5046357,1.0253685],[30.5046733,1.0253203],[30.5047631,1.0252532],[30.5049616,1.0252143],[30.5051306,1.0252143],[30.5053318,1.0252572],[30.505541,1.0253377],[30.5059165,1.0255469],[30.5063859,1.0258284],[30.5066621,1.0261074],[30.5067909,1.0262254],[30.5068633,1.0262817],[30.5069317,1.0263366],[30.5070081,1.0263782],[30.5071235,1.0264117],[30.5072388,1.0264225],[30.5074856,1.0263755],[30.5078503,1.0262709],[30.5081615,1.0261583],[30.5084619,1.02611],[30.5087355,1.0261127],[30.5090815,1.0261395],[30.5093551,1.0261717],[30.5095884,1.0262146],[30.5098379,1.0263004],[30.5101007,1.0263997],[30.5104011,1.0264989],[30.5107042,1.0266062],[30.5110985,1.0267268],[30.5113788,1.0267751],[30.5115893,1.0267993],[30.511761,1.0268368],[30.5119394,1.0268971],[30.5121607,1.0270165],[30.5122787,1.0270621],[30.5124061,1.0271036],[30.5124785,1.0271519],[30.5125429,1.027235],[30.5126153,1.0273812],[30.5126542,1.0274912],[30.5126971,1.0275662],[30.5127561,1.0276212],[30.5128339,1.0276521],[30.5129264,1.0276655],[30.5130297,1.0276695],[30.5131269,1.0276889],[30.5132389,1.0277339],[30.5134642,1.0278854],[30.5137579,1.0281187],[30.5139309,1.0282474],[30.5140731,1.0283466],[30.5142863,1.0284955],[30.5144607,1.0285679],[30.514639,1.0286644],[30.5148268,1.0287905],[30.515213,1.0290814],[30.5155134,1.0293255],[30.515787,1.02954],[30.5160391,1.0297519],[30.5162108,1.0299101],[30.5163798,1.0300898],[30.5166185,1.0304009],[30.5169068,1.030783],[30.517057,1.0309882],[30.5171791,1.0311196],[30.5172501,1.0312228],[30.5173105,1.0313449],[30.517391,1.031479],[30.5174607,1.0316037],[30.5176096,1.0318303],[30.5177638,1.0320716],[30.5178161,1.0321333],[30.5178872,1.032199],[30.5180079,1.0322714],[30.5181286,1.0323103],[30.5182573,1.032372],[30.5183767,1.0324471],[30.5185121,1.0325865],[30.5188045,1.032911],[30.5190808,1.0331524],[30.5193463,1.0333884],[30.519805,1.0337772],[30.5200624,1.0340266],[30.5202636,1.0342331],[30.5204567,1.0344128],[30.520623,1.0345281],[30.5210173,1.0347614],[30.5213365,1.0349331],[30.5218005,1.0351986],[30.5222136,1.035456],[30.5224764,1.0356196],[30.5227044,1.0357886],[30.5229378,1.0360085],[30.5231228,1.0362176],[30.523383,1.0366199],[30.5235413,1.0368961],[30.5237639,1.0372823],[30.5239812,1.0375532],[30.5242708,1.0378857],[30.5245364,1.0381405],[30.5247804,1.0383577],[30.5252713,1.0386634],[30.5255114,1.0387935],[30.5258211,1.0389825],[30.5259204,1.0390415],[30.5260129,1.0391099],[30.5261685,1.0392387],[30.5263227,1.0393419],[30.5266848,1.0395886],[30.5268377,1.0396798],[30.5270027,1.0397428],[30.5271207,1.0398005],[30.5272333,1.0398769],[30.5273165,1.039944],[30.5273505,1.0399837],[30.5273688,1.0400059],[30.5274313,1.040087],[30.5274511,1.0401008],[30.5274982,1.0401605],[30.5275505,1.0402195],[30.5276276,1.0403053],[30.5277349,1.0404025],[30.5279066,1.0405366],[30.527979,1.0405997],[30.5280527,1.0406667],[30.5281171,1.0407498],[30.52816,1.0408303],[30.5282217,1.0409858],[30.5282687,1.0411199],[30.5284162,1.0414216],[30.5285463,1.0416683],[30.5287635,1.0420129],[30.5289178,1.0421859],[30.5290559,1.0423495],[30.5291015,1.0424326],[30.5291216,1.0425506],[30.5291283,1.0427008],[30.5291525,1.0428108],[30.5292048,1.0429167],[30.5293027,1.0431205],[30.5293402,1.0432425],[30.5293885,1.0433672],[30.5294126,1.0434691],[30.5294046,1.0435536],[30.5293751,1.0436381],[30.5293523,1.043689],[30.5292866,1.0437668],[30.5291739,1.0438748],[30.5291571,1.04398],[30.5293898,1.044208],[30.5295649,1.0443057],[30.5296191,1.044338],[30.5296976,1.0443803],[30.5297673,1.0444084],[30.5298384,1.0444245],[30.5299189,1.0444359],[30.5299745,1.044444],[30.5300161,1.0444621],[30.5300926,1.044515],[30.5303058,1.0446719],[30.5304654,1.0447953],[30.5306236,1.0449361],[30.5307551,1.0450755],[30.530865,1.0452109],[30.5309951,1.0453424],[30.5311829,1.0454845],[30.5313385,1.0456427],[30.531498,1.045758],[30.5316013,1.0458586],[30.5318794,1.0460215],[30.5319487,1.0461469],[30.5320439,1.0462689],[30.5321552,1.0464177],[30.5323778,1.0466363],[30.5325776,1.046871],[30.5327252,1.0470667],[30.5327681,1.0471217],[30.5327801,1.0471673],[30.5327761,1.0472068],[30.532752,1.0472504],[30.5327037,1.0473188],[30.5326836,1.0473657],[30.5326843,1.0474194],[30.5327077,1.047477],[30.5327288,1.0475042],[30.532758,1.0475139],[30.5327915,1.0475119],[30.5328163,1.0475059],[30.5328593,1.0474951],[30.5328901,1.0474985],[30.5329183,1.0475159],[30.5329639,1.0475535],[30.5330168,1.0476091],[30.5331074,1.0477358],[30.5333582,1.0480898],[30.5334735,1.0482682],[30.5336089,1.0484626],[30.5337806,1.0487187],[30.5339764,1.0490459],[30.5341279,1.049306],[30.5342721,1.0495507],[30.5343814,1.0497646],[30.5344465,1.0498658],[30.5344887,1.0499081],[30.5345336,1.0499476],[30.5345533,1.0499819],[30.5345713,1.0500048],[30.5345839,1.0500244],[30.5346168,1.0501259],[30.5346805,1.0502768],[30.5347489,1.0504243],[30.5348495,1.0505798],[30.5349567,1.0507061],[30.5350761,1.0508453],[30.5351284,1.0509432],[30.5351485,1.0510304],[30.5351646,1.0512261],[30.5351499,1.0514112],[30.5351559,1.051505],[30.5351593,1.0515506],[30.5351693,1.0516002],[30.5352189,1.0516686],[30.5353081,1.0517611],[30.535398,1.0518691],[30.5354389,1.0519395],[30.5354623,1.0520052],[30.5354637,1.0520789],[30.5354583,1.052146],[30.5354463,1.0522486],[30.5354456,1.0522935],[30.5354603,1.0523391],[30.5355274,1.0524524],[30.5357051,1.052685],[30.5358794,1.0528593],[30.535984,1.0529478],[30.5360752,1.0529934],[30.5361973,1.0530457],[30.5363287,1.0531],[30.5364414,1.0531731],[30.5365191,1.0532133],[30.5365761,1.0532361],[30.5366499,1.0532757],[30.5367082,1.0533213],[30.5367327,1.0533521],[30.5367646,1.0533974],[30.5367793,1.0534433],[30.536782,1.0534859],[30.536789,1.0535214],[30.5368018,1.0535371],[30.5368199,1.0535559],[30.5368631,1.0535935],[30.5369007,1.053627],[30.5369476,1.0536853],[30.5369698,1.0537255],[30.5369959,1.0537664],[30.5370563,1.0538147],[30.5371065,1.0538422],[30.537189,1.0538784],[30.5372869,1.0539106],[30.5373882,1.0539488],[30.5374593,1.053985],[30.5375129,1.0540205],[30.5375665,1.0540608],[30.537647,1.0541452],[30.5377382,1.0542672],[30.5378026,1.0543705],[30.5378965,1.0544711],[30.5380212,1.054573],[30.5381969,1.0547044],[30.5383256,1.0547956],[30.5384202,1.0548753],[30.5385227,1.0549699],[30.5386468,1.0550818],[30.5387253,1.0551576],[30.5388165,1.0552394],[30.5390444,1.0553855],[30.5392121,1.0554848],[30.5393797,1.0556269],[30.5394749,1.055755],[30.5395031,1.0558106],[30.5395199,1.0558629],[30.5395353,1.0558971],[30.5395641,1.0559205],[30.5395936,1.0559299],[30.539654,1.0559273],[30.5397271,1.0559192],[30.5397727,1.0559172],[30.5398082,1.0559252],[30.5398478,1.0559427],[30.5400275,1.0560694],[30.5402675,1.0562088],[30.5403936,1.0563067],[30.5404647,1.0563885],[30.540521,1.0564784],[30.5405612,1.0566433],[30.5406135,1.0568471],[30.5406564,1.0569812],[30.5407691,1.0572038],[30.5409086,1.057425],[30.5410883,1.0576503],[30.5411466,1.0577019],[30.5412217,1.0577455],[30.5413109,1.057771],[30.5413827,1.0578045],[30.5414329,1.057836],[30.5414738,1.0578856],[30.5415047,1.0579419],[30.5415899,1.0581035],[30.541728,1.0583676],[30.5418326,1.0585554],[30.5419077,1.0587149],[30.5419318,1.0587847],[30.5419489,1.0588685],[30.5419566,1.0590441],[30.5419761,1.0591306],[30.541982,1.0591484],[30.5419989,1.059199],[30.5420304,1.0592647],[30.5420807,1.059311],[30.5421404,1.0593492],[30.5422685,1.0593854],[30.5424321,1.0593914],[30.5425206,1.059372],[30.542591,1.0593398],[30.5426802,1.0592741],[30.5428036,1.0592017],[30.5429457,1.0591024],[30.5430678,1.059014],[30.5431885,1.0589],[30.5433695,1.05879],[30.5434769,1.0587192],[30.5436089,1.0586767],[30.5437,1.0586356],[30.5438446,1.0585529],[30.5440561,1.0584079],[30.5442707,1.058259],[30.5444236,1.0581571],[30.5445966,1.0580606],[30.544787,1.0579158],[30.5449815,1.0577106],[30.54507,1.0575993],[30.5451384,1.0574854],[30.545243,1.0572795],[30.5452662,1.0572222],[30.5452688,1.057182],[30.5452615,1.0571394],[30.5452595,1.0571005],[30.5452645,1.057073],[30.5452823,1.0570462],[30.5453273,1.0570048],[30.5453367,1.0569917],[30.5453449,1.056976],[30.5453473,1.0569619],[30.5453416,1.0569545],[30.5453285,1.0569525],[30.5452978,1.0569497],[30.5451974,1.0569651],[30.5451257,1.0569658],[30.54507,1.056949],[30.5450244,1.0569255],[30.5449674,1.0568806],[30.544891,1.0567894],[30.5448206,1.0566902],[30.544779,1.0566138],[30.5447066,1.0562571],[30.5447012,1.056178],[30.5446704,1.0561042],[30.5445926,1.0560318],[30.5444933,1.0559541],[30.5444431,1.0558971],[30.5444209,1.0558461],[30.5444223,1.0557643],[30.5444397,1.0557047],[30.5444853,1.0556376],[30.5446275,1.0555612],[30.5447837,1.0555163],[30.5449198,1.0554928],[30.5450224,1.0554653],[30.5451015,1.0554244],[30.5451431,1.055354],[30.5451659,1.0552736],[30.5451686,1.0552266],[30.5451619,1.0551777],[30.5451327,1.0551298],[30.5451203,1.0551026],[30.5451217,1.0550671],[30.5451351,1.0550329],[30.5451545,1.0549987],[30.5451726,1.0549598],[30.5451766,1.0549223],[30.5451753,1.0548944],[30.5451639,1.0548364],[30.5451616,1.0547838],[30.5451602,1.0547654],[30.5451518,1.0547547],[30.5451371,1.054749],[30.545116,1.0547547],[30.5450982,1.0547714],[30.5450653,1.0547959],[30.5450345,1.0547996],[30.545007,1.0547952],[30.5449718,1.0547815],[30.5449379,1.054761],[30.5449138,1.0547352],[30.5448943,1.0547007],[30.5448836,1.0546387],[30.5448782,1.0545998],[30.5448917,1.0545488],[30.5449171,1.0545019],[30.5449922,1.0544429],[30.5451424,1.0543169],[30.5453369,1.0541613],[30.5454549,1.0540608],[30.5455233,1.053987],[30.5455568,1.0538905],[30.5455609,1.0537939],[30.5455642,1.0537148],[30.5455615,1.0536575],[30.5455562,1.0536129],[30.5455508,1.0535921],[30.5455384,1.053571],[30.5455277,1.0535559],[30.5455009,1.0535341],[30.5454522,1.0534815],[30.5454294,1.0534305],[30.5454348,1.0533917],[30.5454455,1.0533635],[30.5454804,1.0533327],[30.5455334,1.0533186],[30.5455897,1.0533239],[30.5456547,1.0533367],[30.5456846,1.0533313],[30.5457042,1.0533218],[30.5457121,1.0533122],[30.5457178,1.0532921],[30.5457151,1.0532737],[30.5456896,1.0532401],[30.5456521,1.0531999],[30.5456091,1.0531624],[30.5455381,1.0530873],[30.5455005,1.0530323],[30.5454697,1.0529619],[30.5454361,1.0529009],[30.545408,1.0528526],[30.5453952,1.0528184],[30.5453765,1.0527635],[30.5453409,1.052744],[30.5452786,1.0527279],[30.5452269,1.0527192],[30.5451907,1.0527232],[30.5451542,1.0527296],[30.5451351,1.0527494],[30.5451233,1.0527752],[30.5451424,1.0528962],[30.5451686,1.0529773],[30.545188,1.0530363],[30.5451901,1.0530786],[30.5451646,1.0531241],[30.5451237,1.0531597],[30.5450459,1.0531972],[30.5448943,1.0532468],[30.5448206,1.0532911],[30.5447629,1.053334],[30.5446489,1.053456],[30.5445778,1.0535392],[30.544496,1.053574],[30.5443941,1.0535807],[30.5442774,1.0535593],[30.5440387,1.0535123],[30.5438932,1.0534879],[30.5438597,1.0534879],[30.5438335,1.0534919],[30.5438191,1.0534989],[30.5438074,1.0535123],[30.543803,1.0535274],[30.5438094,1.0535455],[30.5438386,1.0535723],[30.5438821,1.0536095],[30.5439113,1.0536605],[30.5439073,1.0537041],[30.5438905,1.0537275],[30.5438644,1.053747],[30.5438389,1.053755],[30.5437879,1.053747],[30.543737,1.0537275],[30.543688,1.053698],[30.5436136,1.0536357],[30.5435559,1.053568],[30.543515,1.053521],[30.5434822,1.0534748],[30.5434473,1.0533809],[30.5434191,1.0532462],[30.5433427,1.0530692],[30.5433165,1.0530196],[30.543275,1.0529626],[30.543232,1.0529291],[30.543173,1.0528808],[30.5431234,1.0528359],[30.5430932,1.052799],[30.5430463,1.0526743],[30.5430222,1.0525844],[30.5430181,1.0524973],[30.5430369,1.0524182],[30.5430865,1.0523243],[30.5431415,1.0522264],[30.5431643,1.0521071],[30.5431576,1.0519811],[30.5431308,1.0518711],[30.5430785,1.0516914],[30.5430248,1.0515466],[30.5430222,1.0514045],[30.5430624,1.0512463],[30.5431348,1.05108],[30.5432059,1.0509513],[30.5432354,1.0508561],[30.5432421,1.0507555],[30.5432153,1.0506643],[30.5431938,1.0506026],[30.5431844,1.050545],[30.5431831,1.050431],[30.5432032,1.0502996],[30.543226,1.0502084],[30.5432662,1.0501078],[30.5432629,1.0500502],[30.5432434,1.0500113],[30.5432045,1.0499838],[30.5431402,1.0499382],[30.5431174,1.049904],[30.543102,1.0498598],[30.54311,1.0498055],[30.5431355,1.0497304],[30.5431771,1.0496647],[30.5432092,1.0496064],[30.5432636,1.0494763],[30.5433038,1.0492993],[30.5433105,1.0490968],[30.5433172,1.048952],[30.5433467,1.0488394],[30.5434198,1.0486879],[30.5434701,1.0486342],[30.5435519,1.0485719],[30.5435911,1.0485457],[30.5436129,1.0485202],[30.5436223,1.0484901],[30.5436179,1.0484609],[30.5435874,1.0484307],[30.5435576,1.0483858],[30.5435479,1.0483365],[30.5435464,1.048263],[30.543551,1.0481768],[30.5435653,1.048069],[30.5435552,1.0480355],[30.5435274,1.0480127],[30.5434979,1.047999],[30.5434205,1.0479866],[30.5433682,1.0479571],[30.5433179,1.0479034],[30.5432582,1.047823],[30.5431952,1.0476473],[30.543167,1.0475226],[30.5431697,1.0473952],[30.5431797,1.0473094],[30.5431931,1.0472612],[30.5432072,1.047233],[30.5432334,1.0472068],[30.5432703,1.0471807],[30.5433098,1.0471586],[30.5433273,1.0471351],[30.5433366,1.0471002],[30.5433487,1.0470379],[30.5433494,1.0469782],[30.5433467,1.0469467],[30.5433477,1.0469068],[30.5433568,1.0468887],[30.5433755,1.046878],[30.543399,1.0468743],[30.5434262,1.046886],[30.5434607,1.0469145],[30.5434872,1.0469397],[30.5435197,1.0469655],[30.5435492,1.0469722],[30.5435774,1.0469648],[30.5436008,1.046932],[30.5436163,1.0468978],[30.5436297,1.0468294],[30.5436283,1.0467744],[30.5435921,1.0467074],[30.5435063,1.0466631],[30.54345,1.0466283],[30.5434071,1.0465921],[30.5433829,1.0465196],[30.5433863,1.0464305],[30.5433856,1.0462883],[30.5433682,1.046159],[30.5432528,1.0459525],[30.5430812,1.0457889],[30.5428719,1.0455904],[30.5427888,1.0454563],[30.5427593,1.0453196],[30.5427231,1.0451332],[30.5427164,1.0450125],[30.5426936,1.0448221],[30.5426534,1.044692],[30.5426292,1.0445459],[30.5426453,1.044444],[30.5426976,1.0443327],[30.5427553,1.0442777],[30.5428264,1.0442294],[30.5429256,1.0441838],[30.5430074,1.0441181],[30.5430664,1.0440618],[30.5431187,1.0439881],[30.5431335,1.0438808],[30.5431214,1.0437802],[30.5431201,1.0436495],[30.5431134,1.0435771],[30.5431087,1.0434926],[30.543108,1.0434195],[30.5431066,1.0432895],[30.5430986,1.0431929],[30.5430919,1.0430642],[30.5430825,1.0429395],[30.5430812,1.0428202],[30.5430758,1.0427404],[30.5430745,1.0426968],[30.5430724,1.0426177],[30.5430758,1.0423938],[30.5430517,1.0420237],[30.5430222,1.041608],[30.5429873,1.0411306],[30.5429538,1.040833],[30.5429323,1.0405782],[30.5428827,1.0402966],[30.5428384,1.040137],[30.54277,1.0400338],[30.5427338,1.0399453],[30.5427177,1.0398689],[30.5427352,1.0396905],[30.5428022,1.0391864],[30.5427861,1.0386178],[30.5427217,1.0382156],[30.5425984,1.0380091],[30.5423999,1.037824],[30.542306,1.0376551],[30.5422738,1.037529],[30.5422926,1.0373064],[30.5423543,1.0371134],[30.5424482,1.0367862],[30.5424106,1.0363732],[30.5423328,1.0361881],[30.5421934,1.0360246],[30.5420163,1.0358985],[30.5417883,1.0357993],[30.5415791,1.0357081],[30.5413136,1.0354989],[30.5410373,1.035271],[30.5407771,1.035035],[30.5405974,1.0349304],[30.5403829,1.0348044],[30.54023,1.0346944],[30.5400772,1.0345562],[30.5399832,1.0344597],[30.5398424,1.0343498],[30.5396573,1.03426],[30.5395433,1.0342197],[30.539314,1.0341835],[30.5391732,1.034158],[30.5390713,1.0341299],[30.5389385,1.0340816],[30.5388419,1.0340038],[30.5386984,1.0338309],[30.5386287,1.0336029],[30.5385844,1.0332999],[30.5385724,1.0329714],[30.5385415,1.0328306],[30.5384946,1.032738],[30.53839,1.0325584],[30.5382934,1.0323318],[30.5382237,1.0319483],[30.5382398,1.0317418],[30.5383068,1.0313261],[30.5383605,1.0308782],[30.5383953,1.0305377],[30.5384275,1.0301917],[30.5384222,1.0297975],[30.5383873,1.0296071],[30.5383068,1.0294328],[30.5381352,1.0291512],[30.537934,1.0289447],[30.5377275,1.0288213],[30.5375558,1.0286524],[30.5374324,1.0284968],[30.537309,1.028352],[30.537191,1.0281938],[30.5371132,1.0280892],[30.5370462,1.0279229],[30.5370247,1.0277245],[30.5370194,1.0274858],[30.5369604,1.0270058],[30.5368718,1.0265472],[30.5367565,1.0262173],[30.5366331,1.0259491],[30.5364802,1.0256997],[30.5364051,1.0255697],[30.536385,1.0254302],[30.5363837,1.0253337],[30.5363931,1.0252331],[30.5364133,1.0251191],[30.536314,1.0248723],[30.5361451,1.0243762],[30.535968,1.0237353],[30.5359198,1.0230729],[30.5359466,1.0224936],[30.5359519,1.0208845],[30.5359519,1.0204903],[30.5359198,1.0200961],[30.5358178,1.0199325],[30.5356194,1.0197984],[30.535563,1.0197273],[30.5355469,1.0195892],[30.5355577,1.019313],[30.5354718,1.0189697],[30.5353163,1.0187257],[30.53504,1.0183476],[30.5348201,1.0179775],[30.5346377,1.0175725],[30.5344955,1.0173043],[30.5343721,1.0169369],[30.5342246,1.0165534],[30.534128,1.0162504],[30.5340798,1.0158374],[30.5341334,1.0154083],[30.5342622,1.0150516],[30.5344526,1.0146199],[30.5347825,1.0140567],[30.5350641,1.0135498],[30.5351285,1.0133273],[30.5350775,1.0131047],[30.5349166,1.0129062],[30.5349086,1.0126809],[30.5349703,1.0125013],[30.53515,1.0123162],[30.5352841,1.0122277],[30.5354343,1.012107],[30.5354933,1.0119086],[30.5354557,1.0116806],[30.535327,1.0114875],[30.535217,1.0112408],[30.5351956,1.0109673],[30.5352814,1.0105918],[30.5354691,1.0101467],[30.5355389,1.0097229],[30.5355228,1.0093046],[30.535496,1.0087119],[30.5354048,1.0083954],[30.5352224,1.0080522],[30.5351097,1.0075185],[30.5350936,1.0068963],[30.53504,1.0062205],[30.5350132,1.0057217],[30.5348415,1.0052282],[30.534863,1.0046704],[30.5349112,1.004177],[30.5348093,1.0035333],[30.5348361,1.0029755],[30.5349327,1.0026108],[30.5349703,1.0023158],[30.5349917,1.0020101],[30.5349542,1.0016507],[30.5349703,1.0012002],[30.5349273,1.0007496],[30.5348898,1.0003796],[30.534922,0.9997413],[30.5350024,0.9991674],[30.5352492,0.9984379],[30.5353877,0.9981697],[30.5355075,0.9982456],[30.5356194,0.9982944],[30.5358382,0.9983892],[30.5358608,0.9987463],[30.5359868,0.9991701],[30.5360539,0.9993658],[30.5360539,0.9994811],[30.5359774,0.9995844],[30.5358634,0.9996528],[30.5358071,0.9997627],[30.5357991,0.9999371],[30.5358044,1.000275],[30.53585,1.0004989],[30.5359412,1.0006437],[30.5360566,1.0007242],[30.5361042,1.0007476],[30.5361156,1.0007765],[30.5361102,1.000822],[30.5360747,1.0008556],[30.5360291,1.0008864],[30.5359519,1.000987],[30.5359104,1.0010983],[30.5359332,1.0012417],[30.5359841,1.001408],[30.5360525,1.0015917],[30.5361504,1.0017245],[30.536365,1.001943],[30.5365957,1.0020691],[30.5368719,1.0022568],[30.5370838,1.0024874],[30.5371858,1.0028146],[30.5373896,1.0030023],[30.5382426,1.0034448],[30.5385322,1.0037238],[30.5386476,1.004059],[30.5386932,1.0043432],[30.5388434,1.0045283],[30.5390016,1.0045873],[30.5392484,1.0045149],[30.5394388,1.0043674],[30.5396078,1.00413],[30.5396722,1.0040576],[30.5397231,1.0040214],[30.5397969,1.0040335],[30.5398291,1.0041005],[30.5398157,1.0041877],[30.5397741,1.0043111],[30.5397459,1.004476],[30.5397312,1.0046865],[30.5397553,1.0052121],[30.5397044,1.0056841],[30.5396802,1.0061293],[30.539707,1.0064458],[30.5397044,1.0067542],[30.5396373,1.0070465],[30.5396132,1.007312],[30.5396346,1.007556],[30.5397044,1.0077947],[30.5397632,1.0080621],[30.5399002,1.008559],[30.5401013,1.0088406],[30.5403588,1.0090578],[30.5408443,1.0094842],[30.5411125,1.0100555],[30.5411742,1.0104229],[30.5411018,1.0110156],[30.5409784,1.0119274],[30.5408497,1.0132307],[30.5408497,1.0140084],[30.540914,1.0150061],[30.5409409,1.0159822],[30.5411983,1.0171944],[30.5417241,1.0188356],[30.5421532,1.020139],[30.542518,1.020965],[30.5427648,1.0213083],[30.5430947,1.0214933],[30.54332,1.0216797],[30.5433843,1.0217521],[30.5433924,1.0218594],[30.5433401,1.0219666],[30.5431725,1.0220967],[30.5430169,1.0223112],[30.5428881,1.0226143],[30.5428291,1.0230112],[30.5429284,1.0234966],[30.5432636,1.0245854],[30.5439235,1.0256527],[30.5442802,1.0260362],[30.5444814,1.0262374],[30.5445967,1.0264707],[30.5446101,1.0268193],[30.5447496,1.0273905],[30.5450285,1.0279886],[30.545337,1.0284337],[30.5455355,1.0287877],[30.5457366,1.0290465],[30.545852,1.0291565],[30.5459848,1.0292088],[30.5461135,1.0292222],[30.5461765,1.0292678],[30.5462047,1.0293455],[30.5461832,1.0294407],[30.546143,1.0295574],[30.5461417,1.0296553],[30.5461926,1.0297612],[30.5463039,1.0298524],[30.5465105,1.0299034],[30.5465896,1.0299329],[30.5470777,1.0305363],[30.5473621,1.0308125],[30.5476571,1.0309841],[30.5480004,1.0312282],[30.5483545,1.0317028],[30.5489124,1.0323465],[30.5491377,1.0327568],[30.5492879,1.0329472],[30.5495025,1.0331215],[30.5497224,1.0332784],[30.5497519,1.0333682],[30.549764,1.033509],[30.5498109,1.0337168],[30.5500148,1.034166],[30.550059,1.0342706],[30.5500644,1.0343524],[30.5500148,1.0344208],[30.5499115,1.0344758],[30.5497935,1.034512],[30.5496983,1.0344878],[30.5496098,1.0344248],[30.5495347,1.034339],[30.5494542,1.0342545],[30.5493549,1.0342076],[30.549257,1.0342009],[30.5491705,1.034213],[30.5491149,1.0342572],[30.5489794,1.0344436],[30.5488587,1.0345066],[30.5486978,1.0345361],[30.5484993,1.0345401],[30.5482298,1.034508],[30.547924,1.0344262],[30.5476357,1.034284],[30.5474881,1.0341794],[30.5473259,1.034103],[30.5470818,1.0340172],[30.5469182,1.033977],[30.5468625,1.0339683],[30.5468276,1.0339843],[30.5468203,1.0340226],[30.5468551,1.0340923],[30.5469758,1.0342505],[30.5470724,1.0344007],[30.5472199,1.0345616],[30.5474962,1.034693],[30.5478422,1.0348043],[30.5484189,1.0349451],[30.5487457,1.0350599],[30.5488158,1.0350845],[30.5490063,1.0352723],[30.5491001,1.03546],[30.5492906,1.0355699],[30.5495025,1.0356879],[30.5496741,1.0358623],[30.5497868,1.0360366],[30.5498914,1.0362431],[30.5499665,1.036412],[30.5500872,1.0365086],[30.5502884,1.036589],[30.55057,1.0367606],[30.5509133,1.0370986],[30.5514712,1.0374257],[30.5520881,1.0378816],[30.5522946,1.0379741],[30.5524945,1.0380104],[30.5526205,1.0380613],[30.5526903,1.0381444],[30.552697,1.0382531],[30.5526514,1.0383536],[30.5526514,1.0384421],[30.5527077,1.0385333],[30.5529491,1.0387452],[30.5532576,1.0389463],[30.5535365,1.0390107],[30.5538342,1.0390267],[30.5541561,1.0390267],[30.5544082,1.0390911],[30.5546228,1.039197],[30.5548119,1.0393472],[30.5550318,1.0394612],[30.5554127,1.0395524],[30.5558378,1.0395604],[30.5568785,1.0396194],[30.5583001,1.0396087],[30.5592228,1.0395282],[30.5604566,1.0393459],[30.5625273,1.038949],[30.5634393,1.0387015],[30.5650378,1.0382678],[30.5659176,1.0382142],[30.5663038,1.0382222],[30.5666337,1.0381847],[30.5668966,1.0382276],[30.5671782,1.038359],[30.5673579,1.0383348],[30.5679775,1.0380962],[30.5700375,1.0370986],[30.5727277,1.0355753],[30.5741761,1.034752],[30.5753058,1.0340343],[30.5758391,1.0336498],[30.5762213,1.0333442],[30.5765874,1.0331456],[30.5770246,1.0328158],[30.5773813,1.032443],[30.5776174,1.03214],[30.5778025,1.0318208],[30.5778507,1.0315298],[30.5777917,1.0312925],[30.5776415,1.0310217],[30.5775235,1.0308983],[30.5774001,1.0308272],[30.5772633,1.0308085],[30.5771943,1.0308272],[30.5771607,1.0308594],[30.5771601,1.0309023],[30.5771949,1.0309479],[30.5772888,1.0310096],[30.5773666,1.0311142],[30.5774041,1.0312456],[30.5773988,1.0314279],[30.5773465,1.0316385],[30.5771949,1.0318879],[30.5769281,1.0321346],[30.5766357,1.0323733],[30.5762977,1.0325047],[30.5759195,1.0324913],[30.5756379,1.0323599],[30.575308,1.0321319],[30.5749727,1.0318021],[30.5746482,1.0313622],[30.5743156,1.03085],[30.5737174,1.0297505],[30.5730093,1.0285464],[30.5728135,1.0278196],[30.5726553,1.02694],[30.5726446,1.0260765],[30.5729557,1.0251217],[30.573519,1.024108],[30.5744792,1.0234161],[30.5761958,1.0228905],[30.577435,1.0227511],[30.5792213,1.0228422],[30.580997,1.0227296],[30.5826063,1.0229549],[30.5840279,1.0230782],[30.585082,1.023282],[30.5858357,1.0237379],[30.5865974,1.0242153],[30.5874825,1.0246283],[30.5879439,1.0248804],[30.5881853,1.0250735],[30.5885554,1.0253953],[30.5888827,1.025583],[30.589226,1.0256796],[30.5895586,1.0256796],[30.5898509,1.0256071],[30.5902345,1.0254194],[30.5907817,1.024985],[30.5914495,1.0245183],[30.5921389,1.0241456],[30.5927343,1.0239444],[30.5933029,1.0238962],[30.5937214,1.0239284],[30.5940674,1.0240329],[30.5944617,1.024277],[30.5949659,1.0244862],[30.5955372,1.024639],[30.5959959,1.0246498],[30.5966477,1.0245103],[30.5974121,1.0242958],[30.5984984,1.0239739],[30.5992253,1.0236253],[30.5995632,1.0233464],[30.5998288,1.023164],[30.6000997,1.0230112],[30.6003034,1.023026],[30.6007969,1.0234283],[30.6010437,1.0241631],[30.6012315,1.0245707],[30.60154,1.0247946],[30.6018726,1.0249287],[30.6023339,1.0250091],[30.6026852,1.0252894],[30.6031305,1.02574],[30.6033665,1.0262119],[30.6035328,1.0265552],[30.6039781,1.0267979],[30.6042839,1.0269212],[30.6047612,1.0271452],[30.6049651,1.027467],[30.6052333,1.0277459],[30.6058824,1.0282233],[30.60592,1.0287704],[30.6057538,1.0291632],[30.6054533,1.0297585],[30.6051744,1.0303217],[30.6049974,1.030606],[30.6047801,1.0307857],[30.6044824,1.0309224],[30.6042383,1.0309707],[30.6037045,1.0309439],[30.6031654,1.0308366],[30.6029482,1.0308125],[30.6027738,1.0308581],[30.6025592,1.030968],[30.6014676,1.0316948],[30.6013657,1.0317297],[30.6011511,1.0317538],[30.5996544,1.0317699],[30.599405,1.0318208],[30.599177,1.0318986],[30.5985279,1.0321265],[30.598147,1.0324913],[30.5978198,1.033151],[30.597681,1.0333039],[30.5974791,1.0333923],[30.5972512,1.0334031],[30.5969937,1.0333199],[30.5967281,1.0331349],[30.5964465,1.0328989],[30.5954889,1.0320166],[30.5947487,1.0314293],[30.5943249,1.0311826],[30.5939654,1.0310351],[30.5935792,1.0309305],[30.593319,1.0308929],[30.5929489,1.0308876],[30.5922354,1.0310217],[30.591479,1.0311262],[30.5907924,1.0311826],[30.5904142,1.0312013],[30.5899448,1.031255],[30.5895666,1.0313891],[30.5892099,1.0316197],[30.5886144,1.0321051],[30.5884548,1.0322459],[30.5883623,1.0323022],[30.5882564,1.0323196],[30.5881518,1.0323009],[30.588027,1.0322687],[30.5878809,1.0322714],[30.5877105,1.0323089],[30.5874678,1.0323733],[30.5873444,1.0324242],[30.5872452,1.0324349],[30.5870896,1.0324148],[30.5868415,1.0323585],[30.5865431,1.0322948],[30.5864559,1.0322881],[30.5863802,1.0323049],[30.586301,1.0323357],[30.5862313,1.0323565],[30.5861401,1.0323511],[30.5860402,1.032321],[30.5859295,1.032266],[30.5856801,1.0321279],[30.5854695,1.0319858],[30.5853797,1.0319455],[30.5853033,1.0319402],[30.5851604,1.0319375],[30.5850833,1.0319301],[30.5850263,1.0319019],[30.584964,1.0318362],[30.5848379,1.03168],[30.5846542,1.0314253],[30.5845938,1.0313756],[30.5845187,1.0313502],[30.5844624,1.0313334],[30.5844107,1.031326],[30.5843786,1.0313267],[30.584337,1.0313394],[30.5843135,1.0313622],[30.5843122,1.0313951],[30.5843316,1.0314192],[30.5843645,1.0314192],[30.584402,1.0314025],[30.5844423,1.0313891],[30.5844919,1.0313951],[30.5845375,1.031438],[30.5845978,1.0315298],[30.5846595,1.0317028],[30.5847306,1.0318396],[30.5848124,1.0319764],[30.5849318,1.032097],[30.5850645,1.0321936],[30.5851919,1.0322392],[30.5853489,1.0322445],[30.5855232,1.0322325],[30.5856654,1.032262],[30.5857874,1.0323384],[30.5859537,1.0324752],[30.5861079,1.032561],[30.5863708,1.032683],[30.5866993,1.0327702],[30.5869434,1.0327755],[30.5872143,1.0327568],[30.5874262,1.0327541],[30.5875885,1.0328037],[30.5877655,1.0328989],[30.5879627,1.0329726],[30.5881947,1.0330303],[30.5884937,1.0331],[30.588829,1.0331671],[30.5891589,1.03321],[30.5894459,1.0332261],[30.5896605,1.0332033],[30.5898268,1.0332113],[30.5899783,1.0332489],[30.5901044,1.0333333],[30.5902519,1.0334487],[30.5904638,1.0335358],[30.5907495,1.0336069],[30.5909037,1.033623],[30.5910472,1.0335868],[30.5911786,1.0335908],[30.591302,1.033627],[30.5914187,1.0336887],[30.5915099,1.0337718],[30.5915716,1.0338576],[30.5916333,1.0339059],[30.5917312,1.0339434],[30.5918586,1.0339475],[30.5919659,1.0339783],[30.5920718,1.0340279],[30.5921965,1.034044],[30.5923387,1.0340641],[30.5924527,1.0341298],[30.5925211,1.0342103],[30.5925908,1.0343068],[30.5926807,1.0343685],[30.5928094,1.0344329],[30.5929596,1.0344704],[30.5931353,1.0344798],[30.5932909,1.0345415],[30.5934853,1.0346353],[30.5936838,1.0347507],[30.5938112,1.0348003],[30.593944,1.034807],[30.5940365,1.0348378],[30.5941103,1.034925],[30.594239,1.035051],[30.5943892,1.0351516],[30.5945891,1.0352267],[30.5947017,1.0352347],[30.5947902,1.0352481],[30.5948492,1.0352964],[30.5949713,1.0354372],[30.595214,1.0356571],[30.5954903,1.0358596],[30.5956646,1.0360165],[30.5958135,1.0361224],[30.5960281,1.0362297],[30.5962641,1.0363356],[30.5964572,1.0364147],[30.5966289,1.0365139],[30.5967791,1.036648],[30.5969668,1.0368089],[30.5972512,1.0369859],[30.5973826,1.0370771],[30.5975596,1.0371978],[30.59775,1.037348],[30.5979914,1.0375196],[30.5980867,1.0375705],[30.5981698,1.0375571],[30.5982986,1.0375102],[30.5983844,1.0375209],[30.5984461,1.0375826],[30.5984595,1.0376577],[30.5984662,1.0377596],[30.5985145,1.0378494],[30.5986513,1.0379487],[30.5990509,1.0381659],[30.5997241,1.0385413],[30.6005342,1.0388953],[30.6009687,1.0391313],[30.6012932,1.0393807],[30.6015427,1.0395953],[30.6018726,1.0398366],[30.6022132,1.0402845],[30.602468,1.0407994],[30.6028167,1.0413223],[30.6029428,1.0414202],[30.6030943,1.0414578],[30.6031882,1.0415127],[30.6032271,1.0415932],[30.6032352,1.0417353],[30.6033424,1.0420437],[30.6035543,1.0426096],[30.6038145,1.0430199],[30.6039553,1.0433082],[30.6041203,1.0435254],[30.6042651,1.0436059],[30.6044328,1.0436246],[30.6045682,1.043689],[30.6046554,1.0437989],[30.6046701,1.043921],[30.6046621,1.0440604],[30.6047131,1.0442575],[30.604768,1.0443903],[30.6049317,1.0445632],[30.6052978,1.0447818],[30.6057189,1.0449293],[30.606364,1.0450969],[30.6069768,1.045223],[30.6074932,1.045349],[30.6079076,1.045459],[30.6085084,1.0456024],[30.6090126,1.0456842],[30.6094324,1.045707],[30.6099112,1.0457124],[30.6103578,1.0456748],[30.6106153,1.0456453],[30.6108365,1.0456292],[30.6110726,1.0456386],[30.6112402,1.0456668],[30.6113931,1.0457043],[30.611656,1.0458036],[30.611951,1.045935],[30.6122018,1.0460758],[30.6124432,1.0462219],[30.6126484,1.0464137],[30.6131245,1.0468789],[30.6133753,1.0470801],[30.6135711,1.0471646],[30.6137467,1.0471726],[30.6139197,1.0470989],[30.6140887,1.0469554],[30.6142832,1.0467489],[30.614475,1.046525],[30.6146292,1.0463976],[30.6147633,1.0463171],[30.6149443,1.0461924],[30.6151281,1.0460436],[30.6153467,1.0458344],[30.615753,1.0453048],[30.6161822,1.044468],[30.6164933,1.043988],[30.6168259,1.0436394],[30.6171156,1.0435133],[30.617467,1.0434999],[30.6178358,1.0434932],[30.6181308,1.0435281],[30.6183011,1.0436126],[30.6184299,1.0438432],[30.6186418,1.0447563],[30.6188255,1.0453986],[30.6190307,1.0458867],[30.6192681,1.0463332],[30.619547,1.0466792],[30.6199614,1.047013],[30.6200606,1.0473121],[30.6203771,1.04765],[30.6208223,1.0479718],[30.6210154,1.0483044],[30.6211871,1.0487066],[30.6212407,1.0489641],[30.6212193,1.0493073],[30.6209886,1.0497793],[30.6206185,1.0501333],[30.6200659,1.0506214],[30.6191594,1.0515398],[30.6187045,1.0520093],[30.6182341,1.0524972],[30.6178317,1.0531114],[30.6176091,1.0536477],[30.6175018,1.0540929],[30.6172148,1.0548411],[30.61718,1.0551066],[30.6172792,1.0553694],[30.6174428,1.0556027],[30.6176359,1.0557556],[30.6176842,1.0559272],[30.6176252,1.0561873],[30.6175233,1.0563992],[30.6173302,1.0565547],[30.6172175,1.0567022],[30.6171317,1.0569034],[30.6171102,1.0571045],[30.6171639,1.0572466],[30.6173396,1.05737],[30.6173758,1.0574156],[30.6173731,1.0574907],[30.6173007,1.0575523],[30.6171102,1.0575658],[30.6169305,1.0575416],[30.6165255,1.0575416],[30.6159113,1.0576006],[30.6153775,1.0575765],[30.6147928,1.0574907],[30.6141303,1.0572573],[30.6135804,1.057016],[30.6129743,1.0565923],[30.611829,1.0555088],[30.6113649,1.0548545],[30.610807,1.0541385],[30.610225,1.0535807],[30.6097342,1.0531596],[30.6095451,1.0530094],[30.60947,1.0530001],[30.6094203,1.0530483],[30.6094163,1.0531583],[30.6094498,1.0532897],[30.6095021,1.0533916],[30.6097274,1.0536437],[30.6103323,1.0543503],[30.610352,1.0543657],[30.6105308,1.0545059],[30.6107534,1.0545729],[30.610803,1.0546386],[30.6108178,1.0547016],[30.610795,1.054817],[30.6107789,1.0549537],[30.6108017,1.0550476],[30.6110404,1.0553882],[30.6115902,1.0559969],[30.6118933,1.05619],[30.6122098,1.0563348],[30.6124405,1.0565601],[30.6125773,1.0568578],[30.6128187,1.057134],[30.6133444,1.0575228],[30.6136636,1.0576918],[30.6140096,1.0577803],[30.6143824,1.0578661],[30.6146453,1.0580056],[30.6149403,1.0582255],[30.6152273,1.0583327],[30.6155009,1.0585526],[30.6158925,1.0587189],[30.6165738,1.0590407],[30.6173275,1.0592928],[30.6185613,1.0597246],[30.6193177,1.0598801],[30.619897,1.0599847],[30.620514,1.0602368],[30.6215788,1.060875],[30.6226839,1.0615079],[30.6235663,1.0621274],[30.6248564,1.0628971],[30.6255163,1.0633101],[30.6259079,1.0638142],[30.6262834,1.0645383],[30.6265623,1.0654286],[30.6269539,1.0680058],[30.6271631,1.068687],[30.6276835,1.0697704],[30.6278739,1.0702424],[30.6280054,1.0707975],[30.6282437,1.0719741],[30.6287241,1.073018],[30.6290622,1.0734361],[30.6299044,1.0739619],[30.630589,1.0745164],[30.6313487,1.0755445],[30.6316564,1.0764547],[30.6325862,1.0807309],[30.6326724,1.0812992],[30.632769,1.0820501],[30.6328923,1.0836055],[30.6329836,1.0841043],[30.6331335,1.0847987],[30.633359,1.0852896],[30.633866,1.0858657],[30.6352699,1.0876734],[30.6354512,1.0879391],[30.6360943,1.0883789],[30.6364812,1.0888616],[30.6369639,1.0898056],[30.6375375,1.0913316],[30.6376801,1.0920046],[30.6378382,1.0924617],[30.6381011,1.0928306],[30.6383372,1.0930451],[30.6385196,1.0933079],[30.6392292,1.0952251],[30.6393994,1.095566],[30.6397487,1.0959722],[30.641507,1.0990937],[30.6420751,1.0998746],[30.6427575,1.1005003],[30.6438263,1.1009546],[30.6440743,1.1010165],[30.6457802,1.1025666],[30.6466385,1.1035373],[30.6467458,1.1037197],[30.6468638,1.1041756],[30.6471267,1.10461],[30.6474968,1.1049908],[30.6481755,1.1053509],[30.6485107,1.1053716],[30.6488433,1.1052697],[30.6490604,1.1053259],[30.6516918,1.1069217],[30.6519064,1.1070718],[30.6541916,1.1084449],[30.6544706,1.1087291],[30.6551411,1.1098394],[30.6553986,1.1101022],[30.6556883,1.1102202],[30.6559512,1.1102094],[30.6564018,1.1101183],[30.6567505,1.1101987],[30.6590436,1.1118045],[30.6596719,1.11234],[30.6601596,1.1126337],[30.6608036,1.1129289],[30.6610491,1.1130462],[30.6616535,1.1134633],[30.6619488,1.1136804],[30.6622409,1.1138611],[30.6623213,1.1139066],[30.662383,1.113969],[30.6624237,1.1140428],[30.6624445,1.1141236],[30.6624642,1.1141781],[30.6624752,1.1142291],[30.6624903,1.1143007],[30.6625077,1.1144126],[30.6625535,1.1145979],[30.6625715,1.1146423],[30.6625987,1.1146873],[30.6626019,1.114705],[30.6626107,1.1147806],[30.6626302,1.11484],[30.6626667,1.1149277],[30.6627173,1.1150408],[30.6627457,1.1150961],[30.6627688,1.1151504],[30.6627964,1.1152152],[30.6628418,1.1152741],[30.6629223,1.1153643],[30.663001,1.1154699],[30.6630595,1.115532],[30.6631405,1.1156273],[30.6631762,1.1156726],[30.6632021,1.1157032],[30.6632272,1.1157479],[30.6632387,1.1157842],[30.6632559,1.1158045],[30.6632655,1.1158173],[30.6632739,1.1158259],[30.6632927,1.1158499],[30.6633096,1.1158571],[30.6633339,1.1158639],[30.6633708,1.115829],[30.6633982,1.1158415],[30.6634186,1.1158538],[30.6634175,1.1158802],[30.6634314,1.115899],[30.6634746,1.1159185],[30.6635072,1.115928],[30.6635306,1.1159045],[30.6635822,1.1158819],[30.6636259,1.1158847],[30.6636499,1.1159063],[30.6636505,1.1159237],[30.663881,1.1159232],[30.6639652,1.1159381],[30.6639972,1.1159409],[30.6640163,1.1159418],[30.6640557,1.1159304],[30.6640866,1.1159315],[30.6641103,1.115937],[30.6641348,1.1159312],[30.6641997,1.115929],[30.6641976,1.1159693],[30.6641764,1.1159979],[30.6641303,1.1160472],[30.6641227,1.1160767],[30.6641106,1.1160967],[30.6640896,1.116142],[30.6640754,1.1161781],[30.6640723,1.1162096],[30.6640836,1.1162538],[30.6641235,1.1163441],[30.6641507,1.1163646],[30.6641642,1.1163839],[30.6641762,1.1164072],[30.6641852,1.1164311],[30.6641972,1.1164998],[30.6642043,1.1165365],[30.6642322,1.1168246],[30.6641707,1.1170375],[30.6641333,1.1170719],[30.6640682,1.1171052],[30.6639807,1.1171745],[30.6639127,1.1171827],[30.6638886,1.1171817],[30.6638373,1.1171606],[30.6638018,1.1171411],[30.6637699,1.1171052],[30.6637137,1.1170912],[30.6636745,1.1171421],[30.6636418,1.1171366],[30.6635565,1.1172109],[30.663532,1.1172567],[30.6635173,1.117287],[30.6633564,1.1174485],[30.6633432,1.117466],[30.6633352,1.1175387],[30.6633272,1.1175686],[30.663184,1.1176846],[30.6631404,1.1177039],[30.6630866,1.1177138],[30.6630372,1.1177289],[30.6629923,1.1177547],[30.6629283,1.1178071],[30.662882,1.1178357],[30.6628337,1.1178675],[30.6627954,1.1179299],[30.662765,1.1179595],[30.662695,1.1179678],[30.6626533,1.1179627],[30.6626228,1.1179505],[30.6625369,1.1179632],[30.662506,1.1179723],[30.6624751,1.1179803],[30.6624402,1.1179834],[30.6623892,1.118009],[30.6623297,1.118039],[30.6622929,1.1180989],[30.6622845,1.1181274],[30.6622856,1.1181596],[30.6622452,1.118176],[30.6621895,1.1181654],[30.6621658,1.1181968],[30.6621622,1.1182744],[30.6621355,1.1183215],[30.6620972,1.1183407],[30.6619887,1.1183637],[30.6619594,1.1183844],[30.6619252,1.1184407],[30.6619239,1.1185232],[30.6619137,1.1185936],[30.6618775,1.118638],[30.6618738,1.1186871],[30.6618827,1.118711],[30.6618831,1.1187383],[30.6618799,1.1187606],[30.6618634,1.1187844],[30.6618388,1.1188333],[30.6618202,1.1188671],[30.6617991,1.1189168],[30.6618195,1.1189485],[30.6618515,1.1189641],[30.6618735,1.1189864],[30.6618861,1.1190187],[30.6618813,1.1190479],[30.6618667,1.1190649],[30.6618392,1.1190881],[30.6618321,1.1191086],[30.661845,1.1191221],[30.6618857,1.1191042],[30.6618847,1.1191233],[30.6618732,1.1191403],[30.6618465,1.1191526],[30.6618,1.1191704],[30.6617751,1.1191868],[30.6617562,1.1191993],[30.6617211,1.1192225],[30.6616803,1.1192348],[30.6616919,1.1192849],[30.6617161,1.119418],[30.6616916,1.1194222],[30.661681,1.1196363],[30.6616825,1.119726],[30.6616708,1.1197603],[30.6616568,1.1198062],[30.6616421,1.1198497],[30.661633,1.1198985],[30.6616263,1.1199442],[30.6616131,1.1200248],[30.6615582,1.1200823],[30.661571,1.1201204],[30.6616501,1.1201131],[30.6616864,1.12002],[30.66172,1.1200316],[30.661699,1.1200774],[30.6616686,1.1201295],[30.6616667,1.1201477],[30.6616861,1.1201693],[30.6616999,1.120195],[30.6617208,1.1202272],[30.6617474,1.1202574],[30.6617906,1.1202858],[30.661725,1.1203645],[30.6616898,1.1204356],[30.6617227,1.1204752],[30.6619378,1.1204612],[30.6620692,1.1203779],[30.6620449,1.1203517],[30.6620002,1.1203341],[30.6620004,1.1203195],[30.6620199,1.1203224],[30.6620452,1.1202984],[30.6620396,1.1202676],[30.662078,1.1202461],[30.6621173,1.1202457],[30.6621045,1.120285],[30.6621054,1.1203194],[30.66216,1.1203323],[30.66218,1.12034],[30.6622888,1.120318],[30.6622652,1.1203657],[30.6622819,1.1204027],[30.6623293,1.1204802],[30.6623479,1.1205073],[30.6623638,1.1205373],[30.6624166,1.1206231],[30.6624546,1.1206417],[30.6624795,1.1206432],[30.6625155,1.1206149],[30.6625782,1.1206126],[30.6626057,1.120632],[30.6626188,1.1206536],[30.6626347,1.120669],[30.6626511,1.1206792],[30.6627168,1.1207259],[30.6627341,1.1207336],[30.6627597,1.1207401],[30.6627778,1.1207399],[30.6627911,1.1207376],[30.6628438,1.1207202],[30.6629748,1.1206736],[30.6629985,1.1206687],[30.6630583,1.1206478],[30.663095,1.1206485],[30.6631212,1.12066],[30.6631382,1.1206693],[30.6631928,1.120677],[30.6631942,1.1206949],[30.6632317,1.120703],[30.6632573,1.1206833],[30.6633056,1.1206799],[30.663338,1.1206264],[30.6633873,1.1206194],[30.663398,1.1206529],[30.6634609,1.1206396],[30.6634665,1.1205851],[30.6634554,1.1205535],[30.6634749,1.12054],[30.6635577,1.1205436],[30.6635878,1.1205691],[30.6635849,1.1205798],[30.6635568,1.1205899],[30.6635294,1.1205987],[30.6635245,1.1206181],[30.6635267,1.1206338],[30.6635325,1.1206502],[30.6635419,1.1206647],[30.6636272,1.1207084],[30.6636462,1.1207092],[30.6636656,1.1206963],[30.6637129,1.1206656],[30.6638326,1.120588],[30.663846,1.1205191],[30.6638691,1.1204926],[30.6638958,1.1205158],[30.6639123,1.1204802],[30.6638997,1.1204174],[30.6639712,1.1203918],[30.6641294,1.1203466],[30.6642006,1.1203461],[30.6642353,1.1203483],[30.6642176,1.1203715],[30.6642537,1.120398],[30.6642877,1.1203735],[30.6643274,1.1203847],[30.6644094,1.1203582],[30.664489,1.1203513],[30.6645441,1.1203307],[30.6646113,1.1203288],[30.6646577,1.1203328],[30.6647112,1.1203343],[30.6647558,1.1203351],[30.6649653,1.1202884],[30.6649891,1.1202853],[30.6650403,1.1202946],[30.6651797,1.1202883],[30.6652179,1.1202788],[30.6652421,1.1202708],[30.665276,1.1202632],[30.665503,1.1201905],[30.6655712,1.1201698],[30.6657834,1.1201049],[30.6660414,1.1200754],[30.6661373,1.1200644],[30.666231,1.1200761],[30.6662611,1.1200798],[30.6663121,1.120088],[30.6663566,1.1200904],[30.6663928,1.1200951],[30.6664387,1.1201038],[30.6665316,1.1201071],[30.666678,1.1201056],[30.6667457,1.1201255],[30.6667285,1.1201567],[30.6667637,1.1201763],[30.6668208,1.1201635],[30.6668546,1.1201551],[30.6669323,1.1201768],[30.6670116,1.1201954],[30.6670795,1.1202098],[30.6671347,1.1202084],[30.6671656,1.1202227],[30.6672569,1.1202451],[30.6672594,1.1202764],[30.667322,1.1202957],[30.6673653,1.1202792],[30.6676223,1.1203658],[30.6677005,1.1203922],[30.6677225,1.1204296],[30.6678845,1.1204854],[30.6680247,1.1205337],[30.6680708,1.1205414],[30.6681109,1.1205582],[30.6681329,1.1205842],[30.6681467,1.1205983],[30.6681989,1.120611],[30.6683306,1.1206427],[30.6684301,1.1206873],[30.6686628,1.1208787],[30.6687458,1.1209688],[30.6688156,1.1210353],[30.6688725,1.1211011],[30.6689768,1.1212301],[30.6690263,1.1212851],[30.6690554,1.1213191],[30.6690803,1.1213519],[30.669104,1.121368],[30.6691428,1.1213903],[30.6691912,1.1214292],[30.6692138,1.1214556],[30.6692556,1.1215093],[30.6692843,1.1215447],[30.6693088,1.1215804],[30.6693362,1.1216014],[30.669362,1.1216291],[30.6693983,1.1216601],[30.6694298,1.1216911],[30.6694598,1.1217203],[30.6694761,1.1217374],[30.6695269,1.1218072],[30.6695724,1.1218545],[30.6695944,1.121882],[30.6696233,1.1219134],[30.6696467,1.121946],[30.6696832,1.1220067],[30.6697219,1.1220666],[30.6697591,1.1221068],[30.6697913,1.1221316],[30.6698371,1.1221795],[30.6699187,1.1222428],[30.6699873,1.1222793],[30.6700151,1.1222924],[30.6700401,1.1223058],[30.6700656,1.1223209],[30.6700789,1.1223278],[30.6700928,1.1223392],[30.6701125,1.1223638],[30.6701167,1.1223805],[30.6701148,1.1224031],[30.67011,1.122429],[30.6701077,1.1224555],[30.6701143,1.1224873],[30.6701255,1.1225217],[30.6701452,1.1225362],[30.6701661,1.1225524],[30.6701909,1.1225703],[30.6702175,1.1225993],[30.6702362,1.1226178],[30.6702461,1.1226371],[30.6702447,1.1226505],[30.670201,1.1227058],[30.6701881,1.1227285],[30.6701861,1.1227519],[30.6701981,1.1227639],[30.6702594,1.1227692],[30.6702888,1.1227727],[30.6703132,1.1228066],[30.6703375,1.1228418],[30.6703699,1.1229132],[30.6703922,1.1229383],[30.670419,1.1229413],[30.6704823,1.122936],[30.6705722,1.1229621],[30.6706072,1.1230002],[30.6706296,1.1230382],[30.6706607,1.1230819],[30.6706832,1.1231083],[30.6707165,1.1231481],[30.6707829,1.1232118],[30.6708622,1.1232389],[30.6709303,1.1232845],[30.6709868,1.1233206],[30.6710138,1.1233364],[30.6711064,1.1234208],[30.671143,1.1234661],[30.6711919,1.123539],[30.6712954,1.123748],[30.6713587,1.1238256],[30.6716012,1.1239956],[30.6717652,1.1241132],[30.67202,1.1243846],[30.6722705,1.1245819],[30.6725122,1.1247647],[30.6745155,1.1262333],[30.6747427,1.1263962],[30.6749144,1.1265195],[30.676293,1.1275439],[30.6765505,1.1277799],[30.6779369,1.1288995],[30.6788304,1.1296973],[30.6789404,1.1298582],[30.6792059,1.1304455],[30.6793427,1.130585],[30.679973,1.1311615],[30.6801179,1.1313466],[30.6802815,1.1317649],[30.6807428,1.1325158],[30.6813973,1.1333873],[30.6815271,1.1335436],[30.6816745,1.1336386],[30.6818707,1.1336836],[30.6820812,1.1337225],[30.6823374,1.1338539],[30.6826552,1.1340417],[30.6828175,1.1341891],[30.685198,1.1374662],[30.6855158,1.1379737],[30.6857052,1.1382826],[30.6860501,1.1386068],[30.6863348,1.1388001],[30.686994,1.1392203],[30.6872901,1.139582],[30.6875369,1.1400862],[30.6877407,1.1404375],[30.6879607,1.1407968],[30.6886688,1.1415289],[30.6899998,1.1428286],[30.6900581,1.1428751],[30.6901011,1.1429166],[30.6901212,1.1429717],[30.6901279,1.1430173],[30.6901319,1.1430521],[30.690144,1.1431714],[30.6901467,1.1432921],[30.6901131,1.1434798],[30.6900756,1.143634],[30.6900581,1.1438512],[30.6900635,1.1439692],[30.690111,1.1440767],[30.6901775,1.1441087],[30.6902647,1.1441958],[30.6903599,1.1443661],[30.6904404,1.1445109],[30.6905034,1.1446423],[30.6905316,1.1447147],[30.6905503,1.1447992],[30.6905477,1.1448403],[30.6905248,1.1450017],[30.6905235,1.145243],[30.6904953,1.1456734],[30.6904377,1.1461414],[30.690376,1.1465074],[30.6902593,1.1473159],[30.6902767,1.1477759],[30.6902982,1.1479783],[30.6903076,1.148044],[30.6903116,1.1481352],[30.6903022,1.1481768],[30.6903003,1.1482063],[30.6904216,1.1486219],[30.6904792,1.1488056],[30.6905423,1.1489142],[30.6906227,1.1490872],[30.6907309,1.1492757],[30.6909647,1.1496007],[30.6915347,1.1503744],[30.6920376,1.1511816],[30.6921206,1.1513376],[30.6922039,1.1515302],[30.6922253,1.1516213],[30.6922227,1.1517219],[30.6922133,1.1518748],[30.6922621,1.1520978],[30.6922803,1.1521832],[30.6922951,1.1522542],[30.6923206,1.1523079],[30.6923903,1.1524044],[30.6925526,1.1525519],[30.6927283,1.1527142],[30.6930676,1.1529783],[30.6933502,1.153152],[30.6939487,1.153457],[30.6941941,1.1535254],[30.6944307,1.1535961],[30.6945811,1.1536355],[30.6955742,1.1538846],[30.6958276,1.1539719],[30.6962755,1.154232],[30.6965817,1.1545509],[30.6968546,1.1549768],[30.6973202,1.1560675],[30.6975126,1.1566907],[30.6976649,1.1570531],[30.697893,1.1572555],[30.6986275,1.1576689],[30.6990838,1.1580158],[30.6995961,1.1586058],[30.7001325,1.1591823],[30.7005429,1.1598045],[30.7019576,1.1623646],[30.7021817,1.1625505],[30.7034048,1.1631726],[30.7036592,1.1633624],[30.7039859,1.1637367],[30.7042953,1.1642239],[30.7045206,1.1649747],[30.7046279,1.1660098],[30.7047882,1.166453],[30.7052014,1.166949],[30.7063451,1.1678272],[30.7067629,1.1683214],[30.7075247,1.1696396],[30.708383,1.1713892],[30.7085871,1.1720375],[30.7088497,1.1733254],[30.7094612,1.1749933],[30.7095846,1.1753419],[30.7097169,1.1756616],[30.7104277,1.176527],[30.7106943,1.1768517],[30.7118095,1.1777798],[30.7135795,1.1785125],[30.7164511,1.1795146],[30.7171114,1.1798427],[30.7177047,1.180265],[30.7192469,1.1818283],[30.7195613,1.182158],[30.7208802,1.1835479],[30.7210535,1.1838009],[30.7223036,1.1863903],[30.7224324,1.1869052],[30.7223039,1.1881503],[30.7224127,1.1885845],[30.7226917,1.1889569],[30.7233509,1.1893034],[30.7236286,1.18956],[30.7245512,1.1909311],[30.7247353,1.1914125],[30.725474,1.1934645],[30.7254955,1.193797],[30.725396,1.1943534],[30.7254389,1.1946586],[30.7256242,1.195052],[30.7264674,1.196562],[30.7266361,1.197258],[30.7266435,1.1978087],[30.7265779,1.19918],[30.7266649,1.1995142],[30.7275941,1.2014987],[30.7277019,1.2020833],[30.7276909,1.2024371],[30.7274363,1.2031514],[30.7270833,1.2037726],[30.7258903,1.2053485],[30.7247842,1.20657],[30.7239908,1.2073225],[30.7234006,1.2074689],[30.7228884,1.2073338],[30.7219335,1.2067439],[30.7209381,1.2058242],[30.7206128,1.2054564],[30.719641,1.2037721],[30.7188124,1.2027965],[30.7185967,1.2026741],[30.718484,1.2026987],[30.7182399,1.2030502],[30.7181352,1.2033327],[30.7176096,1.2063029],[30.7176205,1.2064703],[30.7177891,1.2073497],[30.7181328,1.2089629],[30.7186064,1.2107001],[30.7191386,1.2122733],[30.719629,1.2135011],[30.7199456,1.2140416],[30.7214739,1.2166135],[30.7217246,1.2171344],[30.7222413,1.2183675],[30.7227733,1.2206528],[30.7229786,1.2218794],[30.7231994,1.2225217],[30.7237076,1.2233509],[30.7275306,1.2272741],[30.7281455,1.2279071],[30.7299406,1.2299656],[30.7308331,1.2312108],[30.7314386,1.2320173],[30.7319757,1.2327661],[30.7320508,1.2328921],[30.7325685,1.2338468],[30.7330817,1.2347271],[30.7332886,1.2350951],[30.7335665,1.2356466],[30.7338318,1.2362146],[30.7339774,1.2365503],[30.7342367,1.237232],[30.7345054,1.2379483],[30.7345989,1.2382768],[30.7347598,1.2391858],[30.7347597,1.2394704],[30.7346477,1.2403346],[30.7344975,1.2411794],[30.7344785,1.2414024],[30.7342288,1.2421356],[30.7340233,1.2430757],[30.7339444,1.2437874],[30.7339139,1.2447735],[30.7338595,1.2450542],[30.7337728,1.2452998],[30.7333614,1.2467621],[30.7333894,1.2469684],[30.7335092,1.2470639],[30.7336502,1.2470385],[30.7338115,1.2469452],[30.7339226,1.2469223],[30.7347258,1.2469318],[30.7353454,1.246981],[30.7361494,1.2472073],[30.7363155,1.2472922],[30.7365675,1.2475083],[30.7367073,1.2475831],[30.7375359,1.2478111],[30.7376405,1.2478393],[30.7384405,1.2479161],[30.7386524,1.2479489],[30.7389065,1.2479895],[30.7389548,1.2480068],[30.7389711,1.2480145],[30.7389867,1.2480297],[30.7389893,1.2480474],[30.7389672,1.2481922],[30.7389662,1.2482167],[30.7389783,1.2482294],[30.7391271,1.2482509],[30.7391419,1.2482475],[30.7391506,1.2482348],[30.7391566,1.248155],[30.739168,1.2481416],[30.7391888,1.2481371],[30.7396261,1.2482123],[30.7399918,1.2482989],[30.7405258,1.248497],[30.7410408,1.2487636],[30.7419607,1.2494611],[30.7433778,1.2508319],[30.7441368,1.2515425],[30.7447296,1.2520287],[30.7451185,1.2522987],[30.7463953,1.2530817],[30.7467675,1.2533524],[30.7488092,1.2551144],[30.7502898,1.2562889],[30.751352,1.2573079],[30.7532402,1.2593942],[30.7535247,1.2597329],[30.7537767,1.2601021],[30.75412,1.2606384],[30.7546994,1.2620703],[30.7548818,1.2626657],[30.7549676,1.2631644],[30.7551401,1.2647714],[30.7551607,1.2649825],[30.7552646,1.2651602],[30.7555137,1.2653638],[30.7558474,1.2657494],[30.7561263,1.266275],[30.7562418,1.2665764],[30.7564231,1.2674711],[30.756424,1.2677231],[30.7564693,1.2687738],[30.7565161,1.268901],[30.7568532,1.2694205],[30.7572085,1.2700466],[30.7572888,1.2702187],[30.7574835,1.2708229],[30.7576281,1.2710132],[30.7578524,1.271141],[30.7584019,1.2713168],[30.7584482,1.2713585],[30.7585832,1.2714504],[30.7587576,1.2716301],[30.7590343,1.2721202],[30.7590875,1.2723353],[30.7591428,1.2727748],[30.7591787,1.2729029],[30.7592916,1.2732438],[30.7593315,1.2734133],[30.7593047,1.2735849],[30.7587969,1.2766438],[30.7588015,1.2767941],[30.7587965,1.277008],[30.7588823,1.2773137],[30.7590238,1.2778995],[30.7590714,1.2779934],[30.7596805,1.2786111],[30.7598276,1.2787127],[30.7604125,1.2792081],[30.7610142,1.2797112],[30.7612332,1.2798758],[30.7614162,1.2800038],[30.7615869,1.2802524],[30.7634312,1.2832291],[30.7635962,1.2834428],[30.7637813,1.2836622],[30.764232,1.2840993],[30.7652975,1.2853174],[30.7659378,1.2858932],[30.7664798,1.2863739],[30.7672097,1.2869095],[30.7682016,1.2874646],[30.7684716,1.2875783],[30.7693987,1.2878318],[30.7707154,1.2880311],[30.7712786,1.2880697],[30.7716295,1.2880491],[30.7723841,1.287964],[30.7730622,1.2879868],[30.7740029,1.2881668],[30.774429,1.2883609],[30.7746725,1.288569],[30.7748492,1.2887635],[30.775052,1.2892277],[30.7751673,1.2894838],[30.7752692,1.2898176],[30.775335,1.2900657],[30.775382,1.2901876],[30.7754169,1.2902467],[30.7754762,1.2903029],[30.7760834,1.2907452],[30.7762121,1.2907854],[30.7764722,1.2907937],[30.7767512,1.2907696],[30.7771455,1.2907588],[30.7775614,1.2908274],[30.7779586,1.2909524],[30.7781499,1.2911141],[30.7782446,1.2912604],[30.7784329,1.2915392],[30.7786461,1.292109],[30.7786746,1.2923496],[30.7786619,1.292615],[30.7786998,1.2927686],[30.778796,1.2928958],[30.7792305,1.2930861],[30.7792965,1.2931627],[30.7793589,1.293453],[30.7795141,1.2935771],[30.7798529,1.2936387],[30.7801146,1.2936024],[30.7802449,1.2936207],[30.7803815,1.2937018],[30.7813849,1.2947636],[30.7817897,1.2954689],[30.7818949,1.2956654],[30.7820262,1.2961999],[30.7821691,1.2964059],[30.7833989,1.2976039],[30.7837032,1.2979197],[30.783812,1.298298],[30.7838255,1.2988543],[30.7836994,1.2998103],[30.783753,1.3000248],[30.7843466,1.300815],[30.7844089,1.3010368],[30.7845027,1.3016244],[30.784692,1.3018292],[30.7849435,1.3019502],[30.7851409,1.3019877],[30.7853805,1.3021023],[30.7859224,1.3025511],[30.7865564,1.3032326],[30.7866812,1.3033957],[30.7868523,1.3034902],[30.7872321,1.303528],[30.7874465,1.3036303],[30.7877663,1.3038712],[30.78805,1.3041383],[30.7885864,1.3049213],[30.7885918,1.3050983],[30.7882485,1.3056775],[30.7882138,1.3058532],[30.788338,1.3062105],[30.7883326,1.3063264],[30.788016,1.3074095],[30.7880284,1.3077122],[30.7881088,1.3079762],[30.788284,1.3085516],[30.788326,1.3086684],[30.7884046,1.3087796],[30.7884989,1.3088189],[30.7886883,1.3088401],[30.7888461,1.3088737],[30.7890933,1.3089373],[30.7893617,1.3091279],[30.7894893,1.309244],[30.7896567,1.3092942],[30.7904243,1.3092791],[30.7905739,1.3092895],[30.7908347,1.30937],[30.7910765,1.3095423],[30.7912789,1.3097543],[30.791419,1.3099916],[30.7915851,1.310177],[30.7917928,1.3104008],[30.7919219,1.310664],[30.7921241,1.3112432],[30.7922396,1.3114497],[30.7924311,1.3116147],[30.7928163,1.3118718],[30.7929423,1.3120246],[30.7931935,1.3124702],[30.7933423,1.3126188],[30.7935877,1.3127193],[30.7939695,1.31274],[30.7940527,1.3127754],[30.7945999,1.3132983],[30.7946506,1.3134087],[30.7947126,1.3136362],[30.7947582,1.3137408],[30.795373,1.3144278],[30.7959921,1.3149333],[30.7962584,1.31517],[30.7967129,1.315383],[30.797114,1.3153804],[30.7974108,1.3155079],[30.7977213,1.3157763],[30.7995087,1.31795],[30.7996573,1.3182099],[30.7998277,1.3185464],[30.8000806,1.3188198],[30.8005701,1.3190946],[30.8030467,1.3200933],[30.8032947,1.3201686],[30.8036126,1.3202718],[30.8055339,1.3208699],[30.8059352,1.3209813],[30.8061368,1.321043],[30.8064382,1.3211553],[30.8072523,1.3214723],[30.8074162,1.3215556],[30.8077942,1.3218828],[30.8079259,1.3219456],[30.808762,1.3222117],[30.8089229,1.3222813],[30.8096765,1.3226651],[30.809802,1.3227587],[30.8099672,1.3229644],[30.8101072,1.3230585],[30.8107043,1.3234488],[30.8108179,1.3235643],[30.8110066,1.3239408],[30.8111865,1.3241214],[30.8115649,1.3242951],[30.8117513,1.3243541],[30.8118975,1.3244494],[30.8120423,1.3246491],[30.8123901,1.3251673],[30.8125707,1.3253436],[30.8136574,1.326121],[30.8140835,1.3263679],[30.8144701,1.3267411],[30.8149793,1.3273225],[30.8152625,1.3275428],[30.8162904,1.3279121],[30.8165188,1.3279706],[30.8168915,1.3281228],[30.8179901,1.3284713],[30.8182301,1.3285757],[30.8195411,1.3293814],[30.8197639,1.3295105],[30.8213898,1.3306154],[30.8215178,1.3306712],[30.8219394,1.3311663],[30.8220798,1.3313154],[30.8227821,1.3319095],[30.8229133,1.3321224],[30.8229876,1.3323319],[30.823119,1.3332166],[30.8231721,1.3344995],[30.8231875,1.3345637],[30.8233036,1.3348061],[30.8235586,1.3353172],[30.8237013,1.3354371],[30.8242552,1.3355912],[30.8245772,1.3357102],[30.8247819,1.3357446],[30.8254802,1.3358014],[30.8256814,1.3358363],[30.8258573,1.3358977],[30.8259597,1.3359816],[30.8260379,1.3361059],[30.8262205,1.3363967],[30.8267972,1.3371797],[30.826928,1.3373856],[30.8269816,1.3374714],[30.8271211,1.3379068],[30.8272295,1.3380195],[30.8277214,1.338326],[30.8278325,1.3384453],[30.8282462,1.3393185],[30.8288288,1.340157],[30.8292902,1.3405935],[30.829553,1.3408235],[30.830011,1.3415012],[30.8301556,1.3418325],[30.8302987,1.3422088],[30.830417,1.3428866],[30.8304795,1.3430824],[30.8307423,1.3434873],[30.8312015,1.3439408],[30.8313588,1.3441046],[30.8314515,1.3443805],[30.831488,1.3449839],[30.831603,1.345195],[30.8319046,1.3455929],[30.8321884,1.3462752],[30.8323386,1.3468062],[30.8324478,1.3472816],[30.8325758,1.3475607],[30.833226,1.3488947],[30.8334651,1.3495574],[30.8337764,1.3508415],[30.8339666,1.3514272],[30.8342983,1.3523216],[30.8347608,1.3528896],[30.8359092,1.354008],[30.8361676,1.3542589],[30.8364424,1.3544001],[30.8368723,1.3544452],[30.8370277,1.3545156],[30.8375724,1.3551172],[30.8377052,1.3553911],[30.837716,1.3557983],[30.8378147,1.3558827],[30.83807,1.3559857],[30.8384729,1.356188],[30.8388129,1.3564398],[30.8390441,1.356733],[30.8390602,1.3568912],[30.8389744,1.3573121],[30.8389073,1.357591],[30.8390307,1.3578002],[30.839248,1.3579128],[30.8396557,1.3580442],[30.8398667,1.3582643],[30.8401406,1.3586774],[30.8401896,1.3590522],[30.840159,1.3593455],[30.8395269,1.3606854],[30.839534,1.3608263],[30.8396597,1.3611517],[30.8397809,1.3614889],[30.8398273,1.3616427],[30.8398951,1.3623094],[30.8400122,1.3630598],[30.8401385,1.3635224],[30.840176,1.3637966],[30.8402097,1.3643387],[30.8402983,1.364919],[30.8407115,1.3661668],[30.8410855,1.3672669],[30.8417437,1.3694712],[30.8418392,1.3698865],[30.8418752,1.3701241],[30.8418618,1.3703936],[30.8418873,1.3707717],[30.8419543,1.3712624],[30.8420549,1.3718322],[30.8421233,1.3724436],[30.8422306,1.3730201],[30.8423325,1.3734518],[30.8424317,1.3738754],[30.8425203,1.3741489],[30.8426356,1.3743393],[30.842877,1.3746048],[30.8430889,1.3747496],[30.8434564,1.3748515],[30.8439231,1.3749815],[30.8444783,1.3751598],[30.8447438,1.3752926],[30.8449208,1.3754602],[30.8450429,1.3756231],[30.8451622,1.3757974],[30.8452152,1.3759522],[30.845236,1.3761091],[30.8452434,1.3762572],[30.8452393,1.3764717],[30.8452246,1.3767412],[30.845179,1.3769001],[30.8451757,1.3770194],[30.8452125,1.3771307],[30.8453098,1.3772145],[30.8454398,1.3773539],[30.8455371,1.3774491],[30.8457128,1.3776475],[30.8458958,1.3778788],[30.8459863,1.3779626],[30.8460883,1.3780276],[30.8462405,1.3781342],[30.8463568,1.3782958],[30.8464775,1.3783937],[30.8466582,1.3785934],[30.846735,1.3787003],[30.84679,1.3788056],[30.8468507,1.3789822],[30.8468842,1.3791981],[30.8468795,1.3794481],[30.8468681,1.3799341],[30.8469017,1.3802546],[30.8469218,1.3806662],[30.8467984,1.3810831],[30.846675,1.3817012],[30.8466589,1.3820203],[30.8466871,1.382334],[30.8467501,1.3827537],[30.8469084,1.3831639],[30.8471323,1.383668],[30.8473549,1.3841574],[30.8476232,1.3847996],[30.8479356,1.3857408],[30.8483433,1.3863763],[30.8487859,1.386698],[30.8491158,1.3868804],[30.8494994,1.3870547],[30.8500358,1.3872719],[30.8510148,1.3876553],[30.8518892,1.3880709],[30.8527046,1.3885107],[30.8534932,1.3888673],[30.8542147,1.3890845],[30.8549791,1.3893312],[30.8554458,1.3895806],[30.8558294,1.3898594],[30.8560413,1.3901222],[30.8561781,1.3904574],[30.856221,1.3906974],[30.8562693,1.3908435],[30.8563471,1.3909803],[30.8565348,1.3912404],[30.8568111,1.3916962],[30.8569103,1.392136],[30.856964,1.3926293],[30.8571276,1.3931147],[30.8572349,1.393541],[30.8572188,1.3939727],[30.857251,1.394198],[30.8573341,1.3943749],[30.8574696,1.3945318],[30.8575286,1.3946498],[30.8575594,1.3948174],[30.8575535,1.3950854],[30.8574468,1.3957237],[30.8572188,1.3968606],[30.8571222,1.397362],[30.8571195,1.3975109],[30.8571624,1.3976262],[30.8572536,1.3977415],[30.8573743,1.3979318],[30.8574454,1.3981142],[30.8575594,1.3983327],[30.8576761,1.3984896],[30.8579376,1.3987818],[30.8582461,1.3991291],[30.8585196,1.3996573],[30.8586618,1.399963],[30.8588194,1.4002224],[30.8589394,1.40038],[30.8590092,1.4004256],[30.8591218,1.4004664],[30.8593471,1.4004685],[30.8595697,1.4005046],[30.8599318,1.4006119],[30.8601665,1.4007232],[30.8604468,1.4008868],[30.8608076,1.4010476],[30.8610128,1.4011817],[30.8614795,1.4014847],[30.8617356,1.4017099],[30.8619234,1.4019285],[30.8622077,1.4022811],[30.8625148,1.4025036],[30.862716,1.4025948],[30.8630083,1.4026578],[30.8632859,1.4026954],[30.8636252,1.4028174],[30.8639551,1.4029246],[30.8641818,1.4030158],[30.8644245,1.4031767],[30.8648604,1.40354],[30.8656503,1.4042251],[30.8661264,1.4048257],[30.8664643,1.4051555],[30.8667192,1.4056315],[30.8669203,1.405972],[30.8670839,1.4061664],[30.8672341,1.4062656],[30.8673803,1.4063153],[30.8675493,1.4063112],[30.8677438,1.4063246],[30.8679516,1.406389],[30.8681608,1.406503],[30.8684975,1.4067778],[30.8687764,1.4070593],[30.8689615,1.4074079],[30.869058,1.4077538],[30.8690808,1.4082459],[30.8690071,1.4087795],[30.8688488,1.4092273],[30.8686745,1.4096509],[30.8686342,1.4100826],[30.8686611,1.4103481],[30.8687201,1.4105009],[30.8688086,1.4106484],[30.8689132,1.4107476],[30.8690446,1.4108146],[30.8692297,1.4108361],[30.8694577,1.4107798],[30.8695918,1.4107959],[30.8697554,1.4108549],[30.8699271,1.4109755],[30.8701658,1.4111793],[30.8704018,1.4114126],[30.8706405,1.4116298],[30.8707773,1.4117907],[30.8709624,1.4119569],[30.8710992,1.4120749],[30.871236,1.4122653],[30.8713728,1.4124825],[30.8714398,1.4125629],[30.8715418,1.4126139],[30.8717751,1.4126434],[30.8719226,1.4126836],[30.8721211,1.412823],[30.8722257,1.412941],[30.8723759,1.4131796],[30.8725047,1.4135014],[30.8725315,1.4136221],[30.8725825,1.4136945],[30.8727112,1.4137749],[30.8728721,1.4138982],[30.8731082,1.4140645],[30.873245,1.4141744],[30.8734059,1.4142978],[30.8736232,1.4145176],[30.8738109,1.4147295],[30.8740188,1.4149963],[30.8741006,1.4151022],[30.8741797,1.415137],[30.8742588,1.4151116],[30.8743219,1.4150834],[30.8743956,1.4150874],[30.8744868,1.4151773],[30.874633,1.4152926],[30.8747846,1.4153891],[30.8749012,1.4155312],[30.874983,1.4157109],[30.8750474,1.4160139],[30.8750957,1.4162391],[30.875152,1.416585],[30.8752218,1.41677],[30.87538,1.4169604],[30.8756295,1.4170998],[30.8757582,1.4172205],[30.8758548,1.4174055],[30.8759594,1.4175717],[30.8760693,1.4177058],[30.8762329,1.417805],[30.8764046,1.4179471],[30.8765629,1.4181268],[30.8767077,1.4183225],[30.8768633,1.4185987],[30.8769491,1.4187355],[30.8770242,1.4187918],[30.877102,1.4187864],[30.8771717,1.4187033],[30.8772683,1.4186497],[30.8773943,1.4186577],[30.8775097,1.418714],[30.8776384,1.4188427],[30.8777457,1.419009],[30.8778798,1.4192369],[30.878022,1.419379],[30.8782687,1.4195908],[30.878486,1.4198241],[30.8787435,1.4200279],[30.8788481,1.4201566],[30.8789259,1.4203282],[30.8790975,1.4205105],[30.879288,1.4206902],[30.8795106,1.420894],[30.8796689,1.4210254],[30.8797627,1.4210656],[30.8800336,1.4210897],[30.8803126,1.4211809],[30.8805433,1.4213284],[30.8807887,1.4214155],[30.8809819,1.4214665],[30.8811509,1.4216086],[30.8812555,1.4217373],[30.8813708,1.4218043],[30.8815639,1.4218419],[30.8817973,1.4219733],[30.8819448,1.4220564],[30.8821057,1.4221663],[30.8822586,1.4223326],[30.8823766,1.4224532],[30.8825054,1.4225337],[30.8827146,1.4226221],[30.8829479,1.4227643],[30.8833315,1.4230673],[30.8835943,1.4232979],[30.8837338,1.4233997],[30.8838733,1.4234775],[30.8840289,1.4235097],[30.8844151,1.4235526],[30.8848094,1.4236357],[30.8850937,1.4237108],[30.8854343,1.4237698],[30.8859493,1.4238315],[30.8867459,1.4239628],[30.8872368,1.424113],[30.8876391,1.4242605],[30.8879529,1.4244482],[30.8883311,1.4247538],[30.8887281,1.4251641],[30.8891438,1.4257647],[30.8894174,1.4260892],[30.8896186,1.4263198],[30.8897849,1.4264565],[30.8899539,1.4265799],[30.8901926,1.4266871],[30.8904367,1.4267702],[30.8906191,1.4269124],[30.8907988,1.4270786],[30.8911099,1.4274084],[30.8912306,1.4275559],[30.8913298,1.4276471],[30.8914881,1.4277382],[30.8916571,1.4278723],[30.8917778,1.4279742],[30.8919387,1.4280627],[30.8921238,1.4281753],[30.8923062,1.4283254],[30.892451,1.4284917],[30.892793,1.4288376],[30.8930116,1.4290735],[30.8934756,1.4296527],[30.893709,1.4300576],[30.8937841,1.4304571],[30.8938565,1.4308352],[30.8939316,1.4310122],[30.8940362,1.4311436],[30.8941622,1.4311999],[30.8944063,1.4312347],[30.8946236,1.4313393],[30.8948248,1.4315377],[30.895042,1.4317442],[30.8952029,1.4319721],[30.8953558,1.4321142],[30.8955463,1.4322456],[30.8956053,1.4323086],[30.895679,1.4324132],[30.8957622,1.4324816],[30.8958614,1.4325218],[30.8959526,1.432562],[30.8960157,1.4326116],[30.8961136,1.4327323],[30.8962074,1.4328181],[30.8963764,1.4329937],[30.8964837,1.4331506],[30.8966674,1.4333141],[30.8968364,1.4334522],[30.8969477,1.4335782],[30.897059,1.4337043],[30.8971435,1.433782],[30.8972334,1.4338397],[30.8973621,1.433896],[30.8974748,1.4339335],[30.8975526,1.4339845],[30.8976625,1.4341279],[30.8977189,1.4342365],[30.8977618,1.4342861],[30.8978275,1.4343196],[30.8979871,1.4343532],[30.8980729,1.4343974],[30.8981789,1.4344846],[30.8984028,1.4346374],[30.8985959,1.4347634],[30.8987596,1.4348787],[30.8988789,1.4350181],[30.8990077,1.4352139],[30.899131,1.4353801],[30.8992491,1.4354767],[30.8993523,1.4355303],[30.8994489,1.4355517],[30.8995374,1.435592],[30.8996554,1.4356644],[30.8997748,1.4356979],[30.9001516,1.435777],[30.9005969,1.4358735],[30.9011212,1.4359647],[30.9014659,1.4360156],[30.9017033,1.4360826],[30.9019125,1.4361443],[30.9020828,1.4362248],[30.9022263,1.4363119],[30.9023738,1.4363803],[30.9025307,1.436458],[30.9026434,1.4365385],[30.9027748,1.4366323],[30.9028446,1.4366953],[30.9029291,1.4367423],[30.9030484,1.4368039],[30.9031919,1.4369085],[30.9033012,1.4370184],[30.9035473,1.4372732],[30.9038102,1.4374984],[30.9040663,1.4377223],[30.9042393,1.4378309],[30.9044257,1.4379127],[30.9045478,1.4379556],[30.9046483,1.4379623],[30.9047985,1.4379623],[30.9049045,1.4380012],[30.9050145,1.4380749],[30.9051311,1.4381795],[30.9053363,1.4384691],[30.9057816,1.4390429],[30.9060981,1.4395792],[30.9063448,1.4400296],[30.9065058,1.4402629],[30.9066828,1.4404774],[30.9070234,1.4407214],[30.9072541,1.4409627],[30.9074204,1.4411719],[30.9075545,1.4414641],[30.9076699,1.4418395],[30.9077342,1.4419629],[30.9079461,1.4421345],[30.9082438,1.4422766],[30.9083753,1.4423919],[30.9086596,1.4427378],[30.9088795,1.442904],[30.9091665,1.4431212],[30.9094133,1.4433143],[30.9096091,1.4435422],[30.9097781,1.4437058],[30.9098854,1.4437621],[30.9100838,1.4437889],[30.9103816,1.4438935],[30.9108134,1.4441455],[30.911256,1.444545],[30.9116663,1.4449928],[30.9118407,1.4451912],[30.9120606,1.4453762],[30.9122645,1.4455747],[30.9124361,1.4457597],[30.912699,1.4459715],[30.9129431,1.4461512],[30.9130799,1.4462209],[30.913281,1.4462718],[30.9133856,1.4463415],[30.9134768,1.4464622],[30.9135734,1.4465909],[30.91367,1.4466982],[30.9137709,1.446766],[30.9138899,1.4467974],[30.9140803,1.4468161],[30.9141957,1.4468832],[30.9143271,1.4470253],[30.9144344,1.4471996],[30.9145551,1.4474221],[30.9147723,1.4477492],[30.9148984,1.4479101],[30.9150406,1.4480174],[30.9151934,1.4480576],[30.915341,1.4481139],[30.9154348,1.4481809],[30.9154939,1.4482507],[30.9156709,1.4484947],[30.9158157,1.4486046],[30.9159579,1.4486663],[30.9162395,1.4487896],[30.9164997,1.4488754],[30.9168913,1.4490524],[30.9172628,1.4493487],[30.9176638,1.4495954],[30.9178167,1.449716],[30.9179749,1.4498648],[30.9180876,1.4500016],[30.9181975,1.4501692],[30.9183209,1.4503247],[30.9184161,1.4504467],[30.9184805,1.4506022],[30.9185261,1.4507778],[30.9185972,1.4511117],[30.9186374,1.4513288],[30.9186723,1.4514147],[30.9187581,1.4515997],[30.918911,1.4518785],[30.9189915,1.4520957],[30.9190478,1.4524067],[30.9191417,1.4534873],[30.9190859,1.4549156],[30.9190934,1.4552409],[30.9191363,1.455737],[30.9193482,1.4564824],[30.9195681,1.4570106],[30.9198283,1.4574316],[30.9200107,1.4576729],[30.9201341,1.4578123],[30.9202521,1.4578633],[30.9204935,1.4579008],[30.9206464,1.4579679],[30.9208154,1.4581314],[30.9209334,1.4582387],[30.9211828,1.458354],[30.9214135,1.4584371],[30.9216334,1.4585631],[30.9218346,1.4586221],[30.9220143,1.4586865],[30.9221806,1.4588473],[30.9222879,1.4591342],[30.9223737,1.4596786],[30.922422,1.4601076],[30.9224783,1.4603918],[30.92254,1.460491],[30.9226232,1.4605473],[30.9227626,1.4605661],[30.922886,1.4606546],[30.923004,1.4608101],[30.9232025,1.4611399],[30.9234144,1.4613812],[30.9236424,1.4616038],[30.9239455,1.4618638],[30.9242057,1.4621615],[30.9244229,1.4625476],[30.9246482,1.4630302],[30.9249406,1.4636711],[30.9251444,1.4641296],[30.9252035,1.464387],[30.9252035,1.4646015],[30.9252356,1.4648857],[30.9253054,1.4649956],[30.9254904,1.4651646],[30.9257855,1.4654702],[30.9259357,1.4656901],[30.9261395,1.4664355],[30.9262522,1.4667224],[30.9264775,1.4670737],[30.9269978,1.4682374],[30.9273626,1.4690739],[30.927604,1.4700017],[30.9278615,1.4706613],[30.9281297,1.4714603],[30.928339,1.4724417],[30.9285482,1.4732514],[30.928634,1.4737448],[30.9288808,1.4743615],[30.9291543,1.4756217],[30.9292509,1.4763832],[30.9293099,1.476705],[30.9295084,1.4773807],[30.9297552,1.4783084],[30.9301146,1.4792147],[30.9301897,1.4796813],[30.9301682,1.4804696],[30.9302326,1.4810541],[30.9303238,1.4814616],[30.930423,1.481703],[30.9306054,1.4819845],[30.9307315,1.4821883],[30.9308227,1.482502],[30.9308549,1.4829042],[30.9307744,1.4838158],[30.9307368,1.4841644],[30.930769,1.484513],[30.9310533,1.4854997],[30.9313055,1.487028],[30.9313323,1.4876233],[30.931284,1.4883633],[30.9311392,1.4891516],[30.9309514,1.4899614],[30.93093,1.4903314],[30.9310078,1.491117],[30.9310373,1.4917203],[30.9310212,1.4923156],[30.9309112,1.4930342],[30.9307583,1.4935114],[30.9307047,1.4937206],[30.9307422,1.4938707],[30.930938,1.4940316],[30.9310963,1.4942086],[30.9312036,1.4944123],[30.9312357,1.4946215],[30.9312787,1.494777],[30.9313618,1.4949406],[30.931512,1.4951658],[30.9315925,1.4954259],[30.9316703,1.4957637],[30.9318339,1.4966459],[30.9318768,1.4971473],[30.93185,1.4976272],[30.9318795,1.4979034],[30.9320431,1.4985683],[30.9320967,1.4989598],[30.9321155,1.4992708],[30.9320699,1.4996167],[30.9318714,1.5002334],[30.9318526,1.500464],[30.9318848,1.5007214],[30.9319814,1.5011075],[30.9320887,1.5013864],[30.9322335,1.5017242],[30.932365,1.5020111],[30.9324749,1.502408],[30.9325286,1.50266],[30.9326117,1.503215],[30.932711,1.5037432],[30.9327968,1.5043224],[30.9330435,1.5053306],[30.9332689,1.5061403],[30.9334834,1.5066605],[30.9337865,1.5071136],[30.9342344,1.5076365],[30.934956,1.5082129],[30.9353234,1.5085964],[30.935597,1.5088457],[30.9357901,1.5090709],[30.9361723,1.5096823],[30.9363614,1.5099343],[30.9365143,1.5100711],[30.9366431,1.5102105],[30.9367879,1.5105054],[30.9368362,1.5108996],[30.9368925,1.5114197],[30.9369408,1.5116316],[30.9370293,1.5117629],[30.93715,1.5118756],[30.9373217,1.5119989],[30.9374236,1.5121196],[30.9374933,1.5122804],[30.9375845,1.51257],[30.9376972,1.5129963],[30.9377401,1.513294],[30.9377428,1.5135567],[30.9377857,1.5137551],[30.9378742,1.5139589],[30.938011,1.5141815],[30.9381344,1.5143262],[30.9383168,1.5145515],[30.9384375,1.5148089],[30.9386762,1.5152808],[30.9388425,1.5155516],[30.9392341,1.5161736],[30.9394755,1.5164954],[30.9396632,1.516726],[30.9398725,1.5171309],[30.940028,1.5173641],[30.9402238,1.5175974],[30.9404089,1.517828],[30.9405296,1.518021],[30.9406235,1.5182543],[30.9406825,1.5184688],[30.9407522,1.5186002],[30.9408112,1.5186672],[30.9409292,1.5187906],[30.9409856,1.5189139],[30.941066,1.5190399],[30.9411975,1.5191874],[30.9412994,1.5193268],[30.9414013,1.5195333],[30.941581,1.5198443],[30.9416829,1.5200132],[30.9418224,1.5201205],[30.9419619,1.5201634],[30.9420826,1.5202331],[30.9421845,1.5203618],[30.9423267,1.520579],[30.9424742,1.5207881],[30.9425895,1.5209275],[30.9426646,1.5211125],[30.9428202,1.521512],[30.9429758,1.5217292],[30.9431541,1.52187],[30.943354,1.5220081],[30.9434639,1.5221649],[30.9436208,1.5226449],[30.9437362,1.5228594],[30.9438394,1.5229465],[30.9439736,1.5230082],[30.9441211,1.5231208],[30.9442632,1.5233112],[30.9444429,1.5234667],[30.9445636,1.5236383],[30.9446414,1.5238608],[30.9447138,1.5240324],[30.9448399,1.5241665],[30.9450438,1.5243622],[30.9451591,1.5245499],[30.9452905,1.5247108],[30.9455239,1.5249146],[30.9459235,1.5252604],[30.9461649,1.5254642],[30.9463098,1.5256278],[30.9463768,1.5257967],[30.9464358,1.5259174],[30.9465404,1.5260139],[30.9466343,1.5261694],[30.9467201,1.5264053],[30.9468596,1.5266413],[30.9470205,1.5267968],[30.9472646,1.5269416],[30.9473719,1.5270301],[30.9475114,1.5272499],[30.9477179,1.5274993],[30.9478681,1.5276039],[30.9480451,1.5277031],[30.94819,1.5278693],[30.9483616,1.528116],[30.9485038,1.5282313],[30.9487023,1.5283265],[30.9487774,1.5284216],[30.9488284,1.5285798],[30.9489008,1.5287675],[30.9489839,1.5288587],[30.9491931,1.5290357],[30.949338,1.5292341],[30.949515,1.5296389],[30.9497296,1.5302328],[30.9498154,1.5304621],[30.9498865,1.5305975],[30.9501051,1.5309474],[30.9502526,1.5311807],[30.9503049,1.5313254],[30.9503813,1.5316526],[30.9504296,1.531851],[30.9504705,1.5319575],[30.9505637,1.5320547],[30.9506355,1.5321385],[30.9507227,1.5323356],[30.9507803,1.5324308],[30.9508246,1.5325219],[30.9508568,1.5326118],[30.9508883,1.5327773],[30.9509232,1.5328819],[30.9509741,1.5329543],[30.9510479,1.5330267],[30.9511538,1.5331902],[30.9512356,1.5333243],[30.9513134,1.533394],[30.9514086,1.5334329],[30.9515052,1.5334973],[30.9516313,1.53363],[30.951752,1.5337855],[30.9518177,1.5339316],[30.9518807,1.5340777],[30.9520095,1.5342534],[30.9521892,1.5345242],[30.9524493,1.535039],[30.9525593,1.5353044],[30.9528141,1.535964],[30.953077,1.5364895],[30.9533318,1.5370338],[30.9535142,1.5373395],[30.9537931,1.5376559],[30.9539943,1.5378355],[30.9540667,1.5379481],[30.9541123,1.5381894],[30.9541418,1.5389804],[30.9541606,1.5394952],[30.9541928,1.5398196],[30.9542035,1.5400194],[30.9542008,1.5402084],[30.9541579,1.5404175],[30.9541203,1.5407366],[30.9540694,1.5410155],[30.9540104,1.5411495],[30.9539832,1.5411931],[30.9539869,1.5412182],[30.9540054,1.5412199],[30.9541096,1.5411388],[30.9542223,1.5410443],[30.9545736,1.540801],[30.9553434,1.5402486],[30.9581329,1.5383878],[30.9599273,1.537251],[30.9621509,1.5359157],[30.9641089,1.5348084],[30.9660053,1.5337627],[30.9675676,1.5329543],[30.969425,1.5320896],[30.9712758,1.5314622],[30.971662,1.5313683],[30.9721468,1.531289],[30.9727912,1.5312343],[30.9731882,1.5312557],[30.9737461,1.5312879],[30.9742155,1.5313603],[30.9751227,1.5314544],[30.9758731,1.5314649],[30.9764685,1.5314649],[30.9771391,1.5314005],[30.9777613,1.5313925],[30.9781422,1.5314273],[30.9784158,1.5315024],[30.9786438,1.5316365],[30.9788798,1.5317089],[30.9791668,1.5317571],[30.9796121,1.5317625],[30.9801378,1.531741],[30.980642,1.5317303],[30.9810095,1.5317598],[30.9814091,1.5318617],[30.9816452,1.5318858],[30.9819188,1.531859],[30.982187,1.5318349],[30.9823989,1.5318456],[30.9828093,1.5319073],[30.983048,1.531918],[30.9834584,1.5318805],[30.983799,1.531851],[30.9840484,1.5318483],[30.9845259,1.5318268],[30.9850569,1.5317705],[30.9865912,1.5315614],[30.987259,1.5314541],[30.9875997,1.5314354],[30.9883301,1.5315],[30.9887235,1.5315694],[30.9892036,1.5316043],[30.9898796,1.5316016],[30.9902846,1.5315909],[30.9909927,1.5315453],[30.9916927,1.5315828],[30.9924652,1.5316445],[30.9934415,1.5316257],[30.9944608,1.5315909],[30.9957348,1.5315024],[30.9963598,1.5314595],[30.9968774,1.5314863],[30.9979557,1.5316204],[30.9993478,1.5318537],[31.0002007,1.5318966],[31.0005735,1.5318697],[31.0010054,1.5318751],[31.001468,1.5319327],[31.0024028,1.5321164],[31.0030841,1.5322934],[31.003524,1.5323979],[31.0037493,1.5324194],[31.0046103,1.5323819],[31.0057046,1.532347],[31.0067185,1.5323068],[31.0075097,1.5323416],[31.007896,1.532406],[31.0084539,1.5325025],[31.0091137,1.532591],[31.0096957,1.5327251],[31.0101168,1.5328618],[31.0107391,1.5331728],[31.0112648,1.533508],[31.0117637,1.5339048],[31.0121727,1.534189],[31.0125094,1.5344672],[31.0128393,1.5347226],[31.0131665,1.5349049],[31.0137459,1.5351838],[31.0143735,1.5354572],[31.0146457,1.5356221],[31.0149415,1.5358438],[31.0153364,1.5361852],[31.0156636,1.5365271],[31.0159667,1.5368984],[31.0163141,1.5373931],[31.0167271,1.5379374],[31.0171429,1.5384964],[31.0173977,1.538963],[31.0175345,1.5392592],[31.0176512,1.5394389],[31.0177987,1.5395998],[31.0179435,1.5397633],[31.0181004,1.539892],[31.0183284,1.5400918],[31.0184505,1.5402178],[31.0186167,1.5403921],[31.0187562,1.5405824],[31.0189413,1.5408305],[31.0190472,1.5409538],[31.0191545,1.5410517],[31.0195998,1.5414257],[31.0198492,1.5416563],[31.0200076,1.5418219],[31.0203749,1.5422823],[31.0207652,1.5428333],[31.021024,1.5432959],[31.0212601,1.54382],[31.0215524,1.5444716],[31.0217844,1.545095],[31.0221103,1.5459597],[31.0222498,1.5464651],[31.0223397,1.5468284],[31.022396,1.5470027],[31.0224537,1.5470927],[31.0224904,1.5471501],[31.0225248,1.5472037],[31.0225891,1.5473351],[31.0226535,1.547622],[31.022809,1.5484157],[31.0230183,1.5493192],[31.0232597,1.5502738],[31.0234367,1.5512524],[31.0235842,1.552215],[31.0237022,1.5529121],[31.0238336,1.5534162],[31.0239812,1.5538505],[31.0240777,1.5540865],[31.0242601,1.5543975],[31.0244157,1.5547353],[31.0245578,1.5552045],[31.0247,1.5554887],[31.0249038,1.5557488],[31.0250916,1.5560974],[31.0253866,1.5564191],[31.0255744,1.5566953],[31.0257192,1.5569902],[31.0259177,1.5574112],[31.0261001,1.5577544],[31.0263308,1.557985],[31.0265588,1.5582289],[31.0268297,1.5584729],[31.0271623,1.5587035],[31.0273795,1.5588],[31.0276585,1.5588939],[31.0279026,1.5590226],[31.0282727,1.5592398],[31.028675,1.5594596],[31.028962,1.5595401],[31.0292383,1.5595776],[31.029764,1.5596688],[31.0306947,1.5598806],[31.0314162,1.5600066],[31.032119,1.5600978],[31.0331382,1.5603605],[31.034195,1.5606983],[31.0345598,1.5608324],[31.0347583,1.5609397],[31.0349514,1.5611434],[31.0350533,1.5613418],[31.0352438,1.5615295],[31.0355683,1.5617816],[31.036153,1.5622481],[31.0365393,1.562661],[31.0369416,1.5630685],[31.0373171,1.5634654],[31.0377731,1.5638407],[31.0380145,1.5640981],[31.0382773,1.5644574],[31.0385402,1.5646505],[31.0389425,1.5648381],[31.0392376,1.5651384],[31.0396828,1.5657337],[31.0400691,1.56605],[31.0407825,1.5664683],[31.0412921,1.5668222],[31.0423758,1.5674389],[31.0429658,1.5678411],[31.0434433,1.5682594],[31.0437785,1.5684631],[31.043969,1.568683],[31.0443123,1.5691871],[31.0446959,1.5697528],[31.0450499,1.5702703],[31.0452162,1.5705035],[31.0453718,1.5706456],[31.0454737,1.5707529],[31.0455837,1.5709325],[31.0456588,1.5711041],[31.0458224,1.5712891],[31.0461335,1.5717074],[31.0463548,1.5721525],[31.0465198,1.5724259],[31.0466458,1.572674],[31.0467665,1.5729649],[31.0469838,1.5732652],[31.0470367,1.5733434],[31.0471286,1.5734797],[31.0473781,1.5738523],[31.0475927,1.5740749],[31.0478367,1.5743189],[31.0480835,1.5746487],[31.0482686,1.5748176],[31.0485046,1.5751366],[31.0486977,1.5753511],[31.0488291,1.5755495],[31.0489284,1.575697],[31.0490464,1.5758016],[31.0492663,1.5759732],[31.0495265,1.5762172],[31.0498269,1.5765496],[31.0501971,1.5770617],[31.0503526,1.5772199],[31.0505914,1.5773111],[31.0508462,1.5773808],[31.0509186,1.5773781],[31.0509508,1.5773084],[31.0509025,1.5771797],[31.0507872,1.5770322],[31.0506826,1.5769733],[31.0506289,1.5768982],[31.0506303,1.5767949],[31.0507201,1.5767078],[31.0507657,1.5766247],[31.0507657,1.576496],[31.0506946,1.5763552],[31.050535,1.5762694],[31.0503325,1.5761756],[31.0500911,1.5761273],[31.0500321,1.5760657],[31.0500241,1.5760053],[31.0500563,1.5759477],[31.0500737,1.5758833],[31.0500724,1.5757841],[31.0500663,1.5756935],[31.0500335,1.5756018],[31.0500093,1.5755348],[31.0499128,1.5754141],[31.0498095,1.5752077],[31.0497009,1.5750964],[31.0496177,1.5750428],[31.0495855,1.5749838],[31.0495802,1.5749355],[31.049607,1.574902],[31.049674,1.5748993],[31.0497867,1.5749704],[31.0499637,1.5751634],[31.050122,1.575335],[31.0502132,1.5755093],[31.0502775,1.5757882],[31.0503339,1.5759303],[31.0504251,1.5760134],[31.0504814,1.5760147],[31.050527,1.5759812],[31.0505458,1.5758096],[31.0506075,1.5757426],[31.0507255,1.5757211],[31.0509186,1.5757479],[31.0510178,1.5758525],[31.0510554,1.5760268],[31.0510768,1.5761877],[31.0511385,1.5762788],[31.0512378,1.5763137],[31.0513585,1.5762681],[31.0515328,1.5761019],[31.0516508,1.5760268],[31.0517689,1.5760348],[31.0518574,1.5761287],[31.0519083,1.5762359],[31.0519647,1.5762654],[31.0520907,1.5762386],[31.0522114,1.5761474],[31.0522624,1.5760161],[31.0523321,1.5759571],[31.0524367,1.5759464],[31.0524957,1.5758927],[31.0525172,1.5758123],[31.0525252,1.5756702],[31.0525655,1.575571],[31.0526781,1.5754879],[31.0529598,1.575394],[31.0532253,1.5754074],[31.0536142,1.5754611],[31.0544832,1.5755361],[31.0549982,1.5756756],[31.0556688,1.5759008],[31.0565056,1.5761314],[31.0569294,1.5763298],[31.0574873,1.5765228],[31.057954,1.5765979],[31.0582276,1.5767105],[31.0585119,1.5769625],[31.0587855,1.577354],[31.059043,1.5776918],[31.0593595,1.5778634],[31.0600032,1.5779975],[31.0603948,1.5780136],[31.0607918,1.5778902],[31.0611351,1.5779063],[31.0614302,1.5780672],[31.0619666,1.5785498],[31.0625728,1.5789198],[31.0630046,1.5790351],[31.0632782,1.5791128],[31.0634552,1.5791128],[31.0636269,1.5790431],[31.0637664,1.5790297],[31.0641043,1.5791638],[31.0643377,1.5791423],[31.0644772,1.5789788],[31.0646917,1.5786141],[31.0648419,1.5784667],[31.0650056,1.5782629],[31.0651638,1.5782039],[31.0655152,1.5781825],[31.0658022,1.5781583],[31.0659872,1.5780645],[31.0661106,1.5779036],[31.0662421,1.5778286],[31.0664083,1.5778232],[31.0671379,1.5779492],[31.0678567,1.5781315],[31.068082,1.5782656],[31.0683556,1.5783621],[31.0691013,1.5783192],[31.0698335,1.5784238],[31.0701232,1.5785793],[31.0702466,1.5787428],[31.0702546,1.578842],[31.0702385,1.5790431],[31.0703083,1.5791665],[31.0705926,1.5793327],[31.0714938,1.5798368],[31.0717996,1.5801478],[31.0720839,1.5806733],[31.0722609,1.5813061],[31.0726579,1.58203],[31.0729637,1.5824751],[31.0733392,1.5827271],[31.0738381,1.5828987],[31.0742243,1.5831936],[31.0746427,1.5835475],[31.0750451,1.5839175],[31.0752274,1.5841964],[31.0752382,1.5844162],[31.0752489,1.5845932],[31.075324,1.5847433],[31.0755225,1.5849042],[31.075721,1.5849364],[31.0759302,1.5848345],[31.0760589,1.5846978],[31.0760992,1.5845878],[31.0760884,1.5844377],[31.0760428,1.5843143],[31.0760643,1.5842044],[31.0761394,1.5841883],[31.0762521,1.5842151],[31.0763862,1.5843063],[31.0764532,1.5843867],[31.0764559,1.5845101],[31.0763486,1.5846683],[31.0762413,1.5849283],[31.0760965,1.585116],[31.0760428,1.5853386],[31.0760402,1.585545],[31.0759946,1.5858078],[31.0759382,1.585974],[31.0758712,1.5860544],[31.0757478,1.5861107],[31.0756526,1.5861188],[31.0755909,1.5860799],[31.0755533,1.5859901],[31.0755212,1.5858386],[31.0754474,1.5857515],[31.0753468,1.5857126],[31.075257,1.5857407],[31.0751507,1.5858283],[31.0750631,1.5859653],[31.0749793,1.5861295],[31.0748841,1.5863132],[31.0748533,1.5864311],[31.0748573,1.5865612],[31.0748734,1.5866389],[31.074911,1.5867127],[31.0749123,1.5867649],[31.0748895,1.5867931],[31.0748372,1.5867971],[31.0747889,1.5867837],[31.0747205,1.5867837],[31.0746213,1.5867877],[31.0745582,1.5867569],[31.0744872,1.5866751],[31.0744228,1.5866389],[31.074337,1.5866336],[31.0742283,1.5866483],[31.0741422,1.5866197],[31.0740225,1.5865282],[31.0739266,1.5864501],[31.073785,1.5863329],[31.0736974,1.5861858],[31.0736645,1.5860645],[31.0736618,1.5858473],[31.0736211,1.5857302],[31.0735671,1.5856766],[31.0735049,1.5856755],[31.0733533,1.585762],[31.0732822,1.5858606],[31.0732155,1.5859962],[31.0731941,1.5861594],[31.0732169,1.5863159],[31.073315,1.5865183],[31.0734518,1.5866872],[31.0736664,1.5868588],[31.0740419,1.5870706],[31.0744094,1.587336],[31.0745864,1.587395],[31.0748895,1.5874755],[31.0751979,1.5876685],[31.0754581,1.5877597],[31.0755708,1.5878321],[31.0756164,1.5879447],[31.075603,1.5880707],[31.0756405,1.5881538],[31.0757263,1.5882235],[31.0761555,1.5884434],[31.0766007,1.5884541],[31.0775932,1.5882825],[31.0783442,1.5882181],[31.0789343,1.5882879],[31.0794224,1.5884005],[31.0799508,1.5884541],[31.0803397,1.5884594],[31.0807877,1.5885587],[31.0812544,1.588623],[31.0818874,1.5886364],[31.0824855,1.5885426],[31.0829924,1.5884943],[31.0836013,1.5884353],[31.0842424,1.5883093],[31.0847117,1.588261],[31.0850256,1.5882369],[31.0853152,1.5882637],[31.0855674,1.5883227],[31.085849,1.5883415],[31.0861977,1.5882798],[31.0868763,1.5881458],[31.0878285,1.5879688],[31.0885473,1.5877865],[31.0888906,1.5877302],[31.0892983,1.58769],[31.0895612,1.5876819],[31.0896846,1.5877034],[31.0897918,1.5877784],[31.089875,1.5878481],[31.0899608,1.5878803],[31.0901727,1.587875],[31.0905697,1.5878347],[31.0907682,1.5878374],[31.0910578,1.5878374],[31.0913261,1.587816],[31.0915406,1.5877918],[31.0920422,1.5876417],[31.0924231,1.5875318],[31.0929273,1.5873655],[31.0934343,1.5871671],[31.093952,1.5869848],[31.0945018,1.5868186],[31.095049,1.5866282],[31.0954111,1.5865022],[31.0954587,1.5864832],[31.0957637,1.5863253],[31.0960682,1.5862716],[31.096484,1.5861724],[31.0970848,1.5859365],[31.0977687,1.5856764],[31.0985788,1.585427],[31.099252,1.5852099],[31.1002283,1.5849176],[31.1008694,1.5847031],[31.1015775,1.584502],[31.1023124,1.5842849],[31.1029508,1.5840677],[31.1035569,1.5838585],[31.1039995,1.5837245],[31.1042919,1.5836414],[31.1046701,1.5835529],[31.1050778,1.5834296],[31.1053701,1.5833196],[31.1055793,1.5832767],[31.1058127,1.5832714],[31.1059763,1.5832633],[31.1061694,1.5832043],[31.106679,1.5830247],[31.1069821,1.5829496],[31.1071967,1.5828772],[31.107599,1.582778],[31.1079477,1.582703],[31.1082562,1.5826413],[31.1087899,1.5824509],[31.1092486,1.5823356],[31.1096187,1.5822177],[31.1101713,1.5820756],[31.110984,1.5817887],[31.1117135,1.58155],[31.1124887,1.5813382],[31.1131271,1.5811908],[31.1136984,1.5810808],[31.1143153,1.58092],[31.1148034,1.5808288],[31.1152675,1.580743],[31.1156805,1.5806465],[31.1160909,1.5805553],[31.1165844,1.5804561],[31.1170485,1.5803971],[31.1175232,1.5803301],[31.1179363,1.580314],[31.1184378,1.5803435],[31.1187677,1.5803462],[31.1190494,1.5803408],[31.1193525,1.5803757],[31.1196529,1.580373],[31.1199479,1.5804159],[31.1201598,1.5804266],[31.1204078,1.5804204],[31.1207365,1.5804427],[31.1210128,1.5804722],[31.1212273,1.5805097],[31.1213775,1.5805768],[31.121568,1.5806787],[31.1216806,1.5807216],[31.1218898,1.580751],[31.1221581,1.5807591],[31.1224263,1.5807993],[31.1226382,1.5808663],[31.1227911,1.5809521],[31.1229869,1.5810889],[31.1231076,1.5812042],[31.1232363,1.5813061],[31.1233731,1.5814026],[31.1235206,1.5815407],[31.1237017,1.5816667],[31.1238505,1.5817471],[31.1240128,1.5818048],[31.1241576,1.5818771],[31.1242918,1.5819576],[31.1244379,1.5820809],[31.1245332,1.5821466],[31.1246391,1.5821895],[31.1248081,1.5822378],[31.1249865,1.5823021],[31.1251729,1.5823919],[31.1253164,1.5824549],[31.1254934,1.5825582],[31.1256235,1.5826265],[31.1257549,1.5826775],[31.1258582,1.5827257],[31.1259373,1.5827807],[31.1260741,1.5829282],[31.1261398,1.5829791],[31.1262243,1.5830126],[31.1264925,1.5830515],[31.1267996,1.5830797],[31.1269941,1.5831239],[31.1271295,1.5831668],[31.1272677,1.5831869],[31.1274098,1.5831909],[31.127505,1.5832137],[31.1276512,1.5832566],[31.1278081,1.5832821],[31.1280147,1.5832968],[31.1282118,1.5833397],[31.1283986,1.5834017],[31.1286021,1.5835221],[31.1287387,1.5836237],[31.1290326,1.5839081],[31.1291197,1.5840261],[31.1292445,1.5841414],[31.1294201,1.5842875],[31.1295435,1.5843438],[31.1297071,1.584376],[31.1298506,1.5843774],[31.130489,1.584321],[31.1307988,1.5842755],[31.1317,1.584124],[31.132148,1.5840784],[31.1326079,1.5840583],[31.1329861,1.5840811],[31.1333697,1.584136],[31.1335092,1.5841441],[31.1339477,1.5841401],[31.1342387,1.5841776],[31.1344721,1.5842446],[31.1346652,1.5842942],[31.134983,1.584435],[31.1353009,1.5845838],[31.1357203,1.584845],[31.136017,1.5850785],[31.1362169,1.5852514],[31.1363241,1.5854042],[31.1364274,1.5855959],[31.1364904,1.5856804],[31.1365991,1.5857528],[31.1367117,1.5858453],[31.1368002,1.5859539],[31.1368968,1.5861014],[31.1370001,1.5863158],[31.1370711,1.5864486],[31.1371476,1.5865437],[31.1372428,1.5866215],[31.1373447,1.5866483],[31.1378034,1.5866295],[31.1382433,1.5865907],[31.1385517,1.5865679],[31.1388307,1.5865799],[31.1390455,1.5866267],[31.1392236,1.5866362],[31.1393752,1.5866148],[31.1396461,1.5865491],[31.1400135,1.5865022],[31.1402469,1.5864982],[31.1407914,1.5864566],[31.141183,1.586403],[31.1414847,1.5863949],[31.1417704,1.5863842],[31.1420735,1.5864043],[31.1424114,1.5864244],[31.142744,1.5864647],[31.1430565,1.5865277],[31.1434508,1.5866202],[31.1437914,1.5867408],[31.1441334,1.5868682],[31.1443668,1.5869566],[31.1445398,1.5870532],[31.1446564,1.5871537],[31.1447382,1.5872033],[31.1448603,1.5872382],[31.145036,1.5872703],[31.1451875,1.5873199],[31.1453471,1.5874259],[31.1455107,1.5875492],[31.1457937,1.5878079],[31.1460031,1.5879608],[31.1461974,1.588123],[31.1463046,1.5882155],[31.1463999,1.5883334],[31.1464897,1.5885198],[31.1465474,1.58869],[31.1466735,1.5889152],[31.1468089,1.5890815],[31.1469377,1.5891914],[31.1470436,1.5892504],[31.1471697,1.5892893],[31.1473521,1.5893643],[31.1475157,1.5894555],[31.1477799,1.5896016],[31.1479877,1.5897719],[31.148087,1.5898657],[31.1481379,1.5899287],[31.1481674,1.5900253],[31.1481701,1.5902263],[31.1482117,1.590343],[31.1483311,1.5904797],[31.1484383,1.5906165],[31.1485403,1.5906701],[31.1487414,1.5907036],[31.1489091,1.5907572],[31.1490526,1.5908242],[31.1491961,1.5909275],[31.1493235,1.5909851],[31.1494616,1.5910414],[31.1496252,1.5910977],[31.1497271,1.5911513],[31.1498706,1.5912439],[31.1499685,1.5912707],[31.1501335,1.5912881],[31.1503789,1.5913095],[31.1505922,1.5913296],[31.1508027,1.5913685],[31.1510441,1.5914409],[31.1512345,1.5915106],[31.1514471,1.5916271],[31.151708,1.5918056],[31.1518716,1.5919048],[31.1520338,1.5920402],[31.1521666,1.5921916],[31.1522726,1.5923029],[31.1523799,1.5923994],[31.1524898,1.5924557],[31.152636,1.5924973],[31.152809,1.5925657],[31.1529445,1.5926327],[31.1530786,1.5927198],[31.1531993,1.5928204],[31.1533656,1.5929947],[31.1534769,1.5930858],[31.1536284,1.5932078],[31.1537143,1.5933124],[31.1538028,1.5934679],[31.1539315,1.5936341],[31.1540871,1.5938071],[31.1541273,1.5938861],[31.1541447,1.5939934],[31.1541501,1.5941502],[31.1541675,1.5942253],[31.1542051,1.5943138],[31.1543473,1.5945042],[31.1544612,1.5946396],[31.1545136,1.5947294],[31.1545846,1.5949077],[31.154649,1.5950122],[31.154763,1.595157],[31.154818,1.5952991],[31.1549078,1.5954506],[31.1549977,1.5956302],[31.1550942,1.5957925],[31.1551264,1.5959198],[31.1551331,1.5960552],[31.1551398,1.5961772],[31.1551559,1.5962536],[31.1551921,1.5962938],[31.1552941,1.5963166],[31.1554523,1.5963394],[31.1555998,1.5964118],[31.155734,1.5965164],[31.1559298,1.5966343],[31.1561054,1.596818],[31.1562369,1.5970231],[31.1563321,1.5971009],[31.1564193,1.5971572],[31.1565721,1.5972322],[31.1566969,1.5973087],[31.1567773,1.5973314],[31.1569182,1.5973314],[31.157067,1.5972939],[31.1573004,1.5972028],[31.157941,1.5970421],[31.1592126,1.5968455],[31.1600189,1.5967939],[31.1603556,1.5968194],[31.160599,1.5969184],[31.1606952,1.5970428],[31.1607772,1.5972125],[31.1609351,1.5974249],[31.1611479,1.5975123],[31.1616261,1.5976736],[31.1618751,1.597815],[31.1620251,1.5979819],[31.1621524,1.598078],[31.1622396,1.598224],[31.1625823,1.5987712],[31.1627463,1.599098],[31.1627819,1.5992378],[31.1627565,1.5993651],[31.1627648,1.5996719],[31.1628357,1.5998318],[31.1629347,1.5999237],[31.1632679,1.6000919],[31.1640015,1.6003593],[31.1643297,1.6004329],[31.1646002,1.6005727],[31.1648914,1.6007963],[31.1652522,1.6010212],[31.1657059,1.6012525],[31.1658939,1.6014238],[31.1660714,1.6016399],[31.1661593,1.6018217],[31.1662568,1.6020993],[31.1662698,1.6022085],[31.1662242,1.6023369],[31.1662356,1.6024627],[31.1664387,1.6028386],[31.166502,1.6029269],[31.1665754,1.6030986],[31.1666935,1.6032675],[31.1668034,1.6033641],[31.1669644,1.6034928],[31.167128,1.6036268],[31.1672567,1.6037636],[31.1673908,1.6039915],[31.1675384,1.6043025],[31.1676081,1.6044124],[31.167702,1.6044821],[31.1678924,1.6046001],[31.1680828,1.6047475],[31.1683162,1.6048333],[31.1684664,1.6049138],[31.1686354,1.6050103],[31.1687775,1.6051015],[31.1690779,1.6052141],[31.1692952,1.6052677],[31.1694213,1.6052677],[31.1696788,1.6052355],[31.1698504,1.6052436],[31.1701079,1.6052891],[31.170372,1.6053419],[31.1704825,1.6054138],[31.1705827,1.6055626],[31.1706685,1.6056216],[31.1709072,1.6056699],[31.1713122,1.6058039],[31.1715429,1.6059004],[31.171743,1.6060272],[31.1719345,1.606198],[31.1720498,1.6063804],[31.1721491,1.6065117],[31.1722959,1.6066351],[31.1725253,1.6068479],[31.1726923,1.6070425],[31.1732059,1.607847],[31.1734339,1.6082786],[31.1735544,1.6086204],[31.1737638,1.6092465],[31.1739166,1.6095254],[31.1741741,1.6098015],[31.1744826,1.6102895],[31.174665,1.6106059],[31.1747884,1.610941],[31.1748554,1.6112467],[31.1748662,1.6114665],[31.1748527,1.611614],[31.1748608,1.6116971],[31.1749117,1.6117427],[31.1750968,1.6118151],[31.1752712,1.6119277],[31.1754696,1.6121234],[31.1756145,1.6122628],[31.1757164,1.6124451],[31.175754,1.6125517],[31.1757808,1.6126274],[31.1758452,1.6127052],[31.1759873,1.6127427],[31.1760946,1.6127159],[31.1762958,1.6126891],[31.1764647,1.6126972],[31.1767115,1.6127615],[31.176969,1.6128607],[31.1771836,1.6129251],[31.177492,1.6129894],[31.177771,1.6130752],[31.178058,1.6131985],[31.1782591,1.6133353],[31.1784013,1.6134801],[31.1785381,1.6136651],[31.1787634,1.6140538],[31.1789968,1.6143219],[31.1792086,1.6146517],[31.1794447,1.614885],[31.1796941,1.6150861],[31.1800079,1.615322],[31.1802815,1.6154185],[31.1805605,1.6154668],[31.1810406,1.6155258],[31.1815153,1.6156035],[31.1817071,1.6156665],[31.1818828,1.6157027],[31.1819807,1.6157134],[31.1820934,1.6157134],[31.1822476,1.6156907],[31.1824997,1.6156209],[31.1827518,1.6155901],[31.1829879,1.615574],[31.1831944,1.6155673],[31.1834439,1.6155848],[31.1836846,1.6156826],[31.1839368,1.6158026],[31.1842592,1.6160043],[31.1847192,1.6164146],[31.1849378,1.6165895],[31.1850371,1.6166518],[31.1851893,1.6167269],[31.1853207,1.6167758],[31.1854233,1.6167886],[31.1856983,1.6167832],[31.1859169,1.6168087],[31.1860644,1.6168623],[31.1863004,1.6170058],[31.1866209,1.6172055],[31.1868234,1.6173717],[31.1870286,1.6175406],[31.1872419,1.6177096],[31.1873827,1.6178651],[31.1874752,1.6179482],[31.1876482,1.6180541],[31.1877957,1.618164],[31.1879889,1.6183088],[31.1882148,1.6185099],[31.1885508,1.6188397],[31.1888015,1.6190032],[31.1890147,1.6191829],[31.189519,1.6195823],[31.1900474,1.6199926],[31.1904899,1.6203652],[31.1908493,1.6206092],[31.1910425,1.6208264],[31.1912222,1.6210623],[31.1915789,1.6213519],[31.1918444,1.6216066],[31.1921636,1.6219015],[31.192464,1.6220812],[31.1928127,1.6222581],[31.1932177,1.6225611],[31.1936871,1.6229901],[31.193958,1.623285],[31.194127,1.6235638],[31.1942021,1.6236148],[31.1943684,1.6236791],[31.1945374,1.6237542],[31.1948753,1.623966],[31.195224,1.6242288],[31.1955459,1.6244995],[31.1961923,1.6249232],[31.1974219,1.6257299],[31.197697,1.6259742],[31.1979116,1.6262182],[31.198035,1.6263147],[31.1983676,1.6264541],[31.1986492,1.626623],[31.1989013,1.6268804],[31.199183,1.6272423],[31.199419,1.6275265],[31.1998642,1.6278644],[31.2009103,1.6286044],[31.2015808,1.6294087],[31.202289,1.6299664],[31.2029354,1.6304838],[31.2037803,1.6310093],[31.2048263,1.6318163],[31.205808,1.6325295],[31.2069667,1.6335644],[31.2083776,1.6348246],[31.2089569,1.635393],[31.2095309,1.6358863],[31.2101693,1.6363367],[31.2114138,1.6372697],[31.2120951,1.6377416],[31.2127764,1.6382778],[31.2136562,1.6390929],[31.2143321,1.6396077],[31.2149141,1.6399535],[31.2153379,1.6402042],[31.2156557,1.640471],[31.2159065,1.6407016],[31.2161573,1.6408852],[31.2163987,1.64103],[31.2167192,1.6411721],[31.2169942,1.6412981],[31.2171712,1.6414322],[31.2172892,1.6415917],[31.2173791,1.6417526],[31.2174086,1.6418625],[31.2174267,1.6420079],[31.2174528,1.6420796],[31.2176486,1.6423062],[31.2178914,1.6425891],[31.2180805,1.6428438],[31.2181582,1.6429617],[31.2182347,1.6431709],[31.2183862,1.6436695],[31.2184587,1.6438639],[31.2185378,1.6440369],[31.2186276,1.6441588],[31.2188476,1.6444162],[31.2190796,1.6447004],[31.2192083,1.6449029],[31.2193639,1.6451616],[31.2194444,1.6452393],[31.2195208,1.6452822],[31.2196442,1.6453184],[31.2199231,1.6454404],[31.2201163,1.6455115],[31.2203222,1.6455622],[31.220697,1.6456321],[31.2210041,1.6457018],[31.221279,1.6457823],[31.2214614,1.6458613],[31.2216317,1.6459833],[31.2218369,1.6460973],[31.2219804,1.6462139],[31.2221561,1.6463842],[31.2223157,1.6465504],[31.2225343,1.6468064],[31.2227381,1.6470075],[31.2229661,1.6471818],[31.2232638,1.6473668],[31.2234999,1.6475303],[31.2237869,1.6477797],[31.2240336,1.6480666],[31.2242133,1.648332],[31.2243233,1.6485331],[31.2244038,1.6487422],[31.2244306,1.6489299],[31.2244239,1.6490505],[31.2243984,1.6491953],[31.2243501,1.6493253],[31.2242831,1.6494353],[31.2242308,1.6494862],[31.2241972,1.6495358],[31.2241785,1.6495908],[31.2241865,1.6496698],[31.224208,1.6497489],[31.2243018,1.6498736],[31.2243904,1.6499742],[31.2245178,1.6500707],[31.2245821,1.6501632],[31.2246197,1.6503281],[31.2246452,1.6504219],[31.224672,1.6504862],[31.2248141,1.6507088],[31.2249979,1.6509192],[31.2251159,1.6510318],[31.2252098,1.6510814],[31.2253224,1.6510948],[31.2254498,1.6511109],[31.225588,1.6511364],[31.2258978,1.6511739],[31.2262236,1.6511994],[31.2268741,1.6512557],[31.2271048,1.6512678],[31.2273703,1.6513281],[31.2277726,1.65143],[31.2281155,1.6515435],[31.2283024,1.6516565],[31.2284673,1.6517705],[31.2287034,1.6518871],[31.2289595,1.6520386],[31.2291929,1.6521887],[31.2294275,1.6523563],[31.2298808,1.6527343],[31.2304039,1.6531928],[31.2308089,1.6535253],[31.2311831,1.6538885],[31.2314499,1.6541634],[31.2316672,1.6543296],[31.231871,1.6544824],[31.2319864,1.6546191],[31.2320963,1.6548149],[31.2322385,1.6549999],[31.2325309,1.6552505],[31.2329131,1.6555575],[31.2332443,1.6557921],[31.2336373,1.6560897],[31.2339954,1.6563833],[31.2341858,1.6565844],[31.2342944,1.6567975],[31.2344379,1.6571501],[31.2345211,1.6574209],[31.2345667,1.6576997],[31.2346123,1.6584343],[31.2346847,1.6585845],[31.2348644,1.6587427],[31.2352479,1.6590349],[31.2357737,1.6595202],[31.236117,1.6598339],[31.2364227,1.6600966],[31.2365783,1.6603057],[31.236699,1.6606462],[31.2367822,1.6609733],[31.2368304,1.6613835],[31.2368036,1.6622227],[31.2367366,1.6632925],[31.2366185,1.6648073],[31.2366051,1.6651746],[31.2365542,1.66544],[31.2365461,1.6655848],[31.2365649,1.6658154],[31.2366051,1.6659333],[31.2367392,1.6662497],[31.2368009,1.6664427],[31.2369806,1.6667564],[31.2370906,1.6670004],[31.2371979,1.6672926],[31.2373481,1.667542],[31.2375493,1.6677699],[31.2378658,1.6680969],[31.238126,1.6684147],[31.2381903,1.668546],[31.2382171,1.6686854],[31.2382413,1.6688718],[31.2382855,1.6689871],[31.2383754,1.6691265],[31.2384518,1.6692176],[31.2386007,1.6693115],[31.2386986,1.6694281],[31.2387858,1.669589],[31.2388394,1.6698303],[31.2388823,1.6698745],[31.2389494,1.6698919],[31.2390875,1.6699067],[31.2392176,1.6699228],[31.2393544,1.6699536],[31.2394805,1.6700112],[31.2395878,1.6701077],[31.2397111,1.6702177],[31.2398479,1.6702874],[31.2402234,1.6704241],[31.2405775,1.6705984],[31.2413822,1.6711373],[31.2414894,1.6711802],[31.2416638,1.6711882],[31.2419964,1.671215],[31.2424228,1.671325],[31.2425784,1.6713786],[31.2427501,1.6713705],[31.2432356,1.6712874],[31.2442977,1.6711587],[31.2452311,1.6711506],[31.246642,1.6711534],[31.2475754,1.6712821],[31.2480689,1.6714081],[31.2484739,1.6715823],[31.2489862,1.671947],[31.2492383,1.6722526],[31.2493229,1.6724081],[31.2493363,1.6725971],[31.2493885,1.6728264],[31.2494663,1.673132],[31.2496702,1.6734752],[31.2500484,1.6739524],[31.2502388,1.6741803],[31.2504883,1.6744269],[31.250668,1.6746093],[31.250845,1.6748693],[31.2509255,1.6750731],[31.2510046,1.6752246],[31.2510368,1.6753774],[31.251026,1.6755275],[31.2510515,1.6756763],[31.2511119,1.6757822],[31.2511293,1.6758694],[31.2511132,1.6760369],[31.2511078,1.6762246],[31.2511414,1.6763519],[31.2512272,1.6765262],[31.2512554,1.676671],[31.2513023,1.6768412],[31.2513559,1.6770343],[31.2513559,1.6771268],[31.2513318,1.6772246],[31.2512728,1.6773185],[31.2512326,1.677419],[31.2512138,1.6775142],[31.2512218,1.6775946],[31.2512406,1.6776657],[31.2512889,1.67773],[31.251368,1.6777555],[31.2514579,1.6777488],[31.2515357,1.6777112],[31.2515906,1.6776898],[31.2516483,1.6776965],[31.2517274,1.6777314],[31.2518133,1.677797],[31.2519474,1.6779378],[31.2520868,1.6780504],[31.25217,1.6781617],[31.2522558,1.6782971],[31.2523189,1.6783681],[31.2524597,1.6784753],[31.2526032,1.6785451],[31.2527024,1.6786081],[31.2528164,1.6787233],[31.2528875,1.6787756],[31.2529733,1.6787944],[31.2531115,1.6788158],[31.2532281,1.6788668],[31.2533917,1.6789445],[31.2535621,1.6790035],[31.2536922,1.6790169],[31.2538088,1.6790196],[31.2539309,1.6789941],[31.2540489,1.6789727],[31.2541817,1.6789928],[31.2544257,1.6790839],[31.2545277,1.6790947],[31.2547637,1.6790732],[31.2551204,1.6790759],[31.256365,1.6790839],[31.2572286,1.6791188],[31.2580735,1.679226],[31.258618,1.6793279],[31.2589828,1.6793708],[31.2593664,1.679462],[31.2598572,1.6796282],[31.2601871,1.6798186],[31.260686,1.6801966],[31.2609569,1.680454],[31.2611259,1.6806148],[31.2612949,1.6807569],[31.2614478,1.680824],[31.2617106,1.6809473],[31.262129,1.6812502],[31.2624563,1.6815773],[31.2626708,1.6819178],[31.2629283,1.6825425],[31.2631322,1.6830573],[31.2632958,1.6835265],[31.2634085,1.6838133],[31.2635345,1.6839728],[31.263733,1.6840788],[31.2640294,1.6841511],[31.2642681,1.6841793],[31.26448,1.684186],[31.2646879,1.6842155],[31.2649266,1.684308],[31.2651586,1.684371],[31.2654523,1.6844058],[31.2658493,1.6844916],[31.266257,1.6845882],[31.2665654,1.6846471],[31.2669624,1.684741],[31.2680704,1.6850727],[31.2684912,1.6852772],[31.2688453,1.6855587],[31.2691672,1.6859099],[31.2693603,1.6862102],[31.2694837,1.6863094],[31.269658,1.6863469],[31.2698726,1.6863898],[31.2703017,1.6865265],[31.2705941,1.6866606],[31.2709079,1.6868241],[31.271388,1.6871217],[31.2716938,1.6873764],[31.271962,1.6876687],[31.2722356,1.6879502],[31.2725011,1.6881486],[31.2727318,1.6882424],[31.2729973,1.6883094],[31.2732441,1.6883952],[31.2736491,1.688607],[31.2739388,1.6888671],[31.2742714,1.6892773],[31.2745503,1.6895588],[31.2746737,1.6897492],[31.2747757,1.6900012],[31.2748615,1.6902693],[31.2749607,1.6908269],[31.2750331,1.6910629],[31.2751163,1.6911889],[31.2752558,1.6912854],[31.275473,1.6913497],[31.2757171,1.6913524],[31.2759022,1.6913015],[31.2760631,1.6912747],[31.2762026,1.69128],[31.2764306,1.6913551],[31.2766908,1.6914221],[31.2770582,1.6914999],[31.2775115,1.6916447],[31.2777261,1.6917573],[31.2779326,1.691902],[31.2782974,1.6922667],[31.2784932,1.6924624],[31.2787534,1.6926661],[31.2789706,1.6928055],[31.2794011,1.6930951],[31.2796586,1.6933096],[31.279947,1.6936125],[31.2801133,1.6938404],[31.2802554,1.6940683],[31.2803654,1.694315],[31.2804539,1.6944356],[31.2805639,1.6945348],[31.2806497,1.6945724],[31.281103,1.6946206],[31.2814088,1.6947171],[31.2817065,1.6948485],[31.2821115,1.6950737],[31.2826479,1.6954785],[31.2832166,1.6959745],[31.2836377,1.6964759],[31.2839086,1.6968539],[31.2841017,1.6971837],[31.284217,1.6975161],[31.2843833,1.6979424],[31.2845201,1.6983499],[31.2845952,1.6985188],[31.2846864,1.69861],[31.2847883,1.6986958],[31.2849332,1.6987923],[31.285196,1.6989022],[31.2854052,1.6990443],[31.2855715,1.6992293],[31.2857513,1.6994706],[31.2858612,1.6997387],[31.2860356,1.7000417],[31.2861616,1.7001945],[31.2862743,1.7002749],[31.286564,1.7004009],[31.2868027,1.7005216],[31.2869582,1.7006342],[31.2871326,1.7008352],[31.287315,1.7009854],[31.2876556,1.7012186],[31.2878756,1.7014706],[31.2882135,1.7018808],[31.2885166,1.70235],[31.2887178,1.7027683],[31.2888063,1.7030793],[31.288868,1.7034734],[31.2888921,1.7039962],[31.2889189,1.7041624],[31.2890128,1.70446],[31.2891067,1.7048353],[31.2891389,1.7051008],[31.2891389,1.7056101],[31.289163,1.7058997],[31.2892274,1.7060981],[31.2893588,1.7062697],[31.289611,1.7065056],[31.2899087,1.7067496],[31.290142,1.7069158],[31.2903003,1.7071303],[31.2904585,1.7072536],[31.2905765,1.7073206],[31.2907133,1.7073689],[31.2908904,1.7073957],[31.2911264,1.7073957],[31.2912686,1.7074198],[31.2913919,1.7074627],[31.2919901,1.7076048],[31.2924246,1.707696],[31.2927947,1.7077362],[31.2930442,1.7077603],[31.293358,1.7078676],[31.2936343,1.7079346],[31.2940902,1.7080231],[31.2943611,1.7080552],[31.2945516,1.7081223],[31.2946991,1.7082617],[31.2948869,1.7083823],[31.2951443,1.7084922],[31.2954287,1.708578],[31.2956245,1.7086558],[31.2959061,1.7088086],[31.2962146,1.7089641],[31.2967403,1.7093046],[31.2973572,1.7096397],[31.2977045,1.709873],[31.2978882,1.7100392],[31.2980438,1.7102215],[31.2982262,1.7104333],[31.2984757,1.7106853],[31.2986875,1.71094],[31.2988002,1.7111652],[31.2988941,1.7114038],[31.2989906,1.7116478],[31.2990577,1.711755],[31.2991811,1.7118489],[31.2992884,1.711881],[31.2993876,1.7119588],[31.2994627,1.712066],[31.2995137,1.7122349],[31.2996049,1.7125379],[31.2996961,1.7127068],[31.2998114,1.7129079],[31.2998838,1.7132242],[31.2999321,1.713377],[31.3000126,1.7135004],[31.3002271,1.713688],[31.3003666,1.7138596],[31.3004337,1.7140071],[31.300498,1.7142296],[31.3005731,1.7143637],[31.3006992,1.7144709],[31.3008031,1.7145185],[31.3008843,1.7145761],[31.3009513,1.7146773],[31.301064,1.714865],[31.3011176,1.7149615],[31.3012383,1.7151251],[31.3013188,1.7152913],[31.30141,1.7155808],[31.3014985,1.7160205],[31.3015602,1.7164093],[31.3016192,1.7167337],[31.301705,1.7171385],[31.3017345,1.7175246],[31.3017506,1.7176908],[31.3017935,1.7178141],[31.301933,1.7181439],[31.3019893,1.7184254],[31.302043,1.7197659],[31.3020349,1.7202243],[31.302051,1.7204335],[31.3021154,1.7206828],[31.3021691,1.7210983],[31.3022093,1.7214281],[31.3022281,1.7216077],[31.302279,1.721841],[31.3023488,1.722152],[31.3024534,1.7226506],[31.3024695,1.7229429],[31.3024882,1.7230447],[31.3025499,1.7232271],[31.3025875,1.7234013],[31.3026331,1.723538],[31.3028021,1.7237847],[31.3028637,1.7239777],[31.3029496,1.7244174],[31.303022,1.7245836],[31.303132,1.7247579],[31.3032393,1.7249563],[31.3032849,1.7251466],[31.3033439,1.7261694],[31.3033439,1.7265354],[31.303364,1.7267606],[31.3033586,1.7272754],[31.3033197,1.7278786],[31.3033439,1.7282713],[31.3033868,1.7285998],[31.3034404,1.7289885],[31.3035115,1.7292968],[31.3035987,1.7294818],[31.3037207,1.729644],[31.303887,1.7298089],[31.3040788,1.7299443],[31.3042813,1.7300515],[31.3044811,1.7302231],[31.3047359,1.7303813],[31.3049036,1.7304711],[31.3050605,1.7305046],[31.3052321,1.730526],[31.3054414,1.7305193],[31.3056828,1.7305609],[31.3058772,1.730644],[31.306069,1.7308009],[31.3062741,1.7310193],[31.3065276,1.7313773],[31.3066913,1.7315783],[31.3068334,1.7318518],[31.3069595,1.7321199],[31.3072089,1.7323826],[31.3074725,1.7327539],[31.3078178,1.7332218],[31.3078983,1.7334068],[31.3079667,1.7336172],[31.3080109,1.7338049],[31.3080605,1.7339416],[31.3081759,1.7341467],[31.3083006,1.7343853],[31.3084025,1.7346494],[31.3085085,1.7348759],[31.3086305,1.7352379],[31.3087244,1.7356159],[31.3087914,1.7361119],[31.3088799,1.7366454],[31.3089685,1.736892],[31.309116,1.737262],[31.3093413,1.7377473],[31.3094137,1.7380636],[31.3094647,1.7384282],[31.309529,1.7386695],[31.3096068,1.7388572],[31.3096551,1.7390502],[31.3097087,1.7393317],[31.3097731,1.7396347],[31.3098589,1.7398974],[31.3100038,1.7402433],[31.3100896,1.7404631],[31.3102398,1.7407312],[31.3103364,1.7408572],[31.3105429,1.7410288],[31.3106609,1.7412138],[31.3108085,1.7415489],[31.3109238,1.741758],[31.3110364,1.7420207],[31.3110954,1.742254],[31.3111384,1.7425194],[31.3112135,1.7426803],[31.3113368,1.7428545],[31.3114924,1.7430663],[31.3116158,1.7432781],[31.3117553,1.7435087],[31.3119725,1.7437929],[31.3122542,1.7442138],[31.3124848,1.744565],[31.3126833,1.7448331],[31.3128308,1.7450154],[31.3129757,1.7451977],[31.3130615,1.7453478],[31.3131554,1.7456106],[31.3132546,1.7458304],[31.3133968,1.7460368],[31.3135577,1.746262],[31.313665,1.7464551],[31.3137937,1.7466829],[31.3139815,1.7469323],[31.3142524,1.7472004],[31.3144321,1.7473773],[31.3145179,1.747506],[31.314577,1.74764],[31.3146413,1.747758],[31.3147459,1.7478411],[31.3149256,1.7479028],[31.3151,1.7479886],[31.3152609,1.7481119],[31.3154326,1.7483022],[31.3155506,1.748388],[31.3157652,1.7485006],[31.3158698,1.7485971],[31.3159958,1.748766],[31.3160709,1.7488786],[31.3161514,1.7489323],[31.3163123,1.749002],[31.3164465,1.749128],[31.3166074,1.7494148],[31.31672,1.7496615],[31.3168273,1.7498331],[31.3169212,1.7500315],[31.317007,1.7502486],[31.3171465,1.750439],[31.3172887,1.7506937],[31.3173986,1.7510395],[31.3175113,1.7514685],[31.3175529,1.7516923],[31.3176052,1.7519912],[31.3176642,1.7523357],[31.3176977,1.7524819],[31.3177433,1.7526172],[31.3178466,1.7528398],[31.3180102,1.7532245],[31.3182167,1.7535998],[31.3183481,1.7537768],[31.3187129,1.7542808],[31.3190562,1.7548062],[31.3192976,1.7553746],[31.3195444,1.7560073],[31.3196785,1.7566615],[31.3197697,1.7569832],[31.319995,1.7575033],[31.3201184,1.7579376],[31.3203759,1.7589724],[31.3205744,1.7599376],[31.3208158,1.76064],[31.3211108,1.761514],[31.3212664,1.7624416],[31.3213844,1.7636266],[31.3214005,1.7645515],[31.3213522,1.765707],[31.3213415,1.7666614],[31.3212664,1.7676453],[31.3212315,1.7686077],[31.321151,1.7693986],[31.321092,1.7700956],[31.3211189,1.7705675],[31.3210625,1.7712779],[31.3209606,1.7722163],[31.3209177,1.773235],[31.3209284,1.7737658],[31.3210572,1.774302],[31.3210733,1.7746773],[31.3210947,1.7751572],[31.3211323,1.7754977],[31.3211215,1.7760473],[31.3210974,1.7764119],[31.3211296,1.7766961],[31.3211618,1.7770473],[31.3211806,1.777621],[31.3211832,1.7783288],[31.3211618,1.7791009],[31.321033,1.7805217],[31.3209499,1.7820365],[31.3208775,1.7830016],[31.3207648,1.7840954],[31.3206924,1.7850713],[31.3205824,1.7860712],[31.3205529,1.7867656],[31.3204939,1.7875109],[31.3204912,1.7881918],[31.3204698,1.7887334],[31.3204295,1.7893741],[31.3204027,1.7899505],[31.320341,1.7903178],[31.3203222,1.7905108],[31.3203357,1.790795],[31.3202713,1.7916341],[31.3202752,1.7922244],[31.3202713,1.7926609],[31.3202981,1.7931166],[31.3202874,1.7933204],[31.3202632,1.7935724],[31.3202579,1.7937627],[31.3202847,1.7939879],[31.3202932,1.7943842],[31.3202606,1.7947413],[31.3202284,1.7950791],[31.3202257,1.7953766],[31.3202471,1.7957037],[31.3202015,1.7964999],[31.3201774,1.7971165],[31.3201211,1.7979878],[31.3200393,1.7987867],[31.3199776,1.7993015],[31.3199266,1.7999824],[31.3198327,1.8005119],[31.3197643,1.8009328],[31.3197121,1.8012009],[31.3197139,1.8012681],[31.3199846,1.8012858],[31.3200876,1.8013148],[31.3201264,1.8013403],[31.3201627,1.8014059],[31.3202498,1.8014917],[31.3204,1.8015802],[31.3204416,1.8016325],[31.3204671,1.8017116],[31.3204805,1.8018161],[31.3204926,1.8019528],[31.3205046,1.8024997],[31.3204671,1.8032129],[31.3203705,1.8042262],[31.3203571,1.8051458],[31.3202901,1.8062154],[31.3202632,1.8073789],[31.3203008,1.8081618],[31.3203062,1.8089902],[31.3203678,1.8101134],[31.3204161,1.8105906],[31.3203196,1.8114726],[31.3203035,1.8118774],[31.3203518,1.8121777],[31.3203732,1.8125825],[31.3203518,1.8131589],[31.3203625,1.8135771],[31.3203652,1.8139042],[31.3203786,1.8142688],[31.3203652,1.8148237],[31.3203035,1.8154537],[31.320282,1.8164885],[31.3202954,1.8176145],[31.3203652,1.8184134],[31.3204349,1.8198289],[31.3203759,1.8205366],[31.3203719,1.8215643],[31.3204403,1.8229387],[31.3204295,1.8236143],[31.3204134,1.8246544],[31.3204671,1.825448],[31.3205797,1.8258983],[31.3207514,1.8263326],[31.3208104,1.8266919],[31.320864,1.8273031],[31.320907,1.8280484],[31.3210196,1.8290403],[31.3211913,1.8301716],[31.321379,1.8309705],[31.3215614,1.8312707],[31.3219101,1.831512],[31.3220818,1.8317104],[31.322409,1.83252],[31.3225646,1.8327774],[31.3227362,1.8329007],[31.3228382,1.8328739],[31.3229079,1.8326809],[31.3230152,1.8323002],[31.3231386,1.8319731],[31.3231868,1.8317372],[31.3231922,1.8314852],[31.3231332,1.8312118],[31.322983,1.8309759],[31.3227952,1.830874],[31.3226397,1.8308847],[31.322468,1.8310724],[31.3223554,1.8312815],[31.3222481,1.8313512],[31.3221032,1.8313619],[31.3218565,1.83126],[31.3216365,1.831067],[31.3214863,1.8306542],[31.3215239,1.8298767],[31.3217063,1.8292762],[31.321776,1.8285041],[31.3217814,1.8278393],[31.3217814,1.8270565],[31.321776,1.8265257],[31.3216687,1.8259895],[31.3216473,1.8255874],[31.3217009,1.8251423],[31.3218457,1.8246115],[31.3221515,1.8240485],[31.322527,1.8235392],[31.3227979,1.8232497],[31.3230903,1.8229628],[31.3235677,1.8226625],[31.3242356,1.8223301],[31.3246782,1.8220567],[31.3248874,1.8218288],[31.3250671,1.8215661],[31.3252387,1.821416],[31.325633,1.8212685],[31.3259737,1.8211505],[31.3262928,1.8209843],[31.3266737,1.8207511],[31.3272906,1.8203382],[31.3279397,1.8198396],[31.3284332,1.8194053],[31.3295222,1.8186761],[31.33133,1.8177271],[31.3325263,1.8171105],[31.3336582,1.8166923],[31.3352192,1.8162634],[31.3397468,1.8152821],[31.3409109,1.8151481],[31.3427723,1.8152178],[31.3446392,1.8152714],[31.3473634,1.8155308],[31.3479824,1.8156251],[31.3487399,1.8156784],[31.3487923,1.815682],[31.3512427,1.8157862],[31.3532008,1.816065],[31.3544936,1.8163062],[31.3559044,1.8166065],[31.3560868,1.8168531],[31.3559903,1.8171963],[31.3558927,1.8172323],[31.3554967,1.8173786],[31.3530076,1.8176145],[31.3505293,1.817711],[31.3499392,1.8178397],[31.3498186,1.8180949],[31.3501001,1.8181828],[31.3528896,1.8181078],[31.3571061,1.8185474],[31.3602281,1.819223],[31.3625178,1.8198865],[31.3655282,1.8211854],[31.3680173,1.8224937],[31.3693047,1.8234695],[31.3701864,1.8243941],[31.3717295,1.8265042],[31.3727165,1.8280805],[31.3739772,1.8305898],[31.3748355,1.8323806],[31.3752271,1.8334637],[31.3755489,1.834418],[31.3759352,1.8356137],[31.3762349,1.8365088],[31.3763643,1.8368951],[31.3764227,1.8370323],[31.3765785,1.8373988],[31.3766223,1.8375018],[31.3768203,1.8379675],[31.3770194,1.8385043],[31.3772977,1.8392543],[31.3775191,1.8398424],[31.3777902,1.8405628],[31.3779666,1.8406918],[31.3781569,1.8411974],[31.3781292,1.8414633],[31.3783509,1.841749],[31.3783454,1.8421092],[31.3785037,1.8422055],[31.3784316,1.8423668],[31.3789315,1.8434837],[31.3791467,1.8441264],[31.3791163,1.8444122],[31.3792975,1.8445528],[31.3793793,1.8447687],[31.3795347,1.8455167],[31.3799102,1.8464335],[31.3801087,1.8468035],[31.3803379,1.8471889],[31.3804627,1.8473986],[31.3806534,1.8477774],[31.3808536,1.8481752],[31.3811307,1.8487258],[31.3815664,1.8495912],[31.3819502,1.8503537],[31.3823556,1.8511591],[31.3826461,1.8517362],[31.3833667,1.8530386],[31.3835687,1.8534036],[31.3838843,1.8540701],[31.383959,1.8542278],[31.3846631,1.8557145],[31.3853014,1.857071],[31.3858379,1.8583363],[31.3866211,1.8600413],[31.3885255,1.8634727],[31.3890726,1.8642877],[31.3894213,1.8649739],[31.3897056,1.865628],[31.3899846,1.8660838],[31.3902152,1.8664698],[31.3904406,1.8668934],[31.3908161,1.8677941],[31.3915885,1.8694348],[31.3918997,1.8703141],[31.3922484,1.8714829],[31.392479,1.8721531],[31.3927794,1.873027],[31.3929511,1.8736811],[31.3933266,1.8751609],[31.3936324,1.8769463],[31.3937155,1.8774556],[31.3937584,1.8783939],[31.3937906,1.8788845],[31.3938523,1.879048],[31.3940106,1.8792491],[31.394142,1.8795225],[31.3943056,1.8799622],[31.3944102,1.8803348],[31.3944585,1.8807208],[31.3945256,1.88108],[31.3946463,1.8815626],[31.3948823,1.8821577],[31.394944,1.882474],[31.3950298,1.8829244],[31.3951147,1.8833052],[31.39518,1.8836241],[31.3952122,1.8840155],[31.3952658,1.8843425],[31.3952846,1.8846026],[31.395357,1.8848251],[31.3953946,1.8850181],[31.3953946,1.885329],[31.3954053,1.885506],[31.3954563,1.885766],[31.3955207,1.8860341],[31.3955394,1.8863236],[31.3955904,1.8866372],[31.3956762,1.8872029],[31.3958318,1.8877122],[31.3960142,1.8882189],[31.3961537,1.8886719],[31.3961912,1.8890499],[31.3961563,1.8898461],[31.3962234,1.890326],[31.396328,1.8909023],[31.3964782,1.8914385],[31.396719,1.8922487],[31.3968805,1.8927976],[31.3969959,1.8933177],[31.3975323,1.894843],[31.3980956,1.8963764],[31.3983477,1.8973897],[31.3983853,1.8978615],[31.398514,1.898706],[31.398573,1.8992582],[31.3987232,1.8999418],[31.3990934,1.9009444],[31.399324,1.9015288],[31.3996459,1.9026118],[31.3998927,1.90392],[31.400016,1.9045312],[31.4001448,1.9048475],[31.4003808,1.9053086],[31.4006812,1.9058126],[31.4007697,1.9061477],[31.4007912,1.9063621],[31.4007697,1.9065525],[31.4007858,1.9066811],[31.4008475,1.9067455],[31.4009039,1.9068313],[31.4009307,1.9069412],[31.4009655,1.9070216],[31.4010272,1.9071101],[31.401097,1.9072494],[31.4011479,1.9075443],[31.4011935,1.9078553],[31.4012284,1.9080832],[31.4012901,1.9082574],[31.4013974,1.9085094],[31.4014752,1.9088847],[31.4015181,1.9091126],[31.4015583,1.9092519],[31.4016844,1.9094316],[31.401915,1.9097908],[31.4020277,1.9100186],[31.4020894,1.9102411],[31.402143,1.9103537],[31.4022691,1.9105253],[31.4023496,1.9106808],[31.4024488,1.9107719],[31.4026446,1.9109757],[31.4027063,1.9111204],[31.4027546,1.9112947],[31.4028055,1.9114769],[31.4028645,1.9116968],[31.4028833,1.9118791],[31.4028565,1.9121069],[31.4028082,1.9122946],[31.4027868,1.9124286],[31.4028082,1.9125492],[31.4028511,1.9126431],[31.4029396,1.9127154],[31.4030523,1.9127664],[31.4031891,1.9129084],[31.4033071,1.9131256],[31.4033983,1.9132462],[31.4035673,1.9133668],[31.4036826,1.9134982],[31.4037577,1.9137234],[31.4038194,1.9140049],[31.4038757,1.9141898],[31.4039991,1.9143909],[31.4042647,1.9147608],[31.4043451,1.9149163],[31.4044041,1.9149619],[31.4044524,1.9149217],[31.4044712,1.9147233],[31.4045007,1.9145598],[31.4045838,1.9143587],[31.4047528,1.9141979],[31.4050827,1.9139968],[31.4054287,1.9138722],[31.4055749,1.913848],[31.4056232,1.9137971],[31.4056299,1.9137274],[31.4055964,1.9136698],[31.4054985,1.9136269],[31.4053469,1.9136162],[31.4051337,1.9136349],[31.4050103,1.9136376],[31.4049178,1.9136135],[31.4048118,1.9135411],[31.4045758,1.9133454],[31.4042191,1.9130961],[31.4037068,1.9125948],[31.4036317,1.912316],[31.4036746,1.9119997],[31.403857,1.9115386],[31.4038623,1.9113992],[31.4038033,1.9112705],[31.4035887,1.9111419],[31.4035297,1.9110293],[31.4035887,1.9108416],[31.4035244,1.9107237],[31.4033634,1.9106325],[31.403165,1.9104341],[31.4030308,1.9101661],[31.4028806,1.9099409],[31.4026339,1.9096889],[31.4025695,1.9094423],[31.4025346,1.9091152],[31.4024703,1.9089383],[31.4023415,1.9087507],[31.4021618,1.9085979],[31.4020867,1.9084772],[31.4020009,1.9084022],[31.4019338,1.9083566],[31.4019043,1.9082815],[31.4019258,1.9081716],[31.4019526,1.9080054],[31.4019177,1.9078848],[31.4018399,1.9077802],[31.4016173,1.9076516],[31.4015208,1.9075175],[31.4014054,1.9069224],[31.4012499,1.9066007],[31.4012016,1.9064238],[31.4012177,1.9062924],[31.4013303,1.906145],[31.4014001,1.9060378],[31.4014001,1.9059305],[31.4013464,1.905885],[31.4011023,1.9057402],[31.4009602,1.9055981],[31.40081,1.9053354],[31.4007268,1.9049413],[31.4006866,1.9045526],[31.4006437,1.9041291],[31.4006437,1.903727],[31.4007027,1.9035876],[31.400928,1.9034428],[31.4009897,1.9033624],[31.400995,1.9032498],[31.4009039,1.9030622],[31.4008475,1.9029174],[31.4007563,1.9027941],[31.4006115,1.9026734],[31.4004854,1.9024778],[31.400413,1.9022579],[31.4003004,1.9020274],[31.4002655,1.9019068],[31.4002869,1.9018076],[31.4003808,1.9017003],[31.4004801,1.9016172],[31.4005122,1.901502],[31.4004774,1.9013438],[31.4003406,1.9012125],[31.4002869,1.9011133],[31.4002869,1.9010168],[31.4003433,1.9009765],[31.400472,1.9009926],[31.4008153,1.9011937],[31.4016146,1.9018237],[31.4020599,1.9021453],[31.4027573,1.9028316],[31.4032186,1.903282],[31.4040072,1.9038825],[31.4043559,1.9042899],[31.4047689,1.9049655],[31.4051391,1.9058233],[31.4054448,1.9062254],[31.4056326,1.9065525],[31.4059115,1.9067937],[31.4063085,1.9069331],[31.4067511,1.9070001],[31.407148,1.9071127],[31.4074377,1.9072736],[31.4080895,1.9075685],[31.4085374,1.9077936],[31.4090792,1.9080671],[31.4094413,1.9083137],[31.409959,1.9087346],[31.4103023,1.9090911],[31.4109192,1.9098015],[31.4112706,1.9104127],[31.4115147,1.9107397],[31.4117427,1.9110051],[31.4119116,1.9111981],[31.4121128,1.911493],[31.4123059,1.9117048],[31.4126305,1.9119568],[31.4129121,1.9122463],[31.4132259,1.9126913],[31.4133842,1.9129218],[31.4135129,1.9133481],[31.4135827,1.9136724],[31.4135827,1.914037],[31.4135049,1.9142461],[31.4132849,1.9143989],[31.4132206,1.9144927],[31.4131991,1.9146858],[31.4132474,1.9150503],[31.4134003,1.9155248],[31.4135907,1.915868],[31.4138536,1.9162272],[31.4141513,1.9165542],[31.414382,1.9169402],[31.4145482,1.917278],[31.4146448,1.9179804],[31.4146958,1.9194306],[31.4148513,1.9200767],[31.4148647,1.920645],[31.4148701,1.9211757],[31.4149345,1.9217173],[31.4152081,1.9227279],[31.4152349,1.9233391],[31.4149506,1.9244382],[31.4145107,1.9254515],[31.4141674,1.9264031],[31.4138723,1.9272529],[31.4136899,1.9280678],[31.4135987,1.9288801],[31.4135478,1.9293894],[31.4135639,1.9302633],[31.4135478,1.9306922],[31.4135827,1.931038],[31.4137114,1.9313302],[31.4139287,1.9315983],[31.4141379,1.9320138],[31.4142881,1.9323569],[31.4144275,1.9330378],[31.4144034,1.9335874],[31.4144195,1.9337938],[31.4144678,1.9339573],[31.4145482,1.9340699],[31.4145938,1.93422],[31.4146234,1.9344318],[31.4147226,1.9347079],[31.4147467,1.9349652],[31.4147119,1.9352252],[31.4147092,1.9353995],[31.4147494,1.9355737],[31.4148835,1.9357801],[31.4149506,1.9359571],[31.4149506,1.9361394],[31.4148996,1.9364316],[31.4148835,1.9366594],[31.4149318,1.9367881],[31.4150337,1.9369034],[31.4155487,1.9373939],[31.415825,1.9377317],[31.415994,1.9378738],[31.4161522,1.9379783],[31.4163856,1.938233],[31.4165572,1.9383161],[31.416694,1.9383402],[31.4169488,1.9383697],[31.4170615,1.9384313],[31.4171983,1.9385949],[31.4174772,1.9390452],[31.4177347,1.939635],[31.41785,1.9399888],[31.4178849,1.9403319],[31.4179251,1.9405732],[31.4180432,1.9408654],[31.4182121,1.9413211],[31.4182899,1.9417393],[31.4182819,1.9427847],[31.4179373,1.9447913],[31.4174277,1.9468929],[31.4166123,1.9494074],[31.4153409,1.9524794],[31.4142787,1.954774],[31.4130342,1.9572724],[31.4121276,1.958929],[31.4110762,1.9606125],[31.4098316,1.9631537],[31.4090913,1.9645262],[31.4085227,1.9654644],[31.4075625,1.9671264],[31.4071172,1.9678019],[31.4068276,1.9685686],[31.4067846,1.9689117],[31.4068329,1.9691315],[31.406967,1.9694854],[31.4071172,1.969732],[31.4071575,1.9698901],[31.4071441,1.9699839],[31.4070636,1.9702359],[31.4070153,1.9707318],[31.4070582,1.9713457],[31.407069,1.9721392],[31.4069778,1.972611],[31.4068651,1.9730881],[31.4068758,1.9733937],[31.4069509,1.9736189],[31.4069831,1.9738561],[31.4068946,1.9743855],[31.4068437,1.974986],[31.4067873,1.9757687],[31.4067149,1.9761413],[31.4066935,1.9762914],[31.4067203,1.9764013],[31.4068302,1.9764844],[31.4069,1.9765541],[31.4069349,1.976715],[31.4068678,1.9772136],[31.4066613,1.9781759],[31.4066344,1.978519],[31.4066988,1.9787656],[31.4068705,1.9790498],[31.4070797,1.9795055],[31.4071709,1.9799129],[31.4072674,1.980374],[31.4074391,1.980878],[31.4073264,1.9830225],[31.4070529,1.9841269],[31.406967,1.9849203],[31.4069509,1.9858103],[31.4068222,1.9866252],[31.406613,1.9872846],[31.406436,1.9883622],[31.4062965,1.9899116],[31.4060497,1.9912197],[31.4058459,1.9922491],[31.40576,1.9929246],[31.4057976,1.9934124],[31.4057332,1.9939861],[31.4056635,1.9949028],[31.4056635,1.9953907],[31.4057547,1.9958893],[31.4058083,1.9968865],[31.4060283,1.997814],[31.4061463,1.9985431],[31.4062858,1.9990363],[31.4066452,2.0001729],[31.4071011,2.0018187],[31.4074659,2.00258],[31.4080131,2.0034056],[31.4084422,2.004049],[31.4088821,2.00451],[31.409558,2.0049818],[31.4100301,2.0055501],[31.4105129,2.0063221],[31.4109421,2.0074801],[31.4111137,2.0084344],[31.4111888,2.009394],[31.4113015,2.0098336],[31.4115429,2.0101392],[31.4118648,2.0104448],[31.4120632,2.0106914],[31.4121383,2.0110774],[31.4120096,2.0121443],[31.4117467,2.0131146],[31.4116019,2.0139885],[31.4116046,2.0145675],[31.4116743,2.015176],[31.411677,2.0154306],[31.4116502,2.0157067],[31.4115429,2.0160847],[31.4115027,2.0162053],[31.4113793,2.0163795],[31.4110976,2.0167414],[31.4109555,2.0170416],[31.4106524,2.0177252],[31.4104432,2.0184328],[31.4102501,2.0189421],[31.4097029,2.0197785],[31.4094293,2.0205505],[31.4092952,2.0214994],[31.4091825,2.0227592],[31.4086086,2.023944],[31.4078093,2.0247535],[31.407187,2.0253325],[31.4069831,2.0260402],[31.4070958,2.026453],[31.4073479,2.02678],[31.4082384,2.027359],[31.4088607,2.0279702],[31.4092255,2.0288065],[31.4093488,2.0294927],[31.4093381,2.030388],[31.4092523,2.0309938],[31.4090699,2.0316908],[31.4090162,2.0320928],[31.4091021,2.032586],[31.4092147,2.0333366],[31.4091664,2.0337869],[31.4089519,2.0342212],[31.4088875,2.0346179],[31.4091074,2.0351325],[31.4094669,2.0356526],[31.4097995,2.0362155],[31.4101374,2.0368588],[31.4103949,2.0375611],[31.4106095,2.038896],[31.4106309,2.0399789],[31.410824,2.0410833],[31.4109313,2.041941],[31.4110923,2.0429596],[31.4111727,2.0435815],[31.4112103,2.0441391],[31.4111888,2.0447717],[31.4111084,2.0453614],[31.4108133,2.0467016],[31.4105344,2.0476612],[31.410073,2.0488246],[31.40944,2.0500415],[31.4089841,2.0509046],[31.4085093,2.0515908],[31.4080721,2.0521913],[31.4077824,2.0526309],[31.4075142,2.053175],[31.4074311,2.0534296],[31.4073426,2.0537057],[31.4072943,2.0539389],[31.4072487,2.0541561],[31.407246,2.0542981],[31.4072326,2.0545152],[31.4072004,2.054668],[31.4070556,2.0549039],[31.4069563,2.0551559],[31.4069,2.05544],[31.4068329,2.0557804],[31.4066398,2.0561423],[31.4065111,2.0563648],[31.4064655,2.0565873],[31.4064628,2.0568633],[31.4064279,2.0570108],[31.4063528,2.0572681],[31.406326,2.0574772],[31.4063126,2.0577104],[31.4061865,2.0581419],[31.4060578,2.0584421],[31.4059317,2.0586995],[31.4058298,2.0589085],[31.4057386,2.0590694],[31.4056903,2.0592088],[31.4056689,2.0593857],[31.4056367,2.0595948],[31.4052558,2.0603667],[31.4051056,2.0610208],[31.4043653,2.0628757],[31.4037591,2.0646019],[31.4032012,2.066253],[31.4025628,2.0686279],[31.4022195,2.0697645],[31.4020586,2.0705793],[31.4019298,2.071094],[31.4017689,2.071823],[31.4009106,2.0744928],[31.3993549,2.0784813],[31.3979387,2.0817085],[31.3963294,2.0851073],[31.3944519,2.0886455],[31.3922363,2.0924999],[31.3905251,2.0956199],[31.389538,2.0974265],[31.3885456,2.0991098],[31.3877624,2.1005787],[31.3867325,2.1025354],[31.3863784,2.1033449],[31.3861638,2.1038595],[31.385622,2.1049746],[31.3850802,2.1058966],[31.3847047,2.10669],[31.384297,2.1080141],[31.3841468,2.1087539],[31.3840663,2.1095205],[31.3840932,2.1100298],[31.3842058,2.1104265],[31.3845009,2.1109197],[31.384812,2.1111984],[31.3850158,2.1113244],[31.3852733,2.1114424],[31.3854718,2.1114772],[31.3855442,2.1114236],[31.385504,2.1113083],[31.3852116,2.1111395],[31.3850588,2.1109465],[31.384922,2.1105551],[31.384812,2.1101316],[31.3848737,2.1100432],[31.3849515,2.1100485],[31.3854235,2.1107026],[31.3856542,2.1109894],[31.3858312,2.1112038],[31.386078,2.1113861],[31.3865393,2.1116005],[31.3867781,2.1116595],[31.3870034,2.111638],[31.3870919,2.1115335],[31.3870704,2.1114316],[31.387006,2.1113164],[31.3868612,2.1112252],[31.3866627,2.1110912],[31.3865098,2.1108982],[31.3864347,2.1106945],[31.3864025,2.1105123],[31.3863918,2.1102469],[31.3863462,2.1101236],[31.3862255,2.1100298],[31.3859814,2.1097939],[31.3858741,2.1096545],[31.385842,2.1095018],[31.3858527,2.1092927],[31.385909,2.1090782],[31.3862282,2.1085449],[31.3863784,2.1081053],[31.3864119,2.1078734],[31.3864119,2.1077059],[31.3863918,2.1074137],[31.3864052,2.1072181],[31.3864388,2.1071537],[31.386593,2.1070706],[31.3867365,2.1069969],[31.3868129,2.1069138],[31.3868062,2.1068495],[31.3867687,2.1067986],[31.3866225,2.1067436],[31.3865581,2.1066806],[31.3865501,2.1066096],[31.3865702,2.1065118],[31.3865648,2.1063938],[31.386542,2.1062719],[31.3864964,2.1061459],[31.386432,2.1060708],[31.3863409,2.1060226],[31.3861772,2.1059824],[31.3861236,2.1059341],[31.3860995,2.105843],[31.386137,2.1057197],[31.386247,2.1055803],[31.3864213,2.1054544],[31.3865903,2.1054436],[31.3867888,2.1054731],[31.3869202,2.1055616],[31.3870195,2.1056473],[31.3870946,2.1056554],[31.3871482,2.1055937],[31.3872018,2.1054651],[31.3873762,2.1051756],[31.387513,2.1050845],[31.3876229,2.1050925],[31.3876846,2.1051783],[31.3877115,2.1053284],[31.38769,2.105449],[31.3876337,2.1055401],[31.3874593,2.1057144],[31.3874218,2.1058216],[31.3874379,2.1058939],[31.3875505,2.1060226],[31.3876229,2.1062102],[31.3877115,2.1066471],[31.3879743,2.1073655],[31.3880816,2.1078694],[31.3881406,2.1084725],[31.3882345,2.1094615],[31.3882828,2.1104479],[31.3884062,2.1113325],[31.3885939,2.1120937],[31.3888729,2.1132891],[31.3890598,2.1138952],[31.3891941,2.1145097],[31.3893127,2.1155139],[31.3894629,2.1164734],[31.3895488,2.1170417],[31.3896131,2.1174276],[31.3896668,2.1177064],[31.3897633,2.1180763],[31.3899618,2.1185641],[31.390112,2.1189715],[31.3902301,2.1196202],[31.3901925,2.1201884],[31.3902408,2.1204726],[31.3904071,2.1208692],[31.3905627,2.1213169],[31.3906699,2.1217672],[31.3907558,2.1222362],[31.3908523,2.1226919],[31.3909838,2.123169],[31.3911286,2.1235496],[31.3913029,2.1240642],[31.3913834,2.1244234],[31.3914344,2.1248657],[31.3914585,2.125442],[31.3914424,2.1258279],[31.3914746,2.1261817],[31.3915658,2.1267339],[31.3916463,2.1271681],[31.3916677,2.1275112],[31.3916302,2.1280634],[31.3915712,2.1287495],[31.3915551,2.1295804],[31.3915068,2.1301219],[31.391421,2.1307115],[31.3913244,2.1315425],[31.3912761,2.1321697],[31.3911474,2.1329577],[31.3909274,2.1343836],[31.3908255,2.1351395],[31.3906163,2.136217],[31.3905385,2.1366083],[31.390458,2.1369487],[31.3904151,2.1371471],[31.3904205,2.1373588],[31.3904688,2.1375706],[31.3905627,2.1378681],[31.3905895,2.1380932],[31.3906056,2.1384551],[31.3906324,2.1386775],[31.3906512,2.1389161],[31.3906136,2.139294],[31.3906297,2.1395647],[31.3906351,2.1401705],[31.3905734,2.1406556],[31.3902864,2.14139],[31.3901281,2.1419636],[31.3899752,2.1425453],[31.3898653,2.1430786],[31.3897446,2.1434244],[31.3897043,2.1436067],[31.3896883,2.1438667],[31.3896051,2.1442902],[31.38953,2.1445636],[31.3895193,2.1447539],[31.3895112,2.1450326],[31.3894764,2.1452604],[31.3894442,2.1454481],[31.3893825,2.1456705],[31.3892913,2.1458394],[31.3891625,2.1461047],[31.3890365,2.1464853],[31.3889694,2.1467507],[31.3889533,2.1469115],[31.3889533,2.1470509],[31.3889721,2.1473055],[31.388948,2.1474985],[31.3888192,2.1477531],[31.3886154,2.1480507],[31.3885496,2.1481998],[31.3885027,2.1484741],[31.3884062,2.1488119],[31.3883445,2.1490933],[31.3883257,2.149297],[31.3882881,2.1495463],[31.3882238,2.1497419],[31.388146,2.149892],[31.3880172,2.1500797],[31.3879555,2.1502726],[31.3879234,2.1505862],[31.3878617,2.1507471],[31.387741,2.1509615],[31.3877222,2.1510553],[31.3877276,2.1512054],[31.3877061,2.1513716],[31.3876659,2.1515056],[31.3876525,2.1516342],[31.3876618,2.1517348],[31.3876981,2.1518514],[31.3877892,2.1520604],[31.3878295,2.1522641],[31.3878804,2.1523955],[31.3878965,2.1525268],[31.3878778,2.1526849],[31.3878778,2.1527814],[31.3879126,2.1528538],[31.3880092,2.1529288],[31.3880709,2.1530307],[31.3881326,2.153229],[31.3882452,2.153355],[31.3884276,2.1534488],[31.38861,2.1535721],[31.388728,2.153741],[31.3887763,2.154143],[31.3887602,2.1545022],[31.3886368,2.1551294],[31.3884491,2.1558209],[31.3882667,2.1562819],[31.3880467,2.1567965],[31.3878161,2.1573112],[31.3875747,2.1579973],[31.3873494,2.1588979],[31.3865662,2.1607902],[31.3859975,2.1618141],[31.3855791,2.1625806],[31.3849139,2.163835],[31.3835406,2.1656898],[31.3824946,2.1672309],[31.3821714,2.1677053],[31.3817449,2.1683071],[31.381423,2.1687734],[31.3810328,2.1693457],[31.3804883,2.1701659],[31.3802657,2.1704875],[31.3794878,2.1715435],[31.3788763,2.1722994],[31.3785745,2.1726867],[31.3780662,2.1734706],[31.3774842,2.1742292],[31.3773246,2.1744489],[31.3771704,2.1746312],[31.3767204,2.1750889],[31.3762477,2.1755532],[31.3759138,2.1759405],[31.3757434,2.1760893],[31.3755181,2.176364],[31.3751788,2.176762],[31.374802,2.1772217],[31.3743836,2.1777269],[31.3740738,2.1780244],[31.3734904,2.1785833],[31.3731028,2.1789049],[31.3729707,2.1790402],[31.3728641,2.1791394],[31.3725597,2.1794503],[31.3720018,2.1799649],[31.3716531,2.1803295],[31.3712239,2.1807637],[31.3709423,2.1811014],[31.3707438,2.1814579],[31.370607,2.1817554],[31.3704729,2.1820421],[31.3703442,2.182278],[31.3701484,2.1827042],[31.3699499,2.1831571],[31.367383,2.1845696],[31.3664389,2.1855131],[31.3650441,2.1877431],[31.3644862,2.18963],[31.3641,2.1931036],[31.3641,2.1991288],[31.3641,2.2054112],[31.3639605,2.2086811],[31.3636922,2.2112648],[31.363306,2.2134519],[31.3634991,2.2147598],[31.3634455,2.2185174],[31.363306,2.2194126],[31.3630848,2.2197905],[31.3627052,2.220013],[31.3613749,2.2199487],[31.3597548,2.2203346],[31.358816,2.2210556],[31.3578558,2.2218784],[31.3572872,2.223315],[31.3568365,2.2261881],[31.3565576,2.228418],[31.3566542,2.2300905],[31.35674,2.2308838],[31.3569868,2.2316557],[31.357373,2.232181],[31.3578343,2.232642],[31.358124,2.2338427],[31.3580489,2.2353329],[31.3581025,2.2368123],[31.358124,2.2375092],[31.3581347,2.2381095],[31.3581991,2.2389082],[31.3581025,2.2395783],[31.3579523,2.2400071],[31.3577244,2.2404841],[31.3574159,2.2408219],[31.3565791,2.241315],[31.3556778,2.2415938],[31.3546693,2.2418832],[31.3539076,2.2423442],[31.3533497,2.2425747],[31.3528079,2.2428105],[31.3522768,2.2431161],[31.3515741,2.243502],[31.3509679,2.2437968],[31.3505602,2.2441131],[31.3503832,2.2446438],[31.3504153,2.2451369],[31.3507935,2.2456006],[31.3510081,2.245748],[31.35133,2.2459168],[31.3514882,2.2460026],[31.3517001,2.2461473],[31.3518208,2.2463778],[31.3519388,2.2466485],[31.35203,2.2469004],[31.3520864,2.2473561],[31.352022,2.2478492],[31.351904,2.2482298],[31.3518369,2.2487685],[31.3518181,2.2491705],[31.351853,2.2495082],[31.3519013,2.2496932],[31.3519898,2.2498968],[31.3521749,2.2506098],[31.3523492,2.2513066],[31.3524941,2.2516148],[31.3527971,2.25199],[31.3531619,2.2523304],[31.3534194,2.2525743],[31.353803,2.2527994],[31.3540739,2.2528423],[31.354487,2.2528906],[31.3554096,2.2531827],[31.3566595,2.2535686],[31.3575822,2.2538795],[31.3583386,2.2540832],[31.3588375,2.2543405],[31.3593149,2.2548765],[31.3595456,2.2553751],[31.3599211,2.2561362],[31.360656,2.2570314],[31.3615894,2.2578033],[31.3621366,2.2585215],[31.3625657,2.2594113],[31.3627267,2.260151],[31.3626087,2.26088],[31.3621902,2.2625632],[31.361742,2.2634354],[31.361171,2.2644607],[31.360935,2.2657364],[31.3607526,2.2669693],[31.3607848,2.2679663],[31.3609242,2.2687917],[31.3613534,2.2699067],[31.3628125,2.2711288],[31.3643038,2.2720507],[31.3658059,2.2726618],[31.3667607,2.2727904],[31.3679087,2.2725063],[31.3702261,2.2705499],[31.3715839,2.2698529],[31.3730317,2.2694511],[31.3734019,2.2693385],[31.3739276,2.2697566],[31.3745391,2.2703462],[31.3759231,2.2722544],[31.3772535,2.2743449],[31.3778221,2.2750846],[31.3783157,2.2754277],[31.3794422,2.2758029],[31.3806009,2.2763657],[31.3811213,2.2768481],[31.3814217,2.2774163],[31.3815021,2.2781989],[31.3815021,2.2787831],[31.3815236,2.2795604],[31.381411,2.2805788],[31.3812876,2.2814043],[31.3812366,2.2822378],[31.3812715,2.2827845],[31.3813332,2.2834036],[31.3814297,2.2837922],[31.3815799,2.2841674],[31.3816953,2.2845265],[31.3818535,2.2847383],[31.3819796,2.2847999],[31.3821003,2.2847865],[31.3822478,2.284749],[31.382457,2.2847088],[31.3827065,2.2847275],[31.3829613,2.2846605],[31.3830873,2.2844971],[31.3831651,2.2840495],[31.3832,2.2836421],[31.3832992,2.2826371],[31.3834172,2.2822297],[31.3838893,2.2814686],[31.3845867,2.2809004],[31.3851392,2.2807503],[31.3856757,2.2807825],[31.3861638,2.2809754],[31.3863569,2.2812917],[31.3863087,2.281683],[31.3860673,2.2825942],[31.3860351,2.2833553],[31.3861102,2.2840897],[31.3862416,2.2846337],[31.3864562,2.2849929],[31.3867137,2.2851537],[31.3871697,2.2853574],[31.3875934,2.2854887],[31.3876927,2.285687],[31.3877195,2.2859148],[31.3876069,2.2863168],[31.3871241,2.2874505],[31.3869202,2.2882813],[31.3868666,2.2888334],[31.3869148,2.2892783],[31.3874942,2.2907148],[31.3880897,2.2917601],[31.3884062,2.2922317],[31.3886636,2.2926498],[31.3887683,2.2927812],[31.389007,2.2927999],[31.3892966,2.2927034],[31.3896319,2.2926847],[31.3899136,2.2928348],[31.3901818,2.2931081],[31.3902944,2.2936468],[31.3903937,2.2940944],[31.3905385,2.2944455],[31.3910133,2.2949332],[31.3915658,2.2952709],[31.3921344,2.2954639],[31.3925797,2.2954639],[31.3933253,2.295421],[31.3942265,2.295346],[31.3944626,2.2954961],[31.3945591,2.2957641],[31.394425,2.2963966],[31.3943338,2.2970183],[31.3944197,2.2973453],[31.3949883,2.2979296],[31.3954925,2.298487],[31.3961148,2.2988086],[31.3970268,2.2991945],[31.39781,2.2997627],[31.3987434,2.3006954],[31.4017475,2.3030967],[31.4026487,2.3036863],[31.4037859,2.304158],[31.4049768,2.3050263],[31.4060765,2.3059268],[31.4067578,2.3063074],[31.4076859,2.3066343],[31.4088821,2.3067737],[31.4093596,2.3070149],[31.4097887,2.3075295],[31.4103252,2.3083978],[31.4106792,2.3087891],[31.4109743,2.3089445],[31.4112478,2.3089552],[31.4115,2.3090517],[31.4118272,2.3094591],[31.4124012,2.3099415],[31.4130664,2.3106758],[31.4133936,2.3108741],[31.4137423,2.3109277],[31.414268,2.3110242],[31.4149171,2.3113726],[31.4156628,2.3118014],[31.4168644,2.3122463],[31.4196593,2.3134791],[31.4204639,2.3138597],[31.4212793,2.314117],[31.4230764,2.3146208],[31.4242136,2.3150979],[31.4250183,2.315532],[31.4259221,2.316248],[31.4274269,2.3182228],[31.4283442,2.3191018],[31.4294654,2.3201577],[31.4300422,2.3206074],[31.4306617,2.3210904],[31.4318097,2.3221249],[31.4334351,2.3234541],[31.4337485,2.3236567],[31.4342558,2.3239848],[31.4356077,2.3245315],[31.4368576,2.3253891],[31.4375871,2.3258983],[31.4379573,2.3260323],[31.4382845,2.3259787],[31.4388424,2.3257429],[31.4394808,2.3256732],[31.4398223,2.3257394],[31.4404625,2.3261234],[31.4407843,2.3264772],[31.441074,2.3269649],[31.4413744,2.3272383],[31.4416748,2.3274152],[31.4424956,2.3277529],[31.4428121,2.3277475],[31.4433968,2.3275117],[31.4445233,2.3267881],[31.4448184,2.3267184],[31.4451295,2.3268953],[31.4454567,2.3273616],[31.445725,2.3276457],[31.4459503,2.3277368],[31.4463794,2.3277207],[31.4468193,2.3277314],[31.4471412,2.327844],[31.4475971,2.3282621],[31.4481175,2.3285033],[31.4490938,2.3286748],[31.449641,2.3288026],[31.4500929,2.3289593],[31.4513492,2.3295916],[31.4525933,2.3300435],[31.4527892,2.3300875],[31.4533961,2.3302238],[31.4540505,2.330122],[31.4549357,2.32972],[31.4555043,2.3296771],[31.4560836,2.3299022],[31.4563733,2.3304007],[31.4565664,2.331135],[31.4567327,2.3317621],[31.4569849,2.332341],[31.4572324,2.332695],[31.4574945,2.33307],[31.4580899,2.33374],[31.4586747,2.3342116],[31.4590502,2.3343885],[31.4595088,2.3344448],[31.4598039,2.3345225],[31.4600077,2.3345386],[31.4601874,2.3344662],[31.460394,2.3343001],[31.4606434,2.3342304],[31.4609277,2.3343081],[31.4611906,2.3345413],[31.4613059,2.3347985],[31.4614964,2.3354578],[31.4618674,2.3365237],[31.4625608,2.3378478],[31.4638316,2.3395719],[31.4647582,2.3406699],[31.4655036,2.3416941],[31.4657825,2.3418871],[31.4660668,2.3418764],[31.4663351,2.341678],[31.4667374,2.3415012],[31.4671504,2.3415655],[31.4674401,2.3418335],[31.4677674,2.3423373],[31.4681911,2.3426428],[31.4687169,2.3428036],[31.4691675,2.3430984],[31.4695108,2.3435272],[31.4695805,2.3438381],[31.4694732,2.344283],[31.4692857,2.344889],[31.469264,2.3460303],[31.469382,2.3466521],[31.4695162,2.3469951],[31.4697039,2.3471184],[31.4699024,2.3471077],[31.4701921,2.3470433],[31.4704657,2.3471345],[31.47075,2.3473649],[31.471104,2.3479277],[31.471281,2.3484101],[31.4714152,2.3490051],[31.4716405,2.3495411],[31.4718389,2.349793],[31.4725846,2.3502325],[31.4732122,2.3504415],[31.4738399,2.3504844],[31.4749342,2.3503665],[31.4754438,2.3504683],[31.4760017,2.3507578],[31.4764107,2.3512046],[31.4768279,2.3517815],[31.477257,2.3523443],[31.477772,2.3529446],[31.4778149,2.3531804],[31.4777398,2.3535127],[31.477654,2.354097],[31.4776969,2.3545794],[31.4778846,2.3552279],[31.4782387,2.3557693],[31.4786142,2.3559408],[31.4794832,2.3559997],[31.4801753,2.3561659],[31.4806527,2.35645],[31.4811355,2.3569109],[31.4816934,2.3574362],[31.4822352,2.3579132],[31.4822406,2.3581812],[31.4820421,2.3583634],[31.4817148,2.358417],[31.4814627,2.3582723],[31.4811891,2.3575487],[31.4810497,2.3573343],[31.4808136,2.3572861],[31.4806688,2.3573826],[31.4805508,2.3575621],[31.4804944,2.3579829],[31.480473,2.3586153],[31.480422,2.3587118],[31.4801887,2.3589262],[31.4800143,2.3591781],[31.4798427,2.3593094],[31.4796093,2.3593443],[31.4792472,2.3593389],[31.47892,2.3594032],[31.478641,2.3596284],[31.4785659,2.3598535],[31.4785552,2.360293],[31.478759,2.360695],[31.479333,2.3613006],[31.4800626,2.3622547],[31.4805454,2.3633052],[31.4810604,2.3643611],[31.4819187,2.3658887],[31.4825249,2.3666927],[31.4828843,2.367293],[31.4833134,2.3680058],[31.4835334,2.3683971],[31.4840591,2.3692922],[31.4842361,2.3694369],[31.4844561,2.3695173],[31.4846867,2.369662],[31.4850193,2.3701015],[31.4857006,2.3709805],[31.4861512,2.3715808],[31.486634,2.3721007],[31.4867949,2.3724652],[31.48687,2.3730762],[31.4869183,2.3737194],[31.4870095,2.3744912],[31.4869827,2.3747619],[31.4868647,2.3750272],[31.486229,2.3759651],[31.4857167,2.3764556],[31.4852661,2.3766619],[31.4846116,2.3767316],[31.4840859,2.3767316],[31.4836675,2.3766244],[31.4830989,2.3763671],[31.4825624,2.3760563],[31.4822084,2.3757561],[31.4819616,2.3752684],[31.4817417,2.374593],[31.4813071,2.3739659],[31.4805347,2.3734943],[31.4801431,2.37343],[31.4799982,2.3735586],[31.4798695,2.3741321],[31.479781,2.3749763],[31.4797488,2.3752523],[31.4797649,2.375405],[31.4798695,2.3756462],[31.4799312,2.375807],[31.4799499,2.3761045],[31.4799017,2.3763725],[31.4796871,2.37641],[31.4792848,2.3763457],[31.4789575,2.3765922],[31.4788288,2.3770532],[31.4788771,2.3774927],[31.4792257,2.3787737],[31.4794671,2.3795026],[31.4797407,2.3804031],[31.4798909,2.381609],[31.4799714,2.3826274],[31.480127,2.3837261],[31.480245,2.3846158],[31.4803898,2.3853448],[31.4806098,2.3865507],[31.4806688,2.3873654],[31.4806259,2.3880407],[31.4807063,2.3887107],[31.4808404,2.3894557],[31.4809209,2.3900882],[31.4809209,2.3908868],[31.4809745,2.3913531],[31.481173,2.3920338],[31.4813554,2.3928967],[31.4813769,2.3938829],[31.4815003,2.3948637],[31.4815056,2.3955122],[31.4815968,2.3960643],[31.4817631,2.3967182],[31.4818007,2.3974042],[31.4817631,2.3980581],[31.4817363,2.3987924],[31.4818275,2.4003038],[31.4822459,2.4039645],[31.4823747,2.4057386],[31.482439,2.4070731],[31.4826697,2.4078288],[31.4826858,2.4081504],[31.4825785,2.408681],[31.4826268,2.4095707],[31.4827394,2.4114305],[31.4821172,2.4147428],[31.4816236,2.4169295],[31.4815184,2.4204022],[31.4816129,2.4232325],[31.4818704,2.4252477],[31.4823264,2.4273754],[31.4827931,2.4288279],[31.4835656,2.4306823],[31.4851534,2.434016],[31.4857639,2.4353369],[31.4863229,2.4368887],[31.4866447,2.4373121],[31.4867842,2.4376551],[31.4868915,2.4384698],[31.4873528,2.4400026],[31.4880625,2.4417178],[31.4890317,2.4431116],[31.4893042,2.4434381],[31.489489,2.4435554],[31.4896367,2.4436001],[31.4897609,2.4437502],[31.4898254,2.4439747],[31.4899063,2.444167],[31.4899707,2.4443385],[31.4900351,2.4445033],[31.4901155,2.4445971],[31.490259,2.4446775],[31.4903221,2.4447471],[31.4903475,2.444849],[31.4903972,2.4449012],[31.490483,2.4449347],[31.4905688,2.4450111],[31.4906386,2.4451263],[31.4907606,2.4452952],[31.4909819,2.4454613],[31.4911683,2.4455256],[31.491411,2.4455377],[31.4914848,2.445598],[31.4915156,2.445736],[31.4915881,2.4458499],[31.4917544,2.4460013],[31.4918737,2.4461178],[31.4919072,2.446221],[31.4919126,2.4464528],[31.491922,2.4465453],[31.4919649,2.4467235],[31.4920318,2.4468699],[31.4920781,2.4469362],[31.4921319,2.446952],[31.4922036,2.446958],[31.4922519,2.4470062],[31.4922559,2.4471013],[31.4922774,2.4471455],[31.4923721,2.4471992],[31.492615,2.4472747],[31.4927037,2.4472992],[31.4927897,2.4473371],[31.4928366,2.4473925],[31.492838,2.447451],[31.4927828,2.447551],[31.4927036,2.4476569],[31.4926886,2.4477544],[31.492714,2.4478788],[31.4928138,2.4479803],[31.4929627,2.4480754],[31.4931424,2.4481344],[31.4932778,2.4482389],[31.4934267,2.4483032],[31.4935635,2.4483622],[31.4936775,2.448468],[31.4937338,2.4485846],[31.4937526,2.4487869],[31.4937888,2.448886],[31.4938746,2.4490187],[31.4938907,2.4491219],[31.4939719,2.4494244],[31.4939831,2.4495857],[31.4939845,2.4497461],[31.4939591,2.4498327],[31.4939209,2.4498956],[31.4938941,2.4499546],[31.4939015,2.4500176],[31.4939363,2.4500638],[31.4939886,2.4501011],[31.4939851,2.4501315],[31.493916,2.4501861],[31.4938686,2.4502323],[31.4938643,2.4502858],[31.4939149,2.4503827],[31.4940029,2.4504352],[31.4940973,2.450443],[31.4941979,2.4503936],[31.4942555,2.4503894],[31.4943822,2.45047],[31.4946439,2.4506541],[31.4947632,2.4506929],[31.494969,2.4507485],[31.495174,2.4507271],[31.4952593,2.4507545],[31.4953673,2.4508557],[31.495441,2.4509923],[31.4954799,2.4511183],[31.4954773,2.4512215],[31.4955081,2.4512844],[31.4956618,2.4514818],[31.4956851,2.451681],[31.4956181,2.4519155],[31.4954799,2.4520776],[31.49537,2.4522518],[31.4951903,2.4525037],[31.4949381,2.4528119],[31.4948067,2.4530691],[31.4947396,2.4531897],[31.4947236,2.4533612],[31.4947781,2.453636],[31.4947893,2.4537578],[31.4948134,2.454003],[31.4949194,2.4542255],[31.4950087,2.4543332],[31.495241,2.4545564],[31.4956932,2.455028],[31.4958581,2.4550964],[31.4959547,2.4551004],[31.4960472,2.4551205],[31.4961813,2.4551835],[31.4963128,2.4552375],[31.4969183,2.4554358],[31.4971188,2.4555024],[31.4972665,2.4555084],[31.4973069,2.4554957],[31.4983223,2.4553712],[31.4983781,2.4554092],[31.4984542,2.4554291],[31.4985397,2.4554045],[31.498588,2.4554106],[31.4986201,2.4554293],[31.4986838,2.4554896],[31.4987817,2.4555325],[31.4989099,2.4555357],[31.4991079,2.4555689],[31.499303,2.4555855],[31.4995768,2.4555899],[31.4997915,2.4555831],[31.5000906,2.4556002],[31.5002127,2.4556135],[31.5004621,2.455639],[31.5007934,2.4556015],[31.5011229,2.4554892],[31.501494,2.4554835],[31.5017737,2.4555304],[31.5020916,2.4556176],[31.5024255,2.4556739],[31.5026361,2.4556832],[31.50286,2.4557194],[31.5030049,2.4557824],[31.5033697,2.4558762],[31.5040898,2.4560758],[31.5045637,2.4562997],[31.5047078,2.4563376],[31.5048461,2.4564458],[31.5050485,2.4565547],[31.5056442,2.4568752],[31.5058523,2.4570247],[31.5060943,2.4573092],[31.5064638,2.4575226],[31.5067572,2.4577101],[31.5068498,2.4577614],[31.5069388,2.4577534],[31.5070859,2.4576649],[31.5072263,2.4575256],[31.5072783,2.457339],[31.5073038,2.4572069],[31.5073443,2.4569973],[31.507346,2.4567688],[31.5072173,2.4561502],[31.5072335,2.4560357],[31.5073282,2.4558941],[31.5074571,2.4558586],[31.5076333,2.455786],[31.5077655,2.4556546],[31.5078673,2.4555096],[31.5080095,2.4554937],[31.5081185,2.4555594],[31.5082775,2.4555615],[31.5083478,2.4556352],[31.5083123,2.4557723],[31.5082859,2.4558274],[31.5082291,2.4559387],[31.5081953,2.4560818],[31.5081448,2.4562068],[31.5081111,2.4563248],[31.508092,2.4564999],[31.5081283,2.4566932],[31.5081096,2.4568363],[31.5079938,2.4570464],[31.5078209,2.4573067],[31.5075645,2.4576993],[31.50754,2.4579286],[31.5075687,2.4580883],[31.5076575,2.4582558],[31.5078,2.4583771],[31.5079149,2.458431],[31.5079531,2.458449],[31.5079993,2.4584738],[31.508077,2.4585363],[31.5081279,2.4585656],[31.5081954,2.4585815],[31.5082647,2.4585612],[31.5083117,2.4585034],[31.5084229,2.4584122],[31.5084784,2.4583213],[31.5085108,2.458237],[31.5085343,2.4581359],[31.5085792,2.4581064],[31.5086831,2.4581004],[31.5087591,2.4581238],[31.5088535,2.4581637],[31.50907,2.458266],[31.5094623,2.4585063],[31.5099156,2.4588011],[31.5103501,2.4590584],[31.5106881,2.4593049],[31.5110437,2.4596216],[31.5111995,2.4597467],[31.5114163,2.4599266],[31.5117341,2.4601356],[31.5120607,2.4602743],[31.5122312,2.4603674],[31.512351,2.4604608],[31.5124655,2.46056],[31.5125643,2.4606488],[31.5127467,2.4608578],[31.5129116,2.4609972],[31.5130712,2.4610923],[31.5132844,2.4611794],[31.5135983,2.461312],[31.5139067,2.4615063],[31.5140569,2.4616309],[31.5142085,2.4617475],[31.5143761,2.4618339],[31.514531,2.4619418],[31.5146832,2.4620047],[31.5148133,2.4620798],[31.5149801,2.4622107],[31.5154902,2.462507],[31.5156327,2.462597],[31.5160713,2.462956],[31.5163435,2.4631142],[31.5167043,2.4633165],[31.5169671,2.4635175],[31.5172776,2.463762],[31.5175706,2.4639609],[31.5177188,2.4640722],[31.5178026,2.4641103],[31.5178797,2.4641418],[31.5179676,2.4642155],[31.5180493,2.4643084],[31.5181119,2.4643559],[31.5181812,2.4643871],[31.5182469,2.46442],[31.5183042,2.4644808],[31.5183954,2.4645431],[31.5185583,2.464659],[31.5186798,2.4647124],[31.5187649,2.4647543],[31.5188889,2.4648721],[31.5190596,2.4649585],[31.5193488,2.4650619],[31.5194683,2.4651534],[31.519585,2.4652137],[31.5197419,2.4652472],[31.5198492,2.4652914],[31.5199685,2.465404],[31.5200865,2.4654696],[31.5201804,2.4655152],[31.5202703,2.4655875],[31.5203749,2.4656773],[31.5204848,2.4657497],[31.5206163,2.4658287],[31.5207021,2.4658662],[31.5207678,2.4658689],[31.5208322,2.4658341],[31.5208791,2.4657322],[31.520922,2.465688],[31.5209918,2.4656773],[31.5210775,2.4657181],[31.521205,2.4657706],[31.5213352,2.4658357],[31.5214732,2.4659332],[31.5215872,2.4659587],[31.5217361,2.4659399],[31.5218501,2.4659453],[31.522003,2.4659774],[31.5222645,2.4660458],[31.5224777,2.4661597],[31.5226105,2.4663271],[31.5227433,2.4664879],[31.5228653,2.4665737],[31.5229753,2.4666594],[31.5230235,2.4667586],[31.5230758,2.4668323],[31.5231077,2.4668984],[31.5230937,2.4670127],[31.5231122,2.4671118],[31.523228,2.4672327],[31.5233641,2.4673589],[31.5234973,2.4674575],[31.5236864,2.4676187],[31.5238418,2.4678168],[31.5239448,2.4678905],[31.524047,2.4680167],[31.5241836,2.4681293],[31.524248,2.4682324],[31.5243191,2.4683503],[31.5243942,2.4684294],[31.5244558,2.4685125],[31.5245363,2.4686009],[31.524649,2.4686732],[31.5248233,2.4688407],[31.525109,2.4691569],[31.5253195,2.4693941],[31.5255153,2.46952],[31.5257084,2.4696111],[31.5259308,2.4696345],[31.5261198,2.4696588],[31.5262603,2.4697359],[31.5264025,2.4697973],[31.526482,2.4698625],[31.5265332,2.4699273],[31.5265506,2.4699917],[31.526556,2.470068],[31.5265828,2.4701189],[31.526666,2.4701725],[31.5267601,2.4701898],[31.526857,2.4701736],[31.5269308,2.470175],[31.5270014,2.4702086],[31.5270857,2.4702838],[31.5272225,2.4703534],[31.5273419,2.4704097],[31.5274814,2.4704794],[31.527594,2.4705343],[31.5277563,2.4705691],[31.5278998,2.4705705],[31.5280267,2.4705495],[31.5281147,2.4704953],[31.5282046,2.4704829],[31.5282793,2.4704827],[31.528449,2.4704887],[31.5285301,2.4704646],[31.5285891,2.4704278],[31.528679,2.4704177],[31.5287809,2.4704512],[31.5289231,2.4704861],[31.5290961,2.4705021],[31.5291993,2.4704941],[31.5292221,2.4704673],[31.5292101,2.4704244],[31.5291645,2.4703936],[31.5290599,2.470336],[31.5289459,2.4702972],[31.5288667,2.4702704],[31.5288024,2.4702154],[31.5287675,2.4701632],[31.5287273,2.4700975],[31.5287682,2.4699461],[31.5287939,2.4698705],[31.5287963,2.46979],[31.5287764,2.4697314],[31.528784,2.469683],[31.5288253,2.4696667],[31.5288833,2.4696898],[31.5289356,2.4697043],[31.5290156,2.4697224],[31.5291227,2.4697899],[31.5292275,2.4698697],[31.5293254,2.4699689],[31.5294944,2.4701846],[31.5295561,2.4702972],[31.5296254,2.4703562],[31.5297639,2.4704137],[31.5298263,2.4704909],[31.5298444,2.4705852],[31.5298712,2.4707192],[31.5299101,2.4707996],[31.5299845,2.4709021],[31.5300596,2.4709523],[31.5301663,2.4709925],[31.5302349,2.4710455],[31.530321,2.471139],[31.5304987,2.4713073],[31.5305753,2.4713731],[31.5306383,2.4714414],[31.5306678,2.4715003],[31.5307027,2.4715834],[31.5307523,2.4716558],[31.5308241,2.4717281],[31.5308771,2.4718112],[31.5309253,2.4719237],[31.5309803,2.4720148],[31.5310387,2.472118],[31.5311044,2.4722111],[31.5311962,2.4723029],[31.5313042,2.4723666],[31.5313344,2.472398],[31.5313826,2.4725133],[31.5314886,2.4726861],[31.5315382,2.4727853],[31.5315865,2.4728563],[31.5316683,2.4729715],[31.5317152,2.4730774],[31.531777,2.4731829],[31.5318748,2.4734003],[31.5320545,2.4737701],[31.5321377,2.474042],[31.5322322,2.4742491],[31.5323268,2.4745003],[31.532364,2.4745616],[31.5323969,2.4745783],[31.532485,2.4745418],[31.5325822,2.4745159],[31.5326478,2.4745574],[31.5326407,2.4746223],[31.5325749,2.4747487],[31.532551,2.4748536],[31.5325512,2.4749492],[31.5325816,2.4750871],[31.5326326,2.4751943],[31.5326983,2.475272],[31.532768,2.4753216],[31.5328042,2.4753578],[31.5328123,2.4754074],[31.5328096,2.475465],[31.532819,2.4756231],[31.5328445,2.4757222],[31.5329061,2.4758629],[31.5329598,2.4759621],[31.5329853,2.4760277],[31.532992,2.4760907],[31.5329759,2.4762461],[31.5330175,2.4764886],[31.5330456,2.4766306],[31.5330818,2.4767003],[31.5331623,2.4767579],[31.5332226,2.4768276],[31.5332924,2.4769442],[31.5334077,2.4771291],[31.5334386,2.477243],[31.5334412,2.4773649],[31.5334722,2.4774767],[31.5335204,2.4775545],[31.5335593,2.4776107],[31.5335599,2.4776597],[31.5335375,2.4776942],[31.5335288,2.4777276],[31.5335425,2.4777601],[31.533574,2.4777809],[31.533635,2.4778097],[31.5338261,2.4779504],[31.5339281,2.4780053],[31.5340608,2.4780455],[31.534097,2.478075],[31.5341292,2.4781648],[31.5341628,2.4782854],[31.5341721,2.4783966],[31.5341869,2.4784796],[31.5341775,2.4785265],[31.534144,2.4785547],[31.5341091,2.478552],[31.5340796,2.4785172],[31.5340112,2.4783966],[31.5339549,2.4783309],[31.5338932,2.4782907],[31.5337765,2.4783028],[31.5337175,2.4783403],[31.5336907,2.4784126],[31.5337028,2.4784743],[31.5337457,2.4785198],[31.5338516,2.478627],[31.5339723,2.4787811],[31.534034,2.4788803],[31.534085,2.479037],[31.5340696,2.4792822],[31.5339918,2.4794048],[31.5338758,2.4795019],[31.5336961,2.4796359],[31.5333568,2.4798985],[31.5331207,2.4801451],[31.5328968,2.4804867],[31.5327519,2.4807721],[31.5326071,2.481233],[31.5324864,2.4818976],[31.5324461,2.4822835],[31.5325052,2.4824549],[31.5326151,2.4825756],[31.5326822,2.4826854],[31.532701,2.4828382],[31.5326285,2.4830043],[31.5325293,2.4831061],[31.5323925,2.4832535],[31.5322879,2.4834813],[31.5322262,2.4837546],[31.5321806,2.4840896],[31.5320009,2.4849176],[31.5320036,2.4851347],[31.532017,2.4853088],[31.5319473,2.4855366],[31.531738,2.4858823],[31.5315476,2.4862467],[31.5311882,2.4867585],[31.5310313,2.4870734],[31.5309468,2.4874539],[31.5308985,2.4876281],[31.530802,2.4877433],[31.5306155,2.4878827],[31.5303192,2.4881975],[31.5299919,2.4884709],[31.5296352,2.4887415],[31.5282512,2.4896955],[31.5271193,2.4905959],[31.5264273,2.4913408],[31.52529,2.4927664],[31.5234661,2.4945725],[31.5219212,2.4959123],[31.5200919,2.4974076],[31.519078,2.4982115],[31.518622,2.4987474],[31.5183967,2.4992619],[31.518209,2.5002909],[31.5179783,2.5009554],[31.5176511,2.5014056],[31.5170234,2.5018451],[31.5164441,2.502113],[31.5159345,2.5021452],[31.5146524,2.5019576],[31.5137297,2.5017218],[31.5133435,2.5016227],[31.5125254,2.5014485],[31.5117046,2.501285],[31.5108973,2.5011832],[31.5102991,2.5011189],[31.5097171,2.5011189],[31.5091351,2.5010385],[31.5085933,2.5009179],[31.5077591,2.5007518],[31.5073112,2.5005964],[31.5063724,2.5002989],[31.5055141,2.4999666],[31.5045699,2.4995674],[31.5040094,2.499361],[31.5035561,2.4992217],[31.5028319,2.4991279],[31.5025395,2.4989993],[31.5022445,2.4987849],[31.5020245,2.4987206],[31.5017536,2.4987099],[31.501193,2.4986938],[31.5008068,2.4986241],[31.4997768,2.4983856],[31.498763,2.4982436],[31.497969,2.4982115],[31.4968693,2.4982919],[31.4956462,2.4985009],[31.4952654,2.4985009],[31.4946699,2.4985223],[31.493758,2.4987635],[31.4919877,2.499294],[31.4893591,2.5003981],[31.4885652,2.5008375],[31.4881039,2.5011591],[31.4876318,2.5013145],[31.4868674,2.5015771],[31.4863068,2.5019255],[31.4858387,2.5022202],[31.4857542,2.5023006],[31.4856175,2.5025203],[31.4854538,2.502716],[31.4851481,2.5028821],[31.4848906,2.5029411],[31.4847404,2.5029411],[31.4845124,2.5029491],[31.4843836,2.5029973],[31.4841959,2.5031206],[31.4833295,2.5037476],[31.4829701,2.5041013],[31.4826482,2.5044658],[31.4819616,2.5053983],[31.4807707,2.5068775],[31.4797193,2.5080351],[31.4795074,2.5083432],[31.4794993,2.508496],[31.4795503,2.5085951],[31.4796522,2.5087237],[31.4797112,2.5088872],[31.4797166,2.5090212],[31.4797005,2.5091873],[31.4796254,2.5093106],[31.4794537,2.509466],[31.4793089,2.5095732],[31.4791131,2.5096723],[31.4789978,2.5098117],[31.4788878,2.5100341],[31.4787242,2.5102431],[31.4785203,2.5103931],[31.4783031,2.5106316],[31.4780697,2.5109639],[31.4779732,2.5111542],[31.4778686,2.5114543],[31.4777479,2.5115963],[31.4776406,2.5116713],[31.4775199,2.511808],[31.4774689,2.5119714],[31.4773938,2.5121322],[31.477257,2.5121992],[31.4770478,2.512218],[31.4768547,2.5122501],[31.4766589,2.5123225],[31.4764765,2.5125181],[31.4763236,2.5127941],[31.4762485,2.5130755],[31.4761144,2.5134265],[31.4760661,2.5137105],[31.4760581,2.5139838],[31.4759615,2.5141232],[31.4741173,2.5130556],[31.4719838,2.5119848],[31.4722198,2.511674],[31.4724505,2.5113632],[31.4725846,2.5109934],[31.4727133,2.5106343],[31.4728743,2.5101466],[31.4730889,2.5097929],[31.4732498,2.5094928],[31.4733946,2.5089729],[31.4736628,2.5081262],[31.4739633,2.5074187],[31.47443,2.5064434],[31.4746445,2.5060146],[31.4751112,2.5054144],[31.4753634,2.5051089],[31.4754438,2.5048731],[31.4755619,2.5045006],[31.4756638,2.5043184],[31.4756852,2.504163],[31.4756691,2.50397],[31.4756826,2.5037985],[31.4757308,2.5036324],[31.4757898,2.503418],[31.4758515,2.503201],[31.4759427,2.5030322],[31.4760983,2.5028982],[31.4762431,2.5027588],[31.4763799,2.5026034],[31.4765838,2.5022765],[31.4767393,2.5020434],[31.4769432,2.5017084],[31.47708,2.5014137],[31.4771605,2.5011939],[31.4772651,2.5006285],[31.4773053,2.5003686],[31.477375,2.5001649],[31.4774984,2.4999774],[31.4777479,2.4997067],[31.4778927,2.4995191],[31.4779463,2.4993557],[31.4780349,2.4990288],[31.4781126,2.4987983],[31.4782172,2.4985947],[31.4783084,2.4984687],[31.4786196,2.4981927],[31.478869,2.4979569],[31.4790595,2.4978229],[31.4793169,2.4976809],[31.479435,2.4975871],[31.4795557,2.4973942],[31.479679,2.49722],[31.4798346,2.4969735],[31.4799821,2.4966573],[31.4802021,2.496266],[31.4803603,2.4959873],[31.4804623,2.4958051],[31.4805481,2.4956953],[31.4808834,2.4954273],[31.4812025,2.4951968],[31.4813527,2.4950146],[31.4814627,2.4948351],[31.4816827,2.4944385],[31.4823478,2.4931951],[31.4825946,2.4928468],[31.483233,2.4922465],[31.4836353,2.491657],[31.4838324,2.4911867],[31.4839183,2.4910755],[31.4839679,2.4910393],[31.4840765,2.4909643],[31.4841181,2.4909134],[31.4841422,2.4908451],[31.4841329,2.4907459],[31.4841382,2.4906146],[31.4841637,2.4905289],[31.4842844,2.490348],[31.4843568,2.4901792],[31.4845298,2.4899112],[31.484566,2.4898308],[31.4845647,2.4897611],[31.4845392,2.4897196],[31.4845017,2.4896821],[31.484495,2.4896472],[31.4845204,2.4896097],[31.4845996,2.4895548],[31.4847109,2.489453],[31.4848128,2.489323],[31.4850207,2.4891113],[31.4851762,2.4889036],[31.4852902,2.4886879],[31.4854404,2.4885271],[31.4856523,2.4883396],[31.4859836,2.4880836],[31.4862062,2.4879456],[31.4864261,2.4878224],[31.4866649,2.4876134],[31.4870068,2.4873561],[31.4872965,2.4871149],[31.4876211,2.4867344],[31.4878222,2.486512],[31.4881065,2.4862976],[31.4886698,2.4858233],[31.4889622,2.4856652],[31.4892036,2.4854509],[31.489445,2.4853169],[31.4896005,2.4852097],[31.4897615,2.4850623],[31.4900216,2.484797],[31.4901262,2.4846523],[31.4902335,2.4844513],[31.4903006,2.4843415],[31.4903811,2.4842906],[31.4905299,2.484253],[31.4906466,2.484186],[31.4908437,2.4840387],[31.4909671,2.4839087],[31.4910382,2.4838524],[31.491124,2.4838136],[31.4911965,2.4837801],[31.4912595,2.4837345],[31.4913681,2.4836354],[31.4915317,2.4834759],[31.4916699,2.4833875],[31.4917932,2.4833299],[31.4919139,2.4833031],[31.4920306,2.4833138],[31.4922304,2.483358],[31.4923766,2.4834076],[31.492559,2.4834733],[31.4926878,2.483492],[31.492956,2.4834947],[31.493188,2.4835014],[31.4933677,2.4834893],[31.4935876,2.4834893],[31.4937446,2.483492],[31.493994,2.4834612],[31.4944164,2.4834183],[31.4947383,2.4833687],[31.4949918,2.4833018],[31.4952198,2.4832401],[31.4954424,2.4832106],[31.4958662,2.4832187],[31.4962819,2.4831544],[31.4966252,2.4830606],[31.4972207,2.4829534],[31.4977545,2.482873],[31.4978993,2.4828221],[31.4979744,2.4827471],[31.4980441,2.4827136],[31.4981648,2.4827149],[31.49826,2.4827229],[31.4987147,2.482664],[31.4992404,2.4825729],[31.499581,2.4825059],[31.4997044,2.4824764],[31.4998466,2.4824657],[31.5000236,2.4825193],[31.5001926,2.482597],[31.500434,2.4826452],[31.500717,2.4826707],[31.5008967,2.4827015],[31.501008,2.4826948],[31.5011246,2.482664],[31.5012279,2.4826064],[31.5013513,2.4825823],[31.5015256,2.4826024],[31.5016597,2.4826131],[31.5018032,2.4826291],[31.5020245,2.4826211],[31.5022136,2.4825997],[31.5023585,2.4825648],[31.502514,2.4825447],[31.502675,2.4825367],[31.5028909,2.4824791],[31.5031202,2.4824295],[31.5033133,2.4823974],[31.5034635,2.4823371],[31.5035695,2.4822433],[31.5037023,2.4821589],[31.5038404,2.4821401],[31.5040067,2.4821723],[31.5041167,2.4821816],[31.5041877,2.4821589],[31.5042843,2.4821213],[31.5043969,2.4820999],[31.5044989,2.4820597],[31.5046236,2.4819753],[31.5047282,2.4819512],[31.5048274,2.4819626],[31.5049374,2.4819947],[31.5050078,2.4820088],[31.5050943,2.4820034],[31.5052103,2.4819666],[31.5053639,2.4818936],[31.5054443,2.481836],[31.5055825,2.4817797],[31.5056857,2.4817663],[31.5058762,2.4817837],[31.5060022,2.4818159],[31.506076,2.481852],[31.506131,2.4819204],[31.5061592,2.4820115],[31.5061605,2.4821146],[31.5061203,2.4822513],[31.5061337,2.482388],[31.5062088,2.482589],[31.5062839,2.4827739],[31.5064743,2.4830659],[31.506646,2.4832696],[31.5067962,2.4833607],[31.5069383,2.4833741],[31.5070671,2.4833018],[31.507165,2.4832401],[31.507224,2.48322],[31.5072736,2.4832287],[31.5073078,2.4832649],[31.5073266,2.4833473],[31.507336,2.4834344],[31.5073655,2.4834773],[31.5074164,2.4834907],[31.5074848,2.4834806],[31.5075552,2.4834866],[31.5075915,2.4835268],[31.5076169,2.4836501],[31.5076666,2.4838444],[31.5077631,2.4840601],[31.507814,2.4842591],[31.5078127,2.4843147],[31.5077712,2.4843254],[31.5077135,2.4842906],[31.5076478,2.4842517],[31.5075512,2.484245],[31.5074439,2.4842584],[31.5073755,2.4842262],[31.5072817,2.4841378],[31.507102,2.4839824],[31.506874,2.4839154],[31.5065414,2.4839074],[31.5063563,2.4839127],[31.5061659,2.4839529],[31.5059674,2.4839395],[31.5058199,2.4838538],[31.5056536,2.4837573],[31.5054993,2.4837479],[31.505376,2.4837908],[31.5052874,2.4838029],[31.5051801,2.4838122],[31.50516,2.4838511],[31.5051828,2.4838966],[31.5052687,2.4839878],[31.5053008,2.4840534],[31.5053035,2.484115],[31.5053223,2.4841753],[31.5053424,2.4842289],[31.5053397,2.4842798],[31.5053008,2.4843133],[31.5051815,2.4843763],[31.5050608,2.4844889],[31.5049642,2.4846148],[31.5048328,2.4847005],[31.504586,2.4847488],[31.5043554,2.4849471],[31.5042561,2.4852177],[31.5042803,2.4853865],[31.504409,2.4856277],[31.5046504,2.4859225],[31.504747,2.4861261],[31.5048784,2.4864986],[31.5049079,2.4867398],[31.5049884,2.486855],[31.5051708,2.4869568],[31.5054443,2.4870667],[31.5055624,2.4871364],[31.5056294,2.4872221],[31.5057126,2.4874311],[31.5058145,2.4875866],[31.5059352,2.4877688],[31.5060908,2.4879805],[31.5062034,2.4880716],[31.5063697,2.4881413],[31.5066969,2.4882806],[31.5071234,2.4884628],[31.5074077,2.4886316],[31.5075955,2.4886852],[31.5078154,2.4886852],[31.5080515,2.4885968],[31.5082875,2.4885459],[31.5085047,2.4884923],[31.508671,2.4884682],[31.508781,2.4885003],[31.5089071,2.4886156],[31.5090278,2.4887442],[31.5091458,2.4887951],[31.5092799,2.488838],[31.5094274,2.4889318],[31.5094569,2.4890014],[31.5094623,2.4890952],[31.5094194,2.4891729],[31.5093657,2.4892801],[31.509245,2.4894355],[31.5091726,2.489524],[31.5090868,2.489591],[31.5090573,2.4895883],[31.5089875,2.4895374],[31.5088642,2.4894597],[31.5087622,2.4894355],[31.5086415,2.4894409],[31.5084699,2.489457],[31.5083545,2.4894838],[31.5082929,2.4895588],[31.5083224,2.4896472],[31.5084162,2.4897142],[31.5085262,2.4898107],[31.5085772,2.4899206],[31.508604,2.4900572],[31.5086469,2.4901912],[31.5087113,2.4902877],[31.5088695,2.4903359],[31.5092209,2.4903654],[31.5096232,2.4903922],[31.5099558,2.4903815],[31.5101838,2.490427],[31.5104037,2.4904887],[31.5107337,2.4905047],[31.5110421,2.4905771],[31.5117019,2.4907513],[31.5122062,2.4908585],[31.513086,2.4909442],[31.5135902,2.4909549],[31.514411,2.4909549],[31.5154275,2.4908531],[31.5169993,2.4908209],[31.5176645,2.4907888],[31.5185952,2.4906387],[31.5191263,2.4904029],[31.5202689,2.4896258],[31.5213472,2.488838],[31.5220258,2.4882779],[31.5221626,2.488077],[31.5223154,2.4878063],[31.5224576,2.487616],[31.5225622,2.4875517],[31.5228438,2.4875115],[31.5229565,2.4874767],[31.5230312,2.4874189],[31.5232676,2.4871364],[31.5236056,2.4868095],[31.5241018,2.4863646],[31.5245658,2.4860163],[31.5247911,2.4857295],[31.5249869,2.4854482],[31.5251935,2.4852124],[31.5253463,2.4849819],[31.5255421,2.4846362],[31.5255904,2.4845344],[31.5255555,2.4843468],[31.5255287,2.4841968],[31.5254516,2.4841157],[31.5254402,2.4840333],[31.5256816,2.4836635],[31.5257594,2.4834063],[31.5257969,2.4827685],[31.5259391,2.4823692],[31.5257353,2.4819485],[31.5257084,2.481785],[31.5256602,2.4810615],[31.525526,2.4805926],[31.5255153,2.4802898],[31.5253222,2.4791965],[31.5251881,2.4785105],[31.5249091,2.4781567],[31.5245658,2.4778245],[31.5246007,2.4773448],[31.5244719,2.4772349],[31.5244076,2.4771224],[31.5243888,2.4769321],[31.5243566,2.4767901],[31.5242788,2.4766829],[31.5241823,2.4765543],[31.5241206,2.4763881],[31.5241125,2.4762381],[31.5240777,2.476096],[31.524016,2.4759513],[31.5238523,2.4755628],[31.5236995,2.4752787],[31.5234983,2.4749652],[31.5234366,2.4748178],[31.5233695,2.4744855],[31.5232891,2.4742551],[31.5231791,2.4740193],[31.5228841,2.4735503],[31.5227339,2.4733761],[31.5224442,2.4730787],[31.5223396,2.4729099],[31.5222618,2.472658],[31.5221518,2.4724825],[31.522007,2.4722788],[31.5219158,2.472181],[31.5218528,2.4721261],[31.5218166,2.4720604],[31.5217884,2.4719733],[31.521728,2.4718889],[31.5217039,2.4718219],[31.5216999,2.4717603],[31.5217106,2.4716611],[31.5216985,2.4715982],[31.5216596,2.4715459],[31.5216073,2.4715352],[31.5215269,2.4715486],[31.5214813,2.4715492],[31.5214169,2.4715191],[31.5213445,2.4714253],[31.5212506,2.4712565],[31.5212023,2.4710743],[31.5211567,2.4709403],[31.521036,2.4707688],[31.5209743,2.4705785],[31.5209556,2.4703856],[31.5209261,2.4701873],[31.5208536,2.4700345],[31.5206659,2.4697532],[31.5203708,2.4694557],[31.5200436,2.4691931],[31.5197647,2.468968],[31.5195635,2.4687536],[31.5192926,2.4685125],[31.5189975,2.4683061],[31.5184799,2.468014],[31.5181875,2.4678693],[31.5180668,2.4677729],[31.517922,2.4676121],[31.5178201,2.4675344],[31.5175545,2.4674057],[31.5172997,2.4673495],[31.5171468,2.4673253],[31.5170422,2.4672396],[31.5169671,2.4670681],[31.5168679,2.4669046],[31.5166989,2.4667653],[31.5165111,2.466642],[31.5161625,2.4664518],[31.5158862,2.4662454],[31.5157333,2.4661141],[31.515567,2.4659346],[31.5153497,2.465747],[31.5148589,2.4653129],[31.5145692,2.4650931],[31.5142353,2.4649055],[31.5140516,2.4647769],[31.5137619,2.4645491],[31.513554,2.4644312],[31.513381,2.4642973],[31.513157,2.4641378],[31.5128835,2.4639743],[31.5126635,2.4638913],[31.5125026,2.4638095],[31.5123765,2.4637198],[31.5121928,2.4636126],[31.5120547,2.4635362],[31.5118951,2.4634907],[31.511765,2.4634706],[31.5117086,2.4634223],[31.5116751,2.4633553],[31.5116456,2.4633017],[31.5115879,2.4632642],[31.511486,2.4632535],[31.5114471,2.4632307],[31.5114136,2.4631704],[31.5113318,2.4630914],[31.5111668,2.4629614],[31.511018,2.4628489],[31.5109161,2.4628033],[31.5108436,2.4627778],[31.5107766,2.4627845],[31.5107377,2.4628087],[31.5107243,2.4628582],[31.5107189,2.4629118],[31.5107001,2.462956],[31.5106639,2.4630056],[31.5106197,2.4630324],[31.5105794,2.4630297],[31.5104762,2.4629761],[31.5103957,2.4629078],[31.5103273,2.4628582],[31.5103072,2.4628301],[31.5102978,2.4627912],[31.5103126,2.4627122],[31.510338,2.4626546],[31.5103474,2.4625594],[31.5103716,2.4624737],[31.5103877,2.4624027],[31.5103863,2.4623518],[31.5103528,2.4622861],[31.5102871,2.4622459],[31.5101825,2.4622178],[31.5100725,2.4621401],[31.5099813,2.4620114],[31.5098579,2.4618989],[31.509701,2.4618346],[31.5095669,2.4617328],[31.5093979,2.4615907],[31.5091887,2.4614165],[31.5090036,2.4612772],[31.5088588,2.4612209],[31.5087059,2.4611673],[31.5085567,2.461081],[31.5084752,2.4610065],[31.5084162,2.4608913],[31.5083626,2.4608297],[31.5080997,2.4606769],[31.5079924,2.4606582],[31.5078744,2.4606716],[31.5077484,2.4606501],[31.5075874,2.4605912],[31.5074708,2.4605028],[31.5074117,2.460417],[31.5073487,2.460342],[31.507283,2.460287],[31.507224,2.4602562],[31.5070523,2.4601852],[31.5068337,2.4601155],[31.5065923,2.4600043],[31.5062959,2.4598663],[31.5058976,2.4596787],[31.5054524,2.4594898],[31.5051198,2.4593237],[31.5047738,2.4592165],[31.5045029,2.4591629],[31.5040442,2.4590879],[31.5036124,2.4589833],[31.5030652,2.4589083],[31.5028426,2.4588494],[31.5025637,2.4587877],[31.5023035,2.4587073],[31.5021265,2.4586805],[31.5015149,2.4586537],[31.5009811,2.4586055],[31.5002865,2.4585358],[31.4994791,2.4584501],[31.4987442,2.4583456],[31.4984786,2.4582679],[31.4979744,2.458091],[31.4973575,2.4579624],[31.4969176,2.4577641],[31.4963594,2.4575832],[31.495657,2.457346],[31.4953271,2.4572228],[31.494973,2.4571075],[31.494804,2.4570164],[31.4945626,2.4568744],[31.4943936,2.4567994],[31.4941522,2.4567458],[31.4937526,2.4566627],[31.4934602,2.4565689],[31.4930364,2.4563867],[31.4922827,2.4561723],[31.4914352,2.4558507],[31.4905339,2.4554756],[31.4899492,2.4552076],[31.4895844,2.455012],[31.4891821,2.454811],[31.4887449,2.4546314],[31.488474,2.4544841],[31.4882755,2.4543956],[31.4881119,2.4543045],[31.4879134,2.4541544],[31.4877981,2.4540821],[31.4876184,2.4540312],[31.4873823,2.4540205],[31.4872053,2.4539454],[31.4870256,2.4538302],[31.4868057,2.4536989],[31.4865455,2.4535971],[31.4861619,2.4533612],[31.4857918,2.4531254],[31.4853224,2.4529003],[31.4849308,2.4526431],[31.4842906,2.4520413],[31.4840215,2.4518231],[31.4837158,2.4516891],[31.4835092,2.4515578],[31.483402,2.4514265],[31.4833617,2.4513166],[31.4833242,2.4512389],[31.4832517,2.4511987],[31.4831069,2.4511853],[31.4830211,2.4511531],[31.4828709,2.4510057],[31.4826241,2.4508449],[31.4821869,2.4505127],[31.4817658,2.4501884],[31.4813018,2.4498642],[31.4809477,2.4496123],[31.4803764,2.4492559],[31.480017,2.4489772],[31.4796871,2.4486958],[31.4794725,2.4484546],[31.4790165,2.4477954],[31.4786598,2.4473318],[31.4783514,2.4469647],[31.4781582,2.4467315],[31.4780885,2.4466377],[31.4779973,2.4464555],[31.4778793,2.4463001],[31.4777344,2.4461554],[31.4776191,2.4460133],[31.4775172,2.445866],[31.4772731,2.4456382],[31.4769566,2.4453756],[31.4767206,2.4451076],[31.4763263,2.4447619],[31.4761063,2.4445743],[31.4759749,2.4444189],[31.4758757,2.4441938],[31.4757603,2.4440678],[31.4756235,2.4439338],[31.475468,2.4438454],[31.4753151,2.4437945],[31.475189,2.4437757],[31.4750925,2.4437248],[31.4749476,2.4435828],[31.4747384,2.443489],[31.4746419,2.4433952],[31.474548,2.4432425],[31.4744836,2.4431004],[31.4744809,2.4429343],[31.4745212,2.4428003],[31.4746124,2.4426502],[31.4747331,2.4424814],[31.4747572,2.4423126],[31.4747545,2.4422],[31.4747679,2.4421277],[31.4747974,2.44205],[31.4748833,2.4419883],[31.4749825,2.4419026],[31.4750174,2.4417686],[31.4750147,2.4415408],[31.4750013,2.4412567],[31.4749986,2.4410397],[31.4749932,2.4408467],[31.4749262,2.4405466],[31.474776,2.4400803],[31.4746204,2.4396221],[31.4745131,2.4392844],[31.47443,2.4389012],[31.4743844,2.4385261],[31.47432,2.4382018],[31.4742529,2.4379633],[31.4741537,2.4376873],[31.4740089,2.4373416],[31.4738077,2.43702],[31.4736333,2.4368003],[31.473408,2.4365671],[31.4731076,2.4363501],[31.4728609,2.4362027],[31.4724612,2.4359481],[31.4720911,2.4357712],[31.4718631,2.4356855],[31.4716136,2.4356158],[31.4711201,2.4354631],[31.4707848,2.4353398],[31.4704549,2.4351576],[31.4702618,2.4349861],[31.4700687,2.4347636],[31.4699319,2.4345814],[31.4698689,2.4344622],[31.4698474,2.4343697],[31.469838,2.4342719],[31.4698488,2.4342049],[31.4698622,2.4341714],[31.469885,2.4341379],[31.4699104,2.4341151],[31.4699802,2.4340816],[31.4700083,2.4340388],[31.4700204,2.4339356],[31.470003,2.4337962],[31.4699855,2.4337185],[31.4699869,2.433685],[31.4700124,2.4336515],[31.470058,2.4336435],[31.4701411,2.4336488],[31.4702216,2.4336502],[31.47029,2.4336435],[31.4703503,2.433606],[31.4704201,2.4335149],[31.470475,2.4334398],[31.4705636,2.4333554],[31.4706682,2.4332844],[31.4707419,2.4332107],[31.4708009,2.4330941],[31.4708506,2.4329534],[31.4708734,2.432865],[31.4709042,2.4327953],[31.4709552,2.4327283],[31.4710638,2.4326587],[31.4711845,2.4326064],[31.4712797,2.4325421],[31.4713562,2.4324416],[31.4713831,2.4323325],[31.4714004,2.4321589],[31.4713776,2.4319914],[31.4713213,2.4318132],[31.4712931,2.4316524],[31.4713038,2.4315131],[31.4713387,2.4313348],[31.4713468,2.4311647],[31.4713441,2.4310401],[31.4712837,2.4307922],[31.4712059,2.4305778],[31.4711764,2.4304063],[31.4711335,2.4299909],[31.4710504,2.4293773],[31.4709511,2.428927],[31.470927,2.4286483],[31.470927,2.4282946],[31.4708921,2.4280293],[31.470809,2.4275711],[31.4707473,2.4272281],[31.4706802,2.4268154],[31.4705944,2.4265206],[31.4705434,2.4263357],[31.4705113,2.42599],[31.4705542,2.4255157],[31.47053,2.4250762],[31.4705273,2.4247868],[31.47053,2.4242776],[31.4705139,2.4240659],[31.4704576,2.4238863],[31.470404,2.4237604],[31.4703852,2.423672],[31.4704066,2.4235755],[31.4704496,2.4234201],[31.470463,2.4231762],[31.4704415,2.4229136],[31.4703986,2.4226804],[31.4703986,2.4224875],[31.4704013,2.4222302],[31.4703664,2.4218899],[31.4702806,2.4215576],[31.4701974,2.4212869],[31.4701197,2.4209573],[31.4700901,2.4206786],[31.4701492,2.4201641],[31.4702028,2.4196844],[31.4703584,2.4188831],[31.4704335,2.4180068],[31.4704335,2.4175111],[31.4704308,2.4167848],[31.4705059,2.416206],[31.4705569,2.415185],[31.4706239,2.4144695],[31.4707097,2.413904],[31.4707687,2.4134565],[31.4708063,2.4127222],[31.4708492,2.4124221],[31.4708707,2.41213],[31.470876,2.4116556],[31.4709082,2.4113153],[31.4709216,2.4108865],[31.4709753,2.4104711],[31.4710289,2.4101978],[31.4710557,2.4098789],[31.4710316,2.4095841],[31.4709941,2.4093939],[31.4709753,2.4092197],[31.4709645,2.4089008],[31.4709404,2.4086408],[31.4709458,2.4083943],[31.4709377,2.408271],[31.4709082,2.4080995],[31.4709136,2.4079682],[31.470927,2.4078074],[31.4709055,2.4076546],[31.4708331,2.4074778],[31.4707473,2.4073223],[31.4707285,2.407191],[31.4707687,2.4070651],[31.4708734,2.4068748],[31.470927,2.4066872],[31.4709941,2.4064889],[31.4711121,2.4063201],[31.4711603,2.4061861],[31.4711577,2.4060119],[31.4711443,2.4058297],[31.4711174,2.4055804],[31.4710772,2.4052937],[31.4710772,2.4050793],[31.4711684,2.4045916],[31.4712435,2.4039323],[31.471469,2.4022481],[31.4716673,2.4009416],[31.4718336,2.3995374],[31.4718765,2.3989532],[31.4718121,2.3981546],[31.4718765,2.3974203],[31.471957,2.3961715],[31.471914,2.395539],[31.4718819,2.3950138],[31.4717638,2.3943599],[31.4716083,2.3936738],[31.4714527,2.3931861],[31.471442,2.3929074],[31.471501,2.392693],[31.4716029,2.3924357],[31.4716566,2.3920713],[31.471619,2.3917122],[31.4714152,2.3907689],[31.4712167,2.3895522],[31.4711738,2.3888876],[31.4711577,2.3876012],[31.4711013,2.3872019],[31.471037,2.3868857],[31.4710021,2.3863899],[31.4709806,2.3852188],[31.4709377,2.38438],[31.4708385,2.3840236],[31.4708412,2.383769],[31.4709002,2.3833885],[31.4708975,2.3831901],[31.4708465,2.3829168],[31.4708546,2.3826997],[31.4708868,2.3825041],[31.470919,2.3822629],[31.4709136,2.3820405],[31.4708519,2.3818207],[31.4707875,2.3816465],[31.4707553,2.3814509],[31.47064,2.3808506],[31.4706105,2.3803629],[31.4705783,2.380044],[31.470471,2.3796205],[31.4702886,2.3791408],[31.4702082,2.3787013],[31.4701009,2.3782833],[31.4696476,2.3770532],[31.4693955,2.3763564],[31.469264,2.3760938],[31.469079,2.3758472],[31.4688671,2.3755203],[31.468631,2.3753005],[31.4685184,2.3752282],[31.4683843,2.3750781],[31.4682502,2.3748503],[31.4680061,2.3744885],[31.4679578,2.3744349],[31.4679135,2.3744041],[31.467813,2.3743411],[31.4677298,2.37425],[31.467585,2.3740678],[31.4675421,2.3739954],[31.4675461,2.373915],[31.467589,2.3738185],[31.4675783,2.3737341],[31.4675139,2.3736283],[31.4673328,2.37343],[31.4667159,2.3723258],[31.4665496,2.3720391],[31.4663941,2.3717952],[31.466209,2.3715728],[31.4661071,2.371345],[31.4659649,2.3709618],[31.4658576,2.3705625],[31.4657852,2.3703213],[31.4656645,2.3701337],[31.4655384,2.3699541],[31.4654472,2.3696834],[31.4653426,2.3694717],[31.4651871,2.3692305],[31.4650315,2.3687723],[31.4649028,2.3684078],[31.4647311,2.3680085],[31.4646399,2.3675717],[31.4644897,2.3671241],[31.4643851,2.3666176],[31.4643019,2.3661754],[31.4641973,2.3658699],[31.464031,2.3656796],[31.463909,2.3655523],[31.4638875,2.3654706],[31.463913,2.3652884],[31.4639103,2.3651115],[31.4638594,2.3648931],[31.4638071,2.3647095],[31.4637601,2.3646231],[31.4636998,2.3645206],[31.4636904,2.3644509],[31.4636944,2.3642445],[31.463673,2.3641347],[31.4636059,2.3640074],[31.463504,2.3637876],[31.4634275,2.3635625],[31.4633887,2.3633133],[31.4633605,2.3630935],[31.46328,2.3628617],[31.4631861,2.362579],[31.4631218,2.3621716],[31.4629984,2.3618795],[31.4628938,2.3616463],[31.4627409,2.3613221],[31.4627007,2.3611881],[31.4625907,2.3608022],[31.4624459,2.3604779],[31.4623332,2.3602957],[31.4622554,2.3601911],[31.4621374,2.3598803],[31.4617619,2.3592746],[31.4614856,2.3589182],[31.461381,2.3588056],[31.4613381,2.3587386],[31.4612871,2.3585269],[31.4611986,2.3583795],[31.461035,2.3582],[31.4608768,2.3579695],[31.4606675,2.3576264],[31.4603162,2.3572218],[31.4599943,2.356935],[31.4596778,2.356667],[31.4592218,2.3563133],[31.4589804,2.3560292],[31.4587176,2.3557934],[31.4583689,2.3555254],[31.4578834,2.3551716],[31.4572585,2.3545981],[31.4568052,2.3540702],[31.4563652,2.3535335],[31.4561373,2.3533948],[31.4558476,2.3533412],[31.4556009,2.353234],[31.455169,2.3528535],[31.4547238,2.3524488],[31.4542115,2.3521165],[31.4539003,2.3518512],[31.4535624,2.3515349],[31.4533773,2.3514143],[31.4532781,2.3513956],[31.4531627,2.3514063],[31.4530098,2.3514009],[31.452857,2.3513286],[31.4525659,2.3511343],[31.4525244,2.3510767],[31.4524734,2.3509373],[31.4524265,2.3508904],[31.4523004,2.350818],[31.4521918,2.3507028],[31.4521193,2.3505862],[31.4520349,2.3505166],[31.4518458,2.3504683],[31.4517479,2.3504174],[31.4515963,2.3502888],[31.451481,2.3502486],[31.4513335,2.3502378],[31.4512557,2.3501923],[31.4511457,2.3500663],[31.4510706,2.3499618],[31.4508829,2.3498117],[31.4507782,2.3497581],[31.4506508,2.3497407],[31.4505395,2.349734],[31.4504027,2.3496858],[31.4501318,2.3495946],[31.4498582,2.3495276],[31.4495927,2.3493937],[31.4493594,2.3492221],[31.4491609,2.3490426],[31.449016,2.3488684],[31.448898,2.3487049],[31.4487022,2.348528],[31.4484662,2.3483243],[31.4482892,2.3481716],[31.4480853,2.3480403],[31.4479646,2.3480028],[31.4477661,2.347984],[31.4476106,2.3479572],[31.4474362,2.3478741],[31.4473155,2.3477589],[31.4472082,2.3476731],[31.4470017,2.3475498],[31.4468086,2.3473756],[31.4466396,2.3471773],[31.4464062,2.3469683],[31.4462131,2.3467325],[31.4460227,2.3465315],[31.4459074,2.3462929],[31.4456847,2.3460115],[31.4455479,2.3458856],[31.445277,2.3457462],[31.4451215,2.3456364],[31.4450276,2.3455158],[31.4449739,2.3453898],[31.4449015,2.3452772],[31.4448653,2.345233],[31.4448184,2.3451995],[31.4447755,2.3452049],[31.4446869,2.3452799],[31.444632,2.3453067],[31.4445984,2.3453107],[31.444585,2.3452719],[31.4445958,2.3452263],[31.4446212,2.345162],[31.4446132,2.3451178],[31.4445904,2.3450977],[31.4445206,2.3451111],[31.4444643,2.3451365],[31.4444214,2.3451741],[31.4443584,2.3451674],[31.4443235,2.3451419],[31.4443047,2.3450749],[31.44429,2.3449945],[31.4442531,2.3449469],[31.4441881,2.3449101],[31.4440325,2.3448645],[31.4438823,2.3448511],[31.4437562,2.3447895],[31.4436516,2.3446957],[31.4433646,2.3442964],[31.4431018,2.3440069],[31.4427638,2.3437202],[31.4423427,2.3435138],[31.4420128,2.3434066],[31.4417767,2.3433825],[31.4412966,2.3433557],[31.4407763,2.3433637],[31.4403686,2.343286],[31.4401393,2.3432405],[31.4399609,2.3431855],[31.439812,2.3431627],[31.4395183,2.3431581],[31.4393192,2.3431534],[31.4392407,2.3431426],[31.4392012,2.3431179],[31.4391904,2.3430924],[31.4391924,2.3430616],[31.4392018,2.3430287],[31.4392226,2.3430019],[31.4392287,2.3429705],[31.4392206,2.342943],[31.4392025,2.3429175],[31.4391582,2.3429055],[31.4391194,2.3429128],[31.4390758,2.342937],[31.4390275,2.3429912],[31.4389443,2.3430301],[31.4388531,2.343018],[31.4387874,2.3429671],[31.4387003,2.3428639],[31.4386238,2.3428371],[31.4384884,2.3428331],[31.4383006,2.3428599],[31.4382054,2.3428452],[31.4381477,2.3427956],[31.4381115,2.3427219],[31.4380592,2.3426509],[31.4379707,2.342604],[31.4378366,2.3425571],[31.4375912,2.342466],[31.4374906,2.3424378],[31.4374571,2.3423949],[31.4374651,2.342348],[31.437512,2.3423145],[31.4375684,2.3422462],[31.4375938,2.3421872],[31.4375952,2.3420774],[31.4375657,2.3419943],[31.4374611,2.3419487],[31.4373457,2.3419755],[31.4372089,2.3420854],[31.4370882,2.3421283],[31.4369756,2.3421015],[31.4368683,2.3420452],[31.4367744,2.3419782],[31.4366752,2.3418254],[31.4365706,2.3417048],[31.4364472,2.3416191],[31.4362326,2.3415065],[31.4361683,2.3414154],[31.4361468,2.3412305],[31.4361629,2.3410134],[31.4362407,2.3405257],[31.4362702,2.3402845],[31.4362434,2.3401076],[31.4361709,2.3399495],[31.4359403,2.3395501],[31.4358276,2.3392634],[31.4358008,2.3390517],[31.4358303,2.3388748],[31.4358625,2.3387006],[31.435833,2.3384165],[31.4358249,2.3381726],[31.4357766,2.3379931],[31.4356908,2.3378752],[31.4355648,2.3377948],[31.4353958,2.3377465],[31.4351302,2.3377063],[31.4348727,2.3376715],[31.4347038,2.3376581],[31.4345697,2.337642],[31.4337704,2.3376366],[31.4332661,2.3376929],[31.4327136,2.3377921],[31.4323407,2.3378403],[31.4321315,2.3378778],[31.4317855,2.3379475],[31.4315039,2.337977],[31.4310425,2.3380199],[31.4308387,2.3380654],[31.4303532,2.3382102],[31.4299777,2.3382852],[31.4297283,2.3383897],[31.4294064,2.3384889],[31.4283121,2.3388802],[31.427663,2.3390785],[31.4272606,2.33925],[31.4266062,2.3395716],[31.4262146,2.3396305],[31.4258069,2.3395823],[31.4250237,2.3393786],[31.4245945,2.3392714],[31.4241868,2.3391321],[31.4238059,2.3390785],[31.4234304,2.3390034],[31.4229208,2.3387944],[31.4226097,2.3385854],[31.4221483,2.3381887],[31.421451,2.3376527],[31.4209843,2.3373043],[31.4206195,2.3371489],[31.4201474,2.3370953],[31.41967,2.337106],[31.419273,2.337031],[31.4189994,2.3369184],[31.4187634,2.3367255],[31.4184952,2.3364253],[31.417653,2.3356642],[31.4169556,2.3351335],[31.4162475,2.3347208],[31.4155072,2.3343831],[31.4145912,2.3340942],[31.4136189,2.3339597],[31.4128733,2.3339651],[31.412031,2.3340616],[31.4115697,2.3341688],[31.4110279,2.3344099],[31.4103895,2.3346726],[31.409896,2.3347315],[31.4094293,2.3346672],[31.4090002,2.3345011],[31.4085978,2.3342063],[31.408335,2.3338793],[31.408056,2.3336381],[31.4078629,2.3336274],[31.4076269,2.3337185],[31.4071548,2.333874],[31.4068383,2.3338418],[31.4067095,2.3337668],[31.4063662,2.3333755],[31.4061087,2.3330056],[31.4059532,2.3326519],[31.4058995,2.3323892],[31.4059263,2.3320676],[31.4059746,2.3318184],[31.4060175,2.3316228],[31.4061141,2.3313842],[31.4061087,2.3311806],[31.4058647,2.3308616],[31.4057466,2.3305802],[31.405516,2.3304168],[31.4052182,2.3303256],[31.4046711,2.3302265],[31.4042929,2.3301193],[31.403963,2.3300925],[31.4038235,2.3300362],[31.4037216,2.3299665],[31.4036062,2.329862],[31.4034748,2.3297762],[31.4028901,2.3296342],[31.4012378,2.3293126],[31.4004171,2.3291572],[31.4000148,2.329125],[31.3994837,2.329184],[31.3991511,2.3292697],[31.3982445,2.3296128],[31.3972199,2.3298647],[31.3963163,2.3298513],[31.3956504,2.3296391],[31.3939369,2.3288945],[31.3923678,2.3279833],[31.3918045,2.3277904],[31.3915578,2.3276564],[31.3913217,2.3274795],[31.3910884,2.3272463],[31.3908496,2.3270909],[31.3904259,2.3268336],[31.390112,2.3265897],[31.3897231,2.3262574],[31.3894334,2.3260725],[31.3892242,2.3258876],[31.3889909,2.3255633],[31.3888997,2.3254695],[31.3886663,2.3253275],[31.3884759,2.3251693],[31.3883686,2.3249724],[31.3882694,2.32477],[31.3881889,2.3246789],[31.3880266,2.3245864],[31.3878657,2.324498],[31.3877262,2.3243426],[31.3875586,2.3241188],[31.3872313,2.3238615],[31.3868773,2.3237329],[31.3862067,2.3237757],[31.3851929,2.3239794],[31.3834762,2.3244833],[31.3818884,2.3251801],[31.3805419,2.3259948],[31.3792545,2.3266433],[31.3781226,2.3270507],[31.3772803,2.3271204],[31.3762879,2.3269596],[31.3748342,2.3266648],[31.3739759,2.3263646],[31.373198,2.3259305],[31.3726509,2.3254213],[31.3722351,2.32477],[31.3720018,2.3244591],[31.3716102,2.3240437],[31.3711649,2.3236685],[31.3708618,2.3234943],[31.3707492,2.3233094],[31.3707384,2.3230495],[31.3707277,2.3227118],[31.3706432,2.3224853],[31.3704488,2.3222588],[31.3704219,2.3221892],[31.3703924,2.3219828],[31.3703442,2.3217898],[31.3702744,2.3216639],[31.3701671,2.3215701],[31.3699391,2.321428],[31.3696334,2.3212833],[31.3693437,2.3211252],[31.3690916,2.3209403],[31.3688582,2.320817],[31.3684452,2.3206187],[31.368303,2.3204927],[31.3682011,2.3203534],[31.3679704,2.3200371],[31.3678095,2.319887],[31.3674581,2.3196137],[31.3670129,2.3193778],[31.3665354,2.3190321],[31.3661519,2.3185578],[31.36594,2.3182094],[31.3657844,2.317794],[31.3656771,2.3170489],[31.365543,2.3164861],[31.3653767,2.3162556],[31.3651997,2.3161002],[31.3648134,2.3159233],[31.3645184,2.3157464],[31.3643306,2.3154248],[31.3642555,2.3150389],[31.3642126,2.3146423],[31.3641348,2.3142858],[31.3640866,2.3139481],[31.3640007,2.3135086],[31.3639793,2.3131816],[31.363982,2.31286],[31.3639417,2.312576],[31.3638452,2.3123589],[31.3636869,2.312182],[31.3632095,2.3118175],[31.362775,2.3114262],[31.3619649,2.310649],[31.3614017,2.3097968],[31.3611442,2.3091428],[31.3606453,2.3076635],[31.3601732,2.3060126],[31.3599908,2.3043831],[31.3599533,2.3036756],[31.3598621,2.3028716],[31.3597521,2.3025285],[31.359508,2.3022096],[31.3589662,2.3017995],[31.3585103,2.3016119],[31.3580275,2.3014887],[31.3573408,2.3013761],[31.3570189,2.3012528],[31.3566434,2.301017],[31.3561499,2.3005453],[31.3558227,2.300355],[31.3555571,2.3002531],[31.3553721,2.3001325],[31.355238,2.2999369],[31.3550341,2.2997573],[31.354672,2.2995456],[31.3542134,2.2992428],[31.3540095,2.2990391],[31.3538378,2.2986746],[31.3533121,2.2981118],[31.3528025,2.2977151],[31.3522848,2.2973694],[31.3520461,2.29708],[31.3517913,2.2968897],[31.351456,2.2967155],[31.3513112,2.2965788],[31.3512039,2.2963644],[31.3510081,2.2959892],[31.3508955,2.295756],[31.3508123,2.2955121],[31.3507721,2.2953513],[31.350705,2.2952495],[31.3506085,2.2951852],[31.3505119,2.2951584],[31.3502464,2.2951021],[31.3500103,2.2950699],[31.3496992,2.2950431],[31.3494712,2.2950163],[31.3493317,2.2949413],[31.34927,2.2948207],[31.3491949,2.2947376],[31.3490528,2.2946894],[31.3488463,2.2947028],[31.3485673,2.2947242],[31.3483232,2.2947242],[31.3480711,2.2946679],[31.3478619,2.2945848],[31.3474113,2.2943972],[31.3468105,2.294014],[31.346657,2.2939068],[31.3462579,2.2936281],[31.3453674,2.2930143],[31.3447183,2.2925855],[31.3443482,2.2922371],[31.3441497,2.2919423],[31.3440317,2.2914438],[31.3439432,2.2911168],[31.3437769,2.2907845],[31.3435945,2.2905192],[31.3433638,2.2903155],[31.3427845,2.289809],[31.3424706,2.2894713],[31.3422453,2.2891148],[31.342079,2.2888013],[31.3419905,2.2885091],[31.3419476,2.2881956],[31.3419181,2.2878686],[31.3419691,2.2874425],[31.3419127,2.2872709],[31.3417572,2.2871155],[31.3414353,2.2869279],[31.3412717,2.2867966],[31.3410518,2.286558],[31.3408667,2.2862552],[31.3407969,2.2860649],[31.3406628,2.2856147],[31.3405234,2.2853493],[31.3403141,2.2850679],[31.340121,2.2848616],[31.3398904,2.284749],[31.3393137,2.2845051],[31.3386404,2.284288],[31.3379431,2.2840951],[31.3374978,2.2840415],[31.3366985,2.2839664],[31.3362855,2.2838699],[31.3356686,2.2836126],[31.3350248,2.2834036],[31.334601,2.2833339],[31.334247,2.2832053],[31.3340217,2.2829694],[31.3339573,2.2826961],[31.3339788,2.2823691],[31.3340056,2.282026],[31.3339198,2.2816937],[31.3337776,2.2812997],[31.3337159,2.280887],[31.3337401,2.2805225],[31.3338366,2.280225],[31.3339841,2.2798686],[31.3340056,2.2796756],[31.3339734,2.279547],[31.3338768,2.2793433],[31.3338903,2.2791825],[31.3339975,2.2790029],[31.3341826,2.2787992],[31.334247,2.2786545],[31.3342738,2.2784722],[31.334247,2.2779898],[31.3340914,2.2771322],[31.3339305,2.2758779],[31.3338983,2.2747308],[31.3340431,2.2739268],[31.334483,2.2730879],[31.3347673,2.2725037],[31.3349283,2.2717666],[31.3351455,2.2704748],[31.3351884,2.2699763],[31.3351563,2.2696654],[31.335049,2.2694001],[31.3346547,2.2689043],[31.3345286,2.2686765],[31.3344991,2.2684996],[31.3345259,2.2683441],[31.3345528,2.2681297],[31.3345286,2.2679475],[31.3344616,2.2677358],[31.3343301,2.2672828],[31.3342792,2.2669773],[31.3343275,2.2664064],[31.3343221,2.2660875],[31.3341826,2.2655488],[31.3340458,2.2651066],[31.3338044,2.2647689],[31.3333082,2.2644044],[31.3329139,2.2641712],[31.3327718,2.2640479],[31.332584,2.2637424],[31.3322461,2.2633967],[31.3318571,2.2629705],[31.3315567,2.2627481],[31.3312134,2.2625042],[31.3309908,2.2623755],[31.3307413,2.2622442],[31.3305482,2.2620861],[31.3304275,2.2619199],[31.3303336,2.2617323],[31.3302076,2.2616251],[31.330052,2.261542],[31.3299125,2.2614027],[31.3297784,2.2613088],[31.3295934,2.2612606],[31.3293627,2.2612338],[31.3292286,2.2611829],[31.3290355,2.2610301],[31.3286734,2.2608318],[31.3282576,2.2605825],[31.3277346,2.2601725],[31.3273296,2.2598589],[31.3270211,2.2595962],[31.3266402,2.2592076],[31.3261896,2.258886],[31.3255352,2.258484],[31.3250792,2.258291],[31.3246018,2.2580284],[31.3243496,2.2577764],[31.3241458,2.2575084],[31.3238239,2.2572083],[31.3234645,2.2569402],[31.3231963,2.256683],[31.3228476,2.2562997],[31.3226303,2.2560558],[31.3224077,2.2555841],[31.3222991,2.2553389],[31.3222146,2.2551097],[31.322169,2.2548605],[31.3221529,2.254579],[31.3220564,2.2542735],[31.322,2.2539867],[31.3218793,2.2534025],[31.3217291,2.2528718],[31.3214689,2.2523358],[31.3213724,2.25199],[31.3213912,2.2516121],[31.3214824,2.2513629],[31.3216057,2.2511512],[31.3218284,2.2509314],[31.3219544,2.2506929],[31.3220054,2.2502506],[31.3219544,2.2495163],[31.3219571,2.2492804],[31.3220161,2.2489615],[31.322051,2.2485487],[31.3220054,2.248077],[31.3220027,2.2476375],[31.3219839,2.2472221],[31.3217989,2.2462411],[31.3214099,2.2448957],[31.3211846,2.2439308],[31.3211122,2.2436092],[31.3209835,2.2432152],[31.3208413,2.2429499],[31.3205785,2.2425398],[31.3204336,2.242178],[31.3201158,2.2416929],[31.319578,2.2411917],[31.3193902,2.2409827],[31.3192615,2.2407709],[31.319181,2.240527],[31.3191006,2.2401759],[31.3190362,2.2398516],[31.3190389,2.2395917],[31.3189906,2.2393639],[31.318835,2.2391012],[31.3185373,2.2386188],[31.3182449,2.2381819],[31.3179137,2.237808],[31.3176562,2.2374877],[31.3172539,2.2370804],[31.3170057,2.2367748],[31.3167563,2.2364934],[31.3166249,2.2363112],[31.3164988,2.2360887],[31.3164103,2.2359895],[31.3162816,2.2359198],[31.3161394,2.2358341],[31.3160241,2.2357188],[31.3158873,2.2355634],[31.3156754,2.2353248],[31.3155091,2.2351024],[31.3152435,2.2348344],[31.3149297,2.2345476],[31.3147151,2.2343466],[31.3141841,2.2340035],[31.3138515,2.2337409],[31.3134411,2.2334541],[31.3129476,2.2330789],[31.3125828,2.2327385],[31.31199,2.2322078],[31.3113624,2.231787],[31.3109493,2.2314466],[31.3096109,2.2302781],[31.3094017,2.2301173],[31.3092569,2.2299498],[31.3091911,2.2297822],[31.3091536,2.2296281],[31.3091351,2.2296041],[31.3091161,2.2295773],[31.3090886,2.2295439],[31.3090543,2.2294995],[31.3089538,2.2294311],[31.3083749,2.2290927],[31.3079131,2.228745],[31.3072854,2.2282304],[31.3069475,2.2278954],[31.3065827,2.2275121],[31.3061884,2.2269118],[31.3058799,2.226156],[31.3057002,2.225644],[31.3054964,2.2250651],[31.3053811,2.2247542],[31.3052456,2.2243884],[31.3052215,2.2239502],[31.3051397,2.2236406],[31.3050833,2.2234865],[31.30496,2.2230979],[31.3048473,2.2227307],[31.3046998,2.2224466],[31.3044664,2.2220687],[31.3041419,2.2215996],[31.3036296,2.2210395],[31.3034123,2.220817],[31.3032111,2.2206026],[31.3031173,2.2204016],[31.3030851,2.2201229],[31.303069,2.2197315],[31.3030314,2.2192786],[31.3030261,2.2190374],[31.3030422,2.2188752],[31.3030784,2.2187426],[31.3031012,2.2185415],[31.3030931,2.2184129],[31.303069,2.2182722],[31.3030744,2.2181395],[31.3031159,2.2180109],[31.3032085,2.2177268],[31.3034445,2.2172765],[31.3036618,2.2169361],[31.3039407,2.2163438],[31.3040078,2.2160436],[31.304056,2.2159203],[31.3042197,2.2157381],[31.3043296,2.215588],[31.3044986,2.2154379],[31.3046126,2.2153226],[31.3046488,2.2151966],[31.304618,2.2150935],[31.3046381,2.214993],[31.3047776,2.2149099],[31.3050136,2.2147678],[31.3051209,2.2146311],[31.3051745,2.2144998],[31.3052121,2.2142907],[31.3052469,2.2141514],[31.3053381,2.2140093],[31.3054696,2.2138753],[31.3056493,2.2137735],[31.3058317,2.2137172],[31.3059095,2.2136582],[31.3059886,2.2135121],[31.306065,2.2133446],[31.3061267,2.2130418],[31.3061616,2.2129024],[31.3062957,2.2126263],[31.3063467,2.2124146],[31.3063145,2.2121546],[31.3061187,2.2116561],[31.3059497,2.2112943],[31.3057244,2.2109914],[31.3055098,2.2106805],[31.3053703,2.2103669],[31.3051906,2.2101123],[31.3049492,2.2098228],[31.3046461,2.2095146],[31.3045657,2.2093913],[31.30445,2.2090601],[31.3043779,2.2086435],[31.3043672,2.2081557],[31.3042921,2.2077108],[31.3042813,2.2073141],[31.3044047,2.206821],[31.3045362,2.2065154],[31.304563,2.2062179],[31.3045254,2.2059392],[31.3044235,2.2056417],[31.3042089,2.2051056],[31.3039353,2.2043311],[31.3037932,2.2040764],[31.3033962,2.2037495],[31.3025996,2.2034064],[31.3020363,2.2032268],[31.3018285,2.2031759],[31.301638,2.2031424],[31.3015656,2.2031196],[31.3014932,2.2030606],[31.3013926,2.2030097],[31.3012826,2.2030017],[31.3012169,2.2029923],[31.301174,2.2029574],[31.3011003,2.2028663],[31.3010345,2.2028261],[31.3009594,2.2028167],[31.3008669,2.2028194],[31.3007542,2.2027578],[31.3006094,2.2025836],[31.3004968,2.2024737],[31.3002044,2.2023155],[31.2999174,2.2021547],[31.299625,2.2019671],[31.2993139,2.2016321],[31.298874,2.2010424],[31.2985039,2.2001794],[31.2983108,2.1992574],[31.2980908,2.1986651],[31.2979701,2.1983702],[31.2977529,2.1978235],[31.2976241,2.1975635],[31.2974578,2.1973115],[31.2973103,2.1971186],[31.297093,2.1969336],[31.2968785,2.1968398],[31.2966317,2.196746],[31.2964895,2.196671],[31.2963702,2.1965678],[31.2962428,2.196486],[31.2961234,2.1964338],[31.296051,2.1963681],[31.2959571,2.1962475],[31.2958431,2.1961416],[31.295705,2.1960826],[31.2955213,2.1960357],[31.295304,2.1959741],[31.2951726,2.1959259],[31.2950546,2.195899],[31.2949587,2.1958883],[31.2948856,2.1958957],[31.294663,2.1959379],[31.2945107,2.195946],[31.2942097,2.1959285],[31.2938717,2.1958347],[31.2935579,2.1957811],[31.2930456,2.1957784],[31.2927371,2.1957436],[31.2926003,2.1957034],[31.2924327,2.1956632],[31.2922892,2.1956096],[31.2921832,2.1955922],[31.2919231,2.1955801],[31.2914416,2.1955412],[31.291109,2.1954997],[31.2900442,2.1954461],[31.2896955,2.1953657],[31.2893656,2.1953496],[31.2889016,2.1953228],[31.2885046,2.1952531],[31.2880298,2.1952049],[31.2877348,2.1951084],[31.2875015,2.1949663],[31.2873593,2.1949342],[31.2871447,2.1949047],[31.2868711,2.1948323],[31.2864956,2.1946554],[31.2862408,2.1944678],[31.2860343,2.1942453],[31.2859565,2.1940658],[31.2858921,2.1937683],[31.2858143,2.1935619],[31.2856507,2.1932992],[31.2855059,2.1929803],[31.2854764,2.1928248],[31.2854737,2.1926854],[31.2855247,2.1925514],[31.2855059,2.1924389],[31.2854254,2.1923182],[31.2852645,2.1921494],[31.2851599,2.1919591],[31.2850392,2.191734],[31.284543,2.1910156],[31.2843136,2.1906391],[31.2840816,2.1902571],[31.2838322,2.1897586],[31.2834781,2.1892038],[31.2833521,2.1889599],[31.2832555,2.1886543],[31.2831885,2.1883032],[31.2831107,2.1879682],[31.2829927,2.1877243],[31.2829229,2.1874965],[31.2828693,2.1872338],[31.2828827,2.1869765],[31.2828505,2.186805],[31.2827593,2.1866093],[31.2826011,2.1863654],[31.2820512,2.185765],[31.2817937,2.1853791],[31.2815523,2.1849449],[31.2812251,2.184173],[31.2809032,2.1834815],[31.2805331,2.1828489],[31.2800556,2.1820234],[31.2794173,2.1811443],[31.2788755,2.1802544],[31.2780386,2.1791555],[31.2772422,2.1780764],[31.2771642,2.1779708],[31.276601,2.177156],[31.2760431,2.1762608],[31.2755924,2.1755264],[31.2751043,2.1744436],[31.2746966,2.1738593],[31.2742031,2.1732911],[31.2733608,2.1725031],[31.2730122,2.1719348],[31.2726688,2.171254],[31.2724972,2.1705143],[31.2724382,2.1697906],[31.2725723,2.1691313],[31.2728834,2.1684773],[31.2732106,2.1680913],[31.2734681,2.1680431],[31.2736988,2.1681449],[31.2740475,2.1684505],[31.2744069,2.1687667],[31.2747931,2.1689919],[31.2751472,2.1690133],[31.2755227,2.1689678],[31.2759465,2.1689383],[31.2761074,2.1689249],[31.2762791,2.1689624],[31.2763756,2.1690509],[31.2763891,2.1691849],[31.276314,2.1693216],[31.2761825,2.1693778],[31.2759009,2.16941],[31.275799,2.1694877],[31.2757856,2.1695681],[31.2758097,2.1696164],[31.2759089,2.1696673],[31.276306,2.1696786],[31.2767243,2.1695065],[31.2769282,2.1693403],[31.2770033,2.1690937],[31.2769228,2.1688311],[31.2766761,2.1684022],[31.2762415,2.1680216],[31.2760109,2.1676571],[31.2759143,2.167373],[31.2758177,2.1670406],[31.2756622,2.1667833],[31.2753752,2.1665207],[31.2752196,2.1663706],[31.2750345,2.1660891],[31.2748361,2.1657327],[31.2746403,2.1654271],[31.2744069,2.1651537],[31.2741199,2.1649366],[31.2736773,2.1645506],[31.2734359,2.1642317],[31.2731838,2.1638243],[31.2729263,2.1634598],[31.2728164,2.1633579],[31.2726501,2.1632614],[31.2724972,2.1631274],[31.2723497,2.1629545],[31.2723014,2.1628621],[31.2722826,2.1627495],[31.2722491,2.1626369],[31.2721445,2.1624868],[31.2720104,2.1623649],[31.2719057,2.1622764],[31.2718186,2.1622201],[31.2717301,2.1621277],[31.2716818,2.1620379],[31.2716335,2.1619119],[31.2715718,2.1618342],[31.2714632,2.1617457],[31.2712674,2.161605],[31.2710515,2.1613906],[31.2705164,2.1608626],[31.2701771,2.1605088],[31.2698512,2.160293],[31.2694126,2.159844],[31.2691015,2.1595773],[31.2689432,2.1594085],[31.268907,2.1593388],[31.2688977,2.1592477],[31.2688775,2.1591874],[31.2688413,2.1591351],[31.2687488,2.1590828],[31.2686361,2.1590319],[31.2685382,2.1589689],[31.2684457,2.1588711],[31.2683451,2.1588081],[31.2682794,2.158725],[31.2681963,2.1585454],[31.2681802,2.1584208],[31.268207,2.1582948],[31.2682231,2.1581528],[31.2682553,2.1579678],[31.2682714,2.1578713],[31.2682593,2.1577427],[31.2681963,2.1575765],[31.2681708,2.1574867],[31.268152,2.157338],[31.2681144,2.1569091],[31.2680635,2.1566411],[31.267975,2.1563918],[31.2678409,2.1561479],[31.2677671,2.1559375],[31.2677389,2.1557807],[31.267755,2.1556172],[31.2677631,2.1554698],[31.2677443,2.155313],[31.2677409,2.1551106],[31.2677067,2.1549659],[31.2676236,2.1547622],[31.2676156,2.1546148],[31.2677282,2.1544111],[31.2677497,2.154261],[31.2677041,2.1541511],[31.2676343,2.1540787],[31.2675726,2.1539956],[31.2674841,2.1538133],[31.2673715,2.1536981],[31.267055,2.153489],[31.2668404,2.1533416],[31.2667881,2.1532826],[31.2667492,2.1532009],[31.2666889,2.1531727],[31.266599,2.1531754],[31.26654,2.153162],[31.2664944,2.1531071],[31.2664689,2.1530495],[31.2664287,2.1529141],[31.2663831,2.1528766],[31.2663066,2.1528793],[31.2662248,2.152898],[31.2661457,2.15289],[31.2660706,2.1528243],[31.2659727,2.1526903],[31.2658614,2.152567],[31.2656334,2.1524169],[31.2654966,2.1523016],[31.2653598,2.1521301],[31.2652311,2.151838],[31.2651238,2.1515646],[31.2650245,2.1512456],[31.2649628,2.1509293],[31.2649575,2.1506238],[31.2649709,2.1503986],[31.2649521,2.1502244],[31.2649226,2.1501279],[31.2648636,2.150022],[31.2648086,2.1498746],[31.2647603,2.1498277],[31.2646759,2.1497835],[31.2645793,2.1497178],[31.2644881,2.1496401],[31.2644224,2.1495302],[31.2643781,2.149419],[31.2642936,2.1493158],[31.2642118,2.1492528],[31.26413,2.1492246],[31.2640509,2.1492126],[31.2639798,2.1492126],[31.2638886,2.1491911],[31.2637599,2.1491134],[31.2636352,2.1489901],[31.2635493,2.1489097],[31.2634917,2.1488373],[31.2634715,2.1487127],[31.2634769,2.1485546],[31.2634487,2.1484567],[31.2633589,2.1483535],[31.2632181,2.1482383],[31.2629458,2.1480587],[31.2628131,2.1480118],[31.2627205,2.1480024],[31.2625784,2.1480078],[31.2624644,2.1480011],[31.2623812,2.1479756],[31.2622766,2.147914],[31.2621787,2.1478295],[31.262168,2.1477558],[31.2622431,2.1476017],[31.2622739,2.1474958],[31.2622619,2.1474248],[31.2622377,2.1473337],[31.2622243,2.1471997],[31.2621841,2.1470026],[31.2621358,2.1468847],[31.2620808,2.1468391],[31.261999,2.1468324],[31.2618864,2.146866],[31.2618193,2.1468566],[31.2617348,2.146819],[31.2616168,2.1467869],[31.2615296,2.1467775],[31.2614103,2.1467869],[31.2613553,2.1467882],[31.261315,2.1467788],[31.2612882,2.146748],[31.2612775,2.1467051],[31.2612842,2.1466194],[31.2612963,2.1465229],[31.2612721,2.1464197],[31.2611997,2.1463205],[31.2611125,2.1462495],[31.2610227,2.1461516],[31.2609395,2.1460096],[31.2608162,2.1458943],[31.2607303,2.1458555],[31.2606338,2.1458501],[31.2605298,2.1458575],[31.2604561,2.1458468],[31.2603246,2.1457985],[31.2602086,2.1457724],[31.2599592,2.1457255],[31.259805,2.1457188],[31.2596534,2.145696],[31.259581,2.1456732],[31.2595233,2.1456317],[31.2594918,2.145572],[31.259467,2.1455325],[31.2594308,2.1455084],[31.259351,2.1454956],[31.259294,2.1454809],[31.2592397,2.1454662],[31.2592021,2.1454695],[31.2591612,2.1455043],[31.2591163,2.145558],[31.2590875,2.1455781],[31.2590546,2.1455868],[31.259013,2.1455727],[31.2589721,2.1455338],[31.258889,2.1454186],[31.2587938,2.1453127],[31.2587187,2.1452832],[31.2586436,2.1452859],[31.2585618,2.145314],[31.2584893,2.1453958],[31.2584451,2.145499],[31.2584062,2.1455338],[31.2583485,2.1455338],[31.2582949,2.1454936],[31.2582345,2.1454079],[31.2581702,2.1453569],[31.2580293,2.1453382],[31.257796,2.1453623],[31.2577102,2.1454146],[31.2576619,2.1454775],[31.257619,2.1455928],[31.2575653,2.1457295],[31.2574902,2.1457697],[31.2574205,2.1457429],[31.2573668,2.1456357],[31.2573025,2.145574],[31.2571938,2.1455553],[31.2570503,2.1455955],[31.2567794,2.1457241],[31.2565729,2.1458327],[31.2562349,2.1461101],[31.2560338,2.1461811],[31.2558568,2.1461851],[31.2557065,2.1461798],[31.2555134,2.1461235],[31.255374,2.1460002],[31.2552989,2.1458313],[31.2552157,2.1457322],[31.2551111,2.145625],[31.2550548,2.145507],[31.2550092,2.1453248],[31.2548979,2.1450406],[31.2547798,2.1448651],[31.2547021,2.1447887],[31.2546323,2.1447485],[31.2545371,2.1447297],[31.2544057,2.1447338],[31.2543306,2.1447163],[31.2542649,2.1446748],[31.2542213,2.1446493],[31.254169,2.1446399],[31.2541308,2.1446554],[31.2541214,2.1446842],[31.2541294,2.1447203],[31.2541348,2.1447719],[31.2541106,2.1448121],[31.2540583,2.1448235],[31.2539658,2.1448075],[31.2538505,2.1447659],[31.2537646,2.1447539],[31.2536828,2.1447686],[31.2536198,2.1448329],[31.2535769,2.1448986],[31.2534817,2.1449294],[31.2533824,2.1449254],[31.2533288,2.1448946],[31.2532872,2.1448302],[31.253251,2.144778],[31.253188,2.1447632],[31.2531263,2.1447699],[31.2530364,2.1448128],[31.2529291,2.144849],[31.2527923,2.1448758],[31.2527481,2.1448691],[31.2526783,2.1447981],[31.2525912,2.1447713],[31.2525281,2.1447807],[31.2524825,2.1447967],[31.2524222,2.1447954],[31.2523082,2.1447418],[31.2522063,2.144711],[31.2521124,2.1446708],[31.2520453,2.1446024],[31.2519166,2.1444014],[31.2517288,2.1442071],[31.2514445,2.1439498],[31.2511951,2.1438077],[31.251061,2.1437085],[31.2509429,2.1435665],[31.2508464,2.1435129],[31.2507257,2.1434887],[31.2506184,2.143419],[31.2504521,2.1432153],[31.2502161,2.1430706],[31.25,2.1430268],[31.2499478,2.1430063],[31.2497306,2.1430277],[31.2495388,2.1430947],[31.2494315,2.1431751],[31.2492988,2.1433346],[31.2492196,2.1433869],[31.2490252,2.1434686],[31.2488535,2.1435892],[31.24871,2.1437018],[31.2486228,2.1438117],[31.248596,2.1439283],[31.2486188,2.1440462],[31.2486389,2.1441937],[31.2486671,2.144266],[31.2487301,2.1443598],[31.2487583,2.1444255],[31.2487207,2.1444805],[31.2486416,2.1444965],[31.2485035,2.1445153],[31.24836,2.1445622],[31.2482614,2.1446098],[31.2481762,2.1446306],[31.248014,2.1446399],[31.2479134,2.1446587],[31.2478369,2.1446895],[31.2477753,2.1446989],[31.2476318,2.1446922],[31.2474775,2.144715],[31.2473649,2.1447311],[31.2472482,2.1447284],[31.2470873,2.1446868],[31.2469599,2.1446748],[31.2468137,2.1446775],[31.2467346,2.1446922],[31.2466769,2.1447136],[31.2465884,2.1447271],[31.246524,2.1447203],[31.2463523,2.1446533],[31.2462156,2.1446306],[31.2461244,2.1445863],[31.2460533,2.1445837],[31.2460076,2.1445957],[31.2459607,2.1446011],[31.2457676,2.1446292],[31.2456563,2.1446239],[31.2454779,2.1445877],[31.2453344,2.1445716],[31.2451145,2.1445193],[31.2449603,2.1444483],[31.2448677,2.1443786],[31.2447444,2.1442928],[31.2445459,2.1442312],[31.2440926,2.1441615],[31.2438405,2.1441481],[31.2435964,2.1441615],[31.2433577,2.1441401],[31.2430519,2.1440704],[31.2427327,2.1439524],[31.2424189,2.1437836],[31.2421158,2.143612],[31.2418918,2.1434713],[31.2416115,2.1432743],[31.2414801,2.1431497],[31.2413487,2.1430036],[31.2412293,2.1428575],[31.2411341,2.1427918],[31.2410885,2.1427557],[31.2409168,2.1426203],[31.240764,2.142489],[31.2406272,2.1423282],[31.240544,2.142162],[31.2404823,2.1419824],[31.2404641,2.1419553],[31.2404155,2.1418832],[31.2403885,2.141843],[31.2403281,2.141701],[31.2402999,2.1416339],[31.2401819,2.1415643],[31.2400639,2.1414946],[31.2399673,2.1412641],[31.2398896,2.1410979],[31.2398252,2.1409237],[31.2397823,2.1407146],[31.2397608,2.1404787],[31.2397286,2.1402429],[31.2396938,2.1400954],[31.2396321,2.1399587],[31.2395623,2.1397899],[31.2395436,2.1396585],[31.2395704,2.1394388],[31.2395677,2.139219],[31.2395972,2.1389938],[31.2396535,2.1387526],[31.2396589,2.1386132],[31.239616,2.1384845],[31.239557,2.1383559],[31.2394658,2.1382165],[31.2393317,2.1380986],[31.2392834,2.1380101],[31.2392539,2.1378547],[31.2392941,2.1376617],[31.239318,2.1375808],[31.2393236,2.1375331],[31.2393692,2.1374071],[31.2393853,2.1371819],[31.2394416,2.1368335],[31.2394819,2.1361312],[31.2395516,2.1358471],[31.2396911,2.1355335],[31.2399513,2.1352387],[31.2401658,2.1349787],[31.2403375,2.1346436],[31.2404931,2.134255],[31.2405977,2.1340995],[31.2406862,2.1340218],[31.2407707,2.1339749],[31.2408324,2.1339186],[31.2408686,2.1338543],[31.2409316,2.1336747],[31.2409718,2.1336385],[31.2410134,2.1336331],[31.241055,2.133668],[31.2410738,2.1337511],[31.24111,2.1338489],[31.2411636,2.1339226],[31.2412266,2.1339521],[31.2413098,2.1339373],[31.2413473,2.133873],[31.2413903,2.1336814],[31.2414224,2.1333691],[31.2414291,2.1331882],[31.2414144,2.133085],[31.2413809,2.1329818],[31.2413031,2.1327888],[31.2412763,2.13262],[31.241287,2.1323961],[31.2413312,2.1321911],[31.2413715,2.1320169],[31.2413876,2.1318976],[31.2413876,2.131777],[31.2414063,2.1316845],[31.2414439,2.1316443],[31.2414989,2.1316255],[31.2415364,2.1315907],[31.2415592,2.1315357],[31.2415659,2.1314352],[31.2415794,2.1313307],[31.2415686,2.1312784],[31.2415244,2.1312369],[31.2414184,2.13119],[31.2413192,2.1311525],[31.241224,2.1311525],[31.2411717,2.131127],[31.2411274,2.131056],[31.2410603,2.1308348],[31.2409785,2.1306419],[31.2409544,2.1305561],[31.2409584,2.1304221],[31.2409356,2.1303135],[31.2408967,2.1302318],[31.2408994,2.130154],[31.2409316,2.1300803],[31.240941,2.1299905],[31.2409182,2.129894],[31.2408766,2.1298243],[31.2408391,2.1297573],[31.2408082,2.1296716],[31.2407546,2.1295054],[31.2407157,2.1293982],[31.2406701,2.1292682],[31.2405816,2.1290926],[31.2404877,2.1288969],[31.2404582,2.1287281],[31.2404609,2.1285083],[31.2405252,2.1282644],[31.2405601,2.1279615],[31.2405333,2.1277283],[31.2404984,2.1274388],[31.2404394,2.1272405],[31.2404314,2.1271199],[31.240485,2.1268786],[31.2405387,2.126683],[31.2405521,2.1265087],[31.2405252,2.1263801],[31.2404314,2.1262139],[31.2403133,2.1261013],[31.2402517,2.1260156],[31.2401819,2.125903],[31.2401497,2.1257877],[31.2401605,2.1255519],[31.2401631,2.1254366],[31.240139,2.1253428],[31.24008,2.1252516],[31.2400585,2.1251846],[31.2400532,2.1250881],[31.2401041,2.1249488],[31.2401175,2.1248724],[31.2401135,2.124792],[31.2400988,2.1246928],[31.2400746,2.1246003],[31.2400706,2.1245414],[31.2400947,2.124465],[31.2401712,2.1244033],[31.2402798,2.1243698],[31.2403603,2.1243283],[31.2404622,2.124272],[31.2406205,2.1241661],[31.2408002,2.1240348],[31.2408887,2.1239369],[31.2409665,2.1238029],[31.2410992,2.1235496],[31.2412307,2.1232454],[31.241287,2.1231194],[31.2413433,2.123039],[31.2414211,2.122917],[31.2414841,2.1227978],[31.2416437,2.1226115],[31.2417483,2.1224265],[31.2419066,2.1220298],[31.2420782,2.1216117],[31.2422714,2.1211239],[31.2424001,2.1207915],[31.2425181,2.1204457],[31.2426791,2.1199767],[31.2427515,2.1197998],[31.2427703,2.1196711],[31.2427676,2.1194969],[31.2427488,2.119379],[31.242722,2.1193146],[31.2426442,2.1192717],[31.2424135,2.1192557],[31.2422901,2.1191913],[31.2421319,2.1190386],[31.241692,2.118288],[31.2416317,2.1181567],[31.2415887,2.1180495],[31.2415686,2.1179718],[31.2415767,2.1179128],[31.2416008,2.1178753],[31.2416156,2.1178203],[31.2416008,2.117764],[31.2415485,2.117697],[31.2414975,2.117634],[31.2414392,2.1174679],[31.241399,2.1173874],[31.2413675,2.1173586],[31.2413353,2.1173405],[31.2413125,2.1173131],[31.2413038,2.1172809],[31.2413011,2.1172266],[31.2412857,2.1171998],[31.2412602,2.1171851],[31.2411851,2.1171743],[31.2411234,2.1171475],[31.2410644,2.117106],[31.2409839,2.1170283],[31.2409209,2.1169814],[31.240823,2.1169438],[31.2407237,2.1169291],[31.2405011,2.116909],[31.2400773,2.116854],[31.2399244,2.1168272],[31.2398399,2.1167951],[31.239742,2.1167361],[31.2395771,2.1166061],[31.2395154,2.1165498],[31.2394644,2.1164828],[31.2394162,2.1164332],[31.2393196,2.1163729],[31.2392579,2.1163126],[31.2392244,2.116263],[31.2391989,2.1162309],[31.2391479,2.1162108],[31.2390728,2.1161987],[31.2389816,2.1161786],[31.2388355,2.1161424],[31.2387496,2.116121],[31.2386732,2.1160848],[31.238578,2.1160258],[31.2384439,2.1159722],[31.2383258,2.1159508],[31.2382025,2.115932],[31.2379087,2.115932],[31.2377746,2.1159132],[31.2375212,2.1158663],[31.2372918,2.1158516],[31.2369901,2.115861],[31.2367246,2.1158985],[31.2364684,2.1159534],[31.2363303,2.1159843],[31.2362371,2.1159977],[31.2361372,2.1159883],[31.2359802,2.1159508],[31.235873,2.1159199],[31.2358153,2.1158864],[31.2357549,2.1158342],[31.2357067,2.1157832],[31.2356436,2.1157564],[31.2355404,2.1157497],[31.2354183,2.115747],[31.2352708,2.1157336],[31.235138,2.1157269],[31.2350106,2.1157176],[31.2347813,2.1156948],[31.2346472,2.1156787],[31.2344943,2.1156546],[31.2343669,2.1156197],[31.2342462,2.1155795],[31.2341349,2.1155393],[31.2340383,2.1154817],[31.2339485,2.1154053],[31.2338814,2.1153222],[31.2338331,2.1152351],[31.2337929,2.1151373],[31.233746,2.1150689],[31.2336937,2.1150166],[31.2335998,2.114963],[31.2334174,2.1148799],[31.233294,2.1148143],[31.2319583,2.1142085],[31.231682,2.1140906],[31.2314339,2.1139512],[31.231222,2.1137957],[31.2311858,2.1137207],[31.2311791,2.1136456],[31.2312193,2.1135344],[31.2313253,2.1132865],[31.2313883,2.1131632],[31.2314701,2.11306],[31.2315465,2.1129326],[31.2315747,2.112804],[31.2315667,2.1126753],[31.2315398,2.1125172],[31.2315157,2.1123617],[31.2315063,2.1122049],[31.2314969,2.1120897],[31.2314674,2.1120213],[31.2313803,2.1119007],[31.231281,2.1118096],[31.2312394,2.1117774],[31.2311536,2.1116903],[31.2310785,2.111634],[31.2309766,2.1115871],[31.2307204,2.1115308],[31.2305957,2.1114651],[31.2305447,2.1113914],[31.2305099,2.1112829],[31.2304777,2.1111931],[31.2304643,2.1110899],[31.2304616,2.1109853],[31.2304509,2.110909],[31.2304227,2.1107991],[31.2303945,2.1106409],[31.2303637,2.1105431],[31.2303161,2.1104473],[31.2302356,2.1103601],[31.2301994,2.1102911],[31.2301826,2.1102348],[31.2301733,2.1101651],[31.2301598,2.1101196],[31.2301196,2.1100398],[31.2301102,2.1099822],[31.2301169,2.1099252],[31.2301659,2.1097463],[31.2301739,2.1096384],[31.2301484,2.1095607],[31.2300847,2.1094957],[31.2299513,2.1094381],[31.2297736,2.1094032],[31.2296019,2.1093758],[31.2294759,2.1093409],[31.2293431,2.109294],[31.229207,2.1092712],[31.2290125,2.1092464],[31.2288824,2.1092082],[31.2287899,2.1091861],[31.2286229,2.109162],[31.228572,2.1091432],[31.2284908,2.1091064],[31.2284406,2.109093],[31.2283534,2.1090916],[31.2282112,2.1090916],[31.2280986,2.1090715],[31.2280248,2.109038],[31.2279229,2.108971],[31.2277982,2.1089308],[31.2276708,2.1089134],[31.2275675,2.1088745],[31.2274669,2.1088102],[31.2273824,2.1087767],[31.22731,2.1087687],[31.2272041,2.1087646],[31.2270337,2.1087432],[31.2269546,2.1087218],[31.2268902,2.1086869],[31.2268366,2.1086467],[31.2267897,2.1085864],[31.2267508,2.1085435],[31.2266958,2.1085194],[31.2266126,2.1084939],[31.2265711,2.1084618],[31.226504,2.1083974],[31.2264571,2.1083813],[31.2264074,2.108388],[31.2263189,2.1084403],[31.2261446,2.1084886],[31.2259501,2.1085006],[31.2258214,2.1084792],[31.2257141,2.1084269],[31.2255813,2.1083318],[31.2254754,2.1082889],[31.2253533,2.1082708],[31.225234,2.1082647],[31.2251039,2.1082607],[31.2249771,2.1082493],[31.2248725,2.1082279],[31.2247512,2.1081924],[31.2245406,2.1081133],[31.2244374,2.1080959],[31.2243274,2.1081106],[31.2242188,2.1081441],[31.2241182,2.1081884],[31.2240672,2.1082018],[31.2239706,2.1082071],[31.2237829,2.1082125],[31.2235817,2.1082018],[31.2231874,2.1081642],[31.2229273,2.1081857],[31.2226456,2.1082259],[31.2224311,2.1082661],[31.2221561,2.1083103],[31.2219067,2.1083639],[31.2217525,2.1083947],[31.2215741,2.1084189],[31.2214695,2.108443],[31.2213528,2.1084899],[31.2211838,2.1085636],[31.2211221,2.1085743],[31.2210283,2.1085757],[31.2209196,2.1085703],[31.220752,2.1085717],[31.2205844,2.1085837],[31.2204596,2.1085958],[31.2202451,2.1085904],[31.2200372,2.1086025],[31.2199487,2.1086159],[31.219883,2.1086373],[31.2197864,2.1086802],[31.2196925,2.1087097],[31.2194793,2.1087633],[31.2192835,2.1087981],[31.2191856,2.1088236],[31.2190877,2.1088544],[31.2189563,2.108908],[31.2187631,2.1089777],[31.2185325,2.109038],[31.2183166,2.1090769],[31.2181583,2.1091278],[31.2179907,2.1091895],[31.2178847,2.1092123],[31.2177895,2.109219],[31.2176916,2.1092377],[31.2176245,2.1092605],[31.2175038,2.1093181],[31.2173966,2.109353],[31.217241,2.1093945],[31.2171029,2.1094562],[31.2169942,2.1094977],[31.2168923,2.1095111],[31.2168078,2.1095138],[31.2167367,2.1095272],[31.2166147,2.1095822],[31.2165047,2.1096183],[31.2164122,2.1096344],[31.2162794,2.1096438],[31.2161681,2.1096572],[31.2160407,2.1096753],[31.2159703,2.1096746],[31.2158999,2.1096612],[31.215798,2.1096586],[31.2157349,2.1096679],[31.2156799,2.109688],[31.2156156,2.1097242],[31.2154841,2.1097912],[31.2153876,2.1098301],[31.2152937,2.1098542],[31.2151636,2.1098797],[31.215051,2.1099065],[31.2149397,2.1099279],[31.2147868,2.1099266],[31.2146674,2.109936],[31.2145132,2.1099681],[31.2142476,2.1100485],[31.2137836,2.1101625],[31.2128931,2.1104318],[31.2126088,2.1105002],[31.2123111,2.1105283],[31.2119624,2.1105203],[31.2115279,2.1104694],[31.2111175,2.1104747],[31.2109458,2.1104935],[31.2109056,2.1105097],[31.2105784,2.1105257],[31.2102592,2.1104962],[31.209881,2.1103809],[31.2095377,2.110263],[31.2092775,2.1101316],[31.2089154,2.1099011],[31.2084675,2.1096411],[31.2082449,2.1094401],[31.2081429,2.1093892],[31.2079418,2.1093892],[31.2074563,2.109416],[31.2070218,2.1093945],[31.2067965,2.1093945],[31.2066704,2.1094099],[31.2066141,2.1094187],[31.206319,2.1094776],[31.2059194,2.1095205],[31.2053293,2.1095044],[31.2048224,2.1094347],[31.2046292,2.1093865],[31.2044214,2.1093088],[31.2041397,2.1091962],[31.2039855,2.1091319],[31.2037723,2.1090796],[31.2034276,2.1090126],[31.2028,2.1089054],[31.2025599,2.1088518],[31.2022568,2.1087472],[31.2020637,2.1086695],[31.2018357,2.1085462],[31.201656,2.108435],[31.2014119,2.1082956],[31.2012497,2.1081897],[31.2011075,2.1080637],[31.2009586,2.107852],[31.200899,2.1077756],[31.2008669,2.1077579],[31.2008406,2.1077434],[31.2007561,2.1077313],[31.2006435,2.1077407],[31.2004919,2.1077568],[31.200327,2.1077448],[31.2001379,2.1077193],[31.2000118,2.1077179],[31.19992,2.107728],[31.1997932,2.1077548],[31.19969,2.1077595],[31.1995102,2.1077407],[31.1992849,2.1076818],[31.1991012,2.1076442],[31.1987565,2.1076161],[31.1985487,2.1075611],[31.1982992,2.1074566],[31.1978084,2.1072395],[31.1974302,2.1070733],[31.1970735,2.1069661],[31.1969487,2.1069406],[31.1968723,2.1069098],[31.1967985,2.1068562],[31.1967489,2.1067986],[31.1966771,2.1067419],[31.1965947,2.1066967],[31.196478,2.1066753],[31.1963908,2.1066659],[31.1962742,2.1066257],[31.1962178,2.1065748],[31.1961883,2.1065185],[31.1961615,2.1064635],[31.1961132,2.106418],[31.1959188,2.1063295],[31.1958276,2.1062906],[31.195727,2.1062102],[31.1956264,2.1061204],[31.1955178,2.1060079],[31.1953863,2.1058899],[31.1953448,2.1058403],[31.19533,2.1057787],[31.1953059,2.1057103],[31.1952884,2.1056607],[31.1952603,2.1056246],[31.1952174,2.1056112],[31.1951248,2.1056138],[31.1950484,2.1055857],[31.1949907,2.1055227],[31.1949525,2.1054724],[31.1949096,2.1054222],[31.1948633,2.105388],[31.1947473,2.1053022],[31.1947131,2.1052802],[31.1946829,2.1052594],[31.19463,2.1052238],[31.1946098,2.1051917],[31.1946098,2.1051541],[31.1946427,2.1050778],[31.1946635,2.1050188],[31.1946715,2.1049504],[31.1946675,2.1048593],[31.1946528,2.1047709],[31.1946474,2.1046382],[31.1946246,2.1045323],[31.1945844,2.104472],[31.194524,2.104417],[31.1944053,2.1043433],[31.1942498,2.10422],[31.1941271,2.1040887],[31.1940922,2.1040177],[31.1940694,2.103885],[31.1940694,2.1036451],[31.1940667,2.1035767],[31.1940466,2.1035151],[31.1939996,2.1034494],[31.193954,2.1033569],[31.1939232,2.1032564],[31.1938521,2.1029187],[31.1938065,2.1028503],[31.1937341,2.1027847],[31.1936831,2.102721],[31.1936114,2.1026393],[31.1935477,2.1025568],[31.1935269,2.1025039],[31.1935182,2.1024335],[31.1935182,2.1023129],[31.1934954,2.1022459],[31.1934605,2.1022151],[31.1933854,2.102199],[31.1933036,2.1021869],[31.1932218,2.1021454],[31.19314,2.1020476],[31.1930381,2.1019524],[31.1929294,2.1018707],[31.1927283,2.1017822],[31.1926693,2.1017273],[31.1926492,2.1016884],[31.192629,2.1015986],[31.1925861,2.1015088],[31.1925445,2.1014632],[31.1924842,2.101415],[31.1924426,2.1013453],[31.1924118,2.1012863],[31.1923541,2.1012274],[31.192106,2.1009875],[31.1919866,2.1009285],[31.191878,2.1009178],[31.1916581,2.1009379],[31.1914655,2.1009323],[31.1914247,2.1009312],[31.1912638,2.1008963],[31.1908293,2.1007824],[31.1906844,2.1007476],[31.190545,2.1007476],[31.1902593,2.100773],[31.1901654,2.100761],[31.1900568,2.1007275],[31.1899106,2.100694],[31.1897792,2.1006846],[31.18957,2.1006806],[31.1894198,2.1006846],[31.1892642,2.1006899],[31.1891556,2.1006792],[31.1890872,2.1006538],[31.1888364,2.1005238],[31.1886795,2.1004889],[31.1883938,2.1004366],[31.1883147,2.1003871],[31.1880787,2.1002008],[31.1877903,2.1000225],[31.1876648,2.0999794],[31.1876415,2.0999716],[31.1875838,2.0999555],[31.1874644,2.0999501],[31.1872834,2.0999086],[31.1868677,2.0997907],[31.186409,2.099603],[31.1861998,2.0994797],[31.1860979,2.0993886],[31.1860134,2.0992854],[31.1859114,2.0991018],[31.1858337,2.0989731],[31.1856419,2.0987252],[31.1855802,2.0986233],[31.185548,2.0985496],[31.1855386,2.0984558],[31.1855453,2.0983111],[31.1855051,2.0981824],[31.1854219,2.098035],[31.1853203,2.0978862],[31.1851591,2.0976463],[31.1850813,2.0975981],[31.1850384,2.0975579],[31.1849123,2.0975284],[31.1846763,2.097515],[31.1845207,2.0974694],[31.1844027,2.0973971],[31.1842686,2.097196],[31.1840379,2.096743],[31.1838475,2.0962981],[31.1837831,2.0960837],[31.1837697,2.0960381],[31.1836973,2.095955],[31.1835659,2.0958451],[31.1834478,2.095695],[31.1833325,2.0953867],[31.1832198,2.0951267],[31.1831716,2.0949123],[31.1831743,2.0948159],[31.1830938,2.0945987],[31.1830629,2.094466],[31.183024,2.0943173],[31.1829624,2.0941497],[31.1828792,2.0939822],[31.1828457,2.0939005],[31.1828229,2.0938214],[31.1828222,2.0937945],[31.182784,2.0935935],[31.1827236,2.0933496],[31.1826901,2.0931392],[31.18267,2.0929194],[31.182674,2.092701],[31.1826673,2.0926165],[31.1826405,2.092516],[31.1826096,2.0923368],[31.1826176,2.0922198],[31.1826123,2.0921461],[31.1826124,2.0920644],[31.1826244,2.0919859],[31.1826204,2.0918097],[31.1826472,2.0917065],[31.1826405,2.0915779],[31.1826137,2.0914653],[31.1825592,2.0913715],[31.1825265,2.0913152],[31.182438,2.0912013],[31.1823602,2.0910713],[31.1823226,2.0909681],[31.1823314,2.0908662],[31.1823268,2.0907769],[31.1823012,2.0906899],[31.1822636,2.0905231],[31.182269,2.0904159],[31.1822985,2.0902926],[31.1823106,2.0901586],[31.1823213,2.0900634],[31.182328,2.0900313],[31.1823361,2.0899803],[31.182332,2.0899033],[31.1822945,2.0897873],[31.1821362,2.0894711],[31.1819404,2.0889524],[31.1818694,2.0887326],[31.1817983,2.0885972],[31.1817808,2.0885088],[31.1817741,2.0883426],[31.1817527,2.0882595],[31.1817017,2.0881858],[31.1816373,2.0881335],[31.1816105,2.0880853],[31.1816011,2.0880196],[31.1816025,2.0878574],[31.1815797,2.0877556],[31.1815448,2.0876872],[31.1814818,2.0875572],[31.1812457,2.0871605],[31.1810285,2.086804],[31.1809748,2.0865762],[31.1809266,2.0864502],[31.1808461,2.0862813],[31.1807495,2.0859838],[31.1804612,2.0852145],[31.1804236,2.0850483],[31.1804102,2.0849907],[31.1802158,2.0846222],[31.1801125,2.0843474],[31.180083,2.0842335],[31.1800817,2.084145],[31.1801098,2.0840445],[31.1801474,2.0839025],[31.180142,2.0838073],[31.1801232,2.0837403],[31.1801045,2.0836559],[31.1801031,2.083554],[31.1800978,2.0834495],[31.1800696,2.0833624],[31.1800133,2.0832645],[31.1798765,2.0830206],[31.1798067,2.0828584],[31.1796767,2.0826159],[31.1795144,2.0823961],[31.1794446,2.0822862],[31.1794111,2.0822004],[31.1793481,2.0820382],[31.179273,2.0819002],[31.1791523,2.0816857],[31.1790852,2.0815035],[31.1789873,2.0812596],[31.1789579,2.0812153],[31.1789243,2.0811671],[31.1788559,2.0810357],[31.1787821,2.0808628],[31.1786856,2.0804916],[31.1785729,2.0802839],[31.1784562,2.0800788],[31.1783919,2.0799475],[31.1783302,2.0797866],[31.1782671,2.0796111],[31.1781988,2.0794757],[31.1781196,2.079331],[31.1779828,2.0791259],[31.1779574,2.0790308],[31.177952,2.0789302],[31.1779238,2.0788391],[31.177846,2.0787064],[31.1777374,2.0785483],[31.1776207,2.0784397],[31.1775027,2.0782856],[31.1774142,2.0781368],[31.1773337,2.0779532],[31.1772707,2.0778393],[31.1771125,2.0776249],[31.1769998,2.0774734],[31.1768791,2.0773622],[31.176804,2.0772711],[31.1767021,2.0771384],[31.1766323,2.0770419],[31.1765841,2.0769802],[31.1765465,2.0769065],[31.1765049,2.0768341],[31.176454,2.0767859],[31.1763802,2.0766907],[31.1763266,2.0766103],[31.1761402,2.0763262],[31.1759765,2.0760662],[31.1758116,2.075774],[31.1756802,2.07551],[31.1756323,2.075416],[31.1756158,2.0753425],[31.1755286,2.0751468],[31.1754468,2.0750168],[31.175416,2.0749525],[31.1753878,2.0748734],[31.1753623,2.0747662],[31.1753476,2.0746911],[31.1753274,2.0746563],[31.1752979,2.0746442],[31.1752523,2.0746442],[31.175257,2.0746248],[31.1752517,2.0745852],[31.1752249,2.0745618],[31.1751967,2.0745672],[31.1751364,2.0744706],[31.1750646,2.0743339],[31.1749157,2.0740585],[31.1747065,2.0738521],[31.1744356,2.0734688],[31.1743203,2.0733563],[31.1742371,2.0732129],[31.1741593,2.0730748],[31.1741137,2.072855],[31.1740132,2.072721],[31.1739931,2.0726165],[31.1739206,2.0724235],[31.1739233,2.0723216],[31.1735082,2.0721785],[31.1733949,2.071819],[31.1732943,2.0716408],[31.1728971,2.0715185],[31.1723636,2.0707629],[31.1722751,2.0706584],[31.1722241,2.0705726],[31.1721289,2.0703783],[31.171799,2.06955],[31.1715442,2.0689737],[31.1713967,2.0687271],[31.1712478,2.0685435],[31.1710708,2.0683827],[31.1709702,2.0682647],[31.1709246,2.0681937],[31.1707945,2.0679337],[31.1706939,2.0677648],[31.1705504,2.0675799],[31.170423,2.0674539],[31.1701508,2.0671631],[31.1699657,2.0669741],[31.169778,2.0667891],[31.1694963,2.0665385],[31.1692858,2.066304],[31.1690122,2.0660198],[31.1687788,2.0657866],[31.1686729,2.0656674],[31.1685535,2.0655655],[31.1684664,2.0655199],[31.168351,2.0654824],[31.1681378,2.0654355],[31.1679044,2.0653645],[31.1677918,2.0652881],[31.1676282,2.0651058],[31.1674726,2.0649745],[31.1672822,2.0647949],[31.1670086,2.0645107],[31.166735,2.0642373],[31.1665365,2.0639854],[31.1663434,2.0636583],[31.1661959,2.0634332],[31.166153,2.0633823],[31.1660618,2.0632911],[31.1659223,2.0632322],[31.1658043,2.0631705],[31.165638,2.0630311],[31.1655521,2.0629427],[31.1654797,2.062822],[31.1654502,2.0627309],[31.1653939,2.0626237],[31.1653,2.0625138],[31.1651123,2.0623717],[31.1648923,2.0622163],[31.1647099,2.0620501],[31.1643988,2.0617874],[31.1642271,2.0616185],[31.1639267,2.0613531],[31.1637095,2.0610958],[31.1635566,2.0609564],[31.1633742,2.060809],[31.1632133,2.0606643],[31.1630443,2.0604311],[31.1629491,2.0603319],[31.1628605,2.0602635],[31.1628029,2.0602099],[31.1627586,2.0601456],[31.1627439,2.0601121],[31.1627184,2.0600719],[31.162654,2.060029],[31.162587,2.0600022],[31.1625494,2.0599647],[31.1625092,2.0598869],[31.1624596,2.0598092],[31.1623992,2.0597502],[31.162308,2.0596805],[31.1622208,2.0596269],[31.1621323,2.0595559],[31.1620586,2.0594688],[31.1618869,2.0592624],[31.1617367,2.0591163],[31.1616294,2.0589756],[31.1615449,2.0588201],[31.1614685,2.0586995],[31.161439,2.0586753],[31.1613719,2.0585976],[31.1612391,2.0584502],[31.1611882,2.0583725],[31.1611077,2.0582679],[31.1609991,2.0581191],[31.1608945,2.0579891],[31.1608368,2.0579463],[31.1607429,2.0578873],[31.1606973,2.0578283],[31.1606665,2.0577626],[31.1606142,2.0576809],[31.1605042,2.0575643],[31.1604184,2.0574463],[31.1603768,2.0574035],[31.1603098,2.0573713],[31.160236,2.0573458],[31.160177,2.057315],[31.1601032,2.0572319],[31.1600161,2.0571435],[31.1598833,2.0570054],[31.1597599,2.0568861],[31.1596097,2.0567079],[31.1594568,2.0565417],[31.1593455,2.0564264],[31.1592597,2.056338],[31.1591591,2.0562535],[31.159025,2.0561503],[31.1588493,2.0560592],[31.1587098,2.0559573],[31.1585918,2.0558555],[31.1584631,2.0557375],[31.1583558,2.0556343],[31.1582538,2.0555526],[31.15816,2.055499],[31.1580393,2.055432],[31.1579038,2.0553542],[31.1577778,2.0552604],[31.1576544,2.0551787],[31.1574787,2.0550701],[31.157295,2.0549535],[31.157189,2.0548784],[31.157079,2.0547779],[31.156941,2.0546908],[31.1567747,2.0545889],[31.1566271,2.054483],[31.1564903,2.0544281],[31.1563105,2.0542982],[31.1558627,2.0540502],[31.1556414,2.0538799],[31.1555032,2.0537861],[31.1553759,2.0536723],[31.1552565,2.0535864],[31.1552551,2.0535114],[31.1552189,2.053443],[31.1551639,2.0534631],[31.1551183,2.0534363],[31.1550687,2.0533318],[31.1549802,2.0532769],[31.154936,2.053297],[31.1548917,2.0533157],[31.1548528,2.0533345],[31.1548179,2.0533345],[31.154775,2.0533224],[31.1546866,2.0532862],[31.1546047,2.0532313],[31.1545189,2.053191],[31.1544612,2.0532339],[31.1543687,2.0531951],[31.1542708,2.0531482],[31.1542225,2.0530919],[31.1539556,2.0529552],[31.1538067,2.0529458],[31.1537263,2.052915],[31.1536726,2.0528641],[31.1535586,2.0528065],[31.153442,2.052722],[31.1533857,2.0527676],[31.1532502,2.0526751],[31.1529095,2.0524942],[31.1527017,2.0524298],[31.1525461,2.0523588],[31.1524187,2.0522998],[31.1523262,2.0522368],[31.1521786,2.052139],[31.1520298,2.0520613],[31.1519667,2.052009],[31.1519037,2.0519259],[31.1518501,2.0518482],[31.1518031,2.0518147],[31.1517817,2.0517945],[31.1516945,2.051761],[31.1515202,2.0517007],[31.1513083,2.0516096],[31.1511232,2.0515131],[31.1509556,2.0514153],[31.1508737,2.0513482],[31.1507906,2.0512651],[31.1507048,2.0511499],[31.1506096,2.0510708],[31.1505076,2.0510239],[31.1504271,2.0510065],[31.1503547,2.0509636],[31.1502153,2.0509113],[31.1500892,2.0508403],[31.1498532,2.0507009],[31.1496842,2.0506259],[31.1495018,2.0505562],[31.1493409,2.0504865],[31.149255,2.0504731],[31.1491558,2.0504677],[31.1491357,2.0504569],[31.1490083,2.0504302],[31.1488312,2.050339],[31.1486301,2.0502667],[31.148437,2.0501889],[31.1483109,2.0501166],[31.1481526,2.0499852],[31.1480105,2.0498807],[31.1477503,2.0497306],[31.1475062,2.0496314],[31.1471844,2.0495242],[31.1470731,2.04948],[31.1469564,2.049433],[31.1467418,2.0493365],[31.1465353,2.0492106],[31.1463019,2.0490899],[31.1460471,2.0489988],[31.1457494,2.0489023],[31.1455697,2.048838],[31.1454034,2.0487441],[31.1452103,2.0485887],[31.1449984,2.0484278],[31.144883,2.0483555],[31.1447516,2.0482751],[31.1445048,2.0481518],[31.1442956,2.0480124],[31.1441159,2.0478757],[31.1439121,2.0476853],[31.1437163,2.0474575],[31.143558,2.0473262],[31.1434159,2.0471868],[31.1432657,2.047109],[31.143086,2.0470447],[31.1428419,2.0469697],[31.1426219,2.0468651],[31.1424395,2.0467284],[31.1422786,2.046656],[31.1421123,2.0465435],[31.1419889,2.0464255],[31.141887,2.0463424],[31.1417529,2.0463049],[31.1415598,2.0462647],[31.1414257,2.0461923],[31.1412701,2.046069],[31.1411038,2.0460047],[31.1410153,2.0459993],[31.1409214,2.0459645],[31.1407444,2.045876],[31.1406156,2.0457956],[31.1405164,2.0456911],[31.140444,2.0456133],[31.1403367,2.0455651],[31.1401865,2.045557],[31.1400738,2.0455356],[31.1399907,2.0454847],[31.1397734,2.0453212],[31.1395535,2.0452139],[31.1394516,2.0451764],[31.1393148,2.0451416],[31.1392236,2.045096],[31.1391109,2.0450102],[31.1388507,2.0448547],[31.1385664,2.0446805],[31.1384672,2.0446162],[31.1382955,2.0445116],[31.1381051,2.0443991],[31.1379066,2.0442489],[31.1376867,2.0441256],[31.1372495,2.0438844],[31.1370724,2.0438013],[31.1369008,2.0436592],[31.1366835,2.0435493],[31.1364743,2.043485],[31.1362678,2.0433912],[31.136013,2.0432384],[31.1357823,2.0431258],[31.1353826,2.0429033],[31.1351976,2.0428283],[31.1350018,2.0427613],[31.134688,2.042646],[31.1344734,2.042579],[31.1342427,2.0425307],[31.134055,2.0424852],[31.1338377,2.0424048],[31.1335735,2.0423846],[31.1334877,2.0423417],[31.1333991,2.0422936],[31.1332154,2.0421542],[31.1329351,2.0420121],[31.1326317,2.0417593],[31.1321653,2.0415108],[31.1317429,2.0412039],[31.1312534,2.04085],[31.1310268,2.0406691],[31.1307961,2.0404413],[31.1306593,2.0403194],[31.1305922,2.040263],[31.1305346,2.0402054],[31.1304447,2.0402255],[31.1304112,2.0401518],[31.1304433,2.040121],[31.1303723,2.0399816],[31.1303173,2.0399521],[31.1302315,2.0399655],[31.1301819,2.0399534],[31.1301121,2.0399186],[31.1300196,2.0398422],[31.1298774,2.0396921],[31.1296575,2.0395353],[31.1294657,2.0392753],[31.1293651,2.0391546],[31.1292712,2.0390635],[31.1291237,2.0389415],[31.1290044,2.0388772],[31.128944,2.0388236],[31.128889,2.0387378],[31.1288595,2.0386722],[31.1287951,2.0385877],[31.12872,2.0385287],[31.1285215,2.0383411],[31.1284612,2.0382312],[31.1283351,2.0381615],[31.1282506,2.0380905],[31.1281916,2.0380067],[31.1281554,2.0379591],[31.1280254,2.0378532],[31.1279181,2.0377608],[31.1277893,2.0376361],[31.1276351,2.0374955],[31.1275506,2.0374123],[31.1274876,2.03736],[31.1274098,2.0373292],[31.1273307,2.0373038],[31.1272435,2.0372528],[31.1271442,2.0371737],[31.1270517,2.0371242],[31.1269256,2.0370665],[31.1267661,2.0369834],[31.1266601,2.0369419],[31.1265944,2.0369124],[31.1265555,2.036891],[31.1265367,2.0368655],[31.1264683,2.0367931],[31.1263208,2.036647],[31.1261854,2.0365304],[31.1260526,2.0364299],[31.1259359,2.0363736],[31.1258233,2.03632],[31.1257723,2.0362852],[31.1257012,2.0361739],[31.125661,2.0361364],[31.1255939,2.036119],[31.1255242,2.036127],[31.1254223,2.0361404],[31.1253364,2.0361149],[31.125256,2.0360587],[31.1250642,2.0359581],[31.1249999,2.035942],[31.1248389,2.0358858],[31.1246753,2.0358322],[31.1245841,2.0357745],[31.1244768,2.0356874],[31.1242877,2.0356043],[31.1239994,2.035477],[31.1238264,2.0354194],[31.1236332,2.0353698],[31.1234803,2.035351],[31.1233503,2.0353309],[31.1232711,2.035292],[31.123188,2.035229],[31.1230646,2.035166],[31.1228514,2.0351138],[31.1227253,2.0350427],[31.12261,2.0349797],[31.12239,2.0348832],[31.1222184,2.0347814],[31.1219957,2.0346822],[31.1216363,2.0345401],[31.1213252,2.0344008],[31.1210731,2.0343069],[31.1210087,2.0342734],[31.1208263,2.034181],[31.1206734,2.0341166],[31.1204696,2.0340201],[31.1203194,2.033929],[31.1201987,2.0338861],[31.1200002,2.033811],[31.1198688,2.0337226],[31.1197185,2.0335778],[31.1195496,2.0333929],[31.119394,2.0332401],[31.1193296,2.0332106],[31.1191258,2.0331034],[31.1189193,2.0330632],[31.1186671,2.0330176],[31.1184177,2.0329238],[31.1181092,2.0328568],[31.1179054,2.032838],[31.1176935,2.0327951],[31.1175352,2.0327254],[31.1174145,2.0326785],[31.1172804,2.0326651],[31.1171892,2.0326437],[31.1171047,2.0325954],[31.117035,2.0325405],[31.1169693,2.032519],[31.1168875,2.032507],[31.1168151,2.0324721],[31.1167359,2.0324359],[31.1166742,2.0324252],[31.1165817,2.0324333],[31.1164744,2.0324078],[31.1163926,2.0323636],[31.1162317,2.032259],[31.1161204,2.0322148],[31.1159769,2.0321933],[31.1159232,2.0321732],[31.1158629,2.0321371],[31.1157985,2.0320727],[31.1157449,2.032062],[31.1156577,2.0320821],[31.1155866,2.0320982],[31.1154726,2.0320968],[31.1153908,2.0320781],[31.1153144,2.0320486],[31.1152366,2.0320325],[31.1151279,2.0320352],[31.1149871,2.0320432],[31.1148678,2.0320352],[31.1146934,2.0320017],[31.1146129,2.0319909],[31.1144319,2.0319454],[31.1142737,2.0318945],[31.1141315,2.0318221],[31.1140054,2.0317336],[31.1138633,2.0316398],[31.1137319,2.031554],[31.113587,2.0314736],[31.1134583,2.0314227],[31.1132947,2.0313932],[31.113131,2.0313664],[31.1130573,2.0312726],[31.1129621,2.0312967],[31.1127891,2.0312364],[31.112718,2.0311868],[31.1126469,2.0311252],[31.1125611,2.0310769],[31.1124444,2.031034],[31.1123331,2.0310086],[31.1122097,2.0309911],[31.1120461,2.0309603],[31.1119375,2.0309255],[31.1118945,2.030896],[31.1118275,2.0309281],[31.1118006,2.0309831],[31.1117604,2.0309295],[31.11168,2.0309416],[31.1116102,2.0308853],[31.1115418,2.0309027],[31.1114399,2.0308665],[31.1113259,2.030841],[31.1112629,2.0307687],[31.1111596,2.0307566],[31.1111207,2.0307083],[31.1110591,2.0306789],[31.1110041,2.0306949],[31.1109155,2.0306762],[31.1106379,2.0306266],[31.1105038,2.0305877],[31.1103295,2.0305341],[31.1102222,2.0304952],[31.1101283,2.030459],[31.1100344,2.0304108],[31.109962,2.0303961],[31.1098655,2.0303853],[31.1097984,2.0303585],[31.1096723,2.0302942],[31.1095543,2.0302593],[31.1093652,2.0302433],[31.109262,2.030262],[31.1091614,2.0302996],[31.1090836,2.0303076],[31.1090246,2.0302915],[31.1089052,2.0302285],[31.1087349,2.0301736],[31.1086946,2.0301682],[31.1085921,2.0301488],[31.1084895,2.0301293],[31.1083353,2.0301066],[31.1081609,2.0300529],[31.107945,2.0299551],[31.1078256,2.0298559],[31.1076888,2.0299055],[31.1074904,2.0298787],[31.1073335,2.0298519],[31.1071806,2.0298358],[31.107076,2.0298036],[31.1069391,2.0297527],[31.1068118,2.0296536],[31.1067179,2.0296442],[31.106675,2.0296629],[31.1066026,2.0296831],[31.1064751,2.029726],[31.1063611,2.0297139],[31.1062793,2.0297112],[31.1062177,2.0296978],[31.1061358,2.0296562],[31.1060594,2.0296187],[31.105995,2.0296053],[31.1058918,2.0295865],[31.105839,2.0296177],[31.1057765,2.0296411],[31.1055769,2.0296461],[31.1054251,2.0295741],[31.1053466,2.0295119],[31.1052333,2.0294056],[31.1051689,2.0293976],[31.1051247,2.0293667],[31.1050817,2.0293118],[31.105016,2.0292273],[31.104949,2.0291442],[31.1048591,2.0290799],[31.1047706,2.0290464],[31.1046754,2.0290317],[31.1045279,2.0290022],[31.1043267,2.0289526],[31.1041819,2.0289218],[31.104029,2.028903],[31.1037956,2.0288708],[31.1036481,2.0288427],[31.1035743,2.0288199],[31.1035153,2.0287931],[31.1034161,2.0287422],[31.1032927,2.0286618],[31.1032055,2.0286323],[31.1030795,2.0286108],[31.1029534,2.0286055],[31.102767,2.02858],[31.1026208,2.0285398],[31.1024237,2.0284701],[31.1021394,2.028379],[31.1017974,2.0282744],[31.1015962,2.0282382],[31.1013347,2.0282275],[31.1010477,2.0282007],[31.1007929,2.0281444],[31.1005113,2.0280854],[31.100243,2.0280238],[31.0998595,2.0278978],[31.0995135,2.0277745],[31.0992452,2.0277048],[31.0991702,2.0276833],[31.0989127,2.0276029],[31.0986739,2.0274957],[31.0984138,2.0274099],[31.0980517,2.0273134],[31.0977915,2.0272236],[31.0973704,2.0270534],[31.0970391,2.0270186],[31.0968039,2.0268953],[31.0966312,2.0268578],[31.0965401,2.0268222],[31.0963812,2.0267396],[31.0963494,2.0266496],[31.0963849,2.0265652],[31.0963438,2.0265015],[31.096271,2.0264899],[31.0961508,2.0265312],[31.0960428,2.0265843],[31.0960022,2.0265511],[31.0958843,2.0264932],[31.0958257,2.0263535],[31.0957721,2.0262908],[31.0956532,2.0262519],[31.0955471,2.0261678],[31.0954578,2.0260636],[31.0953505,2.0259459],[31.0951845,2.0258789],[31.0951573,2.0258494],[31.0951315,2.0258254],[31.0950361,2.025758],[31.0950013,2.0257226],[31.0949215,2.025675],[31.0948746,2.0256495],[31.0948142,2.025622],[31.0947794,2.0255912],[31.0947633,2.0255604],[31.0947606,2.0254424],[31.0947499,2.0253593],[31.0947264,2.0253245],[31.0946935,2.0253044],[31.0945769,2.0252655],[31.094436,2.0251945],[31.0943502,2.0251168],[31.0942966,2.0250605],[31.0942228,2.0249573],[31.0941705,2.0248393],[31.0940981,2.0246396],[31.0939935,2.0244761],[31.0938527,2.0243568],[31.0937454,2.024263],[31.093622,2.0241384],[31.0935482,2.0240526],[31.0935254,2.0239949],[31.0934933,2.0238502],[31.0934839,2.0236358],[31.0934738,2.0235902],[31.0934584,2.0235634],[31.0934325,2.0235365],[31.0934081,2.0235339],[31.0933699,2.0235426],[31.0933296,2.0235506],[31.0933038,2.0235456],[31.0932884,2.0235262],[31.0932914,2.0234873],[31.0933075,2.0234518],[31.0933296,2.0234307],[31.093437,2.0232967],[31.0934567,2.0232337],[31.0934493,2.0231874],[31.0934393,2.0231677],[31.0934168,2.0231469],[31.0933873,2.0231412],[31.0933298,2.0231593],[31.0933063,2.0231625],[31.0932995,2.0231615],[31.0932938,2.0231593],[31.0932899,2.0231544],[31.0932879,2.0231484],[31.0932884,2.0231414],[31.0932948,2.0231308],[31.0933139,2.023098],[31.0933578,2.0230405],[31.0933605,2.0230266],[31.0933575,2.0230134],[31.0933551,2.0230057],[31.093342,2.0229986],[31.0933171,2.0229916],[31.0932673,2.0229824],[31.0931647,2.0229763],[31.0929863,2.0229589],[31.0928334,2.0229187],[31.0927462,2.0228845],[31.0926752,2.0228236],[31.0926148,2.022774],[31.0925129,2.0227351],[31.0924358,2.0227096],[31.0923795,2.0226728],[31.0923674,2.022646],[31.0923728,2.022593],[31.0923909,2.0225649],[31.0924402,2.0225129],[31.0924432,2.0224895],[31.0924345,2.0224701],[31.0924096,2.0224476],[31.0923701,2.0224322],[31.0923191,2.0224218],[31.0922785,2.0224067],[31.0922125,2.0223665],[31.0920985,2.0223049],[31.0919738,2.0222271],[31.0918048,2.0220435],[31.0916197,2.02188],[31.0913984,2.0216897],[31.0912013,2.0215577],[31.0911356,2.0215228],[31.091088,2.0214706],[31.0910645,2.0214069],[31.0910672,2.0213352],[31.0910679,2.0212541],[31.0910571,2.0212367],[31.091033,2.0212193],[31.0910022,2.0212159],[31.0909492,2.0212132],[31.0908707,2.0212125],[31.0907775,2.0212065],[31.0906206,2.0211817],[31.0905173,2.0211375],[31.0903859,2.0210517],[31.0902518,2.0209472],[31.0901257,2.0208051],[31.0899702,2.0205665],[31.0895839,2.0201189],[31.0893211,2.0197195],[31.0890877,2.0194112],[31.088841,2.0191271],[31.0886639,2.0189421],[31.088495,2.0187974],[31.0883689,2.0186982],[31.0882106,2.0185508],[31.087988,2.0183578],[31.0877386,2.0181594],[31.0875562,2.0179986],[31.0873121,2.0177466],[31.0870922,2.0175563],[31.0868025,2.0173231],[31.086486,2.0170523],[31.0862312,2.0168325],[31.0860622,2.0166663],[31.0859972,2.0165973],[31.085853,2.0164197],[31.0856652,2.0161651],[31.085507,2.0160257],[31.0853139,2.0158595],[31.0852146,2.0156906],[31.085102,2.0154011],[31.0850376,2.015243],[31.0849276,2.0149749],[31.0848525,2.0148275],[31.0846594,2.014597],[31.0844931,2.0144227],[31.0843308,2.0142954],[31.0841203,2.0141734],[31.0839218,2.0140662],[31.0837233,2.0139912],[31.0835892,2.0139375],[31.0835235,2.0138933],[31.0834309,2.0138116],[31.0832807,2.0136936],[31.0830715,2.0134845],[31.0827631,2.0131977],[31.0824345,2.0129712],[31.0822736,2.0128841],[31.0820858,2.0127648],[31.081937,2.0126897],[31.0817103,2.0126201],[31.0815695,2.0125477],[31.081477,2.0124753],[31.0813415,2.0123265],[31.0812758,2.0122032],[31.0812074,2.0120652],[31.0811457,2.0119177],[31.0810961,2.0118414],[31.0809191,2.0117422],[31.0808466,2.0117207],[31.0807648,2.0117207],[31.080687,2.0117301],[31.0805033,2.0117033],[31.0802793,2.011643],[31.0801493,2.0115921],[31.080042,2.0115277],[31.0799588,2.0114741],[31.0798717,2.0114406],[31.0797845,2.0114218],[31.0796383,2.0113589],[31.0794975,2.0112744],[31.0793862,2.0112061],[31.0792521,2.011127],[31.0791126,2.0110238],[31.0789302,2.0109058],[31.0787652,2.0108603],[31.078611,2.0108107],[31.0784501,2.010745],[31.0782731,2.0106565],[31.078155,2.0105627],[31.0780504,2.0104475],[31.0779981,2.0103711],[31.0779639,2.0103429],[31.077921,2.0103262],[31.0778359,2.0103168],[31.0777239,2.0103081],[31.0776293,2.0102793],[31.0775261,2.010233],[31.0774127,2.0101714],[31.0772692,2.0101238],[31.0772189,2.010105],[31.0771465,2.0100836],[31.0770748,2.0100574],[31.0769903,2.01003],[31.0768951,2.0099971],[31.0768059,2.0099496],[31.0767422,2.0099134],[31.0766906,2.0098752],[31.0766409,2.0098283],[31.0766168,2.0097901],[31.0766041,2.0097539],[31.0765937,2.0097173],[31.0765732,2.0096946],[31.0765471,2.0096808],[31.0765129,2.0096661],[31.0764337,2.0096346],[31.0763734,2.0096131],[31.0762842,2.009593],[31.0762011,2.0095736],[31.0760871,2.0095475],[31.0759731,2.0094985],[31.0758644,2.0094329],[31.0757451,2.0093685],[31.0755332,2.00926],[31.0753535,2.0091461],[31.0751966,2.0090187],[31.0750853,2.0089383],[31.0749773,2.008876],[31.0749317,2.0088445],[31.0748941,2.008811],[31.074862,2.0087674],[31.0748257,2.0087205],[31.0747875,2.0086796],[31.0747386,2.0086448],[31.0746843,2.008614],[31.0745622,2.0085671],[31.0744335,2.0085134],[31.0743584,2.008484],[31.0742685,2.0084344],[31.0741612,2.0083379],[31.074066,2.0082494],[31.0739782,2.0082005],[31.0739064,2.0081871],[31.0738407,2.0081797],[31.073777,2.0081737],[31.073716,2.008163],[31.0736617,2.0081435],[31.0735892,2.0081187],[31.0735215,2.0080959],[31.0734377,2.0080644],[31.073376,2.0080175],[31.0733096,2.0079539],[31.0732754,2.0078855],[31.0732251,2.007795],[31.0731782,2.00772],[31.0731494,2.0076878],[31.0731212,2.0076657],[31.073087,2.0076436],[31.0730541,2.0076181],[31.0730119,2.007588],[31.0729744,2.0075665],[31.0729402,2.0075437],[31.0728939,2.0075156],[31.0728389,2.0074794],[31.0727866,2.0074553],[31.072735,2.0074204],[31.0726874,2.0073789],[31.072629,2.0073213],[31.0725653,2.0072576],[31.0724728,2.0071825],[31.0723521,2.0070552],[31.0722904,2.007019],[31.0721771,2.0069768],[31.0721248,2.0069567],[31.0720778,2.0069118],[31.0720061,2.0068233],[31.0719605,2.0067831],[31.0718934,2.0067309],[31.0718498,2.006696],[31.0717841,2.0066451],[31.0717271,2.0066089],[31.0716708,2.0065841],[31.0715809,2.0065506],[31.0714918,2.0065171],[31.071418,2.0064695],[31.071365,2.006428],[31.0713201,2.0063817],[31.0712484,2.0063073],[31.0711585,2.0062376],[31.0710405,2.0061545],[31.0709111,2.0060788],[31.0708259,2.0060326],[31.0707548,2.005989],[31.0706697,2.0059361],[31.0706207,2.0059099],[31.0705731,2.0058851],[31.070502,2.0058449],[31.0704061,2.0057913],[31.0702975,2.005731],[31.070213,2.0056921],[31.0700628,2.0056184],[31.0699126,2.0055688],[31.0697678,2.0055179],[31.0695961,2.0054402],[31.0693802,2.0053276],[31.0692434,2.0052458],[31.0691522,2.0051708],[31.0690556,2.0050341],[31.0689712,2.0049577],[31.0688759,2.0049094],[31.0687955,2.004892],[31.0686614,2.0048545],[31.0685782,2.0048196],[31.0685098,2.0047687],[31.0683958,2.0046561],[31.068308,2.004573],[31.0682677,2.0045301],[31.0682168,2.0044886],[31.0681739,2.0044611],[31.0681209,2.004433],[31.0680404,2.0043968],[31.0679841,2.004372],[31.0679238,2.0043398],[31.0678701,2.004313],[31.067787,2.0042634],[31.0677038,2.0042018],[31.0676475,2.0041495],[31.0676119,2.0041106],[31.0675617,2.004061],[31.0675026,2.0040255],[31.0674141,2.0039813],[31.0673357,2.0039404],[31.0672666,2.0039009],[31.0672143,2.003864],[31.0671707,2.0038251],[31.0671325,2.0037876],[31.0670909,2.0037541],[31.067052,2.0037253],[31.0670145,2.0036985],[31.0669454,2.0036522],[31.0668696,2.0036093],[31.0668012,2.0035718],[31.0667087,2.0035289],[31.0665639,2.003478],[31.0664392,2.0034204],[31.0663694,2.0033735],[31.0662889,2.003289],[31.0661414,2.0032193],[31.0660449,2.0031778],[31.0659188,2.003151],[31.0658424,2.0031309],[31.0658048,2.0031161],[31.0657659,2.0030913],[31.0657176,2.0030598],[31.0656808,2.0030437],[31.0656103,2.0030169],[31.0654642,2.0029714],[31.0653341,2.0029204],[31.0651758,2.0028816],[31.0650565,2.002844],[31.0649237,2.0027904],[31.0648338,2.0027341],[31.0647762,2.0026953],[31.0647346,2.0026484],[31.0646179,2.0025425],[31.064516,2.0024634],[31.0644449,2.0024058],[31.0643443,2.0023288],[31.0643014,2.0023066],[31.0642344,2.0022449],[31.064166,2.002186],[31.0640761,2.0021243],[31.063997,2.0020895],[31.0639179,2.0020466],[31.0638414,2.0019889],[31.0637288,2.0019045],[31.0636644,2.0018563],[31.0636255,2.0018234],[31.063588,2.0017966],[31.0635578,2.0017685],[31.0634927,2.0017209],[31.063309,2.0016177],[31.0632312,2.0015681],[31.0631374,2.0015158],[31.0630468,2.0014883],[31.0630099,2.0014729],[31.0629784,2.0014602],[31.0629322,2.0014321],[31.0628913,2.0014093],[31.062855,2.0013851],[31.0628202,2.001363],[31.0627987,2.0013516],[31.0627699,2.0013356],[31.0627437,2.0013188],[31.0627048,2.0012886],[31.062666,2.0012598],[31.0626371,2.0012377],[31.0626096,2.0012143],[31.0625721,2.0011801],[31.0625466,2.0011586],[31.062509,2.0011231],[31.0624708,2.0010735],[31.0624386,2.0010085],[31.0624199,2.0009489],[31.0624051,2.0009234],[31.062379,2.0008953],[31.0623179,2.0008376],[31.0622737,2.0008055],[31.0621972,2.0007686],[31.062094,2.0007492],[31.0620296,2.0007331],[31.0619666,2.0007184],[31.0618901,2.0007036],[31.0617842,2.0006835],[31.0617191,2.0006815],[31.0616755,2.0006714],[31.0616226,2.0006487],[31.0615696,2.0006118],[31.061532,2.0005877],[31.0614891,2.0005736],[31.0614576,2.0005635],[31.0614227,2.0005575],[31.0613892,2.0005562],[31.061357,2.0005575],[31.0613215,2.0005642],[31.061298,2.0005702],[31.0612799,2.0005709],[31.0612457,2.0005702],[31.0612182,2.0005669],[31.0611827,2.0005615],[31.0611472,2.0005609],[31.0611123,2.0005589],[31.0610788,2.0005635],[31.0610486,2.0005676],[31.0610197,2.0005756],[31.0609782,2.000587],[31.0609245,2.0006031],[31.0608762,2.0006205],[31.060836,2.0006379],[31.0607636,2.0006527],[31.0606556,2.00066],[31.0605577,2.0006554],[31.0604451,2.0006587],[31.0603512,2.0006688],[31.0602781,2.0006714],[31.0601561,2.0006755],[31.0600904,2.0006674],[31.0600515,2.0006614],[31.0600106,2.0006493],[31.059973,2.0006299],[31.0598342,2.0005723],[31.0596827,2.0005227],[31.0594961,2.0005314],[31.0593235,2.0004532],[31.0593355,2.0003109],[31.0593881,2.0002575],[31.0593809,2.0001214],[31.0592522,2.0000676],[31.0591813,2.0001117],[31.0590699,2.0001082],[31.0590342,2.0000427],[31.0589688,2.0000597],[31.0589411,2.000023],[31.0589807,1.9999696],[31.0590404,1.9999144],[31.0589907,1.9998003],[31.0589518,1.9996582],[31.0588941,1.9995456],[31.0588083,1.999421],[31.0586473,1.9992253],[31.0585974,1.9990897],[31.0585704,1.9990388],[31.0585227,1.9990272],[31.058515,1.9989936],[31.0585441,1.9989018],[31.0584793,1.9988229],[31.0583971,1.9988246],[31.0583081,1.998862],[31.0582007,1.9987414],[31.0580666,1.9985967],[31.0579607,1.9984707],[31.0578856,1.998405],[31.0577582,1.9983313],[31.0576133,1.9982643],[31.0575007,1.9981825],[31.0574001,1.998141],[31.0572392,1.9981115],[31.0571212,1.9980659],[31.0569991,1.9979855],[31.0568596,1.9979158],[31.0567376,1.9978555],[31.0566518,1.9977804],[31.0565485,1.9976839],[31.056456,1.9976236],[31.0563621,1.9975271],[31.0562709,1.9973904],[31.0561663,1.9972403],[31.0560858,1.9971813],[31.0559289,1.9971277],[31.0558833,1.9970795],[31.0558203,1.996987],[31.0557492,1.9969267],[31.0556486,1.9968355],[31.0555843,1.9967484],[31.0555172,1.9966171],[31.0554676,1.9965286],[31.0554153,1.9964777],[31.0553361,1.9964375],[31.0552329,1.9963852],[31.0551363,1.9963249],[31.0549915,1.9962485],[31.0548708,1.996215],[31.0547796,1.996164],[31.0547367,1.9961198],[31.0546629,1.996026],[31.0546133,1.9959389],[31.0545771,1.995829],[31.0545114,1.9957204],[31.0544363,1.9956681],[31.0543437,1.9956387],[31.0541734,1.9956038],[31.0540809,1.995573],[31.0540259,1.995522],[31.0539776,1.9954242],[31.0539052,1.9952057],[31.0538596,1.9950878],[31.0537603,1.9949296],[31.0536584,1.9948037],[31.0535243,1.9946696],[31.0533446,1.9945463],[31.0531837,1.9944364],[31.0530415,1.9942863],[31.0528511,1.9940343],[31.0525775,1.9938038],[31.0523093,1.9936188],[31.0520947,1.9934258],[31.0519096,1.9932007],[31.0516441,1.9929112],[31.0512364,1.9924823],[31.0509038,1.9921043],[31.0506061,1.9918255],[31.0504049,1.9916298],[31.0501796,1.991477],[31.050024,1.991343],[31.049839,1.9911178],[31.0496619,1.9908793],[31.0493334,1.9905241],[31.0491604,1.9903539],[31.048978,1.9902172],[31.048923,1.990189],[31.0488411,1.9900804],[31.0487298,1.9900684],[31.0485408,1.9900201],[31.0483906,1.9898848],[31.0482564,1.9897749],[31.0481867,1.9897441],[31.0480164,1.9897386],[31.0479561,1.9896904],[31.0479038,1.98961],[31.0478246,1.9895363],[31.0477267,1.989492],[31.0475752,1.9894786],[31.0474625,1.9894639],[31.0473364,1.9894505],[31.0471876,1.9893835],[31.0470723,1.9893071],[31.0469328,1.9892307],[31.0467062,1.9891972],[31.0465265,1.9891637],[31.0463722,1.9891034],[31.0461844,1.9890163],[31.0459819,1.9888969],[31.0458223,1.9887602],[31.0458277,1.9887321],[31.045754,1.9886182],[31.04577,1.9885177],[31.0456453,1.9883608],[31.0454482,1.9882362],[31.0452417,1.9881035],[31.0449868,1.988003],[31.0448608,1.9878904],[31.0447186,1.9877028],[31.0445899,1.9875419],[31.0444477,1.9874213],[31.0442948,1.9873194],[31.0441446,1.9872283],[31.0439998,1.9871157],[31.0438764,1.9869924],[31.043753,1.9867967],[31.0436162,1.9865796],[31.0434526,1.9863384],[31.0432863,1.9861453],[31.0430878,1.9859443],[31.0428625,1.9857312],[31.0426936,1.9855315],[31.0424092,1.9852983],[31.0422242,1.985124],[31.042074,1.9850249],[31.0419211,1.9849578],[31.0417843,1.9849042],[31.041677,1.9848345],[31.0415322,1.9846978],[31.0414115,1.9845745],[31.0412613,1.9844458],[31.0410601,1.9843091],[31.0409394,1.9842019],[31.0408401,1.9840679],[31.0407355,1.9838776],[31.0406202,1.9837596],[31.0404754,1.983639],[31.0403842,1.9835505],[31.0402822,1.9833977],[31.0401991,1.9832878],[31.0400918,1.9831967],[31.0399282,1.9830841],[31.0398129,1.9829715],[31.0396707,1.9828563],[31.0395527,1.9827866],[31.0394561,1.9827812],[31.0393032,1.9828214],[31.039153,1.9828134],[31.0390431,1.9828],[31.0389063,1.9827571],[31.0387963,1.9827249],[31.0385576,1.9826364],[31.038343,1.9825587],[31.0381418,1.9825265],[31.0379273,1.9825185],[31.0376966,1.9825373],[31.0376081,1.9825212],[31.0375062,1.9824756],[31.0373613,1.9823871],[31.0369804,1.9822397],[31.036672,1.9821673],[31.0363649,1.9820709],[31.0361342,1.9820641],[31.0359197,1.9820548],[31.0355642,1.9820843],[31.0348561,1.9821834],[31.0343908,1.9822611],[31.0340676,1.9823067],[31.0338959,1.9823121],[31.0337698,1.9822826],[31.0336505,1.9822223],[31.0335204,1.982111],[31.0334077,1.9819958],[31.033208,1.981851],[31.0331342,1.9816808],[31.0330148,1.9815119],[31.0328472,1.9813337],[31.0326581,1.9812224],[31.0323939,1.9810468],[31.0321712,1.9808914],[31.0318172,1.9807252],[31.0314497,1.9805241],[31.0312593,1.9804383],[31.0311654,1.9803686],[31.0310796,1.9803258],[31.0308489,1.9801515],[31.0306826,1.9800121],[31.0304949,1.9798915],[31.0303259,1.9797843],[31.0302776,1.9797065],[31.0302186,1.9795403],[31.030165,1.9794117],[31.030055,1.9793205],[31.0299289,1.9792723],[31.0298096,1.9792549],[31.0296245,1.9792575],[31.0294595,1.979228],[31.0293402,1.9791785],[31.0292785,1.9791155],[31.0292289,1.9790726],[31.0291699,1.9790538],[31.0290478,1.9790551],[31.0288641,1.9790605],[31.0287179,1.979023],[31.0285999,1.9789506],[31.0284926,1.9788876],[31.0284148,1.9788367],[31.0283692,1.9788126],[31.0283115,1.9788193],[31.0282016,1.9788621],[31.0281627,1.9788621],[31.0280929,1.978834],[31.0279964,1.978771],[31.0278891,1.9787295],[31.027704,1.9786383],[31.0276289,1.9784976],[31.0274975,1.9783689],[31.027421,1.9782711],[31.0273607,1.9781491],[31.0273379,1.9780486],[31.0273379,1.9779065],[31.027358,1.9776505],[31.027362,1.9775232],[31.027362,1.9773891],[31.0273312,1.977235],[31.0272936,1.9771171],[31.0272185,1.9769321],[31.0271434,1.9767458],[31.027075,1.9766399],[31.0269637,1.9764871],[31.0269141,1.9763772],[31.0269074,1.9763115],[31.0269101,1.976266],[31.0269195,1.9761869],[31.0268873,1.9761119],[31.0268256,1.9760716],[31.0267786,1.976022],[31.026725,1.9759282],[31.02667,1.9758612],[31.02667,1.9757754],[31.0266312,1.9757138],[31.0265587,1.9756468],[31.0264528,1.9755569],[31.0263978,1.9755221],[31.0263629,1.9754926],[31.0262918,1.9754377],[31.026202,1.9754029],[31.0261684,1.9753251],[31.0261389,1.9752031],[31.0261108,1.9750772],[31.0260598,1.974982],[31.0259995,1.9748909],[31.0259244,1.9748238],[31.0258372,1.9747716],[31.02564,1.9746911],[31.0255462,1.9746509],[31.0254724,1.9745933],[31.0254322,1.9745276],[31.0254027,1.9744352],[31.0253115,1.974352],[31.0252807,1.9742662],[31.0251975,1.9741644],[31.0250795,1.9740478],[31.0249427,1.9739687],[31.0247885,1.9738615],[31.0247308,1.9737864],[31.0246919,1.9736819],[31.0246651,1.9735076],[31.0246329,1.9732838],[31.0245658,1.9729996],[31.0244948,1.9728415],[31.0243633,1.9726538],[31.0242239,1.972489],[31.0241327,1.9723925],[31.0239288,1.9722129],[31.0237196,1.9720534],[31.0236861,1.9719958],[31.0236713,1.9719287],[31.023674,1.9718483],[31.0237156,1.9717518],[31.0237813,1.9716231],[31.023788,1.9715561],[31.0237746,1.9715052],[31.023733,1.9714489],[31.023725,1.9713966],[31.0237437,1.9713363],[31.0237424,1.971284],[31.0236418,1.971075],[31.0235909,1.971012],[31.0234809,1.9709315],[31.023379,1.9708471],[31.0233508,1.9707935],[31.0233401,1.9707064],[31.0233508,1.9706286],[31.0233387,1.9705723],[31.0232998,1.9705187],[31.0232368,1.9704464],[31.0231872,1.9703767],[31.0231604,1.9702721],[31.0231416,1.9701381],[31.0231188,1.9700268],[31.0230879,1.9698982],[31.0230236,1.9696542],[31.0229579,1.9694639],[31.0228613,1.9692655],[31.0227701,1.9691127],[31.0227138,1.9689921],[31.0226467,1.968783],[31.0225528,1.9686034],[31.0224375,1.9684801],[31.0222739,1.9683407],[31.0221639,1.9682241],[31.0220727,1.9681276],[31.0219413,1.9680204],[31.0217818,1.9678676],[31.021547,1.9676585],[31.021315,1.9674816],[31.0211125,1.9672645],[31.020737,1.966975],[31.0203535,1.9667377],[31.0201039,1.9665997],[31.0198519,1.9665554],[31.0196722,1.9664643],[31.0194642,1.9663866],[31.0192403,1.9662954],[31.0188541,1.966148],[31.0185054,1.9660179],[31.018044,1.9658344],[31.0177249,1.9656936],[31.017407,1.9655314],[31.0171857,1.9654188],[31.0169135,1.9652459],[31.0166828,1.9650609],[31.0165903,1.9649537],[31.0164427,1.9647769],[31.0162818,1.9646679],[31.0161803,1.964642],[31.0159734,1.9645121],[31.0157266,1.9643057],[31.0155647,1.9641473],[31.0154309,1.964025],[31.0153974,1.9639525],[31.0154235,1.9638118],[31.0153189,1.9634995],[31.0150816,1.9633776],[31.0149716,1.9633748],[31.0149206,1.9633186],[31.0149448,1.9632717],[31.0148723,1.9631899],[31.0146912,1.9631014],[31.0146353,1.9630624],[31.0145116,1.9629648],[31.014187,1.9626122],[31.0140274,1.9624527],[31.01377,1.9620493],[31.0135876,1.9619354],[31.0135138,1.9618616],[31.0132885,1.9616807],[31.0130042,1.9614863],[31.012622,1.9612826],[31.0122143,1.9611204],[31.0121123,1.9610735],[31.012001,1.9609971],[31.0118535,1.960851],[31.0117409,1.9607787],[31.0116027,1.9607264],[31.0113286,1.9607123],[31.0111258,1.9606714],[31.0107495,1.9605798],[31.0105721,1.9605136],[31.0103556,1.9604337],[31.0102172,1.9603752],[31.0100807,1.9603265],[31.0099306,1.9602895],[31.0097375,1.9602427],[31.0094665,1.9601472],[31.0092267,1.9600673],[31.0090629,1.9600244],[31.008825,1.959964],[31.008593,1.959888],[31.0082323,1.9597809],[31.007969,1.9597049],[31.0077458,1.9596035],[31.0075635,1.9595061],[31.007465,1.9594661],[31.0073695,1.9594262],[31.00731,1.9594077],[31.007194,1.9594135],[31.007114,1.9594194],[31.0069746,1.9594184],[31.0068869,1.9594028],[31.0067855,1.9593726],[31.0067007,1.9593443],[31.0065924,1.959321],[31.0064686,1.9592937],[31.0063331,1.9592547],[31.0062775,1.9592196],[31.0062239,1.9591768],[31.0061566,1.95913],[31.006102,1.9591076],[31.0060299,1.95909],[31.0059441,1.9590725],[31.0058008,1.9590306],[31.0057062,1.958978],[31.0056185,1.9589546],[31.0054089,1.9588922],[31.0052558,1.958824],[31.0051417,1.9587646],[31.0050365,1.9587052],[31.0049107,1.9586194],[31.004784,1.9585366],[31.0046796,1.9584967],[31.0045539,1.9584606],[31.0044544,1.9584207],[31.0043316,1.9583534],[31.0040949,1.9583915],[31.0039591,1.9582399],[31.0037272,1.958066],[31.0035751,1.9580055],[31.003332,1.9580028],[31.0028736,1.957898],[31.0026125,1.95781],[31.0022888,1.9574962],[31.0020956,1.9574078],[31.002034,1.9574493],[31.0017376,1.9573274],[31.0015109,1.9571289],[31.0013218,1.9569198],[31.0012266,1.9569212],[31.001134,1.9568998],[31.0010576,1.9568435],[31.0003012,1.9564991],[30.9998573,1.9560527],[30.9994215,1.9555956],[30.9979637,1.9550716],[30.9974554,1.9549536],[30.9967366,1.954128],[30.9963825,1.9540181],[30.995484,1.9540074],[30.9948456,1.9542245],[30.9946927,1.9542084],[30.9945881,1.9538974],[30.9945533,1.9528949],[30.9945479,1.9504716],[30.9946498,1.9492948],[30.9946981,1.9480187],[30.9950012,1.9470618],[30.9952909,1.9469089],[30.9956476,1.9462803],[30.9957817,1.9462187],[30.9957576,1.9457375],[30.9959909,1.9445312],[30.9958461,1.9443007],[30.9956664,1.9440085],[30.995547,1.9437887],[30.9954974,1.9436667],[30.9954545,1.9435595],[30.9954518,1.9434697],[30.9955108,1.9434067],[30.9955618,1.9433785],[30.9956959,1.9433625],[30.9957817,1.9433558],[30.9962028,1.943333],[30.9967875,1.9432579],[30.9978068,1.9430756],[30.9981528,1.9429242],[30.9982695,1.9428612],[30.9983379,1.9428129],[30.9983808,1.9427647],[30.9984022,1.9426963],[30.9983969,1.9426414],[30.998362,1.9425435],[30.998311,1.9423639],[30.9981997,1.941872],[30.9981984,1.9417849],[30.9982091,1.941679],[30.99824,1.941616],[30.9982869,1.9415798],[30.9983473,1.9415718],[30.9984545,1.9415758],[30.9985578,1.941561],[30.9986436,1.9415128],[30.9987107,1.9414645],[30.9988073,1.9414015],[30.998877,1.941356],[30.9989105,1.941297],[30.9989306,1.941226],[30.9989481,1.9410772],[30.9989474,1.9410075],[30.99894,1.9409586],[30.9989206,1.940917],[30.998885,1.9408788],[30.9988321,1.9408607],[30.9988019,1.9408413],[30.9987751,1.9408105],[30.9987603,1.9407421],[30.998763,1.9406536],[30.998814,1.9405344],[30.9988904,1.9404003],[30.9990513,1.9401859],[30.9993598,1.9398052],[30.9995046,1.9397275],[30.9997085,1.9396846],[30.9999955,1.939631],[31.0001537,1.9395613],[31.000253,1.939446],[31.0003039,1.9392771],[31.0002986,1.939068],[31.0002503,1.9385989],[31.0001832,1.93817],[31.000143,1.9379636],[31.0000203,1.9377257],[30.9999747,1.9376727],[30.9999646,1.9376252],[30.9999626,1.9375782],[30.9999854,1.9375461],[31.000033,1.9375159],[31.0001162,1.9374971],[31.0001497,1.9374777],[31.0001644,1.9374536],[31.0001665,1.9374315],[31.0001611,1.9374006],[31.0001316,1.9373718],[31.0000538,1.9373119],[31.0000042,1.9372941],[30.9999378,1.9372465],[30.9998721,1.9371473],[30.9998278,1.9370254],[30.9998171,1.9369302],[30.9998171,1.9368411],[30.9998292,1.9367948],[30.9998768,1.9367432],[30.9999277,1.936695],[30.9999499,1.9366635],[30.9999559,1.9366346],[30.9999438,1.9366072],[30.9999157,1.936577],[30.9998654,1.9365542],[30.999793,1.9365281],[30.9997259,1.9364765],[30.9996361,1.936382],[30.9995395,1.9362801],[30.9994081,1.9362104],[30.9990399,1.9361193],[30.9989467,1.9361273],[30.9987617,1.9361809],[30.9985471,1.9362828],[30.9982091,1.9364597],[30.9977907,1.9366635],[30.9971738,1.9369905],[30.9968761,1.9371406],[30.9965327,1.9373095],[30.9962511,1.9374275],[30.9960231,1.93754],[30.9956825,1.9377331],[30.9954089,1.9378403],[30.9950602,1.9379555],[30.9946901,1.9380333],[30.9942207,1.9381164],[30.9940316,1.9381593],[30.9938063,1.9382236],[30.9936655,1.9382598],[30.9935233,1.9382772],[30.9933718,1.9382812],[30.993176,1.9382705],[30.9929802,1.9382786],[30.9928353,1.9383014],[30.9925859,1.9383389],[30.9923539,1.9383523],[30.9921433,1.9383469],[30.9919086,1.9383201],[30.9914996,1.9382384],[30.9911797,1.938176],[30.9910879,1.9381653],[30.9909618,1.9381358],[30.9908773,1.938111],[30.9907888,1.9380708],[30.9907043,1.9380299],[30.9906285,1.9379884],[30.9905266,1.9379381],[30.9904589,1.9379214],[30.9903844,1.9379033],[30.9903174,1.9378825],[30.9902557,1.937855],[30.9902,1.9378316],[30.9901524,1.9378168],[30.990076,1.9378048],[30.9900331,1.9377981],[30.9899814,1.93778],[30.9899338,1.9377458],[30.9898835,1.9376881],[30.9898426,1.937656],[30.9897917,1.9376231],[30.9896931,1.9376017],[30.9895442,1.9375628],[30.9893069,1.9374824],[30.9891325,1.9374167],[30.9889327,1.9373283],[30.9887074,1.9371607],[30.9885143,1.9369731],[30.9884056,1.9368672],[30.9883319,1.9367962],[30.9882514,1.9367251],[30.9881911,1.9366862],[30.988116,1.9366179],[30.9880677,1.9365468],[30.9879926,1.9364745],[30.9879363,1.9364423],[30.9878129,1.9364222],[30.9876841,1.9364369],[30.9875245,1.9364678],[30.987436,1.9364852],[30.9873609,1.9364892],[30.9872657,1.9364772],[30.9871584,1.936449],[30.9869143,1.9362908],[30.9864959,1.9361059],[30.9863685,1.9360536],[30.9863229,1.9360322],[30.9862599,1.9359651],[30.9862223,1.9358995],[30.9861633,1.9358097],[30.9860882,1.9357426],[30.9859997,1.9356877],[30.9858575,1.9355738],[30.9857583,1.9354974],[30.9856443,1.9354438],[30.985419,1.9353928],[30.9852473,1.9353674],[30.985132,1.9353593],[30.985022,1.9353419],[30.9849295,1.935307],[30.9847565,1.9352159],[30.9845889,1.9351247],[30.9844762,1.93511],[30.9843448,1.9351288],[30.9841959,1.9351596],[30.9840725,1.935165],[30.9839331,1.9351609],[30.9836836,1.9351784],[30.9834462,1.9352159],[30.9830198,1.9352963],[30.9819925,1.9355403],[30.981279,1.935685],[30.9804918,1.9358579],[30.9801646,1.9359249],[30.9797381,1.9360389],[30.9794712,1.9360938],[30.9792714,1.9361313],[30.9789307,1.9361943],[30.9786196,1.9362707],[30.9783795,1.9363418],[30.9780014,1.9364611],[30.9776996,1.936567],[30.9774381,1.9366635],[30.9769097,1.9368002],[30.9764363,1.9369302],[30.9762646,1.9369825],[30.9760648,1.9370414],[30.9758798,1.9371138],[30.9756947,1.9371755],[30.9755176,1.9372318],[30.9754211,1.937268],[30.9753352,1.9373041],[30.9751596,1.9373671],[30.9750348,1.9374248],[30.9748632,1.9374731],[30.9747103,1.9375159],[30.9745306,1.9375736],[30.9742611,1.9376728],[30.9739955,1.9377706],[30.9738158,1.9378591],[30.9735288,1.9379448],[30.9732043,1.9380534],[30.9729266,1.9381821],[30.9724867,1.9383805],[30.9721085,1.9385534],[30.9714903,1.9387732],[30.9700523,1.9393228],[30.9680322,1.9398897],[30.966897,1.9401778],[30.9657987,1.9403829],[30.9655908,1.940387],[30.9654379,1.9404177],[30.9653386,1.9403749],[30.9652676,1.9402609],[30.965163,1.9401309],[30.9650141,1.9399674],[30.9649014,1.9397985],[30.9647392,1.9395908],[30.9646024,1.9394473],[30.9644656,1.9393307],[30.9643449,1.9392034],[30.9642094,1.9390332],[30.9640364,1.9388898],[30.9638889,1.9387986],[30.9636918,1.9386525],[30.9635992,1.93856],[30.9634986,1.9384273],[30.9633914,1.9383174],[30.9631285,1.9380896],[30.9629622,1.9379743],[30.9627664,1.9378885],[30.9625787,1.9378188],[30.9622273,1.9376607],[30.9619725,1.93754],[30.961715,1.9373819],[30.9614843,1.9372318],[30.9613126,1.9371594],[30.9610364,1.9371165],[30.9609237,1.9370709],[30.9607682,1.9370334],[30.9607145,1.9370119],[30.9606756,1.9369758],[30.9606676,1.9369221],[30.9606796,1.9368565],[30.9606689,1.9367948],[30.9606421,1.9367452],[30.9605576,1.9366943],[30.9604678,1.9366688],[30.960284,1.9366474],[30.9601714,1.9366125],[30.9601285,1.9365777],[30.9600802,1.9364946],[30.9600265,1.9364477],[30.9599702,1.9363847],[30.9599327,1.9362882],[30.9598991,1.9362372],[30.9598576,1.9362171],[30.9597637,1.9361756],[30.9597234,1.9361273],[30.9597033,1.9360482],[30.9596537,1.9359839],[30.9595813,1.9359491],[30.9594753,1.9359343],[30.9593788,1.9359303],[30.9593064,1.9358995],[30.9592769,1.9358619],[30.9592286,1.9357467],[30.9591535,1.9356368],[30.9590247,1.9355429],[30.9588557,1.9354732],[30.9586251,1.935299],[30.9584507,1.9351382],[30.9582522,1.9349961],[30.9580243,1.9348433],[30.9577239,1.9347334],[30.9575763,1.9346369],[30.9574315,1.9345216],[30.9573162,1.9344224],[30.9571069,1.9343098],[30.9566992,1.9341731],[30.9564096,1.93409],[30.9561682,1.9340498],[30.9558383,1.9340471],[30.9556827,1.9340015],[30.9555781,1.9339318],[30.9554359,1.9337764],[30.9552535,1.9336825],[30.9548861,1.9335619],[30.9545535,1.9334306],[30.954363,1.9332751],[30.954178,1.933066],[30.9539379,1.9327952],[30.9537971,1.9326894],[30.9536281,1.9325486],[30.9534109,1.9324092],[30.9532379,1.9323435],[30.9531198,1.9323007],[30.9529777,1.9322229],[30.9528302,1.9321773],[30.9526853,1.9321586],[30.952515,1.9321505],[30.9521985,1.932168],[30.9520376,1.9321666],[30.9518793,1.9321184],[30.9516969,1.9320178],[30.9515092,1.9319401],[30.9513536,1.9318342],[30.9512222,1.931727],[30.9511095,1.9315621],[30.9510183,1.9315005],[30.9508534,1.9314629],[30.9507501,1.9314053],[30.9506482,1.9312967],[30.9505114,1.9311707],[30.9503773,1.931093],[30.9499776,1.9309456],[30.949747,1.9308625],[30.9496424,1.930766],[30.9495592,1.9306185],[30.9494868,1.930396],[30.9493849,1.9302405],[30.9493031,1.9301601],[30.949185,1.9301092],[30.9490576,1.9300864],[30.9488337,1.9300797],[30.9486821,1.9300623],[30.948595,1.9300154],[30.9484863,1.9299215],[30.9482235,1.9296803],[30.9479794,1.9294926],[30.9477648,1.9293908],[30.9475274,1.9292661],[30.9471278,1.9290651],[30.9469682,1.9290061],[30.9468006,1.9289552],[30.9467059,1.9289481],[30.9466034,1.9289404],[30.9465042,1.9289123],[30.9464572,1.9288788],[30.9463218,1.928742],[30.9461609,1.9286107],[30.9459463,1.9285088],[30.9458627,1.9284458],[30.9457934,1.9283936],[30.9456164,1.9282113],[30.9453455,1.9279459],[30.9450692,1.9277314],[30.9448814,1.9275062],[30.9445113,1.9272757],[30.9441304,1.9270773],[30.9438783,1.9267932],[30.9435564,1.9264608],[30.9428859,1.9260211],[30.9420597,1.9256137],[30.9417084,1.9254502],[30.9415099,1.9253456],[30.9413034,1.9252545],[30.9410432,1.925158],[30.940783,1.9250266],[30.9405872,1.9249086],[30.9404289,1.9247719],[30.9403217,1.9246191],[30.9402251,1.9244583],[30.940091,1.9243243],[30.9398469,1.9241339],[30.9396189,1.9239919],[30.93934,1.9237667],[30.9390986,1.9235603],[30.9385863,1.9232145],[30.9383006,1.923063],[30.938019,1.9229759],[30.9375992,1.9228445],[30.9372787,1.9227091],[30.9369045,1.9225041],[30.9366792,1.922366],[30.9363306,1.9220577],[30.9360664,1.9218728],[30.9356774,1.9216302],[30.9353663,1.9214452],[30.9352711,1.9213688],[30.9351088,1.9211597],[30.9349626,1.92096],[30.9348634,1.9207911],[30.934803,1.9206678],[30.9347682,1.9205445],[30.9347615,1.9204104],[30.9347601,1.9202456],[30.9347507,1.920145],[30.9347279,1.9200392],[30.9346864,1.9198904],[30.934673,1.9197858],[30.9346622,1.9196076],[30.9346341,1.9194199],[30.934563,1.9191653],[30.9344718,1.9189468],[30.9343377,1.9187591],[30.9343028,1.9186613],[30.9342639,1.9185125],[30.9342197,1.9184214],[30.9341446,1.9183275],[30.9340319,1.9182498],[30.9338334,1.9181935],[30.9335934,1.9180501],[30.9334499,1.9179147],[30.9333238,1.917778],[30.9331106,1.9174885],[30.9329416,1.9172311],[30.9328786,1.9171199],[30.9328504,1.9170488],[30.9328504,1.9169845],[30.9328799,1.9168062],[30.9329027,1.9166601],[30.9329027,1.9165288],[30.9328745,1.9163277],[30.9328598,1.9161964],[30.9328464,1.9161025],[30.9328262,1.9160583],[30.9327874,1.9160194],[30.9327377,1.9159765],[30.9327123,1.9159296],[30.9327109,1.915872],[30.9327337,1.9157862],[30.9327377,1.9157487],[30.9327277,1.9156971],[30.9326908,1.9156281],[30.9326693,1.9155744],[30.932668,1.9155195],[30.9326801,1.9154552],[30.9326787,1.9153466],[30.9326519,1.9152407],[30.9325929,1.915112],[30.93255,1.9150115],[30.9325218,1.9148842],[30.9324789,1.9145665],[30.932444,1.9144378],[30.9323877,1.9143011],[30.93233,1.9142059],[30.9322348,1.9141443],[30.9321262,1.9141027],[30.932035,1.914029],[30.9319626,1.9139231],[30.9318888,1.9138239],[30.9317829,1.9137221],[30.9316166,1.9136162],[30.9314288,1.9135023],[30.931178,1.9133495],[30.930777,1.913068],[30.9306014,1.9129406],[30.9304109,1.9128012],[30.9301078,1.9126109],[30.9299938,1.9125385],[30.9299093,1.9124595],[30.929786,1.9122852],[30.9295741,1.9120654],[30.9294064,1.9118603],[30.9292804,1.9117276],[30.9291355,1.9115681],[30.9290041,1.9114435],[30.9287654,1.911284],[30.9286407,1.9111955],[30.92852,1.9111352],[30.9282973,1.9110561],[30.9281646,1.9110239],[30.9279433,1.9109757],[30.9277542,1.9109556],[30.9275651,1.9109154],[30.9273358,1.9108323],[30.9270716,1.9107291],[30.9267725,1.9106084],[30.9264131,1.9104248],[30.9262642,1.9103605],[30.9259477,1.9102706],[30.9258729,1.9102406],[30.9255333,1.9101044],[30.9249862,1.9098565],[30.9244001,1.9096032],[30.9241741,1.9094698],[30.9240273,1.9093605],[30.9237966,1.9091917],[30.9237108,1.9090281],[30.9237322,1.9088351],[30.923861,1.9085992],[30.9238636,1.9084491],[30.9238234,1.9083124],[30.9237349,1.9082105],[30.9236249,1.9081113],[30.9234157,1.9080229],[30.9232628,1.9080255],[30.9230858,1.9080952],[30.9228578,1.9082212],[30.9227237,1.90824],[30.9225225,1.9082186],[30.9224421,1.9081783],[30.9223616,1.9081247],[30.922316,1.9080229],[30.922308,1.9078486],[30.9222999,1.9077414],[30.9222624,1.907669],[30.9221953,1.9076127],[30.922149,1.9075611],[30.9221095,1.9074653],[30.9220344,1.9072187],[30.9219673,1.9071141],[30.9218815,1.9070203],[30.9217876,1.9069318],[30.9216991,1.9067951],[30.9216696,1.9066557],[30.9216937,1.9065431],[30.921793,1.9064185],[30.9218734,1.9062804],[30.9219097,1.9061718],[30.9219848,1.9060633],[30.9220223,1.9059265],[30.9220424,1.9058649],[30.9220344,1.9057858],[30.9220089,1.9057094],[30.9219727,1.905633],[30.9219378,1.9055834],[30.9218788,1.9055472],[30.9218064,1.9055258],[30.9217501,1.9054762],[30.9217246,1.9053958],[30.9217058,1.9052738],[30.9216897,1.9052242],[30.9216186,1.9051411],[30.9214684,1.9049655],[30.9213826,1.904873],[30.9212874,1.904798],[30.9212123,1.9047162],[30.9211908,1.9046626],[30.9211868,1.9046023],[30.9211814,1.9045218],[30.92116,1.9044441],[30.9210902,1.9042404],[30.9210594,1.9040004],[30.9210312,1.9039106],[30.92094,1.9037176],[30.920873,1.9035755],[30.9207657,1.9034093],[30.9206852,1.9032592],[30.9206423,1.9031466],[30.9205538,1.903026],[30.9204787,1.9029134],[30.920417,1.9028142],[30.9203768,1.9027901],[30.9203298,1.9027847],[30.9201139,1.9028008],[30.9199905,1.9028009],[30.919894,1.9028115],[30.9196325,1.9028263],[30.9191778,1.9028705],[30.9186494,1.9029054],[30.9181291,1.9030072],[30.9176463,1.9030796],[30.9171997,1.9031051],[30.9169362,1.9031131],[30.9167042,1.9031071],[30.916446,1.9030809],[30.9162287,1.9030407],[30.9160008,1.9029791],[30.9158398,1.9029174],[30.9156373,1.9028075],[30.9155421,1.9027271],[30.9154911,1.902644],[30.9154388,1.902514],[30.9153999,1.9024],[30.9154502,1.9023123],[30.9153751,1.902189],[30.9151867,1.9022071],[30.9150881,1.9022566],[30.9150217,1.9023813],[30.9148447,1.9024295],[30.914665,1.9024872],[30.914555,1.9025059],[30.9144357,1.9025193],[30.9143163,1.9025314],[30.9142654,1.9025515],[30.9141701,1.9025917],[30.9140146,1.9026882],[30.9138644,1.9027807],[30.9137276,1.902837],[30.9134768,1.9029228],[30.9130342,1.9030421],[30.9124938,1.903156],[30.9121907,1.9032016],[30.9118299,1.9032726],[30.9115309,1.9033102],[30.9111781,1.9033544],[30.9108073,1.9033765],[30.9106323,1.9033805],[30.9104606,1.9033973],[30.9102903,1.903412],[30.910112,1.903412],[30.9098947,1.9033986],[30.9096667,1.9033758],[30.9094159,1.9033691],[30.909251,1.9033463],[30.9091383,1.9033236],[30.9090431,1.9032766],[30.9089693,1.9032083],[30.9089264,1.9031332],[30.9088714,1.9030314],[30.9088004,1.9029456],[30.9086864,1.9028517],[30.9085576,1.9026936],[30.9084155,1.9024724],[30.908333,1.9022975],[30.9082411,1.902083],[30.9081995,1.9020046],[30.9081486,1.9019323],[30.9080882,1.9018559],[30.9080118,1.901762],[30.9079032,1.9016039],[30.9078133,1.9014752],[30.9077476,1.9013425],[30.9076765,1.901242],[30.9075813,1.9011656],[30.9074995,1.9010905],[30.907415,1.9009632],[30.9072768,1.9008707],[30.907179,1.9007473],[30.9070784,1.9006496],[30.9069496,1.9005397],[30.9068316,1.9004123],[30.9066935,1.9002594],[30.9066694,1.9000155],[30.9066465,1.8998386],[30.9065782,1.8997206],[30.9064306,1.8994914],[30.9063206,1.899285],[30.9062241,1.8990987],[30.9061168,1.898773],[30.9060176,1.8985398],[30.9059143,1.8982101],[30.9058821,1.8978535],[30.9058365,1.8977785],[30.9057628,1.8977021],[30.9055562,1.8975305],[30.9053497,1.8973147],[30.9052223,1.8971391],[30.9050654,1.8969139],[30.9049259,1.8967142],[30.9047998,1.8965373],[30.9046403,1.8962464],[30.9045745,1.8961512],[30.9044404,1.8959703],[30.9043439,1.8958001],[30.9042406,1.8956218],[30.9041534,1.895461],[30.9040824,1.8953242],[30.9040113,1.8952331],[30.9039295,1.8951554],[30.9038798,1.8950749],[30.9038463,1.8949771],[30.9038088,1.8949034],[30.9037752,1.8948699],[30.9036894,1.8948109],[30.9036036,1.8947224],[30.9035499,1.8946353],[30.9034856,1.8944892],[30.9034292,1.8943578],[30.9033649,1.8942707],[30.9033085,1.8942211],[30.9031704,1.8941058],[30.9030993,1.8940335],[30.9030443,1.8939691],[30.9029599,1.8938498],[30.902878,1.8937024],[30.9027627,1.8935549],[30.902697,1.8934625],[30.9026018,1.8933727],[30.9024891,1.8932762],[30.9023805,1.8931904],[30.9023349,1.8931609],[30.9022705,1.8931314],[30.9021874,1.893063],[30.9021445,1.8929853],[30.9021163,1.8928888],[30.902072,1.8928043],[30.902013,1.8927454],[30.9019393,1.8927078],[30.9018253,1.8926797],[30.9017287,1.8926408],[30.9016483,1.8925792],[30.9015396,1.8924451],[30.9014243,1.8923084],[30.9012687,1.8921127],[30.901038,1.8918822],[30.9008583,1.891716],[30.900743,1.891606],[30.9005284,1.8913353],[30.9003568,1.8911825],[30.9001958,1.8910216],[30.9000376,1.8908688],[30.8998767,1.8907428],[30.8997801,1.8906142],[30.8996889,1.8904292],[30.8996004,1.8903086],[30.8994904,1.8902147],[30.8993483,1.8901129],[30.8991793,1.8898502],[30.8990076,1.8896491],[30.8988869,1.8895874],[30.8987153,1.8895499],[30.8985972,1.889499],[30.8983934,1.8893462],[30.8981788,1.8892068],[30.8979911,1.889113],[30.8977523,1.8890298],[30.8976236,1.8889387],[30.8974948,1.88881],[30.8973634,1.8886063],[30.8970872,1.8882337],[30.8969343,1.8881077],[30.8966178,1.8878557],[30.8963656,1.8877404],[30.8961296,1.8876868],[30.8958802,1.8875581],[30.8956012,1.8873329],[30.8950138,1.8868289],[30.8945417,1.8864858],[30.8942279,1.886274],[30.8938175,1.8860301],[30.8934367,1.8858317],[30.8928546,1.8854189],[30.8924255,1.8851092],[30.8919802,1.8846991],[30.8917576,1.8845021],[30.8916382,1.8843707],[30.8915658,1.8842474],[30.8915296,1.8841147],[30.8914974,1.8839069],[30.8914679,1.8837648],[30.891425,1.8836737],[30.8913285,1.883604],[30.891248,1.8835182],[30.8911635,1.8833882],[30.8911099,1.8832729],[30.8910589,1.8831952],[30.8909985,1.8831509],[30.8909127,1.8831201],[30.8908188,1.8830719],[30.8907478,1.8830263],[30.8907062,1.8829606],[30.8906458,1.8827984],[30.890613,1.8826925],[30.8905922,1.8826128],[30.8905667,1.8825773],[30.8905406,1.8825625],[30.8905043,1.8825605],[30.8904514,1.8825753],[30.8904105,1.8825934],[30.8903501,1.8826141],[30.8902596,1.8826161],[30.89021,1.8825987],[30.8901376,1.8825451],[30.8900437,1.8824513],[30.8900273,1.8824439],[30.8899659,1.8824164],[30.8899069,1.8824218],[30.889813,1.8824459],[30.8895206,1.8824754],[30.8893114,1.8824593],[30.8890593,1.8823923],[30.8887991,1.8822877],[30.8886355,1.882202],[30.8885014,1.8821001],[30.8883646,1.8819607],[30.8881742,1.881706],[30.8880776,1.8815505],[30.8879408,1.8814165],[30.8878845,1.8813173],[30.8878255,1.8811377],[30.887678,1.8808696],[30.8875599,1.8807275],[30.8874553,1.8805077],[30.8873937,1.8804166],[30.8873132,1.8803549],[30.8871925,1.8803013],[30.8870208,1.8802262],[30.8868304,1.8801244],[30.8866158,1.8799903],[30.8863261,1.8797357],[30.8861116,1.8795051],[30.8859587,1.8793469],[30.8858514,1.8791539],[30.8857951,1.879036],[30.8857173,1.878969],[30.8856153,1.878918],[30.8855559,1.8788888],[30.8854678,1.8788456],[30.8853552,1.878725],[30.8852398,1.8785427],[30.8851084,1.8784006],[30.8847785,1.8781165],[30.8842957,1.877768],[30.8839685,1.8774141],[30.883491,1.8769584],[30.8830297,1.8764544],[30.8822894,1.8756877],[30.8818871,1.8752212],[30.8816832,1.8750684],[30.881466,1.8748674],[30.8813614,1.8747146],[30.881238,1.8744197],[30.8811334,1.8741034],[30.8810207,1.8738219],[30.8809054,1.8734412],[30.8808276,1.8731115],[30.8807498,1.8726665],[30.8806667,1.8722563],[30.8805835,1.8719078],[30.8805031,1.8715432],[30.8804628,1.8713314],[30.8804628,1.8711063],[30.8804536,1.8709986],[30.8804387,1.8708248],[30.8804052,1.8706398],[30.8803073,1.8704548],[30.8801678,1.8703208],[30.8799693,1.8701506],[30.8798258,1.8699575],[30.8797628,1.8698248],[30.8797427,1.8696935],[30.8797574,1.8696117],[30.8798258,1.8695072],[30.8798982,1.8694267],[30.8799894,1.8693396],[30.8800095,1.8692954],[30.8800082,1.8692512],[30.8799854,1.8692109],[30.8799116,1.8691654],[30.8798003,1.8691238],[30.879626,1.8690541],[30.8795334,1.8690018],[30.8795053,1.8689549],[30.8794945,1.8688571],[30.8794704,1.8687686],[30.8794369,1.8687445],[30.8793913,1.8687525],[30.8793242,1.8687793],[30.8792236,1.8688155],[30.8791378,1.8688249],[30.8790332,1.8687847],[30.8789849,1.8687204],[30.8789742,1.8686118],[30.8789635,1.868526],[30.8789179,1.8685059],[30.8788857,1.8685193],[30.8788562,1.8685769],[30.8787999,1.8686533],[30.878706,1.8687177],[30.8785799,1.8687767],[30.8782795,1.8688397],[30.8777297,1.8689107],[30.8772348,1.8689831],[30.876697,1.8690367],[30.8763577,1.8690662],[30.8759353,1.8690702],[30.8755141,1.8690595],[30.8753452,1.8690407],[30.8752097,1.8689884],[30.8750407,1.8688825],[30.8749769,1.8688232],[30.8749455,1.8687941],[30.8748785,1.8686868],[30.8748288,1.8685555],[30.8747832,1.8684979],[30.8746988,1.8684429],[30.8745727,1.8683906],[30.8744574,1.8683692],[30.874346,1.8683879],[30.8742253,1.8684147],[30.8739866,1.8684496],[30.8738498,1.8684456],[30.873756,1.8684201],[30.873697,1.8683719],[30.8736473,1.8682874],[30.8735763,1.8682016],[30.8734944,1.8681494],[30.8732825,1.8680475],[30.8731082,1.8679027],[30.8729553,1.8677365],[30.8727917,1.8675596],[30.872671,1.8674363],[30.8725731,1.8673277],[30.8724537,1.8671977],[30.8723009,1.8670677],[30.8722003,1.8669872],[30.8721265,1.866876],[30.8720621,1.866699],[30.8720112,1.8666293],[30.8718958,1.8665757],[30.8716974,1.8665248],[30.8716142,1.866431],[30.8714774,1.8661763],[30.8711851,1.8657527],[30.8707774,1.8651254],[30.8705252,1.8646911],[30.8703804,1.8643802],[30.8701444,1.8641282],[30.869683,1.8636939],[30.8693933,1.8634258],[30.8691144,1.8629915],[30.8687603,1.8621819],[30.8682722,1.8614098],[30.8681273,1.8611525],[30.868071,1.8609166],[30.8680764,1.8607504],[30.8680415,1.8606271],[30.8679342,1.8605466],[30.8677867,1.8604743],[30.8676848,1.8603617],[30.8676043,1.8602571],[30.8675104,1.8601713],[30.8673656,1.8600614],[30.8670947,1.8599032],[30.8669847,1.8597344],[30.8669069,1.8594931],[30.8668211,1.8593269],[30.866695,1.8591714],[30.8663705,1.8589087],[30.866054,1.8586004],[30.8657777,1.8582197],[30.8655202,1.857764],[30.8653754,1.8574718],[30.8653083,1.8572466],[30.8652493,1.8570053],[30.8651863,1.8568083],[30.8651474,1.8567359],[30.8650951,1.8566809],[30.8649543,1.856567],[30.8648618,1.8564799],[30.8647853,1.8563686],[30.8647531,1.8562748],[30.864725,1.8561193],[30.8646834,1.8560134],[30.8646029,1.8558981],[30.8644983,1.8557963],[30.8643723,1.8556622],[30.8641523,1.8555603],[30.8639163,1.8555121],[30.8636829,1.8554719],[30.8635113,1.8553781],[30.8633557,1.8552494],[30.863243,1.8551207],[30.8631438,1.8549813],[30.8629963,1.8546355],[30.8628702,1.8544264],[30.8626744,1.8542226],[30.862374,1.8539894],[30.8621326,1.8538017],[30.8618778,1.8536543],[30.8616418,1.8534934],[30.8615506,1.8533728],[30.8613226,1.8529841],[30.8611402,1.852716],[30.8609363,1.8524318],[30.8607325,1.8521343],[30.8605555,1.8519547],[30.860357,1.8518313],[30.8600137,1.8516383],[30.8597267,1.8514105],[30.8596539,1.8513399],[30.8594531,1.8511451],[30.8591795,1.8509011],[30.858745,1.8505043],[30.8584338,1.8502202],[30.8577687,1.8497537],[30.8576024,1.849491],[30.8576024,1.8490942],[30.8573449,1.8486921],[30.8571142,1.8486653],[30.8569318,1.8484187],[30.8568996,1.8481667],[30.8565509,1.847778],[30.8562076,1.8474187],[30.8553922,1.8466761],[30.8549121,1.8462365],[30.85455,1.8458183],[30.8544628,1.8456735],[30.8543716,1.8454979],[30.8543153,1.8453558],[30.8542684,1.8451789],[30.8542214,1.8449738],[30.8541973,1.8449028],[30.8541664,1.8448492],[30.8541141,1.8448116],[30.8540203,1.8447754],[30.8538339,1.8447393],[30.8537427,1.844687],[30.8536635,1.8446106],[30.8536099,1.8445422],[30.8535402,1.8444457],[30.8535013,1.8443398],[30.8534785,1.8442835],[30.8534262,1.8442192],[30.8533376,1.8441455],[30.8533095,1.8440945],[30.8532827,1.8439833],[30.8532478,1.8439162],[30.8532062,1.8438841],[30.8531164,1.8438264],[30.8530305,1.8437621],[30.8529568,1.8436951],[30.8529259,1.84362],[30.8529098,1.8435101],[30.8528911,1.8434618],[30.8528334,1.8434096],[30.8527181,1.8433265],[30.852655,1.8432581],[30.8525906,1.8431187],[30.8525249,1.8429646],[30.8524096,1.842797],[30.8522272,1.8425745],[30.8520596,1.8423734],[30.8518946,1.8422045],[30.8516452,1.8419633],[30.8513904,1.8417783],[30.8512697,1.8416174],[30.8511785,1.8414217],[30.8510953,1.8412931],[30.8509934,1.84121],[30.8508378,1.8411322],[30.8506152,1.841025],[30.8504596,1.8409097],[30.8503443,1.8407757],[30.8501887,1.8405505],[30.850123,1.8404178],[30.8500908,1.8403789],[30.8500385,1.8403521],[30.8499621,1.8403172],[30.8498736,1.8402623],[30.8497931,1.8401658],[30.8496831,1.8399701],[30.8495906,1.8398039],[30.8495638,1.8397248],[30.8495557,1.8396041],[30.8495437,1.8395425],[30.8495329,1.8394969],[30.8495155,1.8394406],[30.849486,1.8394084],[30.8493599,1.8393454],[30.8492526,1.8392824],[30.849136,1.8391712],[30.8490193,1.8390412],[30.8489563,1.8389487],[30.8489241,1.8388481],[30.8488972,1.8387503],[30.8488141,1.8387034],[30.8487497,1.8386471],[30.8486424,1.8385332],[30.8486089,1.838442],[30.8485928,1.8383254],[30.8486029,1.8381223],[30.8486036,1.8379688],[30.8486022,1.8377249],[30.8485834,1.8375667],[30.8485123,1.8374019],[30.8484641,1.8372571],[30.8483528,1.8370185],[30.8481274,1.8368121],[30.847819,1.8364716],[30.8476085,1.8360627],[30.8475005,1.8358046],[30.8474154,1.8355642],[30.847351,1.8355132],[30.8472624,1.8353416],[30.8472222,1.8350923],[30.8471686,1.8346688],[30.8471149,1.8341433],[30.8472705,1.8337224],[30.8473429,1.8334195],[30.8474046,1.8332077],[30.8474529,1.8331299],[30.8475199,1.8330844],[30.8475991,1.8330763],[30.8476688,1.8330642],[30.847756,1.8330334],[30.847768,1.8329892],[30.8477493,1.8329503],[30.8476996,1.8329208],[30.8476058,1.8328833],[30.8475307,1.8327734],[30.8475226,1.8326581],[30.8475159,1.8325562],[30.8475374,1.8324637],[30.8475897,1.832331],[30.8476393,1.8322761],[30.847701,1.8322184],[30.8477828,1.8321849],[30.8478431,1.8321447],[30.8478673,1.8321072],[30.8478874,1.8320402],[30.847929,1.831953],[30.8479343,1.8319061],[30.8479263,1.8318753],[30.8478901,1.8318431],[30.847823,1.831811],[30.8477694,1.8317949],[30.8477332,1.8317734],[30.8476956,1.831748],[30.8476594,1.8317493],[30.8476245,1.8317734],[30.8475803,1.8318324],[30.8475535,1.8318847],[30.8475293,1.8319504],[30.8474797,1.8319812],[30.847422,1.8319745],[30.8473442,1.8319303],[30.8472396,1.8318673],[30.8471122,1.8318217],[30.8469754,1.8317627],[30.8468655,1.8316689],[30.8468172,1.8315992],[30.8467931,1.8315295],[30.8467904,1.8314598],[30.8468038,1.8313659],[30.8468279,1.8312413],[30.8468346,1.8311421],[30.8468239,1.8310965],[30.846777,1.8310697],[30.846726,1.8310657],[30.8466214,1.8310885],[30.8465704,1.8310777],[30.8465087,1.8310483],[30.846435,1.8310308],[30.8463599,1.8310442],[30.8462258,1.8310818],[30.8461305,1.8310925],[30.8460501,1.8310791],[30.8459522,1.8310509],[30.8458476,1.8310027],[30.8457309,1.8309558],[30.8456343,1.8309115],[30.8455499,1.8308566],[30.8454868,1.8307721],[30.8454365,1.8307259],[30.8453735,1.8307031],[30.8453084,1.8307092],[30.8452105,1.8307091],[30.8451227,1.8307045],[30.8450154,1.8306917],[30.8449255,1.8306656],[30.844835,1.8306415],[30.8447438,1.8306066],[30.8446828,1.8305509],[30.8446466,1.8304859],[30.8446064,1.8304356],[30.8445662,1.8303874],[30.8445105,1.8303359],[30.8443979,1.830317],[30.8443281,1.8302507],[30.8442584,1.8301435],[30.8441511,1.8300523],[30.8440706,1.829988],[30.8439687,1.8298781],[30.8438641,1.8297494],[30.8437219,1.8295376],[30.8435905,1.8293768],[30.843451,1.82924],[30.8432579,1.8290658],[30.8431426,1.8289478],[30.8430836,1.8288406],[30.8430085,1.8286449],[30.8429521,1.8284572],[30.8428904,1.8283795],[30.8427215,1.8281972],[30.8426625,1.8280819],[30.8426222,1.8279345],[30.8425444,1.8277977],[30.8424666,1.8276583],[30.8424211,1.8274948],[30.8423567,1.8272294],[30.8422708,1.8270015],[30.8421555,1.8268112],[30.8420241,1.8266289],[30.8418739,1.8264734],[30.8416969,1.8263045],[30.8414635,1.8261517],[30.8412945,1.8259774],[30.8410799,1.8256986],[30.8409322,1.8255354],[30.8407474,1.8253314],[30.8404952,1.8250123],[30.8401385,1.8245914],[30.8399293,1.8243207],[30.839704,1.8240231],[30.8395337,1.823751],[30.8394358,1.8235499],[30.839421,1.8234574],[30.8394237,1.8233301],[30.8393902,1.8232497],[30.8393338,1.8232041],[30.8392346,1.8231706],[30.8390562,1.8231143],[30.8389395,1.8230312],[30.8389181,1.8229642],[30.8388805,1.8228998],[30.8388135,1.8228623],[30.8387277,1.8228194],[30.8386633,1.8227256],[30.8386177,1.8225835],[30.8385211,1.8224173],[30.83832,1.8221197],[30.8381671,1.8218597],[30.8380088,1.8215326],[30.8379015,1.8213449],[30.8377057,1.8209964],[30.8375689,1.8208007],[30.8374482,1.8207123],[30.8372954,1.8206131],[30.8371398,1.820471],[30.8369654,1.8203316],[30.8368555,1.820219],[30.8367455,1.8200126],[30.8365604,1.8196345],[30.8364263,1.8194281],[30.8363311,1.8193088],[30.8362252,1.8191868],[30.8361353,1.8190421],[30.8360723,1.818892],[30.8359717,1.8186828],[30.8359073,1.8185743],[30.8358282,1.8183665],[30.835745,1.8181815],[30.8356471,1.818018],[30.8355264,1.8178169],[30.8354487,1.8176695],[30.8353883,1.8175529],[30.8353387,1.8174202],[30.8353199,1.8173411],[30.8353226,1.8172767],[30.8353628,1.8171668],[30.8354098,1.8170797],[30.8354044,1.8169979],[30.8353803,1.8169376],[30.8353347,1.816888],[30.8352689,1.8168491],[30.8351603,1.8167808],[30.8350906,1.8167044],[30.834986,1.8165663],[30.8348948,1.8164698],[30.8347888,1.8163813],[30.8347124,1.8162714],[30.8346225,1.8161387],[30.8345018,1.8160087],[30.8344012,1.8158599],[30.8343476,1.8157352],[30.8343047,1.8156293],[30.8342175,1.8153599],[30.8341438,1.8152688],[30.8340445,1.8151709],[30.8339171,1.8151039],[30.8337763,1.8150637],[30.8336663,1.8150342],[30.8335617,1.8150114],[30.8334732,1.8149564],[30.8334249,1.8148707],[30.8333847,1.8147259],[30.8333726,1.8145704],[30.8333632,1.8144377],[30.8333418,1.8143345],[30.8332519,1.8141616],[30.8331862,1.8140999],[30.8330695,1.8140141],[30.8330011,1.8139364],[30.832922,1.8139069],[30.832871,1.8139015],[30.832804,1.813919],[30.8327141,1.8139511],[30.8326404,1.8139592],[30.8325867,1.8139458],[30.8325143,1.8139002],[30.832454,1.8138224],[30.8323748,1.8137219],[30.8322877,1.8136589],[30.8321831,1.8135999],[30.8320771,1.8135289],[30.8320288,1.8134766],[30.8319832,1.8133801],[30.8319202,1.8133131],[30.8318666,1.8132662],[30.8317512,1.8132233],[30.8316345,1.8131938],[30.8315615,1.8131918],[30.8314602,1.8131884],[30.8314227,1.8131797],[30.8313804,1.8131529],[30.8313046,1.8130718],[30.831196,1.8129981],[30.8310807,1.8129404],[30.8309452,1.8128855],[30.8308594,1.8128573],[30.8308071,1.8128198],[30.8307776,1.8127836],[30.8307575,1.8127045],[30.8307414,1.8126482],[30.8307199,1.8126228],[30.8306757,1.812608],[30.8306167,1.8126026],[30.8305858,1.8125812],[30.8305617,1.8125289],[30.8305375,1.8124203],[30.8305094,1.8122863],[30.8304651,1.8122032],[30.8304021,1.8121496],[30.830331,1.8121228],[30.8302076,1.8120986],[30.8301567,1.8120692],[30.8300668,1.8119458],[30.8300132,1.8118989],[30.8299488,1.8118909],[30.8298428,1.811919],[30.8297986,1.811907],[30.8297409,1.8118145],[30.8296752,1.8117729],[30.8296095,1.8117381],[30.8295451,1.8116684],[30.8294915,1.8115584],[30.8294378,1.8114633],[30.8293506,1.8114137],[30.8292742,1.8113976],[30.8291146,1.8113775],[30.8288732,1.8113292],[30.8287042,1.8112569],[30.8285674,1.811163],[30.8284762,1.8110343],[30.8284387,1.810903],[30.8284172,1.8107126],[30.8283958,1.8105223],[30.8283555,1.8103775],[30.8282617,1.8102971],[30.8281383,1.8102488],[30.8280122,1.8102408],[30.8279264,1.810214],[30.8278486,1.810155],[30.8277279,1.8099995],[30.8275938,1.8098816],[30.8274543,1.8097448],[30.8273551,1.8096054],[30.8272076,1.8093508],[30.8270198,1.8089593],[30.8268508,1.8086216],[30.8266443,1.8083159],[30.82647,1.8081336],[30.8262688,1.8078387],[30.826124,1.8076618],[30.825963,1.8074849],[30.8258128,1.8072918],[30.8256385,1.8071283],[30.8255205,1.8069621],[30.82533,1.8067101],[30.8251262,1.8065546],[30.8249411,1.8064608],[30.8247399,1.8063669],[30.8244395,1.8061471],[30.8241391,1.8058871],[30.8238843,1.8056592],[30.8236402,1.8053187],[30.8234659,1.8050372],[30.823195,1.8045815],[30.8228919,1.8041096],[30.822562,1.8036432],[30.8223501,1.8033188],[30.8221596,1.803048],[30.8218391,1.8025373],[30.8217077,1.8023791],[30.8216406,1.8023336],[30.8215655,1.8023295],[30.8215307,1.802359],[30.8214958,1.802351],[30.8214676,1.8023054],[30.8214207,1.8022156],[30.821359,1.8021365],[30.8213121,1.8020963],[30.8212316,1.8020427],[30.821182,1.8019984],[30.8211377,1.8019301],[30.8211042,1.8018229],[30.8210425,1.8017116],[30.8209915,1.8016633],[30.8208749,1.8015856],[30.8207662,1.8015119],[30.8207206,1.8014274],[30.8207045,1.8013349],[30.8206858,1.8012264],[30.8206777,1.8010682],[30.8206429,1.8008872],[30.8205852,1.8007746],[30.8205087,1.8006821],[30.8204363,1.8006151],[30.8202472,1.8005132],[30.8201265,1.8004462],[30.8199589,1.8003108],[30.8198529,1.8001848],[30.8196571,1.7998819],[30.8195445,1.7996138],[30.8194238,1.7993672],[30.8193031,1.799142],[30.8192548,1.7989945],[30.8191797,1.7989007],[30.819059,1.7988337],[30.8189169,1.7987291],[30.818823,1.7985897],[30.8187693,1.7984369],[30.8185159,1.7979088],[30.8184555,1.7977761],[30.8183697,1.7976554],[30.8182839,1.7975683],[30.818198,1.7974946],[30.8181511,1.7974249],[30.8181149,1.7973377],[30.818076,1.7973015],[30.8180022,1.7972774],[30.8178949,1.7972426],[30.8178332,1.7971956],[30.8177903,1.7971172],[30.8177568,1.7970267],[30.8176884,1.7969591],[30.8175697,1.7968672],[30.8174644,1.7967975],[30.8173223,1.7966608],[30.8171895,1.7965442],[30.8170567,1.796453],[30.8169495,1.7963713],[30.8167858,1.7962761],[30.816692,1.7962386],[30.8165887,1.7962037],[30.8163621,1.7961501],[30.8162628,1.7961005],[30.816071,1.7959839],[30.8159181,1.795886],[30.8156794,1.7957842],[30.8155601,1.7957051],[30.8154018,1.7955657],[30.8153334,1.7954464],[30.8152798,1.7952761],[30.8152342,1.7951287],[30.8151819,1.7950214],[30.8150505,1.7948391],[30.8149566,1.7947172],[30.814864,1.7945335],[30.8147621,1.794378],[30.8146656,1.794248],[30.8144872,1.7940081],[30.8143316,1.7938499],[30.8141626,1.7937225],[30.8140326,1.7936435],[30.8138193,1.7935496],[30.8136718,1.7934772],[30.8135498,1.7934049],[30.8133258,1.7932413],[30.813193,1.7931274],[30.8130898,1.7930255],[30.8129852,1.7929424],[30.8129181,1.7928539],[30.8128618,1.7927051],[30.8128041,1.7926019],[30.8127142,1.7925202],[30.8125399,1.7923566],[30.8123709,1.7921985],[30.8122046,1.7920832],[30.8118761,1.791807],[30.8117554,1.7917105],[30.8116668,1.7916167],[30.8116078,1.7915148],[30.8115703,1.7914264],[30.811526,1.7913071],[30.8114536,1.7912092],[30.8113624,1.7911288],[30.8113195,1.7910497],[30.8112833,1.7909277],[30.8112337,1.7908433],[30.811117,1.7907213],[30.8109748,1.7905175],[30.8108273,1.7903245],[30.8106342,1.790035],[30.8104625,1.7897535],[30.810315,1.7895444],[30.810146,1.7893996],[30.8098993,1.7892468],[30.8097893,1.7891127],[30.8096686,1.7888875],[30.8094701,1.7886489],[30.8093119,1.7884023],[30.8091509,1.7881101],[30.8090249,1.78785],[30.8089122,1.7875498],[30.8087996,1.7872495],[30.8086976,1.7870833],[30.8086225,1.7868849],[30.8085045,1.7867241],[30.8083624,1.7865739],[30.8082122,1.7864667],[30.8078125,1.7862335],[30.8076421,1.7861211],[30.8074343,1.7859841],[30.806981,1.7856249],[30.8066833,1.785338],[30.8061898,1.7848876],[30.8058411,1.7845311],[30.80531,1.7840378],[30.8050847,1.7838957],[30.8046207,1.7836678],[30.8041593,1.783507],[30.8035988,1.7832818],[30.8030221,1.7830834],[30.8026814,1.7829627],[30.802373,1.7828716],[30.802145,1.7828501],[30.8019841,1.7828019],[30.8018365,1.7826839],[30.8015817,1.7825043],[30.8014262,1.7823837],[30.801217,1.7823086],[30.8009943,1.7822335],[30.8006591,1.7820459],[30.800364,1.7819225],[30.8000663,1.7817912],[30.7998678,1.7817134],[30.799613,1.781692],[30.799385,1.7816893],[30.7992187,1.7816679],[30.7991436,1.7816196],[30.79909,1.7815338],[30.7990202,1.7814185],[30.7989344,1.7813515],[30.7988486,1.7813327],[30.7987574,1.7813327],[30.7986528,1.7813059],[30.7985213,1.7811907],[30.798355,1.7810084],[30.7982075,1.7808207],[30.7980251,1.7806411],[30.7977676,1.7804936],[30.7975879,1.7804212],[30.7973626,1.7803489],[30.7971346,1.7802497],[30.7969871,1.780129],[30.7969281,1.7799789],[30.7968879,1.7797912],[30.7968155,1.779684],[30.7965124,1.7794615],[30.7962441,1.779239],[30.7960349,1.7790111],[30.7957801,1.7788341],[30.7954502,1.7787001],[30.7950854,1.7785419],[30.7949138,1.77844],[30.7946992,1.7782685],[30.794498,1.7780862],[30.7943344,1.7779173],[30.7941574,1.7777296],[30.7939965,1.7776331],[30.7937416,1.7775661],[30.7934868,1.7775768],[30.7932588,1.7776304],[30.7930711,1.7776465],[30.7927197,1.7775741],[30.7923576,1.7774776],[30.7920116,1.7774561],[30.7918373,1.7774642],[30.7914108,1.7773998],[30.7910728,1.7773864],[30.7909441,1.7773596],[30.7907537,1.7772417],[30.790574,1.7770808],[30.7903165,1.7769387],[30.7901743,1.7768878],[30.7900134,1.7768342],[30.7897693,1.7767243],[30.7895628,1.7766385],[30.7892731,1.7764508],[30.788919,1.7761934],[30.788506,1.7759173],[30.7877871,1.7752739],[30.7874492,1.7749602],[30.7871166,1.7747136],[30.7868081,1.7745393],[30.7861751,1.7743141],[30.7858533,1.774172],[30.7854992,1.7739817],[30.7852015,1.7738825],[30.7848877,1.7738235],[30.7845417,1.7737216],[30.7843993,1.7737011],[30.7841313,1.7736626],[30.783745,1.7736278],[30.7832757,1.7736519],[30.7827955,1.7737216],[30.7823168,1.7737793],[30.781901,1.7738061],[30.7816985,1.7738088],[30.7815067,1.773786],[30.7812627,1.7737176],[30.7810736,1.7736452],[30.7810052,1.7736452],[30.7809354,1.773664],[30.7808483,1.7737002],[30.7807142,1.773723],[30.7805894,1.7737484],[30.7803668,1.7738061],[30.7802287,1.773802],[30.7800744,1.7737645],[30.7799229,1.7736894],[30.7797861,1.7736479],[30.7796641,1.7736479],[30.7795192,1.7736787],[30.7793449,1.7737096],[30.779271,1.7737118],[30.7791665,1.7737149],[30.7788862,1.7736868],[30.7785389,1.7736573],[30.7784262,1.7736224],[30.7783082,1.7735634],[30.7781634,1.7735299],[30.7779327,1.7735152],[30.7775304,1.7734321],[30.7770798,1.773298],[30.7766372,1.7731131],[30.7762778,1.7729361],[30.7760283,1.772794],[30.7758406,1.7726493],[30.7756394,1.7724616],[30.7754651,1.7723517],[30.7752639,1.7722149],[30.7751137,1.7721131],[30.7750064,1.7720058],[30.7748643,1.7717726],[30.7747972,1.7716922],[30.7747194,1.7716546],[30.7745692,1.7716278],[30.7743841,1.7716305],[30.7740462,1.7716546],[30.7736734,1.771668],[30.7727104,1.7716707],[30.7719702,1.7716546],[30.7714659,1.7716171],[30.7712567,1.7715662],[30.7710341,1.7715072],[30.7708088,1.7714911],[30.7705969,1.7714482],[30.7702482,1.771357],[30.7697707,1.7713061],[30.769245,1.7713249],[30.7687837,1.7713222],[30.7682124,1.7712632],[30.7675016,1.7711774],[30.7667747,1.7710621],[30.7664636,1.7710273],[30.7661954,1.7709764],[30.765962,1.7708879],[30.7658319,1.7708209],[30.7656696,1.7707632],[30.7655583,1.7707016],[30.7654832,1.7706386],[30.7653786,1.7705126],[30.7653303,1.7704348],[30.7652807,1.7704093],[30.7651721,1.7703946],[30.7650836,1.7703638],[30.7650299,1.7703276],[30.7649991,1.7702699],[30.7649857,1.7701989],[30.7650192,1.7700809],[30.7650071,1.7700353],[30.7649562,1.7700032],[30.7648556,1.7699965],[30.7647818,1.7700005],[30.7646517,1.770034],[30.7645015,1.770042],[30.7643621,1.7700273],[30.7642762,1.7700045],[30.7641569,1.7699616],[30.7640254,1.7698825],[30.7638846,1.7698088],[30.7637961,1.7697552],[30.7636687,1.769652],[30.7635547,1.7695675],[30.7634434,1.7695018],[30.7633348,1.7694067],[30.7632449,1.7693504],[30.7631443,1.7692646],[30.7630625,1.7691667],[30.7630002,1.7690662],[30.7629365,1.7690166],[30.7627353,1.7689415],[30.7626253,1.7688638],[30.762518,1.7687405],[30.7624188,1.7686198],[30.7622927,1.7685448],[30.7622069,1.7684697],[30.7621318,1.768333],[30.7620111,1.7682016],[30.7618475,1.7681131],[30.7617187,1.7680032],[30.7616597,1.7679013],[30.7616088,1.767719],[30.761531,1.7675421],[30.7614183,1.7674268],[30.7612789,1.7673571],[30.7611608,1.7672606],[30.7610589,1.7671185],[30.7609838,1.7669818],[30.7609114,1.7666976],[30.7608229,1.7665287],[30.7606861,1.7663383],[30.7605466,1.7660863],[30.7603803,1.7657888],[30.7602999,1.7656762],[30.7601818,1.7655743],[30.7599485,1.7654107],[30.7598707,1.7653249],[30.7597902,1.7651561],[30.7596749,1.7648799],[30.7595515,1.7646869],[30.7593343,1.764459],[30.7591465,1.7642231],[30.7588622,1.7638746],[30.7586664,1.7636842],[30.7585296,1.7634858],[30.7583016,1.7631239],[30.7580012,1.7627888],[30.7578322,1.7626252],[30.7576874,1.7625529],[30.757395,1.7625046],[30.7570839,1.7624483],[30.7568116,1.7623786],[30.7566454,1.7623598],[30.7565461,1.7623196],[30.75642,1.7622258],[30.7563208,1.7621628],[30.7561532,1.7620904],[30.7560003,1.7620435],[30.755771,1.7619899],[30.7555483,1.7619322],[30.7553646,1.7618585],[30.755205,1.761774],[30.7551084,1.7617084],[30.7550588,1.761644],[30.7550065,1.7615623],[30.7549274,1.7614604],[30.7548295,1.7613853],[30.7547651,1.7613531],[30.7547115,1.7613464],[30.7546471,1.7613451],[30.7545921,1.7613236],[30.754513,1.761266],[30.7544084,1.7611695],[30.7541831,1.7609497],[30.7540436,1.7608169],[30.7539095,1.7606641],[30.7537553,1.7604483],[30.7536319,1.7602915],[30.7535635,1.7601467],[30.753534,1.7600502],[30.7535367,1.7599537],[30.7535635,1.7598625],[30.7536171,1.7597446],[30.7536466,1.7596293],[30.7536346,1.7595368],[30.7535957,1.7594644],[30.7535179,1.7593947],[30.7534093,1.7593089],[30.753184,1.7591749],[30.7530619,1.7590556],[30.7530056,1.7589912],[30.7529291,1.7588558],[30.752736,1.758644],[30.7527176,1.7586334],[30.7525724,1.7585502],[30.752331,1.7584591],[30.7519099,1.7584028],[30.7516658,1.7583733],[30.7515129,1.758325],[30.7512957,1.7582258],[30.7510623,1.7580274],[30.7507431,1.7577406],[30.7504512,1.7573942],[30.7503274,1.7572473],[30.75,1.7569648],[30.7498097,1.7567969],[30.7495013,1.7566065],[30.7493332,1.7564659],[30.7492706,1.7564135],[30.7490587,1.7561776],[30.7489005,1.7559711],[30.7488012,1.7558049],[30.7486162,1.7553894],[30.7485089,1.7552205],[30.7483533,1.7550569],[30.7481521,1.7549014],[30.7479268,1.7547057],[30.7477632,1.7545529],[30.7476103,1.7544269],[30.7474548,1.7543224],[30.7473126,1.7542151],[30.7472214,1.7541266],[30.7471409,1.7540127],[30.7470565,1.7538612],[30.7469746,1.75375],[30.7468767,1.7536159],[30.7468164,1.7535047],[30.7467641,1.7533653],[30.7467037,1.7531669],[30.7466313,1.7529068],[30.7465348,1.7527567],[30.7463068,1.7525556],[30.7461807,1.7524028],[30.7459715,1.7521213],[30.7458642,1.7519497],[30.7457408,1.7516763],[30.7455772,1.7513116],[30.7454163,1.7508291],[30.7453197,1.7504779],[30.7452205,1.7500462],[30.745215,1.75],[30.7451346,1.7495663],[30.7450595,1.7491749],[30.7449737,1.7487889],[30.7448906,1.7485315],[30.7448047,1.7482393],[30.7447323,1.7480516],[30.7447109,1.747931],[30.7447189,1.7477942],[30.7447082,1.7476763],[30.7446626,1.747502],[30.7446063,1.7473304],[30.7445446,1.7471562],[30.7444909,1.746998],[30.7443756,1.7468318],[30.7443219,1.7467111],[30.7442656,1.7464457],[30.7441235,1.7461401],[30.7440376,1.7459953],[30.743925,1.7458854],[30.7438284,1.7457781],[30.7436997,1.7455288],[30.7436353,1.7451696],[30.7435977,1.7441629],[30.7436098,1.7434269],[30.74365,1.7429953],[30.7437097,1.742447],[30.7438016,1.7417125],[30.7438539,1.7413465],[30.7438861,1.7408693],[30.7438928,1.7406548],[30.7439183,1.7405181],[30.743988,1.7403049],[30.7440269,1.7401883],[30.7440215,1.7400663],[30.744003,1.7399725],[30.743978,1.7399085],[30.7439129,1.7398599],[30.7437962,1.7397473],[30.7436541,1.7395878],[30.7435307,1.739494],[30.7433577,1.7393304],[30.7432249,1.7391696],[30.7430895,1.7390141],[30.7429902,1.7389323],[30.7428722,1.7388787],[30.7426804,1.7388452],[30.7425544,1.7388103],[30.7424082,1.738746],[30.7421574,1.7386414],[30.7417162,1.7384457],[30.7414091,1.7382996],[30.7412012,1.7381695],[30.7410014,1.7380033],[30.7408632,1.7378331],[30.7407653,1.7376347],[30.7406916,1.7374524],[30.7406312,1.7372111],[30.7405803,1.7370998],[30.7404998,1.7369819],[30.7404032,1.7368237],[30.7403845,1.7367392],[30.7403791,1.7365864],[30.7403643,1.7365087],[30.7403281,1.7364068],[30.7402946,1.7363398],[30.7402571,1.7362419],[30.7402128,1.7361347],[30.7401793,1.7360288],[30.740135,1.7359443],[30.7400653,1.7358545],[30.7400398,1.7357687],[30.7400103,1.7356883],[30.7399513,1.7356146],[30.7399057,1.735565],[30.7398762,1.7354993],[30.7398681,1.7354028],[30.7398775,1.7352768],[30.7398963,1.7351039],[30.7398829,1.7350167],[30.7398651,1.7349732],[30.7398373,1.7349055],[30.7397582,1.7348237],[30.7396214,1.7347459],[30.7395315,1.7346789],[30.7394765,1.7345864],[30.7394645,1.7344618],[30.7394417,1.7343277],[30.7394014,1.7341481],[30.7393853,1.7340207],[30.7393786,1.7338411],[30.7394014,1.7336977],[30.7394122,1.7335918],[30.7394095,1.733514],[30.7393786,1.7334309],[30.7392861,1.7333223],[30.7392378,1.7332473],[30.7391989,1.7331575],[30.7391855,1.7330194],[30.7391761,1.7328103],[30.7391453,1.7326883],[30.7390957,1.7325676],[30.7390635,1.7324725],[30.7390313,1.7322634],[30.7390125,1.7318558],[30.7389414,1.7311373],[30.7389039,1.730577],[30.7388502,1.7300515],[30.7388395,1.7297834],[30.738818,1.7296628],[30.7387805,1.7295261],[30.7387631,1.7294349],[30.738759,1.7293156],[30.738751,1.7291842],[30.7387336,1.7290582],[30.738692,1.7289631],[30.7386531,1.7289041],[30.7385579,1.7288317],[30.738464,1.7287124],[30.7382977,1.7285274],[30.7381314,1.7282982],[30.7380228,1.7281695],[30.7378712,1.7280194],[30.7377653,1.7279094],[30.7376902,1.7278076],[30.7375588,1.7275582],[30.7374153,1.7273478],[30.7373469,1.7272311],[30.7372986,1.7271078],[30.7372838,1.7270515],[30.737257,1.7269496],[30.7372154,1.7268638],[30.7371524,1.7267901],[30.7371122,1.7267244],[30.7370371,1.7264966],[30.7368976,1.7260113],[30.7367849,1.7256306],[30.7366508,1.7251963],[30.7365891,1.7248799],[30.7364953,1.7242204],[30.7364094,1.7238638],[30.7362753,1.7233008],[30.7361117,1.7229201],[30.7358381,1.7223625],[30.7356235,1.7219496],[30.7355189,1.7216279],[30.7353848,1.7211694],[30.7352936,1.7207431],[30.7352212,1.7204992],[30.73502,1.7200917],[30.734835,1.7196627],[30.7346794,1.7191533],[30.7345962,1.7189201],[30.734434,1.7186412],[30.7341537,1.718231],[30.7339351,1.7179415],[30.7337205,1.7177485],[30.7335676,1.7175501],[30.7334054,1.7173691],[30.7332914,1.7172659],[30.7332002,1.7172069],[30.7330392,1.7171238],[30.7329494,1.717046],[30.7328796,1.7169643],[30.7327992,1.716861],[30.7327013,1.7167726],[30.7325712,1.7166747],[30.7324719,1.7165648],[30.7323647,1.7164508],[30.732248,1.7163356],[30.7321541,1.7162538],[30.7320897,1.7161573],[30.7320213,1.7160071],[30.7319422,1.7158704],[30.7318524,1.715727],[30.7318161,1.7156331],[30.7317866,1.7155071],[30.7317665,1.7153744],[30.7317477,1.7153074],[30.7317035,1.7152484],[30.7316257,1.7152002],[30.7315426,1.7151693],[30.7314607,1.7151237],[30.731391,1.715046],[30.731332,1.7149508],[30.7311992,1.7146693],[30.7311,1.7143918],[30.7310356,1.7141358],[30.7309726,1.7136532],[30.7309431,1.7133999],[30.7308948,1.7131532],[30.7308076,1.7128637],[30.7307298,1.7126639],[30.7306373,1.7124588],[30.7305501,1.7123127],[30.7304777,1.7122135],[30.7304107,1.7121358],[30.7303208,1.7120379],[30.7302444,1.7119923],[30.7301626,1.7119669],[30.7300311,1.7119454],[30.7298541,1.7119266],[30.7297133,1.7119132],[30.7296208,1.7118811],[30.7295001,1.7118181],[30.7294035,1.7117564],[30.7292506,1.7116291],[30.7291313,1.71155],[30.7289167,1.7114213],[30.7288094,1.7113355],[30.7286914,1.7112202],[30.7285787,1.7110727],[30.7284017,1.7108569],[30.7282837,1.710743],[30.7281683,1.7106438],[30.7280302,1.7105647],[30.7279189,1.7105191],[30.7278518,1.7104762],[30.7277472,1.710365],[30.7276681,1.7103194],[30.7275568,1.7102872],[30.7274079,1.7102363],[30.7270391,1.7100741],[30.726838,1.7099775],[30.7267347,1.7099266],[30.7266194,1.7098475],[30.7264879,1.7097671],[30.7264008,1.7097349],[30.7263605,1.7096867],[30.7263364,1.7096035],[30.726323,1.7094655],[30.7263029,1.7093354],[30.7262854,1.7092912],[30.7262439,1.7092523],[30.7261661,1.7091974],[30.7259904,1.7091076],[30.7257718,1.7089923],[30.7256484,1.7088529],[30.725584,1.7087081],[30.725521,1.7085124],[30.7254741,1.7084279],[30.725415,1.7083502],[30.7252957,1.7081987],[30.7252219,1.708129],[30.7251079,1.708062],[30.7250476,1.7080137],[30.725006,1.7079547],[30.724947,1.7078877],[30.724892,1.7078542],[30.7248048,1.7078046],[30.7247552,1.7077657],[30.7247002,1.707688],[30.724652,1.7076008],[30.7246171,1.7075646],[30.7245433,1.7075298],[30.7244374,1.7074989],[30.7243448,1.7074708],[30.7242885,1.7074185],[30.7241906,1.7073059],[30.7241276,1.7072335],[30.7240324,1.7071665],[30.7238848,1.7070847],[30.7236716,1.7069252],[30.7234356,1.7067416],[30.7232384,1.7065593],[30.7230614,1.7064158],[30.7229125,1.7063099],[30.7226913,1.7060713],[30.7225639,1.7059587],[30.7223882,1.7058193],[30.7222769,1.7056986],[30.7221508,1.7055606],[30.7219617,1.7053903],[30.7217927,1.7052174],[30.7216586,1.7050659],[30.7215808,1.7049614],[30.7215245,1.7048514],[30.7214722,1.7047737],[30.7213783,1.7046986],[30.7211798,1.7046222],[30.720925,1.7044748],[30.7204932,1.7042335],[30.7201982,1.7040029],[30.7199098,1.7037261],[30.7196563,1.7034667],[30.7192755,1.7032254],[30.7189965,1.7031021],[30.7186452,1.7029734],[30.7184976,1.7028849],[30.7183474,1.7027455],[30.7181919,1.7026222],[30.7180873,1.7025444],[30.7179585,1.7025123],[30.7176661,1.702472],[30.717465,1.7023916],[30.7173255,1.7022576],[30.7171109,1.7020297],[30.7166684,1.7016972],[30.7163089,1.7014935],[30.7158798,1.7012093],[30.7152361,1.7008554],[30.7149035,1.7006623],[30.7143295,1.700405],[30.7139271,1.700228],[30.7137394,1.7000403],[30.7135355,1.6999277],[30.7132029,1.699842],[30.7126343,1.6996704],[30.7123661,1.699547],[30.7120979,1.6993326],[30.7118726,1.699161],[30.7116044,1.699102],[30.7111055,1.6990537],[30.710966,1.6989947],[30.7108319,1.6988017],[30.7106173,1.698614],[30.7100218,1.6982709],[30.7091314,1.6978473],[30.7086271,1.6976542],[30.7081765,1.6975363],[30.7077581,1.6974344],[30.7075596,1.6973191],[30.707396,1.6971207],[30.7072538,1.696992],[30.7071277,1.696925],[30.7069266,1.6968848],[30.7067174,1.696799],[30.7066873,1.696784],[30.7064867,1.6966837],[30.7063714,1.6965979],[30.7062936,1.6965014],[30.7062453,1.6963915],[30.7062131,1.6962909],[30.706189,1.6962279],[30.7061447,1.6961689],[30.7060736,1.6961274],[30.7059744,1.6961032],[30.7057089,1.696059],[30.705552,1.696],[30.7054326,1.6959183],[30.7053065,1.6958338],[30.7051912,1.6957963],[30.7047835,1.6957641],[30.7045582,1.6957266],[30.7044536,1.6956863],[30.7043114,1.6955845],[30.704129,1.6955014],[30.7038662,1.695437],[30.703539,1.6953995],[30.7031178,1.6952949],[30.7027128,1.6951609],[30.7021093,1.6949196],[30.7018197,1.6947721],[30.7015434,1.694571],[30.7012108,1.6942654],[30.7009909,1.6940268],[30.7008192,1.693748],[30.7006019,1.6933807],[30.7003981,1.6929436],[30.7002398,1.6926032],[30.7000843,1.6922868],[30.6999475,1.6920535],[30.6998026,1.6919007],[30.699698,1.6917935],[30.6996068,1.6917345],[30.6993949,1.6916487],[30.6993011,1.6915817],[30.6992367,1.6914932],[30.6991214,1.6913404],[30.6990275,1.6911742],[30.6989685,1.6909811],[30.6989551,1.6908792],[30.6989068,1.6908283],[30.6988022,1.6907613],[30.6986198,1.6907023],[30.6984562,1.6906755],[30.6983435,1.6906245],[30.6982335,1.69052],[30.6981182,1.6904262],[30.6978956,1.6902707],[30.6976327,1.6902144],[30.6974047,1.6901822],[30.6971392,1.6901205],[30.6969139,1.6901205],[30.6966886,1.690142],[30.6963372,1.6901366],[30.6953502,1.6901339],[30.6945294,1.6901098],[30.6939822,1.6900508],[30.6935719,1.6899838],[30.6933331,1.6899033],[30.6930998,1.6898229],[30.6928584,1.6897291],[30.6926492,1.6896487],[30.6924829,1.6895441],[30.6923085,1.6894342],[30.6920913,1.6893752],[30.6917024,1.6892921],[30.6914851,1.6892197],[30.6913403,1.6891044],[30.691233,1.6890293],[30.6910989,1.688965],[30.6907958,1.6888604],[30.6904444,1.6887961],[30.6902191,1.6886996],[30.6900313,1.6885548],[30.689806,1.6884395],[30.6895432,1.6883698],[30.6892723,1.6883108],[30.6891355,1.6882545],[30.6889987,1.6881446],[30.6888378,1.6879274],[30.6886889,1.6877974],[30.688473,1.6876647],[30.6882986,1.6875373],[30.6881753,1.68741],[30.6879848,1.6872384],[30.6878293,1.6870561],[30.687734,1.6869381],[30.687667,1.6868255],[30.6875329,1.6865802],[30.6874672,1.686481],[30.687384,1.686414],[30.6872807,1.6863657],[30.6871171,1.6862786],[30.68692,1.6861392],[30.6867215,1.6859984],[30.6866156,1.685926],[30.6864989,1.6858389],[30.6864023,1.6857558],[30.6862642,1.6855842],[30.6862065,1.6855279],[30.6861515,1.6854877],[30.6860349,1.6854367],[30.6858793,1.6853375],[30.68578,1.685233],[30.6856835,1.6851257],[30.6855762,1.685056],[30.6854877,1.6849568],[30.6853402,1.6847209],[30.6851444,1.6844072],[30.6849351,1.6838522],[30.6847635,1.6833536],[30.6846294,1.682938],[30.6845704,1.682568],[30.6845382,1.6821015],[30.684514,1.6819487],[30.6844631,1.6818066],[30.684388,1.6816511],[30.6842834,1.6813588],[30.6842458,1.6812114],[30.6842002,1.6810532],[30.6841305,1.6809352],[30.6840232,1.6808092],[30.6838086,1.6806805],[30.6836598,1.6806095],[30.6835257,1.680572],[30.6834143,1.6805384],[30.6833513,1.6805224],[30.6832775,1.6805076],[30.6831609,1.6804754],[30.6830254,1.6804527],[30.6828484,1.6804379],[30.6825882,1.6804325],[30.6823884,1.6804258],[30.6822114,1.6804258],[30.6820679,1.6804205],[30.6819418,1.680399],[30.6818077,1.6803722],[30.6816414,1.6803561],[30.6814094,1.6803427],[30.6812404,1.6803293],[30.6811774,1.6803039],[30.6810956,1.680261],[30.6810205,1.6802301],[30.6809387,1.6802181],[30.6807268,1.6802127],[30.6805913,1.6801939],[30.6805176,1.6801631],[30.6804451,1.6801014],[30.6802815,1.6799459],[30.6801179,1.6798199],[30.6799811,1.6797502],[30.6798094,1.679643],[30.6796512,1.6795438],[30.6794983,1.6794419],[30.679391,1.6793347],[30.6792676,1.6791577],[30.6791308,1.6789995],[30.6790236,1.6788976],[30.6789109,1.6788306],[30.6787634,1.6787448],[30.6786662,1.6786624],[30.6786185,1.6786027],[30.678463,1.6782381],[30.6782699,1.6780183],[30.6780821,1.677911],[30.6778568,1.6777823],[30.6776315,1.677541],[30.6773418,1.6772568],[30.6768697,1.6768654],[30.6763387,1.6763989],[30.6761187,1.6761362],[30.6758451,1.675734],[30.6754589,1.6751173],[30.6751209,1.6747527],[30.6746167,1.6743613],[30.6741822,1.6741039],[30.6736296,1.6739001],[30.6732944,1.6736588],[30.6727579,1.6731923],[30.6724629,1.6729484],[30.6723046,1.6727526],[30.6720123,1.672455],[30.6716958,1.6722164],[30.6713229,1.6719054],[30.6708992,1.6715864],[30.6707481,1.6713188],[30.6705102,1.6711139],[30.670419,1.6709242],[30.670411,1.670715],[30.6704003,1.6705971],[30.6703439,1.6704523],[30.6702447,1.6703799],[30.6701106,1.6703719],[30.6699067,1.6704416],[30.6696922,1.67053],[30.6694669,1.6705622],[30.6689197,1.6705837],[30.6683537,1.6706239],[30.6679702,1.6705488],[30.6675437,1.670404],[30.6671762,1.6702298],[30.6666827,1.6699161],[30.6659612,1.6694925],[30.6650493,1.6689268],[30.6643975,1.6685192],[30.6640676,1.6682619],[30.6637913,1.6679964],[30.6635419,1.6678356],[30.6633112,1.6677659],[30.663169,1.6676774],[30.6630081,1.6675299],[30.6627801,1.6673235],[30.6625441,1.6671331],[30.6622356,1.6669615],[30.6618735,1.6667926],[30.6615007,1.6665138],[30.6611225,1.6662886],[30.6608248,1.6661626],[30.6606451,1.6660741],[30.6605378,1.6659803],[30.6603205,1.6657524],[30.6601596,1.665613],[30.6599718,1.6655138],[30.6597063,1.665377],[30.6595588,1.6652778],[30.6593817,1.665117],[30.6590867,1.6649427],[30.6584966,1.6646505],[30.658046,1.6643663],[30.657708,1.6642027],[30.6575176,1.6641008],[30.6572869,1.6639078],[30.6571019,1.6637201],[30.65689,1.66357],[30.6566781,1.6633903],[30.6565064,1.6632563],[30.6562731,1.6631705],[30.6560719,1.6630686],[30.6558037,1.6629104],[30.6554577,1.6627764],[30.6550661,1.6625807],[30.6547764,1.6623367],[30.6545296,1.6620847],[30.6542587,1.6617039],[30.6540307,1.6612669],[30.6538913,1.6608996],[30.6538108,1.6604438],[30.653784,1.6601516],[30.6537437,1.6600631],[30.6536458,1.6599626],[30.6533991,1.6596408],[30.6533065,1.6595309],[30.6532006,1.6594652],[30.6530759,1.6594384],[30.6529136,1.659417],[30.6526548,1.6593741],[30.6524295,1.6593097],[30.6523168,1.6592588],[30.6516328,1.6588808],[30.6515148,1.658795],[30.6514344,1.6586663],[30.6513566,1.6584303],[30.6512949,1.658307],[30.6511366,1.6581086],[30.6509837,1.6579531],[30.6508416,1.6578727],[30.6504822,1.6577413],[30.6502864,1.6576662],[30.6501201,1.6575509],[30.6499457,1.6573901],[30.6496936,1.6570764],[30.6494924,1.6568378],[30.6491947,1.656516],[30.6488326,1.65613],[30.6485832,1.6558619],[30.6484544,1.6556366],[30.6483981,1.6554651],[30.6482479,1.6551835],[30.648095,1.6549449],[30.647977,1.6547251],[30.6479073,1.6544516],[30.6478241,1.6540575],[30.6477007,1.6530762],[30.6476498,1.6523416],[30.6476176,1.6520011],[30.64758,1.6518027],[30.647521,1.6516096],[30.6474888,1.6514247],[30.6474861,1.6512182],[30.6475049,1.6509581],[30.6474593,1.6508241],[30.6473762,1.6507463],[30.6472608,1.650682],[30.6471026,1.6506203],[30.6470007,1.6505158],[30.6468451,1.6502637],[30.6466949,1.6499527],[30.6465527,1.6496283],[30.6463703,1.6493763],[30.6462175,1.6492503],[30.6460404,1.649202],[30.6457052,1.6491698],[30.6454235,1.6491162],[30.6448898,1.6489741],[30.6440127,1.6487114],[30.6429157,1.648261],[30.6424946,1.6480491],[30.6419179,1.6475907],[30.6417033,1.6473816],[30.6415343,1.6471054],[30.6413975,1.6468078],[30.6412822,1.6466523],[30.6411883,1.6465745],[30.6410891,1.6464378],[30.6410301,1.6463654],[30.6409094,1.6462528],[30.6407967,1.6461402],[30.6407082,1.6459713],[30.6406251,1.6458131],[30.6404775,1.6455745],[30.6403246,1.6453117],[30.6401959,1.6450383],[30.6401288,1.6448613],[30.6400833,1.6446736],[30.6400189,1.6444886],[30.6398848,1.644242],[30.6398016,1.6440007],[30.6397185,1.6437058],[30.63963,1.6431588],[30.6395468,1.6426253],[30.6395039,1.6421829],[30.6394234,1.6413678],[30.6393483,1.6406842],[30.6392169,1.6400648],[30.639013,1.6393409],[30.6389031,1.6391666],[30.6387743,1.6390058],[30.6387153,1.6388664],[30.6386697,1.6387296],[30.6386,1.6386143],[30.63838,1.6384347],[30.6380555,1.6382631],[30.6379455,1.6381827],[30.6378382,1.6380325],[30.6376934,1.6378395],[30.6375137,1.6376143],[30.6374037,1.6374722],[30.6373313,1.6373194],[30.6372642,1.6370968],[30.6372026,1.6369386],[30.6371006,1.6367671],[30.6369612,1.6365767],[30.6368217,1.6364668],[30.6364408,1.636255],[30.6360117,1.6359654],[30.6356522,1.6357992],[30.6353787,1.635582],[30.6351212,1.6352763],[30.6347188,1.6346972],[30.6343782,1.634354],[30.6340644,1.6340672],[30.63389,1.6340082],[30.6336459,1.6339009],[30.6334555,1.6337401],[30.6332785,1.6335336],[30.633029,1.6330457],[30.6326669,1.6323566],[30.6325087,1.6321314],[30.632396,1.6320054],[30.6322539,1.6318472],[30.6321117,1.6317105],[30.6320044,1.6315308],[30.6318516,1.6312064],[30.6316879,1.6308525],[30.6314573,1.6301956],[30.6314224,1.6299945],[30.6314009,1.6297077],[30.6313634,1.6295522],[30.6312561,1.6293725],[30.631063,1.6291822],[30.6309584,1.6290454],[30.6308109,1.6286727],[30.6306821,1.6283671],[30.6304997,1.6280051],[30.6301698,1.6275574],[30.6298962,1.627174],[30.6295395,1.6267263],[30.6294081,1.626493],[30.6292793,1.6262302],[30.6290406,1.6257369],[30.628767,1.6252972],[30.6284666,1.624828],[30.6283674,1.6246537],[30.6281689,1.6240398],[30.6280723,1.6237207],[30.6279597,1.6234392],[30.6278685,1.6232622],[30.6277236,1.6230451],[30.6276083,1.6227689],[30.6274205,1.6223935],[30.6273186,1.6220075],[30.6272837,1.6217018],[30.6272435,1.6215517],[30.6271496,1.6213506],[30.6270316,1.6212112],[30.6266883,1.6208519],[30.6265005,1.6206562],[30.6264067,1.6204604],[30.6263557,1.6203371],[30.6262645,1.6201977],[30.6261224,1.6200341],[30.6259721,1.6198411],[30.6258032,1.6195864],[30.6256852,1.6193317],[30.6255457,1.6191333],[30.6253499,1.6188705],[30.6251487,1.6185086],[30.624977,1.6182968],[30.6248349,1.6180903],[30.6247035,1.6179589],[30.6244943,1.6178061],[30.6243065,1.6176426],[30.6240517,1.6172967],[30.6238478,1.6169589],[30.6236386,1.6166291],[30.6235313,1.6163556],[30.623475,1.6161384],[30.6234214,1.6158033],[30.6233758,1.6152483],[30.623306,1.6146182],[30.6231773,1.6139828],[30.6231102,1.6133367],[30.6230137,1.6124411],[30.6229573,1.6120926],[30.6229037,1.6119478],[30.6228179,1.6118218],[30.6226918,1.6116636],[30.6225336,1.6114545],[30.6222439,1.6111059],[30.6219783,1.6108191],[30.6217557,1.6106341],[30.6215572,1.6105375],[30.62134,1.6104464],[30.6209698,1.6103418],[30.6207579,1.6103177],[30.6204575,1.6102962],[30.6201571,1.6103177],[30.6195563,1.6104088],[30.6188938,1.6104651],[30.6180999,1.6104571],[30.6175205,1.6104035],[30.6171396,1.610323],[30.6170028,1.6102507],[30.6168875,1.6101354],[30.6168017,1.6099504],[30.6167212,1.609701],[30.6166381,1.6096179],[30.6165281,1.6095696],[30.6163833,1.6095214],[30.6161445,1.6094249],[30.6159702,1.609323],[30.6157824,1.6091836],[30.6156054,1.6090254],[30.6154633,1.6088591],[30.615297,1.6087331],[30.6151843,1.6086312],[30.6150502,1.6084275],[30.6149054,1.6082425],[30.6147686,1.6081406],[30.6146372,1.6080895],[30.614562,1.6080602],[30.6142804,1.6079878],[30.6140658,1.6079073],[30.6139371,1.6078403],[30.6136849,1.6076526],[30.6134516,1.6074783],[30.6132209,1.6073228],[30.6130332,1.6072397],[30.6127167,1.6071244],[30.6126094,1.6070574],[30.612494,1.6069662],[30.6123733,1.6068349],[30.6122714,1.6067839],[30.6121185,1.6067357],[30.6120408,1.6066606],[30.6119388,1.6065104],[30.6118664,1.6064622],[30.6117725,1.6064273],[30.6116009,1.6063791],[30.6113622,1.6062638],[30.6111878,1.6061673],[30.6110457,1.6060654],[30.6109062,1.605934],[30.6107667,1.6058375],[30.6105709,1.6057275],[30.6104207,1.605631],[30.6102517,1.6054675],[30.6100854,1.6053307],[30.6099701,1.6052047],[30.609903,1.6050787],[30.6098226,1.6049018],[30.6097743,1.6047302],[30.6096992,1.6046149],[30.6096214,1.604521],[30.6095436,1.6043736],[30.609498,1.6041564],[30.6094766,1.6039097],[30.6094739,1.6036657],[30.6094819,1.6034405],[30.6095383,1.6030759],[30.6095678,1.6026871],[30.6095919,1.6023788],[30.6095812,1.602175],[30.6095275,1.6019793],[30.6094417,1.6016978],[30.6093478,1.6014833],[30.6092781,1.6012768],[30.6092137,1.6008773],[30.6091493,1.6006709],[30.6090716,1.6005181],[30.6089428,1.600325],[30.6087872,1.6000783],[30.6086263,1.5998049],[30.6084117,1.5994778],[30.6082401,1.5993169],[30.607996,1.5991507],[30.6077251,1.5989898],[30.6075561,1.5988879],[30.6070492,1.5984884],[30.60673,1.598286],[30.6066106,1.5981761],[30.6065463,1.5981372],[30.6064095,1.598097],[30.606211,1.5980286],[30.6054291,1.5977779],[30.6048471,1.5976224],[30.6045198,1.5975741],[30.6039619,1.5975366],[30.6033128,1.5974776],[30.6027067,1.5974106],[30.6022266,1.5973462],[30.6018645,1.5972738],[30.6016579,1.5972175],[30.6013682,1.5970835],[30.6009927,1.5969012],[30.6007192,1.5967644],[30.6004482,1.5966223],[30.6001613,1.596432],[30.6000137,1.5962899],[30.5999252,1.5961317],[30.599775,1.5959842],[30.5996221,1.5958609],[30.5994827,1.5956678],[30.5993244,1.595448],[30.5992305,1.5953461],[30.5989569,1.5951745],[30.5988041,1.5950646],[30.5985546,1.5948233],[30.5982381,1.5944827],[30.5980745,1.5943004],[30.5978948,1.5941396],[30.5976373,1.5939733],[30.5973718,1.5937883],[30.5972189,1.5936918],[30.597007,1.5935417],[30.5967039,1.5934344],[30.5965108,1.5933486],[30.5962613,1.5931904],[30.5960414,1.5930215],[30.5957356,1.5927185],[30.5955318,1.5925496],[30.5952689,1.5924263],[30.5950785,1.5923244],[30.5949336,1.5922091],[30.5947566,1.5920107],[30.5944401,1.591764],[30.594255,1.5916059],[30.5940458,1.5913324],[30.5938661,1.5912037],[30.5936864,1.5911045],[30.5933484,1.590949],[30.5930722,1.5907827],[30.5928951,1.5906326],[30.5927369,1.5904717],[30.5926162,1.5903216],[30.5925062,1.5901258],[30.5924043,1.5898282],[30.5923051,1.5896969],[30.5921978,1.5896271],[30.5919537,1.5895279],[30.5917096,1.5893992],[30.5914682,1.5892571],[30.5911678,1.5890909],[30.5908594,1.5889032],[30.59039,1.5887021],[30.5898777,1.5885279],[30.5894351,1.5883724],[30.5891106,1.5882597],[30.5888799,1.5881445],[30.5887189,1.5880479],[30.5885553,1.5879005],[30.5884427,1.5877852],[30.5883676,1.5877235],[30.5882093,1.5876377],[30.5880538,1.5875465],[30.5878821,1.5874071],[30.5876836,1.587198],[30.5875388,1.5870157],[30.5874234,1.5868494],[30.5873269,1.5866484],[30.5871981,1.5863722],[30.5870399,1.5861899],[30.5868468,1.5859995],[30.5866456,1.5857609],[30.5864954,1.5855598],[30.5863559,1.5853426],[30.5862084,1.5851281],[30.5860421,1.584978],[30.5858302,1.5847233],[30.5854976,1.5844042],[30.5853501,1.5842112],[30.5852294,1.5840128],[30.5851704,1.5838519],[30.5851275,1.5836856],[30.5850846,1.5834899],[30.5850309,1.5832325],[30.5849639,1.5830609],[30.5848485,1.5828786],[30.5847144,1.5827097],[30.5845749,1.5825569],[30.5843845,1.5824282],[30.5840787,1.5823223],[30.5837166,1.5822271],[30.5832177,1.582148],[30.5827323,1.5820769],[30.5823567,1.5820139],[30.5819812,1.5819389],[30.5816567,1.5818544],[30.5813107,1.5817391],[30.5811766,1.5816801],[30.581072,1.5816185],[30.5809808,1.5815487],[30.5808949,1.5814522],[30.5808172,1.5813852],[30.5806938,1.5812779],[30.580616,1.5811653],[30.580565,1.5810152],[30.5804953,1.5808597],[30.5803424,1.5807256],[30.5802083,1.580664],[30.5799937,1.580613],[30.579704,1.5805433],[30.5793688,1.5804548],[30.5791435,1.5803958],[30.5789369,1.5803261],[30.5787304,1.5802081],[30.5785426,1.5801438],[30.5783334,1.5800902],[30.5781162,1.5800446],[30.5779056,1.5799923],[30.5776092,1.5798918],[30.5773973,1.57981],[30.5771935,1.5797242],[30.5769776,1.5796424],[30.5767657,1.5795459],[30.5766208,1.5794775],[30.5764505,1.5793823],[30.5763003,1.5792831],[30.576189,1.5791933],[30.5760831,1.5790847],[30.5760093,1.5789775],[30.5759329,1.5788662],[30.5758417,1.5788032],[30.5756821,1.5787603],[30.5754755,1.5787134],[30.5752529,1.5786504],[30.5749887,1.5785753],[30.5747849,1.5785016],[30.574526,1.578405],[30.5743557,1.5783233],[30.5741639,1.5782241],[30.5740607,1.5781584],[30.5739896,1.5780766],[30.5739386,1.5780002],[30.5738823,1.5779546],[30.5738153,1.5779224],[30.5736731,1.5778567],[30.5735484,1.5777911],[30.5734022,1.5776811],[30.5732667,1.5775363],[30.5731581,1.5773983],[30.5730723,1.5772508],[30.5729395,1.5769894],[30.5728644,1.5768969],[30.5727625,1.5768218],[30.5726378,1.5767682],[30.5724192,1.5766985],[30.5721617,1.5766086],[30.5719632,1.5765054],[30.571813,1.5764397],[30.5717607,1.5763995],[30.5716212,1.5762681],[30.5715622,1.5762266],[30.5714603,1.5761904],[30.5713208,1.5761394],[30.5711532,1.5760737],[30.5709761,1.575992],[30.5707267,1.5758861],[30.5704759,1.5757614],[30.5702747,1.575634],[30.5700307,1.5754973],[30.5698858,1.575437],[30.5697303,1.5753994],[30.5695546,1.5753552],[30.5693977,1.5753123],[30.5691992,1.5752479],[30.5690731,1.575193],[30.5688572,1.5751058],[30.5684562,1.5750026],[30.5680592,1.5748833],[30.5677655,1.5747935],[30.5672371,1.5746192],[30.566761,1.5744878],[30.566525,1.5744275],[30.5660784,1.5743149],[30.5658142,1.5742264],[30.5655836,1.5741366],[30.5653422,1.574024],[30.5651906,1.573969],[30.5649157,1.5738551],[30.5647038,1.5737518],[30.564457,1.5736258],[30.5643189,1.57354],[30.5641419,1.5733805],[30.563985,1.5731968],[30.5639058,1.5731083],[30.5638133,1.5730225],[30.5636966,1.5729448],[30.5635893,1.5729032],[30.563525,1.572855],[30.5634391,1.5727652],[30.5633453,1.5727048],[30.5632178,1.5726365],[30.5630475,1.5725694],[30.5627793,1.5724863],[30.5622375,1.5723791],[30.5616689,1.5722236],[30.5609259,1.5719688],[30.5604324,1.5717731],[30.5600363,1.5715796],[30.5599549,1.5715398],[30.559499,1.5712422],[30.5593085,1.5710867],[30.5591127,1.5709607],[30.5589196,1.5708266],[30.5587238,1.5707462],[30.5584314,1.5706604],[30.5580264,1.5705237],[30.5576375,1.5703708],[30.5572861,1.5701858],[30.5570903,1.5700491],[30.5569804,1.5699392],[30.5569133,1.5698239],[30.5568382,1.5697703],[30.5567068,1.5697408],[30.5565888,1.56973],[30.5564332,1.5696523],[30.5562776,1.5695531],[30.5561703,1.5694566],[30.5560604,1.569285],[30.555996,1.569167],[30.5559182,1.5690839],[30.5558217,1.5690597],[30.5556715,1.5690624],[30.5555132,1.5690571],[30.5553657,1.5689981],[30.5552262,1.5688881],[30.5550492,1.5686978],[30.5549338,1.5685101],[30.554781,1.5681776],[30.554612,1.5677808],[30.5545476,1.567502],[30.5544323,1.5668772],[30.5542982,1.5657136],[30.5542445,1.5653221],[30.5541882,1.5649897],[30.5541426,1.5647805],[30.5540675,1.564499],[30.5540541,1.5643891],[30.5540648,1.564247],[30.5541024,1.5641263],[30.5541238,1.5639815],[30.5541024,1.563885],[30.5539763,1.5637724],[30.5538368,1.5637697],[30.5537362,1.5638072],[30.553633,1.5638394],[30.5535498,1.563826],[30.553472,1.5637751],[30.5533406,1.5636437],[30.5531555,1.5634882],[30.553008,1.5633193],[30.5529276,1.5631664],[30.5529141,1.5630538],[30.5529249,1.5629332],[30.5529034,1.5628367],[30.5528632,1.5627643],[30.5528229,1.5626651],[30.5527666,1.5626034],[30.5526727,1.5625766],[30.5525695,1.5625752],[30.5524635,1.5625297],[30.5522972,1.5624318],[30.552198,1.5623379],[30.5521242,1.562232],[30.5520625,1.5621663],[30.5520116,1.5621436],[30.5519506,1.5621231],[30.551911,1.5621087],[30.55186,1.5620832],[30.5518225,1.5620497],[30.5517755,1.5620068],[30.5517407,1.5619626],[30.5517018,1.5618915],[30.5516656,1.5617963],[30.5516039,1.5617454],[30.5515395,1.5617213],[30.5514725,1.5616824],[30.5513839,1.561606],[30.5512874,1.5615376],[30.5511881,1.5614746],[30.5511037,1.5614304],[30.550991,1.5613928],[30.5509199,1.5613942],[30.5508529,1.5614263],[30.5507898,1.5614759],[30.5507281,1.5615135],[30.5506182,1.5615524],[30.5504371,1.5615792],[30.5502909,1.5615899],[30.550122,1.5615953],[30.5498967,1.5615899],[30.5495802,1.5615416],[30.5493066,1.5614826],[30.5489016,1.5613915],[30.5485582,1.5612815],[30.5481505,1.5611153],[30.5478689,1.5609839],[30.5474156,1.5607909],[30.5469409,1.5605496],[30.5465278,1.5603458],[30.5461764,1.5601233],[30.5459404,1.5599436],[30.5457661,1.5598176],[30.5455971,1.5597345],[30.5454469,1.5596487],[30.5452913,1.55952],[30.545176,1.5594556],[30.544897,1.559335],[30.5447629,1.5592626],[30.5446342,1.5591553],[30.5444813,1.5589998],[30.544382,1.5589274],[30.544256,1.5588524],[30.5440816,1.5587424],[30.54391,1.5586111],[30.543631,1.5584234],[30.5434808,1.558292],[30.5433923,1.5581982],[30.5431858,1.5579408],[30.5430704,1.5578496],[30.5428961,1.5577665],[30.5428103,1.5576968],[30.542542,1.5573683],[30.5421156,1.556946],[30.5418339,1.556635],[30.541555,1.5563427],[30.5412653,1.5559245],[30.5411366,1.555718],[30.5411312,1.5556295],[30.5411607,1.5555008],[30.5411553,1.5553561],[30.5411231,1.5551845],[30.5410936,1.5551013],[30.5410185,1.5550584],[30.5409139,1.5550343],[30.5407879,1.5550102],[30.5406189,1.5549217],[30.5404419,1.5548734],[30.5401656,1.5547903],[30.5399591,1.5546938],[30.5397472,1.5545731],[30.5395809,1.5544042],[30.5394387,1.5542031],[30.5392241,1.5537741],[30.5390042,1.5533291],[30.5387413,1.5527874],[30.5384597,1.5522646],[30.5381915,1.5518115],[30.5379796,1.5513396],[30.5377087,1.5507202],[30.5375612,1.5503663],[30.53736,1.5497523],[30.5372179,1.5493823],[30.5371347,1.5490579],[30.5370033,1.5485618],[30.5368182,1.5480363],[30.5366814,1.5476878],[30.5365741,1.5475001],[30.5364078,1.5472909],[30.5361772,1.5468619],[30.5360055,1.546508],[30.5358767,1.5461755],[30.5358016,1.54602],[30.535697,1.5458726],[30.5354342,1.545591],[30.5351713,1.5452505],[30.534938,1.5448725],[30.5347154,1.5444301],[30.5345571,1.5440735],[30.5344042,1.543615],[30.5342299,1.5431055],[30.5337135,1.540915],[30.5336733,1.5407501],[30.5336291,1.5405597],[30.5336089,1.5404028],[30.5335848,1.5402406],[30.533566,1.5400784],[30.533558,1.5399216],[30.5335513,1.5397794],[30.5335405,1.5396735],[30.5334976,1.539443],[30.5334413,1.539089],[30.533393,1.5387726],[30.5333702,1.5385997],[30.5333555,1.5384053],[30.5333488,1.5381948],[30.5333582,1.5379348],[30.5333528,1.5377859],[30.5333434,1.5375567],[30.5333474,1.5373449],[30.5333917,1.5371049],[30.5334239,1.5369628],[30.5334413,1.5368287],[30.5334117,1.5367344],[30.5333327,1.5366344],[30.5332321,1.5364936],[30.5331677,1.5363689],[30.5331677,1.5362818],[30.5332509,1.5361196],[30.5332589,1.5360498],[30.5332375,1.5359774],[30.533157,1.5358796],[30.5329947,1.5357442],[30.5328821,1.5356812],[30.5327386,1.5356342],[30.5326045,1.5356222],[30.5324596,1.5356383],[30.5323604,1.5356637],[30.5322799,1.5356959],[30.5322222,1.5357335],[30.5321485,1.5358058],[30.5320533,1.5358461],[30.5319259,1.5358501],[30.5317166,1.5357938],[30.5315021,1.5356839],[30.5312285,1.5355337],[30.5309375,1.5353219],[30.5305821,1.5350564],[30.5303608,1.5348755],[30.530173,1.5346878],[30.5300443,1.5345752],[30.529933,1.5344612],[30.5298418,1.5343553],[30.52976,1.534244],[30.5296755,1.5341676],[30.5295897,1.5340764],[30.5295132,1.5340322],[30.5293711,1.533941],[30.5292074,1.5338083],[30.5290505,1.5336729],[30.5288655,1.5335509],[30.5287541,1.5334571],[30.5285922,1.533304],[30.5285825,1.5332949],[30.5284376,1.5331554],[30.5282231,1.5329181],[30.5280098,1.532701],[30.5277765,1.5324355],[30.5275995,1.5322653],[30.5273165,1.5320132],[30.5270939,1.5318188],[30.5269758,1.5317357],[30.5265923,1.5315293],[30.5262959,1.5313737],[30.5260866,1.5312517],[30.525911,1.5311137],[30.5257085,1.5309394],[30.5251238,1.5304165],[30.524932,1.5302503],[30.5248247,1.5301457],[30.524703,1.5300245],[30.5243875,1.5297181],[30.5240442,1.529336],[30.523721,1.5289673],[30.5234098,1.5286523],[30.5232556,1.5284552],[30.5231161,1.5282689],[30.5229096,1.5279967],[30.5227782,1.5278439],[30.5226481,1.5277058],[30.5225421,1.5275905],[30.5223691,1.5273881],[30.5221613,1.5271186],[30.5218904,1.526766],[30.5216597,1.5264241],[30.5214679,1.5261346],[30.5212426,1.5257512],[30.5210723,1.5254281],[30.5209315,1.5251573],[30.5208269,1.5249857],[30.520729,1.524865],[30.5206458,1.5247591],[30.5205613,1.5245969],[30.5204286,1.5243261],[30.5203253,1.524192],[30.5202086,1.524015],[30.5200705,1.5237791],[30.5199042,1.5234252],[30.5198237,1.5233179],[30.5197647,1.5232696],[30.5196132,1.5231664],[30.5194764,1.5230806],[30.5192296,1.5229479],[30.5188917,1.522724],[30.5187052,1.5226047],[30.5185349,1.5224894],[30.5183874,1.5223902],[30.5182439,1.5223057],[30.5180696,1.5222293],[30.5179529,1.5221837],[30.5175452,1.5220778],[30.5173722,1.5220121],[30.5171831,1.521925],[30.5167687,1.5217011],[30.5164307,1.5215],[30.5161706,1.5213606],[30.5152962,1.5210147],[30.5138987,1.5204034],[30.5127561,1.5199422],[30.5106693,1.5190091],[30.5098486,1.5186016],[30.5091995,1.5181994],[30.5086523,1.5178186],[30.508309,1.5175666],[30.5079925,1.5173682],[30.5076384,1.517084],[30.5066353,1.5164726],[30.5057824,1.5158291],[30.5043286,1.514644],[30.5037814,1.5141024],[30.503245,1.5135393],[30.5028748,1.5130942],[30.5024672,1.5125526],[30.5020863,1.5119842],[30.5018341,1.5115498],[30.5016947,1.5111798],[30.5016062,1.5108527],[30.5015364,1.5106811],[30.5014452,1.5105738],[30.5013353,1.5105175],[30.5011314,1.5104103],[30.5010322,1.5103084],[30.5009624,1.5102119],[30.5008659,1.5100805],[30.5007613,1.5100135],[30.5006942,1.5099142],[30.500603,1.5097319],[30.5003911,1.5093807],[30.5002195,1.509126],[30.5001283,1.5089222],[30.5000371,1.5086192],[30.4997635,1.5077799],[30.4995704,1.507115],[30.4995301,1.506501],[30.4995248,1.5064286],[30.4994872,1.5063562],[30.4994175,1.5062704],[30.4993853,1.5061229],[30.4993719,1.5059057],[30.4993558,1.5057502],[30.4992995,1.5055947],[30.4992029,1.5053105],[30.4991546,1.5050397],[30.4991493,1.5047367],[30.4991117,1.5042648],[30.4990232,1.5037956],[30.4989052,1.5032539],[30.4988569,1.5025407],[30.4987979,1.501613],[30.4987282,1.5007121],[30.4986906,1.4998326],[30.4987094,1.499047],[30.4987308,1.4986984],[30.4986906,1.4983231],[30.4986718,1.4978994],[30.498649,1.495265],[30.4986491,1.4951816],[30.4986504,1.4942153],[30.4986316,1.4937354],[30.4985592,1.4933627],[30.4984331,1.4930758],[30.4981863,1.4926897],[30.4981005,1.4924108],[30.4981005,1.4914616],[30.498071,1.4907108],[30.498071,1.4905285],[30.4980133,1.4903851],[30.4979222,1.4902631],[30.4978926,1.4901706],[30.4978766,1.4900566],[30.4978323,1.4896732],[30.4977679,1.489338],[30.4977116,1.4891798],[30.4975238,1.4888044],[30.497438,1.4885899],[30.4973656,1.4882816],[30.4972596,1.487933],[30.4971939,1.4877118],[30.4971671,1.4875402],[30.4971269,1.4872117],[30.497088,1.4870053],[30.4970089,1.4866554],[30.4968157,1.4858],[30.4967487,1.4855976],[30.4967004,1.4854019],[30.4966481,1.4851016],[30.496573,1.4848482],[30.4965328,1.4847087],[30.4965113,1.4845211],[30.496459,1.4841926],[30.4962391,1.4834767],[30.4960835,1.483053],[30.4960164,1.4827152],[30.4959521,1.4823988],[30.4958099,1.4820583],[30.4956919,1.4818036],[30.4954988,1.4813075],[30.4954264,1.4810286],[30.4953459,1.4806265],[30.495185,1.4798516],[30.4950106,1.4791061],[30.4949087,1.4786771],[30.494855,1.4784331],[30.4947934,1.4782964],[30.494678,1.4781516],[30.4946029,1.4780336],[30.4945332,1.4778701],[30.4944527,1.4775939],[30.4944044,1.4774598],[30.4943132,1.4773016],[30.4942489,1.4771273],[30.4941523,1.4766098],[30.4940933,1.4760736],[30.4940021,1.4756794],[30.4938546,1.4751378],[30.4937178,1.4747839],[30.4935917,1.474564],[30.4934093,1.4742396],[30.4932591,1.4739902],[30.4931223,1.4737328],[30.4930204,1.4735344],[30.4929239,1.4733038],[30.4928246,1.4731429],[30.4926825,1.4729498],[30.4925081,1.4726737],[30.4924089,1.4724243],[30.4923499,1.4722983],[30.4922211,1.4721562],[30.4920119,1.4719872],[30.4919368,1.4718907],[30.4918161,1.4716414],[30.4915801,1.471156],[30.4913977,1.4707512],[30.4912072,1.4702846],[30.4910034,1.4695901],[30.4908183,1.4690914],[30.4906091,1.4686704],[30.4904401,1.4683031],[30.4902175,1.4677159],[30.4899842,1.4671555],[30.4898044,1.4666165],[30.489665,1.4659543],[30.4895523,1.4655145],[30.4893511,1.4649327],[30.4891178,1.4642302],[30.4889864,1.4637529],[30.4888791,1.463222],[30.4888388,1.4629109],[30.4888335,1.4625731],[30.4887933,1.4622004],[30.4887544,1.4618853],[30.4887047,1.4615649],[30.4886685,1.4613946],[30.4886095,1.4611641],[30.4885988,1.4610246],[30.4885384,1.4599078],[30.488466,1.4592911],[30.488399,1.4588487],[30.4883346,1.4583902],[30.4883078,1.4578968],[30.4882729,1.4575188],[30.488171,1.4571487],[30.4880476,1.4568806],[30.4879269,1.4565374],[30.4878411,1.4560387],[30.4877686,1.4555158],[30.4876372,1.4547758],[30.4875112,1.4537676],[30.4873905,1.4530061],[30.4873502,1.4520542],[30.4873154,1.4518236],[30.4872349,1.451585],[30.487192,1.4513383],[30.4871356,1.4504427],[30.4870686,1.4501907],[30.4869935,1.4497053],[30.4869425,1.4493728],[30.4868513,1.4490028],[30.4867843,1.4483915],[30.486736,1.4479276],[30.4866797,1.4469194],[30.4865375,1.4450022],[30.486508,1.4447475],[30.4864812,1.4445545],[30.4864329,1.4443587],[30.4863632,1.4440075],[30.4862604,1.4434069],[30.4862291,1.4431414],[30.4861754,1.4429054],[30.4861084,1.4426829],[30.4860235,1.4424429],[30.4859179,1.4422109],[30.4858562,1.4419884],[30.4858267,1.4418087],[30.485824,1.4415379],[30.485867,1.4412966],[30.4858616,1.4410767],[30.485867,1.4406397],[30.4859045,1.4399988],[30.4858991,1.4391274],[30.4858831,1.4385294],[30.4858696,1.4379181],[30.4858648,1.4378793],[30.4858401,1.4376794],[30.4857892,1.4373523],[30.4857409,1.4370547],[30.4857329,1.4367731],[30.4856792,1.4358025],[30.4856282,1.4351456],[30.4855558,1.4341293],[30.4855344,1.4340087],[30.4854619,1.4338585],[30.4854217,1.4337325],[30.4853466,1.4330407],[30.4853144,1.4329066],[30.4852688,1.4328074],[30.4851642,1.4327135],[30.4850998,1.432617],[30.4850516,1.4324293],[30.4849765,1.4320405],[30.4848531,1.4314828],[30.4847109,1.430968],[30.4844025,1.4299383],[30.4842308,1.4295763],[30.4841021,1.4291473],[30.4840323,1.4289033],[30.4839438,1.4285708],[30.4838634,1.4283322],[30.4836917,1.4280077],[30.483512,1.4276323],[30.4833564,1.4272275],[30.4832438,1.4270451],[30.483107,1.4268896],[30.4829997,1.4267716],[30.4829246,1.4266081],[30.4828575,1.4263533],[30.4827744,1.4261764],[30.4826027,1.4258546],[30.4823479,1.4255275],[30.4821548,1.4252379],[30.4818705,1.4247686],[30.4816747,1.424404],[30.4815687,1.4241171],[30.4814319,1.4239039],[30.4812401,1.4237149],[30.4810631,1.4234977],[30.4808097,1.4231075],[30.4804543,1.4225806],[30.4800197,1.4219907],[30.4797998,1.4215966],[30.4794431,1.4210496],[30.478794,1.4198832],[30.4785231,1.419245],[30.4781771,1.4185451],[30.4777747,1.4179472],[30.4768842,1.4170221],[30.4760474,1.4163786],[30.4756129,1.416156],[30.4751596,1.4158423],[30.4748592,1.4155688],[30.4743978,1.4152658],[30.4739311,1.4150218],[30.473274,1.4147081],[30.4727657,1.4144868],[30.4719852,1.4141182],[30.4715332,1.4138795],[30.4708279,1.4134519],[30.4704335,1.4132011],[30.4700714,1.4129276],[30.4697925,1.4126702],[30.4695484,1.412445],[30.4692641,1.4121527],[30.468969,1.4117049],[30.4687786,1.4114958],[30.4686096,1.4112973],[30.4684031,1.4109407],[30.4682395,1.4105171],[30.4681537,1.4103991],[30.4678854,1.4101363],[30.467815,1.4099178],[30.4676843,1.4097395],[30.4675394,1.4093158],[30.4674402,1.4089833],[30.467357,1.4087768],[30.4673195,1.4087125],[30.4672839,1.4086461],[30.4672538,1.4085952],[30.4672075,1.4085053],[30.4671076,1.4083344],[30.466897,1.4080488],[30.4665014,1.4076587],[30.4663056,1.4073423],[30.4661849,1.4070393],[30.4661232,1.4067336],[30.4660508,1.4064628],[30.4659516,1.4062563],[30.4656672,1.405838],[30.4654822,1.4054841],[30.4654017,1.4052696],[30.4652891,1.4049076],[30.4651254,1.4045429],[30.4647794,1.4040844],[30.4643476,1.4036795],[30.4637548,1.4031834],[30.4633257,1.4028992],[30.4630762,1.4026793],[30.4627892,1.402438],[30.4626015,1.4021618],[30.462403,1.4017784],[30.4622608,1.4014057],[30.4621696,1.401049],[30.462116,1.4006629],[30.4620194,1.400368],[30.4618773,1.3999791],[30.4617485,1.3996574],[30.4616815,1.3994348],[30.4614857,1.3990567],[30.4613221,1.3988288],[30.4611504,1.398617],[30.4609653,1.3985419],[30.4607481,1.3985339],[30.4604423,1.3987055],[30.4603162,1.3988127],[30.4602063,1.3988637],[30.4601043,1.3989066],[30.4600131,1.3989683],[30.4599273,1.3990755],[30.4598683,1.399164],[30.4598388,1.3992739],[30.4598173,1.3994161],[30.4598066,1.3995179],[30.4597959,1.3996198],[30.4598066,1.3996949],[30.4598281,1.3997217],[30.4598683,1.3997137],[30.4599515,1.3996493],[30.4600319,1.3995662],[30.4601955,1.3994187],[30.4603404,1.3992069],[30.4604691,1.3991372],[30.460614,1.3991667],[30.4606917,1.3992525],[30.4606998,1.3993571],[30.4606569,1.3994938],[30.4606797,1.3995541],[30.460737,1.3995592],[30.4608188,1.3995394],[30.4608721,1.3995327],[30.4608969,1.3995525],[30.4609466,1.3996574],[30.4609757,1.3997432],[30.4609814,1.3998183],[30.4609425,1.4000462],[30.4609519,1.4002111],[30.4609975,1.4003224],[30.4610887,1.4004216],[30.4611786,1.4004953],[30.4612845,1.4005878],[30.4613905,1.4006589],[30.4614978,1.4007004],[30.461597,1.4007474],[30.4616386,1.4008037],[30.4616573,1.4008908],[30.4616587,1.4010209],[30.4616708,1.4011576],[30.4617298,1.4012769],[30.4618089,1.401352],[30.4618639,1.4013695],[30.4619497,1.4013614],[30.4620047,1.4013668],[30.4620476,1.4013949],[30.4620717,1.4014459],[30.4620691,1.4015183],[30.4620436,1.4016121],[30.4620087,1.4016872],[30.4619779,1.4018092],[30.4619631,1.401954],[30.4619443,1.402076],[30.4619014,1.4021504],[30.4618371,1.40219],[30.4617291,1.4021953],[30.4616721,1.4022101],[30.4616553,1.4022436],[30.4616681,1.4022831],[30.4616949,1.4023073],[30.4617311,1.4023616],[30.4617378,1.4024058],[30.4617217,1.402442],[30.4616305,1.4025104],[30.4616057,1.4025385],[30.4615695,1.4026163],[30.4615326,1.4026686],[30.4614823,1.4027001],[30.4614287,1.4027229],[30.4614019,1.4027591],[30.4613858,1.4028288],[30.4613442,1.4028657],[30.461253,1.4028918],[30.4611752,1.4029052],[30.4611229,1.4028925],[30.461088,1.402857],[30.4610498,1.4028255],[30.4610096,1.4028134],[30.4609559,1.4028154],[30.4609077,1.4028],[30.4608057,1.4026827],[30.4607045,1.4025861],[30.4605697,1.4024514],[30.4604933,1.4023991],[30.460394,1.4023508],[30.4603323,1.4022771],[30.4602465,1.4022235],[30.4600976,1.4021913],[30.4599662,1.4021779],[30.4598683,1.4021819],[30.4597704,1.4021699],[30.4596899,1.4021202],[30.4596242,1.4020733],[30.4595397,1.402013],[30.4593922,1.4019701],[30.4592152,1.4019848],[30.4589993,1.4020304],[30.4586895,1.4020505],[30.4584065,1.4020867],[30.4581825,1.4021337],[30.4581128,1.4021082],[30.4580578,1.4020519],[30.4579747,1.4019822],[30.4578258,1.4019165],[30.4576367,1.4018937],[30.4574315,1.4018695],[30.4573477,1.4018683],[30.4572532,1.4018669],[30.4570627,1.4018749],[30.4568964,1.4018937],[30.4567221,1.401895],[30.4564954,1.4019165],[30.4563023,1.4019218],[30.4560676,1.4019111],[30.4558624,1.4019151],[30.4557149,1.4018736],[30.4556385,1.4018079],[30.455495,1.4017207],[30.4553206,1.4016711],[30.4550832,1.401643],[30.4547305,1.4016564],[30.4545146,1.4016684],[30.454343,1.4016363],[30.4541177,1.4016175],[30.4538776,1.4016148],[30.453663,1.4016483],[30.4534686,1.4016725],[30.453368,1.4016966],[30.4532553,1.4017529],[30.4531896,1.4018333],[30.4531185,1.4019004],[30.45303,1.4019138],[30.4528932,1.401899],[30.4526921,1.4018749],[30.452456,1.4018333],[30.4522736,1.401769],[30.4520617,1.4016872],[30.4519021,1.4016202],[30.451709,1.4015746],[30.4515561,1.4015585],[30.4512477,1.4015236],[30.4510841,1.4014727],[30.4507595,1.4013668],[30.4503384,1.4012314],[30.4501091,1.4011094],[30.4499039,1.4009874],[30.449696,1.4009002],[30.4495297,1.4008117],[30.4493232,1.4007407],[30.4491127,1.4006709],[30.44899,1.4005794],[30.4488283,1.4005436],[30.4487009,1.4004122],[30.4485588,1.4002634],[30.4484113,1.4001803],[30.4482128,1.400128],[30.4479459,1.400065],[30.4477528,1.3999899],[30.4476334,1.3999228],[30.4472995,1.3997083],[30.447097,1.3995166],[30.4469106,1.3993705],[30.4466169,1.3992069],[30.4465243,1.3991694],[30.4464626,1.3991466],[30.4464063,1.3990996],[30.4463661,1.3990192],[30.4463191,1.3988905],[30.446185,1.398684],[30.4460885,1.3985701],[30.4459718,1.3984856],[30.4458967,1.3983918],[30.4458404,1.3982805],[30.445835,1.3981933],[30.4458632,1.3981276],[30.4458632,1.3980338],[30.4458122,1.3979158],[30.4457653,1.3977321],[30.4457036,1.3976343],[30.445607,1.3975779],[30.4454997,1.3975391],[30.4453495,1.3974948],[30.4452744,1.3974278],[30.4449727,1.3969974],[30.4445086,1.3962426],[30.444337,1.3959262],[30.4441774,1.3955039],[30.4439534,1.3948442],[30.4437308,1.3943468],[30.4436181,1.3940787],[30.4434532,1.3936443],[30.4432854,1.393108],[30.4432641,1.3930625],[30.4432318,1.3930162],[30.4429677,1.3926026],[30.4427853,1.3922004],[30.4426096,1.3916909],[30.4425412,1.391522],[30.4424608,1.3911787],[30.4424219,1.3909991],[30.4423991,1.3909173],[30.4423468,1.3907095],[30.4422368,1.3902282],[30.4421711,1.3898126],[30.4421376,1.3895645],[30.4421175,1.3890256],[30.4421,1.3886502],[30.4420906,1.3883793],[30.4421148,1.3881756],[30.4421604,1.3880562],[30.4422502,1.3879919],[30.4424232,1.3879691],[30.4425882,1.3879584],[30.4426901,1.3879275],[30.442733,1.3878793],[30.44278,1.3877626],[30.4428443,1.3876822],[30.4429409,1.3876192],[30.4429919,1.3875709],[30.4429932,1.3875025],[30.442961,1.3874274],[30.4429409,1.3873416],[30.4429677,1.3872183],[30.442957,1.387162],[30.442906,1.3871191],[30.442792,1.3870976],[30.4427116,1.3870641],[30.442615,1.3870534],[30.4425158,1.3870547],[30.442438,1.3870145],[30.4423951,1.3869568],[30.4423334,1.386863],[30.4422609,1.3867946],[30.442151,1.3867021],[30.4420289,1.3865788],[30.4419324,1.3864675],[30.4418412,1.3863093],[30.4417755,1.3861269],[30.4417124,1.3859889],[30.4416427,1.3858293],[30.4416078,1.3857019],[30.4416119,1.3855344],[30.4416268,1.3854041],[30.4416682,1.3853078],[30.44175,1.3852508],[30.4419042,1.3852005],[30.4420397,1.3851509],[30.4421416,1.3850986],[30.4421926,1.3850061],[30.4421899,1.3849257],[30.4421107,1.3847688],[30.4420343,1.3846736],[30.441868,1.3845395],[30.4417124,1.3844618],[30.4415515,1.3843545],[30.4413745,1.3841963],[30.4410607,1.384022],[30.440712,1.383896],[30.440492,1.38377],[30.4402801,1.3835957],[30.4400602,1.3833624],[30.4398429,1.3830916],[30.4395506,1.3826572],[30.4392743,1.3821263],[30.4391456,1.3818447],[30.4390034,1.3814948],[30.4388237,1.3809545],[30.438758,1.3807078],[30.4386842,1.3805161],[30.4386319,1.3803726],[30.4385649,1.3801648],[30.4385065,1.380016],[30.438477,1.379953],[30.4384658,1.3799342],[30.4384475,1.3798953],[30.4383892,1.3798175],[30.4383284,1.3797094],[30.4382913,1.3795058],[30.4381773,1.3793992],[30.4381565,1.3793543],[30.4381169,1.3792819],[30.4380734,1.3792082],[30.4380585,1.3791801],[30.4380237,1.3791143],[30.4379426,1.3789461],[30.4378849,1.3787745],[30.4378407,1.3785693],[30.4377428,1.378147],[30.4376703,1.377541],[30.437614,1.3769431],[30.4375985,1.3767835],[30.4375523,1.3763076],[30.4375148,1.3756586],[30.437437,1.3746987],[30.4373646,1.3737092],[30.4373571,1.3732868],[30.4373592,1.3729397],[30.4372975,1.3725669],[30.4372251,1.3722425],[30.4371446,1.3719904],[30.4370293,1.3717196],[30.436985,1.3715131],[30.4369274,1.3712276],[30.4368818,1.3708347],[30.4368107,1.3704111],[30.4367115,1.3699177],[30.4366797,1.3696973],[30.4366457,1.3694431],[30.4365921,1.36925],[30.4363138,1.3682248],[30.4360597,1.3676264],[30.4358867,1.3671799],[30.4357566,1.3667737],[30.4354642,1.3662816],[30.4352027,1.3656676],[30.434846,1.3648685],[30.4342908,1.3638013],[30.43347,1.3619189],[30.432896,1.3606265],[30.4325768,1.3600294],[30.4324038,1.3599025],[30.4322201,1.3598462],[30.432196,1.3597992],[30.4322087,1.3597315],[30.432196,1.3596906],[30.4321678,1.3596739],[30.4321128,1.3596839],[30.4320806,1.359761],[30.4321074,1.3598395],[30.4321725,1.3599233],[30.4322556,1.360064],[30.4322657,1.3601116],[30.4322442,1.3601572],[30.4321852,1.3601599],[30.4320806,1.3600526],[30.431968,1.3599347],[30.4317266,1.359747],[30.4314423,1.3595378],[30.4311928,1.3592562],[30.4308817,1.3588835],[30.4304472,1.3585242],[30.430069,1.3582051],[30.4297096,1.3579584],[30.4293448,1.3577278],[30.4292321,1.3576206],[30.429157,1.3574489],[30.4290578,1.357331],[30.4289451,1.35728],[30.4286943,1.3572309],[30.428524,1.3571567],[30.4284033,1.3571728],[30.4283041,1.3572398],[30.4282021,1.3574007],[30.4280815,1.3574463],[30.42795,1.3574302],[30.4277971,1.3573363],[30.4276603,1.357213],[30.4275665,1.3571245],[30.4274753,1.357028],[30.4273707,1.35691],[30.4272982,1.3567934],[30.427145,1.3567344],[30.426963,1.3567437],[30.4267779,1.3565614],[30.4265384,1.3565714],[30.4264078,1.3565399],[30.4263648,1.3565882],[30.4262454,1.3564404],[30.4260242,1.3562798],[30.4255494,1.356194],[30.425241,1.3561431],[30.4249567,1.3560626],[30.4245651,1.3560278],[30.4242727,1.3559688],[30.4240742,1.3558642],[30.4239736,1.3557891],[30.4238717,1.3556926],[30.4237966,1.3556792],[30.4237577,1.3557087],[30.4237175,1.355769],[30.4236732,1.3558179],[30.4236062,1.3558314],[30.4235458,1.355824],[30.4234332,1.3557972],[30.4233755,1.3557583],[30.423342,1.3557181],[30.4233259,1.3556483],[30.4233085,1.3556256],[30.4232427,1.3556041],[30.4231837,1.3555907],[30.4231489,1.3555505],[30.4231261,1.3554513],[30.4230872,1.3553789],[30.4230174,1.3553212],[30.4229397,1.3552984],[30.4228498,1.3552904],[30.4227814,1.3552636],[30.422717,1.3551603],[30.422654,1.3550611],[30.4226071,1.3550169],[30.4225051,1.3549874],[30.4224756,1.3549512],[30.4224864,1.3548962],[30.4225829,1.3548225],[30.4226661,1.3547232],[30.4227291,1.3546281],[30.4227264,1.3545275],[30.4226674,1.354435],[30.4225628,1.3543706],[30.4224327,1.3543653],[30.4223295,1.3544122],[30.422245,1.3545275],[30.422198,1.3545811],[30.4221363,1.3545905],[30.4221015,1.3545731],[30.422076,1.354506],[30.4220599,1.3544095],[30.4220706,1.3543425],[30.4220907,1.3542701],[30.4220867,1.3542071],[30.4220653,1.3541588],[30.422025,1.354136],[30.4219566,1.3541373],[30.4219204,1.3541266],[30.4218775,1.354069],[30.4218319,1.354006],[30.4217783,1.3539443],[30.4217125,1.3538772],[30.4216012,1.3537901],[30.4214926,1.3536198],[30.421388,1.3533731],[30.4212566,1.3532243],[30.4211318,1.3530849],[30.4210326,1.3528824],[30.4209548,1.3526666],[30.4208502,1.3525191],[30.4206893,1.35233],[30.4204559,1.3519895],[30.4202253,1.3516436],[30.4199731,1.3513004],[30.419898,1.3511127],[30.4198873,1.3508338],[30.4198551,1.3506836],[30.4197639,1.3505549],[30.4195815,1.3504745],[30.4194501,1.3503753],[30.4192865,1.3501876],[30.419147,1.3499811],[30.4190022,1.3497853],[30.4188332,1.3495708],[30.4186508,1.3493348],[30.4185247,1.3491311],[30.4184282,1.3489326],[30.4183021,1.3487986],[30.4181063,1.3486672],[30.4178998,1.348517],[30.4176798,1.3482998],[30.4175028,1.3480531],[30.4174626,1.3479244],[30.4174572,1.3477447],[30.4174626,1.3476375],[30.4174358,1.3475356],[30.4173231,1.3474605],[30.4171649,1.3474525],[30.4170254,1.34749],[30.4168832,1.3474766],[30.4167679,1.347439],[30.4166016,1.3472674],[30.4164983,1.347136],[30.4164085,1.346947],[30.4163173,1.3468478],[30.4162341,1.3468009],[30.4161496,1.3467218],[30.416088,1.3466212],[30.416041,1.3465193],[30.4159659,1.3464187],[30.4158171,1.3463061],[30.4157352,1.3462659],[30.4156642,1.3462766],[30.4155542,1.346341],[30.4154482,1.3463678],[30.4153892,1.3463598],[30.4153664,1.3463276],[30.415345,1.3462351],[30.4153128,1.3462069],[30.4152578,1.3461989],[30.4152055,1.3461788],[30.4151452,1.3461265],[30.4150808,1.346101],[30.4149695,1.3460795],[30.4148595,1.3460286],[30.4147361,1.3459817],[30.4146208,1.3459482],[30.414484,1.3459347],[30.4143861,1.34592],[30.414319,1.345865],[30.4142801,1.3457913],[30.4142399,1.3457283],[30.4141903,1.3457055],[30.4141192,1.3457015],[30.4140495,1.3456867],[30.4139046,1.3455969],[30.4137343,1.3454092],[30.4136029,1.3453636],[30.4133749,1.3453207],[30.4132032,1.3452483],[30.4130504,1.3451437],[30.4126185,1.3450177],[30.4121572,1.3447281],[30.411889,1.3445699],[30.4115751,1.3445028],[30.4113941,1.3444371],[30.4112868,1.3443621],[30.411213,1.3442347],[30.4111004,1.3441569],[30.4109234,1.3441328],[30.410808,1.3440792],[30.4107168,1.343929],[30.4106069,1.3438405],[30.4102823,1.3436448],[30.4101106,1.3435938],[30.4098961,1.3435643],[30.4096895,1.3434812],[30.4095098,1.3433525],[30.4092014,1.3432667],[30.4088849,1.3432425],[30.4084852,1.3431407],[30.4081473,1.3429717],[30.4078308,1.3427116],[30.4076779,1.3426105],[30.4074258,1.342532],[30.4071736,1.3425051],[30.4067995,1.3423872],[30.4064816,1.3421458],[30.4063448,1.3419662],[30.4061839,1.3418562],[30.4059049,1.3417651],[30.4056823,1.3416283],[30.4054141,1.3413843],[30.40528,1.3411644],[30.4050037,1.3409606],[30.4043198,1.3402313],[30.403896,1.3398451],[30.4032764,1.3391882],[30.4031128,1.3389388],[30.4030055,1.3386599],[30.4028982,1.3384856],[30.4026461,1.3382094],[30.4023752,1.3378876],[30.4020479,1.3376007],[30.4017797,1.3374077],[30.401608,1.3372763],[30.4015422,1.3372127],[30.4014525,1.3371261],[30.401313,1.337043],[30.4011708,1.3369867],[30.4010233,1.3368901],[30.4008865,1.33674],[30.4007283,1.3365844],[30.4004359,1.3363592],[30.4000792,1.336024],[30.3998834,1.3358765],[30.3996152,1.3357183],[30.3993604,1.3356084],[30.3990734,1.3355387],[30.3987595,1.335469],[30.3985611,1.335359],[30.3983438,1.3351928],[30.3981158,1.3350051],[30.3978369,1.334871],[30.3975204,1.3346967],[30.3972521,1.3346109],[30.3969464,1.3345733],[30.3965843,1.3345733],[30.3963241,1.334568],[30.3960934,1.3345894],[30.3957984,1.3345653],[30.3954336,1.3344446],[30.3950849,1.3343427],[30.3946504,1.3341631],[30.3944224,1.3340799],[30.3943031,1.3340209],[30.3941636,1.3338976],[30.3940456,1.3338493],[30.3934997,1.3337689],[30.3930196,1.3335624],[30.3926414,1.333313],[30.3924376,1.3331066],[30.3922498,1.3328411],[30.3920567,1.3326775],[30.3918287,1.3325274],[30.3916463,1.3323584],[30.391472,1.3321895],[30.3912225,1.3320098],[30.3909704,1.3317283],[30.3907531,1.3313797],[30.3906217,1.331259],[30.3904501,1.3311786],[30.3903159,1.3310874],[30.3901979,1.3309265],[30.3900129,1.3307656],[30.3897285,1.3305726],[30.3893772,1.3302213],[30.3889802,1.3297252],[30.3886557,1.3294517],[30.3884652,1.3291889],[30.388315,1.3290066],[30.3881219,1.3287867],[30.3879556,1.3285346],[30.3878403,1.3282477],[30.3877303,1.3280305],[30.3876713,1.3279286],[30.3875828,1.3277972],[30.3874889,1.3277087],[30.3874165,1.3276685],[30.3873441,1.3275747],[30.3873011,1.3274567],[30.3872609,1.3273119],[30.387226,1.3271215],[30.387167,1.326966],[30.3870812,1.3268238],[30.3869739,1.3266442],[30.386872,1.3264699],[30.3868023,1.326317],[30.3867164,1.3261374],[30.3866386,1.3259792],[30.3865635,1.3257968],[30.3865072,1.3256225],[30.3864697,1.3254643],[30.3864241,1.3252364],[30.3863677,1.3249227],[30.3863168,1.324684],[30.3861934,1.3243032],[30.385995,1.3238596],[30.3858385,1.3234893],[30.3855917,1.3230949],[30.3852868,1.3225925],[30.3849703,1.3219918],[30.3844124,1.3212624],[30.3841227,1.3208227],[30.3838921,1.3203883],[30.3835273,1.3197822],[30.3830016,1.3190743],[30.3824973,1.3182752],[30.3819662,1.3174332],[30.3812528,1.3162534],[30.3803086,1.3151754],[30.379347,1.3139218],[30.3793028,1.3138642],[30.3783989,1.3128908],[30.3772294,1.3120005],[30.3746974,1.3097695],[30.3738928,1.3090187],[30.3734797,1.3084448],[30.373249,1.3079139],[30.3729647,1.3075975],[30.3722888,1.3071684],[30.371924,1.3069861],[30.3717256,1.3067501],[30.3715271,1.306364],[30.3711194,1.3057312],[30.3706151,1.3053611],[30.3700572,1.3051198],[30.3695369,1.3049482],[30.3691667,1.3048731],[30.368979,1.304739],[30.3688127,1.3044977],[30.3684962,1.304251],[30.3679651,1.3039828],[30.3677559,1.3038058],[30.3672624,1.3032642],[30.3668573,1.3029156],[30.3664336,1.3025831],[30.3659669,1.3022023],[30.365704,1.3018939],[30.3654894,1.3016687],[30.3652346,1.3014595],[30.3649744,1.3013496],[30.3647894,1.3013764],[30.3646553,1.3014595],[30.364505,1.301497],[30.3643629,1.3014461],[30.3641939,1.3013737],[30.3639686,1.3012986],[30.3637218,1.3012879],[30.3633597,1.3013335],[30.3631934,1.3012852],[30.3631264,1.3012101],[30.3630486,1.301076],[30.3629601,1.3009634],[30.3628474,1.3009125],[30.3626624,1.3008991],[30.3624424,1.3008133],[30.3622091,1.3008401],[30.3619972,1.3009098],[30.3617665,1.3008964],[30.3615761,1.3008293],[30.3612864,1.3007569],[30.3610826,1.300655],[30.3608358,1.300462],[30.3606588,1.3002019],[30.3605193,1.2997943],[30.3604013,1.2994993],[30.3602672,1.2993009],[30.3601465,1.2992526],[30.3599131,1.2992687],[30.359551,1.2993143],[30.3593177,1.2992687],[30.3591675,1.2991641],[30.3589904,1.2989603],[30.358801,1.2988019],[30.3586793,1.2987002],[30.3585076,1.298483],[30.3583091,1.2982604],[30.3581026,1.2981505],[30.3576118,1.2980808],[30.3572363,1.2979548],[30.3570975,1.2978502],[30.3570834,1.2978066],[30.3571189,1.2977724],[30.3571793,1.2977764],[30.3573181,1.2977845],[30.357656,1.2978636],[30.3578599,1.2978609],[30.3581348,1.2977939],[30.3583628,1.297692],[30.3585801,1.2975016],[30.3588161,1.2971986],[30.3588778,1.2967883],[30.3587919,1.2964048],[30.3587168,1.2959597],[30.3584969,1.2955682],[30.3581643,1.2953108],[30.3577539,1.2952062],[30.3575742,1.2950909],[30.3573489,1.2947852],[30.3571558,1.2946458],[30.3568983,1.2944795],[30.3565764,1.2944044],[30.3557181,1.2945492],[30.3551334,1.2947101],[30.354597,1.2949193],[30.3544843,1.2949059],[30.3544307,1.2948415],[30.3544629,1.2947477],[30.3545836,1.294694],[30.3546855,1.2946511],[30.354774,1.2945573],[30.3548813,1.2943427],[30.3549591,1.294265],[30.3551254,1.2941953],[30.3553936,1.294206],[30.3556377,1.294265],[30.3558576,1.2942328],[30.3560668,1.2940156],[30.3563887,1.2935678],[30.3564745,1.2933506],[30.3564692,1.2931816],[30.3564128,1.2930824],[30.3562975,1.2929618],[30.3562358,1.2928706],[30.3561795,1.292707],[30.3560185,1.2922404],[30.3555947,1.2913153],[30.3554553,1.2908487],[30.355466,1.2906074],[30.3556162,1.2901569],[30.3556564,1.2897359],[30.3556323,1.2894516],[30.3556082,1.2892988],[30.3555398,1.2891902],[30.3554097,1.289095],[30.3553614,1.2889944],[30.3553547,1.2888791],[30.3553453,1.2886901],[30.3553882,1.2885533],[30.3554472,1.2884595],[30.355517,1.2883308],[30.3555518,1.2881645],[30.3555572,1.2880063],[30.3555787,1.2878856],[30.3555733,1.2877623],[30.355517,1.287655],[30.3554204,1.2875504],[30.3552809,1.2874727],[30.3551415,1.2874083],[30.3548786,1.2873037],[30.354715,1.2871965],[30.354538,1.2870624],[30.3543609,1.28688],[30.3541625,1.2867031],[30.3540659,1.286569],[30.3540377,1.2865033],[30.3540444,1.2864349],[30.3540672,1.286388],[30.3541182,1.2863464],[30.3541504,1.2863049],[30.3541893,1.2862432],[30.3542429,1.2861842],[30.3543253,1.286154],[30.3543797,1.2861601],[30.3544186,1.2861909],[30.3544494,1.2862418],[30.3544857,1.2863089],[30.3545313,1.2863746],[30.3545648,1.2864296],[30.3545956,1.2864805],[30.3546332,1.2865489],[30.3546741,1.2866112],[30.3547177,1.286636],[30.3548008,1.2866682],[30.3549483,1.2866575],[30.3551307,1.2866173],[30.3552997,1.2865985],[30.355415,1.2866468],[30.3555518,1.2867889],[30.3557423,1.2869659],[30.3558683,1.2871187],[30.3560266,1.2872689],[30.3561178,1.2872984],[30.3562197,1.2872903],[30.356276,1.2872635],[30.3563672,1.2871831],[30.3564396,1.2871536],[30.3564852,1.287167],[30.356504,1.2872286],[30.356496,1.2873466],[30.3564504,1.2874459],[30.3563565,1.2876202],[30.3563404,1.2877167],[30.3563439,1.2878492],[30.3563672,1.2879446],[30.3564021,1.2880277],[30.3564611,1.2881645],[30.3565711,1.2883361],[30.356724,1.288489],[30.3568715,1.2886016],[30.3569707,1.2887491],[30.3570539,1.2888671],[30.357188,1.2889663],[30.3574267,1.2891057],[30.3576279,1.289272],[30.3577754,1.2893444],[30.3579417,1.2893497],[30.358057,1.2893873],[30.3581482,1.289449],[30.3582475,1.2895938],[30.3584003,1.289693],[30.358749,1.2898834],[30.3590548,1.2901247],[30.3594196,1.2907254],[30.3598112,1.2914065],[30.3600794,1.2916532],[30.3603315,1.2917068],[30.360589,1.2916585],[30.3611067,1.2912456],[30.3614425,1.2910186],[30.361619,1.2907844],[30.3617424,1.2903231],[30.3617585,1.2900282],[30.3617048,1.2898673],[30.3615922,1.2897761],[30.3614205,1.2897064],[30.3612918,1.2895562],[30.3612328,1.2892452],[30.3612006,1.2886874],[30.3611577,1.2884461],[30.3610584,1.2883013],[30.3609109,1.2881591],[30.3608465,1.2880733],[30.360817,1.2879446],[30.3608948,1.2877301],[30.360935,1.2875853],[30.360935,1.2874646],[30.360876,1.2873332],[30.3607821,1.2871482],[30.3607231,1.2869793],[30.3607205,1.2867728],[30.3606775,1.2865958],[30.3606212,1.2864832],[30.3605434,1.2863652],[30.3605193,1.2862204],[30.360589,1.2859308],[30.3606373,1.2857216],[30.3606936,1.2854642],[30.3607741,1.2853033],[30.3609189,1.2851344],[30.3610155,1.2850003],[30.3611013,1.284759],[30.3611281,1.284338],[30.3611255,1.283984],[30.3610879,1.2836166],[30.3609967,1.2833136],[30.3609565,1.2830991],[30.3609565,1.282898],[30.3609699,1.2826834],[30.3610262,1.2824957],[30.3611147,1.2823724],[30.3612274,1.2822866],[30.3612864,1.2821605],[30.3612757,1.2820023],[30.3612006,1.2818495],[30.3610316,1.2817074],[30.3608116,1.2816242],[30.360522,1.2815492],[30.3602162,1.2813829],[30.3598031,1.2810477],[30.3590253,1.2804926],[30.3584647,1.2802406],[30.3579846,1.2801494],[30.3573596,1.2800207],[30.3570029,1.2799751],[30.3567776,1.2799885],[30.3566435,1.2800529],[30.3564692,1.2802084],[30.356327,1.2802245],[30.3561848,1.2801708],[30.3559032,1.2800207],[30.3554445,1.2798276],[30.3550771,1.2797713],[30.3549215,1.2797525],[30.3548303,1.2796774],[30.3547981,1.2795434],[30.3548679,1.2793154],[30.3549081,1.279109],[30.3548813,1.2789078],[30.3547284,1.2785914],[30.3544897,1.2782857],[30.3541866,1.2780149],[30.3541356,1.2779157],[30.3541598,1.2776636],[30.3540981,1.2774652],[30.3540149,1.277374],[30.3537548,1.2771327],[30.353618,1.2770442],[30.3533471,1.2769342],[30.3530627,1.2768189],[30.3527999,1.2765883],[30.3525639,1.2762665],[30.3522339,1.2755023],[30.3518665,1.274974],[30.3517538,1.274722],[30.3517485,1.2745021],[30.3518558,1.2743144],[30.3520086,1.274191],[30.3521427,1.2740328],[30.3521883,1.2738424],[30.3521454,1.2733544],[30.3520972,1.2727564],[30.352014,1.2724829],[30.3519282,1.2723246],[30.3517565,1.2722067],[30.3514695,1.2721316],[30.3512496,1.2720672],[30.3511262,1.2719466],[30.3510779,1.2717642],[30.3509787,1.271488],[30.350807,1.2712145],[30.3505897,1.2709973],[30.3505012,1.2709168],[30.3504959,1.2708337]],[[30.3557235,1.2899102],[30.355745,1.2901462],[30.3558254,1.2904304],[30.3559113,1.2905993],[30.3560534,1.2907683],[30.3561661,1.2908594],[30.3562573,1.2909828],[30.3563887,1.2911946],[30.356496,1.2913314],[30.356617,1.2914915],[30.3568554,1.2916901],[30.3569945,1.2918755],[30.3572991,1.2921205],[30.3574508,1.2921948],[30.3575809,1.2921935],[30.3576775,1.2922123],[30.3577325,1.2922431],[30.3578398,1.292396],[30.3580195,1.2924603],[30.3582555,1.2923718],[30.3586256,1.2922699],[30.3589958,1.2922056],[30.3591996,1.2920822],[30.3592908,1.2918784],[30.3592586,1.2916317],[30.3590441,1.2912563],[30.3588134,1.2910525],[30.3585559,1.2908702],[30.3584433,1.2906664],[30.3583896,1.2903607],[30.3582662,1.2901408],[30.3580731,1.2899584],[30.3579752,1.2898995],[30.3578076,1.2898351],[30.3577083,1.2898002],[30.3574803,1.2897252],[30.3572363,1.2896233],[30.3570217,1.289508],[30.3567776,1.2893631],[30.3565872,1.2892452],[30.3564236,1.2891191],[30.3562519,1.2889421],[30.3561151,1.2888966],[30.3560011,1.2889274],[30.3559005,1.2890119],[30.3558496,1.2890709],[30.3558201,1.289162],[30.3558093,1.2892371],[30.3557879,1.2893792],[30.3557691,1.2895455],[30.355745,1.2896903],[30.3557235,1.2899102]],[[30.3600606,1.2931361],[30.3601357,1.2935544],[30.3603262,1.29408],[30.3603771,1.294214],[30.3604522,1.2942677],[30.3605837,1.2942516],[30.3607875,1.2942328],[30.3609833,1.2942945],[30.3611268,1.2944831],[30.3612676,1.2946136],[30.3615358,1.2947664],[30.3617933,1.2948925],[30.3620696,1.2949675],[30.3623271,1.2949488],[30.3624639,1.294879],[30.3625256,1.2947477],[30.3625497,1.294576],[30.362598,1.2944822],[30.3627026,1.2944232],[30.3629252,1.2944607],[30.3631613,1.2944875],[30.3634456,1.2944286],[30.3637943,1.2942784],[30.3641912,1.294088],[30.364489,1.2938654],[30.3645721,1.2936321],[30.3645694,1.2933479],[30.3644112,1.2931039],[30.3640115,1.2927419],[30.3636816,1.2925247],[30.3631505,1.292278],[30.3629655,1.2921278],[30.3628635,1.2919803],[30.3627214,1.2916371],[30.3623164,1.2912939],[30.3619462,1.291192],[30.3616136,1.2913314],[30.3612596,1.2916693],[30.3610879,1.2918248],[30.3608948,1.2919642],[30.360589,1.2921224],[30.3603423,1.2922833],[30.3601599,1.292522],[30.3600687,1.2928304],[30.3600606,1.2931361]],[[30.3612542,1.2958015],[30.3613508,1.295957],[30.361543,1.2960933],[30.3618577,1.296201],[30.362193,1.2962279],[30.3624693,1.2962547],[30.3628325,1.296327],[30.3632605,1.2964156],[30.3636226,1.2964504],[30.3638855,1.2964504],[30.3641054,1.2964397],[30.36432,1.2964799],[30.3646579,1.2966033],[30.3649449,1.2966676],[30.3652507,1.2966354],[30.3654385,1.296622],[30.3656343,1.2966569],[30.3658006,1.2966837],[30.3659642,1.2966649],[30.366109,1.2966006],[30.366286,1.2965925],[30.3664711,1.2966381],[30.3667179,1.2967105],[30.3669566,1.2967534],[30.3672194,1.2967132],[30.3674179,1.2966837],[30.367611,1.2966864],[30.3678015,1.2967373],[30.3679517,1.2968339],[30.3681609,1.2969572],[30.3683272,1.2970001],[30.3685364,1.2970135],[30.3687161,1.296984],[30.3688234,1.2970001],[30.3689441,1.2970645],[30.3691238,1.2971208],[30.3694591,1.2971744],[30.3696388,1.2972442],[30.3699231,1.297397],[30.3701994,1.2975472],[30.3704649,1.2976786],[30.3705963,1.2976893],[30.3707734,1.2975954],[30.370973,1.2974532],[30.3710791,1.2971744],[30.3711328,1.2969197],[30.3711408,1.2966703],[30.3709021,1.2961823],[30.3706741,1.2958712],[30.3703228,1.2953349],[30.3700894,1.2951204],[30.3696522,1.2948683],[30.3689763,1.2946029],[30.3686625,1.2945385],[30.3681529,1.2945975],[30.3677773,1.294694],[30.3674179,1.2946618],[30.36686,1.2944098],[30.3663343,1.2942543],[30.3657764,1.2941416],[30.3656048,1.294029],[30.3654975,1.2938681],[30.3654277,1.2935785],[30.3653258,1.2934123],[30.3651327,1.2933801],[30.3649771,1.2934444],[30.3648913,1.2935839],[30.3648591,1.2938896],[30.3648698,1.2942221],[30.3647089,1.2945063],[30.3641778,1.2948281],[30.3636038,1.2951016],[30.3628501,1.2953403],[30.362311,1.2954046],[30.3619462,1.29541],[30.3615519,1.29541],[30.3613776,1.2955038],[30.3612596,1.2956594],[30.3612542,1.2958015]],[[30.3619087,1.275698],[30.3619569,1.2758536],[30.3620481,1.2759984],[30.3621393,1.276111],[30.3622413,1.2761914],[30.3623591,1.276314],[30.3625363,1.2765615],[30.3627133,1.2767117],[30.3628957,1.2767814],[30.3629869,1.2767492],[30.3630084,1.2766312],[30.362885,1.2764113],[30.3627938,1.2762451],[30.3626972,1.2759555],[30.3626543,1.2757838],[30.3625792,1.2756498],[30.3625041,1.2755425],[30.3623432,1.2754138],[30.3621715,1.2753977],[30.361973,1.2754996],[30.3619087,1.275698]],[[30.3619945,1.2811308],[30.3619961,1.281316],[30.3620956,1.2817056],[30.3621951,1.2819045],[30.3622949,1.2821766],[30.3624344,1.2824448],[30.362535,1.2825261],[30.3626329,1.2825655],[30.3628233,1.2826084],[30.3629199,1.2826888],[30.3629413,1.2828202],[30.3630513,1.283142],[30.3632632,1.283496],[30.3633624,1.2837668],[30.3636521,1.2842575],[30.3639901,1.284649],[30.3643763,1.2850566],[30.3648376,1.2856358],[30.3650871,1.2858825],[30.3651401,1.285916],[30.365182,1.2858913],[30.3651696,1.2858215],[30.3649143,1.2852529],[30.3643257,1.2844075],[30.363872,1.2835496],[30.3636065,1.2831179],[30.363467,1.2828336],[30.3633624,1.2825145],[30.3633392,1.282178],[30.3633276,1.2819889],[30.3632977,1.2818216],[30.3632417,1.2815357],[30.3631988,1.2811724],[30.3631183,1.2810893],[30.3630137,1.2810665],[30.3628635,1.281045],[30.3626972,1.281037],[30.3625041,1.2810397],[30.3623486,1.2810343],[30.3620911,1.2810343],[30.3619945,1.2811308]],[[30.363505,1.2781075],[30.3635537,1.2783488],[30.363699,1.2783893],[30.3637702,1.2782908],[30.3637897,1.2780524],[30.3636186,1.2779407],[30.363505,1.2781075]],[[30.3649154,1.2686885],[30.3649449,1.2688091],[30.3650871,1.2691229],[30.3653419,1.2695734],[30.3654706,1.269753],[30.3656557,1.2698603],[30.3660661,1.2700185],[30.3664336,1.2702062],[30.3670424,1.2705548],[30.3671256,1.2706782],[30.367198,1.2708793],[30.3672355,1.2716704],[30.3673241,1.2720109],[30.3673924,1.272216],[30.3675306,1.2724105],[30.3676218,1.2725579],[30.3676513,1.2727859],[30.3676808,1.2730272],[30.3677773,1.2732471],[30.3679946,1.2735448],[30.3682575,1.2737486],[30.3687832,1.274006],[30.3693545,1.2742849],[30.3698775,1.2744967],[30.3704381,1.2747434],[30.3708968,1.2750062],[30.3710282,1.2751537],[30.3711113,1.2752663],[30.3712347,1.2753307],[30.3713983,1.2753387],[30.3715566,1.2753226],[30.371739,1.2753494],[30.3720313,1.2754647],[30.3724068,1.2755774],[30.3727823,1.2756927],[30.3730023,1.2758294],[30.3731981,1.2759662],[30.3733309,1.2760078],[30.3734703,1.2760051],[30.3735924,1.2759608],[30.3736581,1.2758831],[30.3736661,1.2757463],[30.3736098,1.2755975],[30.3735159,1.2754031],[30.3734221,1.275273],[30.3732893,1.2751604],[30.3731056,1.2750826],[30.3728829,1.2749834],[30.37273,1.2748627],[30.3726228,1.2747649],[30.3724793,1.2746925],[30.3722432,1.2746576],[30.3720689,1.2746254],[30.3718892,1.2745584],[30.3717121,1.2744109],[30.3715083,1.2741561],[30.3712615,1.2739389],[30.3709853,1.2737003],[30.3707305,1.2735099],[30.3704327,1.2733812],[30.3699982,1.2733517],[30.369679,1.2733865],[30.3694805,1.2734415],[30.3693585,1.2735273],[30.369278,1.2735515],[30.3692003,1.2735287],[30.3691211,1.2734589],[30.3690313,1.2733302],[30.3689817,1.2731439],[30.3689642,1.2729267],[30.3689066,1.2727711],[30.3687912,1.2726169],[30.3686263,1.2724882],[30.3685257,1.2723166],[30.3684653,1.2720887],[30.3684466,1.2717535],[30.3684492,1.2715135],[30.3684653,1.2714371],[30.3685136,1.2713392],[30.3686061,1.2712534],[30.3686839,1.2711005],[30.3687081,1.2708766],[30.3686705,1.270532],[30.3686222,1.2701137],[30.3685726,1.2699649],[30.3684908,1.2698858],[30.3684667,1.2698254],[30.3684653,1.2697262],[30.3685002,1.2694447],[30.3685056,1.269261],[30.3684506,1.2690934],[30.3683031,1.2689526],[30.3680563,1.2688212],[30.3677988,1.2687568],[30.3676057,1.2687662],[30.3675252,1.2688051],[30.3674997,1.2688762],[30.3675346,1.2689311],[30.3676379,1.2690022],[30.3677465,1.2691215],[30.3678001,1.2692181],[30.3678069,1.269316],[30.3677411,1.2693937],[30.3676379,1.2693991],[30.3675279,1.269316],[30.3674313,1.2691564],[30.3673616,1.269033],[30.3672369,1.2689647],[30.3670411,1.2689191],[30.3668144,1.2688158],[30.3664979,1.2686509],[30.3662337,1.2685892],[30.3659333,1.268537],[30.3657094,1.2684927],[30.3653526,1.2684579],[30.3651005,1.2684579],[30.3649583,1.268549],[30.3649154,1.2686885]],[[30.3654867,1.2599305],[30.3656235,1.2604963],[30.3658596,1.2610299],[30.3660044,1.2613464],[30.3660902,1.2614241],[30.3662176,1.2614751],[30.3663772,1.2614778],[30.3665014,1.2615344],[30.3666106,1.2616923],[30.3668252,1.2619926],[30.3669378,1.2620543],[30.3671001,1.2620302],[30.3672288,1.2619403],[30.3673375,1.2617701],[30.3673469,1.2609669],[30.3673267,1.2607511],[30.367257,1.2605499],[30.3672194,1.260322],[30.3672624,1.2600726],[30.3674528,1.2597937],[30.3675199,1.2595256],[30.3674528,1.2592226],[30.3672194,1.2588954],[30.3667581,1.2586594],[30.3662619,1.2585281],[30.3659052,1.2584932],[30.365653,1.2586487],[30.3655109,1.2589249],[30.3654894,1.2592735],[30.3654867,1.2599305]],[[30.3683118,1.2646407],[30.3683138,1.2646789],[30.3683487,1.2647305],[30.3684211,1.2648324],[30.3684774,1.2649035],[30.3685659,1.2649933],[30.3686933,1.2650617],[30.3688194,1.2650992],[30.3689079,1.2650992],[30.3690433,1.2650885],[30.369156,1.2650724],[30.3692539,1.2650308],[30.3692673,1.2649785],[30.3692231,1.2648927],[30.3691144,1.2647814],[30.3690232,1.2647171],[30.3688945,1.2646433],[30.3687496,1.2645857],[30.3686437,1.2645629],[30.368523,1.2645803],[30.3683969,1.2646071],[30.3683346,1.2646185],[30.3683118,1.2646407]],[[30.3683889,1.2595068],[30.3684157,1.2595524],[30.3685042,1.259665],[30.3686598,1.2598822],[30.3688502,1.2600968],[30.3690541,1.260263],[30.3692284,1.2603059],[30.3693759,1.2602845],[30.3694725,1.2601933],[30.3695047,1.2600592],[30.3694484,1.2598903],[30.3693438,1.259783],[30.3691801,1.2596972],[30.3688154,1.2595792],[30.3685096,1.2594693],[30.3684251,1.2594545],[30.3683943,1.2594679],[30.3683889,1.2595068]],[[30.3698507,1.2608074],[30.369907,1.2608825],[30.3699714,1.26092],[30.3700693,1.2609334],[30.3701662,1.2609177],[30.3702208,1.260865],[30.370257,1.2607323],[30.3702651,1.2605955],[30.370249,1.2604762],[30.3702275,1.2604568],[30.3701612,1.2604588],[30.3700445,1.2604943],[30.3699097,1.2605875],[30.3698641,1.2606813],[30.3698507,1.2608074]],[[30.3698829,1.2651086],[30.3698963,1.265189],[30.3699526,1.2652963],[30.3701001,1.2653928],[30.3702342,1.2654411],[30.3703791,1.2654626],[30.370481,1.2655162],[30.3705722,1.2655323],[30.3706849,1.2655457],[30.3707506,1.2655913],[30.3708565,1.265669],[30.3709786,1.2657428],[30.371114,1.2657897],[30.3712226,1.2657978],[30.3713098,1.2657683],[30.3713568,1.2656851],[30.3714037,1.2656007],[30.3713903,1.2655363],[30.3713393,1.265421],[30.37122,1.2653124],[30.3710899,1.26524],[30.3708713,1.2651555],[30.3706433,1.2650858],[30.3705159,1.2650349],[30.3703536,1.2649611],[30.3702316,1.2649195],[30.370131,1.2648927],[30.370072,1.2648927],[30.3699633,1.2649142],[30.369907,1.265],[30.3698829,1.2651086]],[[30.3711918,1.2979708],[30.3712293,1.298306],[30.3713366,1.2985393],[30.3714974,1.298727],[30.3716934,1.2988584],[30.371924,1.2988772],[30.3721601,1.2988236],[30.3723532,1.2986841],[30.3725973,1.298357],[30.3727958,1.2980379],[30.3728977,1.297759],[30.3729352,1.2974345],[30.3728816,1.2970404],[30.372718,1.2964853],[30.372549,1.2962547],[30.3723478,1.2961662],[30.372085,1.2961608],[30.3718677,1.2962413],[30.3717363,1.2963592],[30.3716102,1.2966006],[30.3715121,1.2969553],[30.3714251,1.2972012],[30.3713474,1.297389],[30.3712159,1.2977027],[30.3711918,1.2979708]],[[30.3713286,1.301666],[30.3714225,1.301859],[30.3715593,1.3020468],[30.3722674,1.3027064],[30.3725731,1.3028727],[30.3727823,1.3028995],[30.3732008,1.3028566],[30.373705,1.3027386],[30.3740698,1.3027493],[30.3747028,1.3028673],[30.3751695,1.303055],[30.3754538,1.3031301],[30.3756469,1.3031086],[30.3756899,1.3029746],[30.3756416,1.3026796],[30.3755236,1.30239],[30.3753546,1.3021862],[30.3750166,1.302028],[30.3745204,1.3019154],[30.3739893,1.3016713],[30.3731525,1.301422],[30.3722969,1.3011913],[30.3717497,1.3011002],[30.3715432,1.3011216],[30.371393,1.3012798],[30.3713313,1.3014649],[30.3713286,1.301666]],[[30.3755826,1.3044038],[30.3756282,1.3045593],[30.3757086,1.304672],[30.3760949,1.3050232],[30.3766903,1.305463],[30.3773716,1.3059055],[30.3775272,1.3059296],[30.3776666,1.3059349],[30.3779027,1.3058947],[30.3781119,1.3056936],[30.3781897,1.3054228],[30.3781119,1.3051761],[30.3778759,1.3049374],[30.377318,1.3045835],[30.3766233,1.304259],[30.3761083,1.3041222],[30.3758481,1.3041008],[30.3756228,1.3042376],[30.3755826,1.3044038]],[[30.3783345,1.3058465],[30.3783748,1.3059671],[30.3784713,1.3060368],[30.3786296,1.306128],[30.3787288,1.3062433],[30.3787878,1.3063291],[30.3788576,1.3063774],[30.3789702,1.3063962],[30.3791982,1.3064418],[30.3794423,1.3065866],[30.3796113,1.3066938],[30.3797159,1.3067179],[30.3798687,1.3066911],[30.3799733,1.3066134],[30.3799921,1.3065034],[30.3799358,1.3063774],[30.379461,1.306002],[30.3793269,1.305892],[30.3791419,1.3056373],[30.3789648,1.3054898],[30.3787476,1.3054335],[30.378533,1.3054979],[30.3783721,1.3056534],[30.3783345,1.3058465]],[[30.3811026,1.3068815],[30.3811616,1.3069834],[30.3813332,1.307096],[30.38147,1.3071497],[30.381867,1.3072087],[30.3819689,1.307155],[30.382044,1.3070236],[30.3820628,1.3068896],[30.3820333,1.3068279],[30.3819582,1.3068011],[30.3817463,1.3067474],[30.3815827,1.3066831],[30.3814781,1.3066563],[30.3812313,1.306675],[30.3811428,1.3067421],[30.3811026,1.3068815]],[[30.4001141,1.2598628],[30.4001255,1.2598742],[30.4001503,1.2599111],[30.400167,1.2599693],[30.4001644,1.2600002],[30.4001644,1.2600277],[30.4001845,1.2600559],[30.4002274,1.2600733],[30.4002783,1.2600955],[30.4003112,1.2600914],[30.4003434,1.2600619],[30.4003522,1.260015],[30.4003461,1.2599707],[30.4003266,1.2599405],[30.4002763,1.2599144],[30.4002368,1.2598742],[30.4001791,1.2598554],[30.4001406,1.2598497],[30.4001231,1.2598497],[30.4001147,1.2598541],[30.4001141,1.2598628]],[[30.4013123,1.2613665],[30.4013288,1.2613796],[30.4013546,1.2613859],[30.4013995,1.2613738],[30.4014096,1.2613524],[30.4014055,1.2613296],[30.4013841,1.2613202],[30.4013439,1.2613316],[30.4013157,1.2613498],[30.4013123,1.2613665]],[[30.4017368,1.2615636],[30.4017502,1.2616333],[30.4017891,1.2616735],[30.4018964,1.2617191],[30.4019366,1.2617741],[30.4019661,1.2618612],[30.402009,1.2619336],[30.4021069,1.262002],[30.4022638,1.2620999],[30.4024154,1.2621213],[30.402575,1.2621133],[30.4026984,1.2620664],[30.402866,1.2619497],[30.4029384,1.2618518],[30.4029492,1.2617272],[30.4029196,1.2616454],[30.4028673,1.2615984],[30.4027936,1.2615743],[30.402689,1.2615529],[30.4025978,1.2615394],[30.4025508,1.2615113],[30.4024959,1.261467],[30.4024516,1.2614295],[30.4023953,1.2613946],[30.4023349,1.2613651],[30.4022478,1.2613383],[30.4020855,1.2613155],[30.4019514,1.2613343],[30.4018575,1.2613906],[30.4017623,1.2615032],[30.4017368,1.2615636]],[[30.4190209,1.2698201],[30.419037,1.2699783],[30.4191443,1.2701365],[30.4193026,1.2702572],[30.4194635,1.2703296],[30.4196164,1.2703175],[30.4198122,1.270217],[30.420059,1.2700132],[30.4203245,1.2698469],[30.4206973,1.2696351],[30.4209816,1.2693803],[30.4210621,1.2691819],[30.4211372,1.2689995],[30.4212123,1.2689674],[30.4212928,1.2689968],[30.4213572,1.2691122],[30.4214403,1.2692704],[30.4215583,1.2693642],[30.4216897,1.2693803],[30.4217944,1.2693454],[30.4218695,1.2692797],[30.4219365,1.2691457],[30.4219633,1.2689942],[30.421958,1.2688279],[30.4219151,1.2686617],[30.4218534,1.2684284],[30.421797,1.2682326],[30.4216871,1.268069],[30.4215704,1.2680167],[30.4214001,1.2680181],[30.4212794,1.2680395],[30.4211372,1.2680905],[30.4209763,1.2681307],[30.4208717,1.2682514],[30.4208502,1.2684015],[30.4208851,1.2685785],[30.4209065,1.2686724],[30.4208931,1.2687501],[30.4208073,1.2688413],[30.4206437,1.2689405],[30.4204881,1.2690639],[30.4203352,1.2692221],[30.4202279,1.2693025],[30.4200777,1.269383],[30.4198551,1.2694661],[30.4196151,1.2695305],[30.4194689,1.2695412],[30.4192328,1.2695814],[30.4191148,1.2696404],[30.4190209,1.2698201]],[[30.4223375,1.2631122],[30.4223482,1.2631765],[30.4224233,1.2632449],[30.4225548,1.263265],[30.4226728,1.2631806],[30.4227452,1.2631229],[30.4227948,1.2631068],[30.4228404,1.2630666],[30.4228485,1.2629928],[30.4227921,1.2629312],[30.4227506,1.26284],[30.4226902,1.2628172],[30.4226325,1.2628172],[30.4225588,1.2628427],[30.4224622,1.2628829],[30.4224099,1.2629204],[30.4223737,1.262962],[30.422359,1.2630639],[30.4223375,1.2631122]],[[30.4225802,1.2633535],[30.422595,1.2634004],[30.4226245,1.2634219],[30.4226641,1.2634152],[30.4227318,1.2633321],[30.4227318,1.2632972],[30.4227036,1.263257],[30.42265,1.2632275],[30.4226178,1.2632489],[30.4226017,1.2632972],[30.4225802,1.2633535]],[[30.4227827,1.2636632],[30.4227921,1.2637263],[30.4228337,1.2637772],[30.4229128,1.2637973],[30.4230188,1.2637839],[30.4231006,1.2637517],[30.423224,1.2636874],[30.4232857,1.2636351],[30.4232816,1.2635761],[30.4232468,1.2635426],[30.4231878,1.2635613],[30.4231529,1.2635882],[30.423114,1.2635814],[30.4230858,1.2635399],[30.4230657,1.2635037],[30.4230282,1.2634782],[30.4229853,1.2634769],[30.4229504,1.263501],[30.4229128,1.2635466],[30.4228967,1.2635747],[30.4228659,1.2636069],[30.422819,1.263627],[30.4227827,1.2636632]],[[30.4228129,1.263255],[30.4228351,1.2633274],[30.4228699,1.2633696],[30.4229209,1.2634112],[30.4229705,1.2634206],[30.4230671,1.2634152],[30.4231958,1.2633535],[30.4232427,1.2633106],[30.4232803,1.2632556],[30.4232816,1.2632168],[30.4232602,1.2631759],[30.4232052,1.2631591],[30.4231522,1.263149],[30.4230912,1.2631142],[30.4230436,1.2631135],[30.423002,1.2631316],[30.4229678,1.2631772],[30.4229611,1.2632235],[30.4229477,1.2632436],[30.4229296,1.2632469],[30.4228954,1.2632328],[30.4228552,1.2632208],[30.4228297,1.2632241],[30.4228129,1.263255]],[[30.4228833,1.2628695],[30.4229504,1.2629821],[30.4230094,1.2629942],[30.4230805,1.2629821],[30.4233205,1.262832],[30.4234761,1.2627596],[30.4235512,1.2627207],[30.4236384,1.2626804],[30.4237309,1.2625745],[30.4238221,1.2624136],[30.4239093,1.2623238],[30.423928,1.2622487],[30.4238999,1.2621696],[30.4238114,1.2621321],[30.4237363,1.262128],[30.4236625,1.2621562],[30.4235445,1.2622648],[30.4235096,1.2623359],[30.4234613,1.2623962],[30.4233608,1.2624378],[30.4231971,1.2625263],[30.4230764,1.2626201],[30.422945,1.2627301],[30.42289,1.2628038],[30.4228833,1.2628695]],[[30.423452,1.2630706],[30.423456,1.2631242],[30.4234909,1.2632087],[30.4234962,1.2632597],[30.4234962,1.2633683],[30.4234895,1.2634876],[30.4234613,1.2635975],[30.4234815,1.2636807],[30.423511,1.2637088],[30.4235794,1.2637222],[30.4236022,1.2637718],[30.4235847,1.2638402],[30.4235874,1.2639019],[30.4236357,1.263989],[30.4237108,1.2640145],[30.4237671,1.2640025],[30.4238114,1.2639287],[30.4237993,1.2638214],[30.4237859,1.2636968],[30.4238114,1.2635908],[30.4238664,1.2634581],[30.4238865,1.2632878],[30.4239522,1.2631041],[30.4239629,1.2629044],[30.4239334,1.2627113],[30.4239334,1.2626523],[30.4239093,1.2626255],[30.423857,1.2626442],[30.4238127,1.2627046],[30.4236773,1.2628655],[30.4235673,1.2629566],[30.4234681,1.2630264],[30.423452,1.2630706]],[[30.423975,1.2634675],[30.4240099,1.2635721],[30.4240876,1.2635721],[30.4241654,1.263505],[30.4242191,1.2633522],[30.4242647,1.2631725],[30.4244095,1.2630492],[30.4244444,1.2630089],[30.4245034,1.2629124],[30.4245463,1.2627864],[30.4245248,1.262655],[30.4244712,1.2625263],[30.4243478,1.2622849],[30.4242942,1.2621911],[30.4242271,1.2621508],[30.4241547,1.2621696],[30.4241011,1.2622501],[30.4240367,1.2623788],[30.4240072,1.2625182],[30.4240528,1.2626389],[30.4240528,1.2627649],[30.4240447,1.2629392],[30.4240367,1.2631216],[30.4239964,1.2633683],[30.423975,1.2634675]],[[30.4247421,1.2655899],[30.4247528,1.2656623],[30.4247703,1.26572],[30.4248641,1.2657334],[30.4249285,1.2657267],[30.4249862,1.2657347],[30.4250532,1.2656918],[30.4250774,1.265602],[30.4250452,1.2655537],[30.4249701,1.2655189],[30.4248963,1.2655202],[30.4248293,1.2655457],[30.4247783,1.2655631],[30.4247421,1.2655899]],[[30.4375983,1.2688099],[30.4376097,1.2688588],[30.4376426,1.2688991],[30.43766,1.2689265],[30.4376882,1.2689426],[30.4377271,1.2689279],[30.437725,1.2688977],[30.4377277,1.2688595],[30.4377096,1.2688213],[30.4376714,1.2687817],[30.4376436,1.2687509],[30.4376259,1.2687513],[30.437605,1.2687737],[30.4375983,1.2688099]],[[30.443995,1.2697396],[30.4440111,1.2698214],[30.4440553,1.2698804],[30.4441211,1.2698965],[30.4442163,1.2698335],[30.4442766,1.2697665],[30.4443571,1.2696632],[30.4444174,1.2696123],[30.4444376,1.2695506],[30.4444456,1.2694822],[30.4444201,1.2694125],[30.4443866,1.2693803],[30.4443155,1.2693106],[30.444223,1.2692583],[30.4441372,1.2692073],[30.4440882,1.2691953],[30.4440393,1.2692033],[30.4440258,1.2692368],[30.4440325,1.2692757],[30.4440688,1.2693227],[30.4440862,1.2694125],[30.4440795,1.2694943],[30.4440553,1.2695828],[30.4440138,1.2696632],[30.443995,1.2697396]],[[30.4458779,1.2189452],[30.4459396,1.2191195],[30.446063,1.2192804],[30.4461139,1.2194279],[30.4461488,1.2195271],[30.4462051,1.2195459],[30.4463339,1.2194976],[30.4464841,1.2194279],[30.4466531,1.2193716],[30.4467791,1.2193206],[30.4468435,1.2192295],[30.446865,1.2191034],[30.4468086,1.2189801],[30.4466987,1.2187924],[30.4465726,1.218661],[30.4465163,1.2186073],[30.4464439,1.2184196],[30.4463258,1.2183767],[30.4461783,1.2183955],[30.4461274,1.2184572],[30.4460978,1.2185349],[30.446071,1.218669],[30.4459932,1.2187763],[30.4458967,1.2188272],[30.4458779,1.2189452]],[[30.4462454,1.2164701],[30.4462507,1.2167651],[30.4462588,1.2169823],[30.4462668,1.2171646],[30.4462561,1.2172719],[30.4462534,1.2173926],[30.4463527,1.2174623],[30.446586,1.2175159],[30.4468435,1.2176232],[30.4469535,1.2177358],[30.4470447,1.2177707],[30.4471171,1.2177573],[30.447152,1.2176902],[30.4470849,1.2175508],[30.4469132,1.2172826],[30.4468569,1.21717],[30.4468086,1.2169608],[30.4468569,1.2168026],[30.4468918,1.2166739],[30.4468542,1.2165398],[30.4467657,1.2164326],[30.4466182,1.216336],[30.446468,1.2163012],[30.4463366,1.2163226],[30.4462454,1.2164701]],[[30.4475141,1.2207017],[30.4475811,1.2207714],[30.4476401,1.2207902],[30.4478198,1.220817],[30.4480398,1.2208277],[30.4481444,1.2208679],[30.4482222,1.2209028],[30.4482973,1.2208787],[30.4483134,1.220817],[30.4482758,1.2207392],[30.4481524,1.2205944],[30.4481095,1.2205488],[30.4479808,1.2204764],[30.4478279,1.220404],[30.4477394,1.2204442],[30.4476455,1.2205327],[30.4475436,1.2206024],[30.4475141,1.2207017]],[[30.4486513,1.2240215],[30.448705,1.2241797],[30.4488391,1.2243191],[30.4492173,1.2244881],[30.449456,1.2245632],[30.4495391,1.22459],[30.4496008,1.2245685],[30.4498664,1.224228],[30.45003,1.2239384],[30.4500595,1.2237855],[30.4500273,1.2236514],[30.4499361,1.2235656],[30.4495606,1.2233699],[30.4493111,1.223276],[30.449118,1.2232331],[30.44889,1.2233645],[30.4487425,1.2235897],[30.4486674,1.2238472],[30.4486513,1.2240215]],[[30.4509795,1.2377807],[30.4509969,1.2378478],[30.4511377,1.2379926],[30.4513215,1.2381132],[30.4515065,1.2382071],[30.4516125,1.2382741],[30.4517265,1.2383465],[30.4518338,1.238364],[30.4519115,1.2383479],[30.4519907,1.2382768],[30.4520161,1.238195],[30.4520389,1.2381039],[30.4520389,1.2380167],[30.4519545,1.2378706],[30.4518834,1.2377539],[30.4517855,1.237585],[30.4517117,1.2375045],[30.4516527,1.2374643],[30.4515776,1.2374469],[30.4515146,1.2373879],[30.4514945,1.2373678],[30.4514649,1.2373691],[30.4514408,1.2373959],[30.4513724,1.2374549],[30.4512839,1.2374764],[30.4511552,1.2374965],[30.4511042,1.2375622],[30.4510505,1.2376346],[30.4509929,1.2377284],[30.4509795,1.2377807]],[[30.4531038,1.2078514],[30.4531574,1.2079935],[30.4532433,1.2081142],[30.4534042,1.2082617],[30.4535812,1.2083261],[30.4538682,1.2083904],[30.4540291,1.2083421],[30.4541793,1.2082081],[30.4543322,1.2079828],[30.4543832,1.2078085],[30.4543832,1.2076476],[30.4542813,1.2075135],[30.4541954,1.2073768],[30.4541579,1.2072695],[30.4541633,1.2071622],[30.4542169,1.2070308],[30.4542249,1.2068807],[30.454182,1.2066929],[30.4541257,1.2065133],[30.4541606,1.2062907],[30.4541901,1.20617],[30.454174,1.2061271],[30.4541324,1.2061177],[30.4541042,1.2061539],[30.4540774,1.206217],[30.4540224,1.2062505],[30.4539675,1.2062585],[30.4539151,1.2062371],[30.4538199,1.2061539],[30.4537649,1.2061271],[30.4537287,1.2061379],[30.4536268,1.2062478],[30.4535356,1.2064167],[30.4534659,1.2066527],[30.4534525,1.2069397],[30.4534337,1.2072159],[30.4533532,1.2074197],[30.4532191,1.2075779],[30.4531306,1.2077361],[30.4531038,1.2078514]],[[30.4534136,1.2058442],[30.4534297,1.2059649],[30.4534404,1.206048],[30.4534578,1.2060996],[30.4535021,1.2061332],[30.4535933,1.2061198],[30.4536375,1.2060829],[30.4536603,1.206036],[30.4536697,1.2059662],[30.4536617,1.2058496],[30.4536496,1.2057892],[30.4536214,1.2057517],[30.4535799,1.205737],[30.4534954,1.2057571],[30.4534391,1.2057892],[30.4534136,1.2058442]],[[30.4542518,1.2083871],[30.4542672,1.2084038],[30.4542947,1.2084166],[30.4543037,1.208428],[30.4543054,1.208444],[30.4542967,1.2084749],[30.4543014,1.208488],[30.4543242,1.2084943],[30.4543356,1.2084873],[30.4543517,1.2084568],[30.4543577,1.2084293],[30.4543584,1.2084065],[30.45435,1.2083948],[30.4543322,1.2083951],[30.4543228,1.2083884],[30.4543188,1.2083703],[30.4543151,1.2083498],[30.4543068,1.2083348],[30.4542766,1.2083227],[30.4542598,1.2083301],[30.4542538,1.2083535],[30.4542518,1.2083871]],[[30.45601,1.2517826],[30.456018,1.251867],[30.4560596,1.2519126],[30.4561172,1.2519314],[30.4561307,1.2519663],[30.4561092,1.2520145],[30.4560985,1.2521003],[30.4561213,1.2521406],[30.4561762,1.252166],[30.4562487,1.2521674],[30.4562956,1.2521432],[30.4563399,1.2520722],[30.4563694,1.2520038],[30.4564244,1.251981],[30.4564512,1.2519408],[30.4564404,1.2518751],[30.4564793,1.2517665],[30.4565357,1.2516874],[30.4566027,1.2516257],[30.4566134,1.2515902],[30.4566014,1.2515493],[30.4565598,1.2514997],[30.4564619,1.2514608],[30.4563466,1.2514608],[30.4562406,1.2515023],[30.4561937,1.2515506],[30.4561441,1.2516203],[30.4560891,1.2516632],[30.4560368,1.2517115],[30.45601,1.2517826]],[[30.4578486,1.1884633],[30.4578647,1.188533],[30.4579291,1.1885652],[30.4579908,1.1885545],[30.4580538,1.188537],[30.4581128,1.1884874],[30.4581168,1.1884365],[30.4580793,1.1883882],[30.4580323,1.188352],[30.4579827,1.1883574],[30.4579076,1.1883855],[30.457854,1.1884123],[30.4578486,1.1884633]],[[30.4585568,1.1920109],[30.4585581,1.1920634],[30.4585983,1.1920967],[30.4588156,1.192145],[30.4589222,1.1921484],[30.4590543,1.1921625],[30.4590992,1.1921572],[30.4591441,1.192123],[30.4591562,1.192082],[30.4591508,1.1920083],[30.4591569,1.1919486],[30.4591455,1.1919206],[30.4591193,1.1918924],[30.4590449,1.191836],[30.4589557,1.1917992],[30.4588947,1.1917825],[30.4588344,1.191783],[30.4587512,1.1918039],[30.4586761,1.19185],[30.4585983,1.1919293],[30.4585568,1.1920109]],[[30.458658,1.2164453],[30.4586707,1.2164889],[30.458719,1.2165311],[30.4587659,1.2165572],[30.4588296,1.2165613],[30.4588847,1.2165358],[30.4589289,1.2164862],[30.4589544,1.2163877],[30.4589637,1.2163179],[30.4589551,1.2162582],[30.4589275,1.2162247],[30.4588805,1.2162059],[30.4588008,1.216208],[30.4587404,1.2162248],[30.4586673,1.2163769],[30.458658,1.2164453]],[[30.4589396,1.2170225],[30.458955,1.2170393],[30.4589896,1.21705],[30.459002,1.2170674],[30.459012,1.217117],[30.4590234,1.2171512],[30.4590455,1.2171593],[30.4590724,1.2171552],[30.4591025,1.2171418],[30.4591099,1.2171117],[30.4590999,1.2170788],[30.459069,1.2170419],[30.459069,1.2170158],[30.4590952,1.2169843],[30.4591461,1.2169769],[30.4592065,1.216995],[30.4592896,1.2170399],[30.4593527,1.2171083],[30.4593741,1.2171693],[30.4593634,1.2172142],[30.4593332,1.2172417],[30.4592836,1.217288],[30.459242,1.2173751],[30.4592105,1.2174737],[30.4592011,1.217587],[30.4592179,1.2177231],[30.4592581,1.2178176],[30.459356,1.2179269],[30.4594506,1.2180147],[30.4595806,1.2180744],[30.4597315,1.2181481],[30.4599528,1.2182614],[30.4599944,1.2183016],[30.4600058,1.2183419],[30.4600185,1.2183848],[30.4600661,1.2184357],[30.4601271,1.2184692],[30.4601808,1.2185054],[30.4602271,1.2185135],[30.460276,1.2184987],[30.4602955,1.2184552],[30.4602914,1.2184035],[30.4602673,1.2183412],[30.4602351,1.2182909],[30.4602056,1.2182386],[30.4601862,1.2181749],[30.4601473,1.2180837],[30.4601486,1.2180408],[30.4601714,1.2179953],[30.4602083,1.2179624],[30.4602914,1.2179322],[30.4603337,1.2179007],[30.4603478,1.2178437],[30.460333,1.2178035],[30.4602894,1.217768],[30.4602532,1.217772],[30.460213,1.2177948],[30.4601727,1.2178002],[30.4601225,1.2177821],[30.4600862,1.2177365],[30.4600621,1.2176855],[30.4600232,1.2176627],[30.4599615,1.2176534],[30.4598992,1.217644],[30.4598113,1.2176091],[30.4597208,1.2175642],[30.4596873,1.2175173],[30.4596792,1.2174422],[30.4597013,1.2173208],[30.4597241,1.2172303],[30.4597355,1.2171251],[30.4597443,1.2170668],[30.4597677,1.216924],[30.4597758,1.2167477],[30.4597617,1.2166431],[30.4597141,1.2164915],[30.4596075,1.2163776],[30.4595324,1.2163159],[30.4594794,1.2162837],[30.4594097,1.2162536],[30.4593285,1.2162341],[30.4592641,1.2162448],[30.4592065,1.2162777],[30.4591642,1.2163333],[30.4591394,1.2164198],[30.4591052,1.2165096],[30.4590697,1.2166075],[30.4590616,1.2167021],[30.4590717,1.2167691],[30.4590985,1.2168737],[30.4591099,1.2169132],[30.4591045,1.2169401],[30.4590771,1.2169595],[30.4590476,1.2169615],[30.4590107,1.2169535],[30.4589791,1.2169561],[30.4589403,1.216991],[30.4589396,1.2170225]],[[30.4625586,1.2549951],[30.4625693,1.2550367],[30.4626015,1.2550916],[30.4626296,1.2551412],[30.4626296,1.2551613],[30.4626645,1.2551908],[30.4627034,1.2551935],[30.462753,1.25516],[30.4627611,1.2550997],[30.4627517,1.2550045],[30.4627182,1.2549575],[30.4626632,1.2549213],[30.4626216,1.254924],[30.4625773,1.2549455],[30.4625586,1.2549951]],[[30.4631245,1.2575654],[30.4631909,1.2576793],[30.4632224,1.2576948],[30.4632626,1.2576894],[30.4633512,1.2576311],[30.4634122,1.2576284],[30.4634464,1.2576525],[30.4634665,1.2576874],[30.4634752,1.2577497],[30.4634424,1.2578523],[30.463435,1.2579039],[30.4634578,1.2579589],[30.4635027,1.2579998],[30.4635617,1.2580092],[30.4636261,1.2579676],[30.4637039,1.2578697],[30.4637173,1.257808],[30.4637025,1.2577249],[30.463673,1.2576807],[30.4635952,1.2576418],[30.4635631,1.2575801],[30.4635684,1.2575024],[30.4635738,1.2574501],[30.4635403,1.2573924],[30.4634356,1.257379],[30.463331,1.2573964],[30.4632224,1.2574527],[30.4631366,1.2575131],[30.4631245,1.2575654]],[[30.4636663,1.1717191],[30.4636744,1.1717996],[30.4637146,1.1718827],[30.4637897,1.1719658],[30.4638728,1.1719551],[30.4639184,1.1718746],[30.4639077,1.1717593],[30.4638782,1.1716869],[30.4637977,1.1716682],[30.4637226,1.1716816],[30.4636663,1.1717191]],[[30.4639265,1.1768866],[30.4639801,1.1770315],[30.4640096,1.1771173],[30.4640526,1.1771843],[30.464133,1.1772326],[30.4641545,1.1772916],[30.4641679,1.1774471],[30.4641531,1.1775383],[30.4641733,1.177608],[30.4642269,1.1776456],[30.4643074,1.177675],[30.4643825,1.177675],[30.4645058,1.1776026],[30.4645702,1.1773372],[30.4645997,1.1771977],[30.4646534,1.177128],[30.4647231,1.1771012],[30.4648277,1.1770878],[30.4648948,1.1770878],[30.4650128,1.1770931],[30.4651603,1.1770475],[30.46523,1.1769993],[30.4652488,1.1769322],[30.4652247,1.1768035],[30.4651791,1.1766212],[30.4651268,1.1764817],[30.4650731,1.1763838],[30.4650155,1.1763074],[30.4648961,1.1762712],[30.4647204,1.1762752],[30.4645126,1.1763758],[30.4644375,1.1764214],[30.4644147,1.1764924],[30.4643637,1.1766641],[30.4643235,1.1766882],[30.4642457,1.1766949],[30.4641545,1.1766453],[30.4640311,1.1766507],[30.4639506,1.1767472],[30.4639265,1.1768866]],[[30.4644696,1.179819],[30.4645018,1.1798566],[30.4645447,1.1798847],[30.4646587,1.1798552],[30.4647084,1.179823],[30.4647285,1.1797855],[30.464707,1.1797399],[30.4646668,1.1797185],[30.4645903,1.1796903],[30.4645327,1.1797024],[30.4644871,1.17976],[30.4644696,1.179819]],[[30.4646467,1.1777984],[30.464652,1.177899],[30.4647312,1.1779727],[30.4648143,1.1779861],[30.4650101,1.1779352],[30.4651549,1.1778628],[30.4652032,1.1778413],[30.4652636,1.1778333],[30.4653132,1.1778547],[30.4653481,1.177899],[30.4654044,1.1779177],[30.4654406,1.1778829],[30.4654419,1.1778413],[30.4654124,1.1777702],[30.4653521,1.1777354],[30.4652864,1.1776563],[30.4651985,1.17749],[30.4651724,1.1774753],[30.4651442,1.1774753],[30.4651013,1.1774974],[30.4650758,1.1775363],[30.465057,1.1775792],[30.4650597,1.1776576],[30.4650637,1.1777019],[30.4650275,1.177722],[30.4649833,1.1777166],[30.4649377,1.177675],[30.4648559,1.1776469],[30.4647835,1.1776496],[30.4647137,1.1776764],[30.4646547,1.1777273],[30.4646467,1.1777984]],[[30.4654661,1.1754184],[30.4654782,1.1754801],[30.4655278,1.1755338],[30.4656109,1.1755418],[30.4656619,1.175515],[30.4656847,1.1754037],[30.4656766,1.1753165],[30.465627,1.1752696],[30.4655801,1.1752683],[30.4655305,1.1752844],[30.4655103,1.175346],[30.4654661,1.1754184]],[[30.4668367,1.2334553],[30.4668581,1.2335787],[30.4670432,1.2339246],[30.4673249,1.2343081],[30.4676226,1.2346942],[30.468166,1.2350838],[30.4683471,1.2352186],[30.4685292,1.2352895],[30.4686727,1.2353271],[30.4688819,1.2353016],[30.4690146,1.2353204],[30.4691099,1.2353606],[30.4692601,1.2354772],[30.4695833,1.2356736],[30.4698864,1.2357695],[30.4700285,1.2358285],[30.4702176,1.235854],[30.4703061,1.2358929],[30.4703718,1.2359425],[30.470451,1.2360364],[30.4705636,1.2361074],[30.4707795,1.2361892],[30.4708815,1.2362321],[30.4710773,1.2362549],[30.4712784,1.2363313],[30.4713576,1.2363501],[30.4714863,1.2363394],[30.4715949,1.236334],[30.4717156,1.2363514],[30.4718202,1.2363488],[30.4719771,1.2363005],[30.4721193,1.2362093],[30.4722555,1.2360483],[30.4723567,1.2358755],[30.472421,1.2355188],[30.472476,1.2350696],[30.472468,1.2347425],[30.472409,1.2346124],[30.4723231,1.2345011],[30.4721957,1.2343992],[30.4720965,1.2343899],[30.4720093,1.2344408],[30.471957,1.2345454],[30.47178,1.2348363],[30.4716003,1.2349758],[30.4715279,1.2349999],[30.4714903,1.2349651],[30.4715306,1.234839],[30.4716539,1.2345628],[30.4717907,1.2342866],[30.4719087,1.2341177],[30.4720321,1.234048],[30.472185,1.2340104],[30.4722869,1.23393],[30.4723299,1.2337878],[30.4722789,1.2334607],[30.472185,1.2332006],[30.4720214,1.2330531],[30.4718336,1.2329673],[30.4714742,1.2328895],[30.4711631,1.2327125],[30.4710504,1.2327045],[30.4709136,1.2327393],[30.47075,1.2327822],[30.4704604,1.2327983],[30.4701127,1.232716],[30.469932,1.2326535],[30.4696691,1.2326133],[30.4694411,1.2326401],[30.4692051,1.2327045],[30.4689985,1.2328439],[30.4688537,1.2329056],[30.4686204,1.2328815],[30.4683951,1.2328091],[30.4681188,1.2327474],[30.4679847,1.2327313],[30.4679257,1.2327769],[30.4679391,1.2329083],[30.4680088,1.2331604],[30.4680195,1.2333802],[30.4678854,1.2335331],[30.4677191,1.2335545],[30.4675207,1.2334661],[30.4671183,1.2333293],[30.4668957,1.2333481],[30.4668367,1.2334553]],[[30.4698125,1.2009016],[30.4698253,1.2009348],[30.4698702,1.2009599],[30.4699426,1.2009707],[30.469995,1.200959],[30.4700258,1.2009244],[30.4700124,1.2008888],[30.4698675,1.2008487],[30.4698206,1.2008594],[30.4698125,1.2009016]],[[30.4707034,1.2027482],[30.4707221,1.2029064],[30.4708348,1.2030378],[30.4709313,1.2030915],[30.4710172,1.2030378],[30.4711379,1.2030834],[30.4712908,1.2031451],[30.471374,1.2030848],[30.4713981,1.2030673],[30.4713444,1.2029333],[30.4713015,1.2027804],[30.4712318,1.2027563],[30.471101,1.2027194],[30.4710846,1.2026779],[30.4711486,1.2026034],[30.471052,1.2025069],[30.4709528,1.2025176],[30.4709126,1.2025766],[30.4707999,1.2026436],[30.4707034,1.2027482]],[[30.4713321,1.1740119],[30.4713482,1.1741299],[30.4713857,1.1742452],[30.4714742,1.1743123],[30.4716647,1.1743954],[30.4718229,1.174441],[30.4719812,1.1745161],[30.4720885,1.1745912],[30.4722494,1.1746662],[30.4723942,1.1747306],[30.4726008,1.1747976],[30.4728234,1.1748191],[30.4728985,1.1747386],[30.4729226,1.1745563],[30.4729602,1.174331],[30.4728985,1.1741701],[30.4728368,1.1740012],[30.4727456,1.1738376],[30.4725498,1.1737411],[30.4723191,1.1737277],[30.4720724,1.1737223],[30.4718953,1.1737169],[30.4716888,1.1736848],[30.4715896,1.1736714],[30.4714823,1.1737009],[30.4713884,1.1737813],[30.4713348,1.1738939],[30.4713321,1.1740119]],[[30.4779732,1.1735534],[30.477992,1.1736445],[30.4780537,1.1736848],[30.4781663,1.1737652],[30.4783085,1.173851],[30.4784748,1.1739047],[30.4786062,1.1739824],[30.478743,1.174028],[30.4789093,1.174079],[30.4790568,1.1740924],[30.4792526,1.1741138],[30.4793653,1.1740816],[30.479427,1.1739744],[30.479435,1.17391],[30.4794431,1.173843],[30.4794216,1.1736258],[30.4793599,1.1735695],[30.4792553,1.1735346],[30.4791239,1.1735695],[30.4789951,1.1736633],[30.4788905,1.1736848],[30.4787001,1.1736633],[30.4785553,1.1736124],[30.4784963,1.1735587],[30.4784855,1.1734381],[30.4784614,1.1733066],[30.4784292,1.1732262],[30.4783326,1.1731887],[30.4782629,1.173194],[30.4782468,1.1732182],[30.4782093,1.1732825],[30.4781556,1.1733844],[30.4780725,1.1734675],[30.4779732,1.1735534]],[[30.4791507,1.1729849],[30.4791802,1.1730653],[30.4792365,1.1730868],[30.4792795,1.1730304],[30.4792821,1.1729849],[30.4792848,1.1729473],[30.4792741,1.1728293],[30.4792097,1.1727837],[30.4791588,1.1728266],[30.4791614,1.1729071],[30.4791507,1.1729849]],[[30.480001,1.1623736],[30.4800412,1.1624352],[30.4801404,1.162462],[30.4802531,1.1624862],[30.4803523,1.1625291],[30.4804274,1.1626605],[30.480532,1.1627141],[30.4806501,1.162698],[30.48076,1.162631],[30.4807734,1.1625264],[30.4807386,1.1624406],[30.4806581,1.1623467],[30.4805133,1.1622797],[30.4803389,1.1622073],[30.4801726,1.1621939],[30.4800761,1.1622368],[30.4800117,1.1623092],[30.480001,1.1623736]],[[30.480642,1.2062347],[30.480656,1.2062823],[30.4807003,1.2063325],[30.4807399,1.2063171],[30.4807439,1.2062581],[30.4807466,1.2061938],[30.4807023,1.2061696],[30.4806688,1.2061918],[30.480642,1.2062347]],[[30.481149,1.1670772],[30.4811677,1.1672139],[30.4812053,1.1672729],[30.4813045,1.1674017],[30.4813957,1.1674633],[30.4815084,1.1674607],[30.481672,1.1673453],[30.4817122,1.1672086],[30.4816774,1.1670718],[30.4815647,1.1669699],[30.4814011,1.1669136],[30.4812589,1.1669458],[30.4811624,1.1670101],[30.481149,1.1670772]],[[30.4839331,1.1462306],[30.4839465,1.1462554],[30.4839499,1.1462769],[30.4839545,1.1463084],[30.4839686,1.1463285],[30.4839914,1.146356],[30.4840058,1.1463821],[30.4840223,1.1463938],[30.4840538,1.1463908],[30.4840752,1.1463754],[30.484086,1.1463473],[30.4840927,1.1463151],[30.4840947,1.1462795],[30.4841007,1.1462366],[30.4841011,1.1462105],[30.484096,1.1461917],[30.484083,1.1461807],[30.4840716,1.1461669],[30.4840689,1.1461441],[30.4840578,1.146129],[30.4840457,1.14612],[30.4840263,1.1461227],[30.4839981,1.1461434],[30.4839804,1.1461833],[30.4839757,1.1462004],[30.483974,1.1462058],[30.4839696,1.1462078],[30.4839519,1.1462105],[30.4839364,1.1462179],[30.4839331,1.1462306]],[[30.4857015,1.1442968],[30.4857436,1.1443487],[30.4858001,1.1443799],[30.4858825,1.144398],[30.4859159,1.1443943],[30.4859577,1.1443604],[30.4859845,1.144319],[30.4859991,1.1442797],[30.4859803,1.14422],[30.4859597,1.1441721],[30.4859032,1.1441396],[30.4858401,1.1441409],[30.4857639,1.144168],[30.4857035,1.1442311],[30.4857015,1.1442968]],[[30.4877016,1.1344949],[30.4878088,1.1345727],[30.4879242,1.134621],[30.48801,1.1346022],[30.4880824,1.1344922],[30.4882219,1.1343743],[30.4882434,1.1342831],[30.4882246,1.1342348],[30.4881227,1.1341839],[30.4879859,1.1341812],[30.4878947,1.1342214],[30.4878088,1.1342429],[30.4877686,1.1342777],[30.4877123,1.1343555],[30.4877016,1.1344949]],[[30.4887852,1.1352968],[30.4888147,1.1353638],[30.4889112,1.1354067],[30.4890453,1.1354496],[30.4892331,1.1355408],[30.4894074,1.1356534],[30.4895818,1.1358358],[30.4896783,1.1359323],[30.4898232,1.1359618],[30.4899117,1.1358867],[30.4899305,1.1357178],[30.4898822,1.1355542],[30.4898017,1.1353987],[30.4896891,1.1351975],[30.4895389,1.1349884],[30.4894289,1.1349079],[30.4893082,1.1348999],[30.4891553,1.1349642],[30.4890078,1.1350527],[30.4889086,1.1350849],[30.4888147,1.1351868],[30.4887852,1.1352968]],[[30.4888683,1.1336422],[30.4888992,1.1336944],[30.4889434,1.1337146],[30.4890038,1.1337199],[30.4890547,1.1336985],[30.4890708,1.1336515],[30.4890588,1.1335966],[30.489036,1.1335201],[30.4889743,1.133492],[30.4889488,1.1334933],[30.4889099,1.1335161],[30.488879,1.1335885],[30.4888683,1.1336422]],[[30.4891795,1.1341114],[30.4891821,1.1341637],[30.4892157,1.134208],[30.4892961,1.1342455],[30.4893645,1.1342066],[30.4893726,1.134149],[30.4893484,1.1340873],[30.4893002,1.1340404],[30.4892626,1.134027],[30.4892398,1.1340364],[30.4892049,1.1340632],[30.4891795,1.1341114]],[[30.4894007,1.0602],[30.4894121,1.0602355],[30.4894638,1.060261],[30.4895509,1.060265],[30.4895918,1.0602496],[30.4896274,1.0602181],[30.4896448,1.0601806],[30.4896401,1.0601477],[30.489614,1.0601269],[30.4895382,1.0601242],[30.4894678,1.0601323],[30.4894141,1.0601712],[30.4894007,1.0602]],[[30.4897193,1.0598647],[30.48972,1.0599726],[30.4897642,1.0600853],[30.4898246,1.0601416],[30.4898688,1.0601563],[30.4899641,1.0601242],[30.4900164,1.0600839],[30.4900982,1.059986],[30.4901237,1.0598855],[30.4900955,1.0597702],[30.4900586,1.059675],[30.4900009,1.05963],[30.4899413,1.0596314],[30.4898816,1.0596562],[30.4897897,1.0597306],[30.4897354,1.0598064],[30.4897193,1.0598647]],[[30.4910651,1.0518604],[30.4910731,1.0519864],[30.4911241,1.0520293],[30.4912314,1.052024],[30.4913011,1.0519194],[30.491285,1.0517504],[30.4911992,1.0517236],[30.4910946,1.0517826],[30.4910651,1.0518604]],[[30.4913253,1.0625016],[30.4913843,1.0626678],[30.491564,1.0628985],[30.4916283,1.0629119],[30.491792,1.0628046],[30.4919046,1.0626062],[30.4921406,1.0624479],[30.4923016,1.0623702],[30.4924759,1.0622951],[30.4926315,1.0621234],[30.4926798,1.0619652],[30.4927763,1.0618687],[30.4930043,1.061748],[30.4931679,1.0615817],[30.4934388,1.0612787],[30.4935783,1.0610481],[30.4936454,1.0609006],[30.4937607,1.0606753],[30.4938009,1.0605412],[30.4937285,1.0603267],[30.4936199,1.0602315],[30.4934362,1.0602194],[30.4931653,1.0603374],[30.4929614,1.0604339],[30.4928058,1.0604366],[30.4926288,1.0604581],[30.4923847,1.0605224],[30.4922667,1.0606699],[30.4922077,1.0608201],[30.4922184,1.061032],[30.4921487,1.0612572],[30.4919448,1.0614315],[30.4917034,1.061512],[30.4915237,1.0616354],[30.4914728,1.0618177],[30.4913655,1.0620537],[30.4913601,1.0622066],[30.4914218,1.0622978],[30.4913655,1.0624265],[30.4913253,1.0625016]],[[30.4917477,1.1173549],[30.4917759,1.1174058],[30.4918215,1.1174461],[30.4918765,1.1174729],[30.4919583,1.1174554],[30.4920307,1.1174112],[30.4920575,1.1173415],[30.4920427,1.117265],[30.49202,1.1172315],[30.4919797,1.1172342],[30.4919301,1.1172463],[30.4918912,1.1172422],[30.4918349,1.1172329],[30.4917651,1.1172972],[30.4917477,1.1173549]],[[30.4918778,1.1168427],[30.4918885,1.116962],[30.4919636,1.1170478],[30.4920655,1.1170961],[30.4921487,1.1171296],[30.4921956,1.1170867],[30.4922305,1.1169794],[30.4922158,1.1168977],[30.4921769,1.1168226],[30.4921286,1.1167515],[30.4920535,1.116726],[30.4919462,1.1167394],[30.4919113,1.116777],[30.4918778,1.1168427]],[[30.491906,1.1165866],[30.4919153,1.1166295],[30.4919918,1.1166496],[30.4920454,1.1166496],[30.4920991,1.1165852],[30.4921272,1.1165276],[30.4921339,1.1164284],[30.492091,1.116372],[30.49202,1.1163586],[30.4919502,1.1164458],[30.491906,1.1165866]],[[30.4926529,1.0583569],[30.492661,1.0584374],[30.492724,1.0585366],[30.4929252,1.0586144],[30.4930338,1.05866],[30.4931022,1.0586519],[30.4931505,1.0585876],[30.4931518,1.0584682],[30.4931143,1.0583569],[30.4930405,1.0582577],[30.4928997,1.0581893],[30.4927857,1.0582175],[30.4927133,1.0582657],[30.4926529,1.0583569]],[[30.492826,1.059683],[30.492885,1.059789],[30.4929909,1.0598681],[30.4931143,1.0598788],[30.4932189,1.0598198],[30.4932645,1.0597313],[30.4932323,1.0595892],[30.4931585,1.0595154],[30.4930741,1.0594806],[30.4929788,1.0594792],[30.4928917,1.0595315],[30.492842,1.0595959],[30.492826,1.059683]],[[30.4931599,1.1192884],[30.4931934,1.1194024],[30.4932296,1.1194466],[30.4933342,1.1194828],[30.4934697,1.1195069],[30.4936279,1.1195619],[30.4937661,1.119578],[30.4938921,1.1196008],[30.4940008,1.1196531],[30.4941054,1.1197389],[30.4941704,1.1197966],[30.4942261,1.119816],[30.4942837,1.1198046],[30.4944393,1.1197403],[30.4946713,1.1196424],[30.4948081,1.1195284],[30.4949261,1.1193889],[30.4950012,1.1193326],[30.4951233,1.1192964],[30.4952507,1.1191959],[30.4953204,1.119102],[30.4953566,1.1189438],[30.4953352,1.1187963],[30.4953003,1.1187413],[30.495252,1.1187024],[30.4951166,1.1186327],[30.4949945,1.118559],[30.4949697,1.1185261],[30.494965,1.1184758],[30.4950039,1.1184262],[30.4950817,1.1183552],[30.4950817,1.1182948],[30.4950133,1.1182439],[30.4948913,1.1181969],[30.4948041,1.1181084],[30.4946981,1.1180897],[30.4945922,1.1181218],[30.4944769,1.1181125],[30.4943843,1.1181286],[30.4942475,1.1182157],[30.4941724,1.1183163],[30.4941148,1.1184544],[30.4940504,1.118504],[30.4939364,1.1185187],[30.4938667,1.1185362],[30.4938009,1.1185898],[30.4937728,1.1186662],[30.4938076,1.1187413],[30.4939082,1.1187936],[30.493982,1.1188714],[30.4940712,1.118976],[30.4940826,1.1190128],[30.4940759,1.1190497],[30.4940495,1.1190676],[30.4940068,1.1190705],[30.4939183,1.1190544],[30.493809,1.1190537],[30.4936253,1.119039],[30.4933946,1.1190524],[30.4932658,1.1191007],[30.49318,1.1191878],[30.4931599,1.1192884]],[[30.4932457,1.0572185],[30.4933879,1.0576369],[30.4936051,1.0578675],[30.4941094,1.0581035],[30.4944259,1.0583073],[30.4946887,1.0583127],[30.4950267,1.0582912],[30.4953593,1.0583824],[30.4955658,1.0584012],[30.4958743,1.0583663],[30.4961666,1.0582751],[30.4963732,1.058007],[30.4964161,1.0577066],[30.4963571,1.0575082],[30.4962391,1.0572051],[30.4961076,1.0567653],[30.4957724,1.0563818],[30.4953915,1.0560493],[30.4950428,1.0557301],[30.4949194,1.0556926],[30.4948148,1.0557355],[30.4947545,1.0558361],[30.4947357,1.0559782],[30.4946673,1.0561244],[30.4945828,1.056174],[30.4944621,1.0561954],[30.4941899,1.056237],[30.4939699,1.0563925],[30.4936051,1.0567251],[30.4933101,1.0570093],[30.4932457,1.0572185]],[[30.4933047,1.0587149],[30.4933771,1.0589536],[30.4936051,1.0590743],[30.493817,1.0589938],[30.4939485,1.0588061],[30.4939055,1.0585487],[30.493758,1.0583931],[30.4935408,1.0584012],[30.4933664,1.0585299],[30.4933047,1.0587149]],[[30.4940289,1.0603293],[30.4940289,1.0604152],[30.4940638,1.0605586],[30.4941443,1.0606592],[30.494265,1.0606981],[30.494379,1.0606485],[30.4944567,1.0605493],[30.4945064,1.0604299],[30.4944943,1.060273],[30.4944286,1.0601778],[30.4943427,1.0601282],[30.4942529,1.0601215],[30.4941282,1.0601577],[30.4940557,1.0602167],[30.4940289,1.0603293]],[[30.4948014,1.1132331],[30.4948081,1.1132546],[30.4948376,1.1132934],[30.4948919,1.1133156],[30.4949476,1.1132934],[30.4949824,1.1132237],[30.4949885,1.1131761],[30.4949664,1.1131319],[30.4949154,1.1131118],[30.4948644,1.1131312],[30.4948255,1.1131607],[30.4948014,1.1132331]],[[30.4949516,1.0611821],[30.4949596,1.0612948],[30.4950696,1.0614047],[30.4952145,1.0614745],[30.495421,1.0614932],[30.4956678,1.0615308],[30.4958716,1.0615522],[30.4960754,1.0615495],[30.496223,1.0615388],[30.4963651,1.0615764],[30.4964778,1.0616863],[30.4965985,1.061748],[30.4969498,1.0617212],[30.4972717,1.0616595],[30.4975936,1.0615469],[30.497902,1.0613779],[30.498122,1.061209],[30.4983258,1.0609676],[30.498578,1.0606297],[30.4987255,1.0604031],[30.4988381,1.0602395],[30.4988676,1.0601939],[30.4988663,1.0601403],[30.4988368,1.0600732],[30.4987764,1.0600209],[30.4986879,1.0599056],[30.4986128,1.0597581],[30.4985404,1.0595624],[30.4984304,1.0594176],[30.498291,1.0593478],[30.4980925,1.0592942],[30.4976821,1.0592191],[30.4974836,1.0591842],[30.4972771,1.0591655],[30.497151,1.0591923],[30.4970464,1.0592513],[30.4969123,1.0593076],[30.4967058,1.0593264],[30.4965757,1.0593465],[30.4964563,1.059372],[30.4963249,1.0594122],[30.4961827,1.0595302],[30.4960996,1.0596616],[30.4960513,1.0598279],[30.495995,1.0599834],[30.495877,1.0602033],[30.4957402,1.060332],[30.4955122,1.0604098],[30.4952842,1.0604849],[30.4951259,1.0605761],[30.4950508,1.0606833],[30.4949972,1.0608496],[30.4949704,1.06104],[30.4949516,1.0611821]],[[30.4949892,1.2055372],[30.4950173,1.2055694],[30.4951305,1.2056096],[30.4951622,1.2056578],[30.4951836,1.2057343],[30.495189,1.2058509],[30.4952091,1.2058871],[30.4952721,1.2059314],[30.4953472,1.2059341],[30.4955256,1.2057651],[30.495539,1.2057115],[30.495484,1.2056753],[30.4953378,1.2056833],[30.4952762,1.2056498],[30.4952238,1.2055787],[30.4951943,1.2054755],[30.4952426,1.2054098],[30.495307,1.2053937],[30.4954344,1.2052596],[30.4954317,1.2051966],[30.4953821,1.2051671],[30.4952855,1.2051926],[30.4952359,1.2052248],[30.4950052,1.2054835],[30.4949892,1.2055372]],[[30.4955578,1.1049641],[30.4955806,1.1050123],[30.4956356,1.1050257],[30.4957885,1.1050257],[30.4959065,1.1050164],[30.4960218,1.1050552],[30.4961961,1.1050955],[30.4964215,1.1051008],[30.4965422,1.1050579],[30.4967058,1.1049078],[30.4967648,1.1047951],[30.4967567,1.1046892],[30.4967085,1.1045819],[30.4966595,1.1045102],[30.4965992,1.1044807],[30.4965086,1.1044753],[30.4963256,1.1045122],[30.4961801,1.1045518],[30.4959199,1.1045699],[30.4958045,1.1046423],[30.4956087,1.1047549],[30.4955819,1.1048327],[30.4955578,1.1049641]],[[30.4972905,1.0586962],[30.49732,1.0587364],[30.4973978,1.0587391],[30.497489,1.0587391],[30.497548,1.0587739],[30.497658,1.0588115],[30.4978967,1.0588437],[30.4982749,1.0588598],[30.4986262,1.0588356],[30.4988515,1.0588624],[30.4990125,1.0588142],[30.4991627,1.0587632],[30.4992217,1.0586023],[30.4992244,1.0583314],[30.4992244,1.0581947],[30.4991868,1.0581437],[30.499101,1.0581652],[30.4989722,1.0582108],[30.4988489,1.0582081],[30.4987577,1.0581464],[30.498704,1.0580365],[30.4985994,1.0579372],[30.4984733,1.0578755],[30.4982695,1.0577924],[30.498063,1.0576798],[30.4979865,1.0576851],[30.4979235,1.0577173],[30.4977787,1.057897],[30.4976526,1.058066],[30.497497,1.0583261],[30.4973844,1.0585219],[30.4973066,1.0586318],[30.4972905,1.0586962]],[[30.4973736,1.1070719],[30.4973938,1.1071041],[30.4974662,1.1071436],[30.4975373,1.1071859],[30.4976097,1.1071979],[30.4977451,1.1071859],[30.4978953,1.1071135],[30.4980107,1.1070223],[30.498016,1.1069888],[30.4980073,1.1069526],[30.4979724,1.1069385],[30.4979315,1.1069512],[30.4978591,1.1069968],[30.4977974,1.1070585],[30.4977451,1.1070813],[30.4976942,1.1070719],[30.4976177,1.107037],[30.4973951,1.1070337],[30.4973743,1.1070451],[30.4973736,1.1070719]],[[30.4976606,1.1044116],[30.497666,1.1045216],[30.4977143,1.1046128],[30.4978202,1.1046396],[30.4979369,1.1046047],[30.4979852,1.1045269],[30.4980093,1.1044304],[30.4980174,1.1043473],[30.4979825,1.1042775],[30.4979262,1.10424],[30.4978055,1.1042749],[30.4976928,1.1043205],[30.4976606,1.1044116]],[[30.4990138,1.0577267],[30.4990299,1.0577723],[30.4990782,1.0578367],[30.4991466,1.0579185],[30.4993317,1.0581263],[30.4993571,1.0582202],[30.4993947,1.0582979],[30.4994524,1.0583744],[30.4995744,1.0584508],[30.4996616,1.0585379],[30.4996924,1.0585916],[30.4997192,1.05866],[30.4997863,1.0587565],[30.4999083,1.0588745],[30.5000599,1.0589804],[30.5002248,1.0590502],[30.5004032,1.0590729],[30.5005011,1.0590931],[30.5006272,1.0591601],[30.5007184,1.0592298],[30.5008565,1.0592955],[30.5009517,1.0593384],[30.5010469,1.0593331],[30.5011167,1.059321],[30.5011636,1.0593519],[30.5012736,1.0594779],[30.5013621,1.0596147],[30.5014519,1.0597246],[30.5015136,1.0597782],[30.5015887,1.0598091],[30.5016813,1.059848],[30.5017711,1.0599003],[30.5018207,1.0599485],[30.5018824,1.0600437],[30.5019441,1.0601188],[30.5020125,1.0601658],[30.5020876,1.0602154],[30.5021131,1.0602677],[30.5021507,1.0603079],[30.5021922,1.0603159],[30.5022271,1.0602891],[30.5022298,1.0602489],[30.502203,1.0601631],[30.5021279,1.060096],[30.502046,1.0600196],[30.501975,1.0599324],[30.5019361,1.0598627],[30.5018717,1.0597125],[30.5018261,1.0595838],[30.5018274,1.059502],[30.5018167,1.0594135],[30.5018342,1.0593451],[30.5018194,1.0592902],[30.5017711,1.0592566],[30.5017067,1.0592486],[30.5016115,1.0592754],[30.5015512,1.0593076],[30.5015096,1.0593465],[30.5014667,1.0593787],[30.5013943,1.0593921],[30.5013125,1.059376],[30.5012615,1.0593089],[30.5012307,1.0592137],[30.5012132,1.0591239],[30.5011623,1.0590917],[30.5011113,1.0590488],[30.5010711,1.0589791],[30.5009866,1.0589415],[30.5009061,1.0589214],[30.500823,1.0589067],[30.5006848,1.058853],[30.5006084,1.058786],[30.5005601,1.0587418],[30.5004568,1.058672],[30.5003254,1.0585916],[30.5001605,1.0585205],[30.5000558,1.0584441],[30.4998654,1.0583207],[30.4997501,1.0582269],[30.4995932,1.05807],[30.4995342,1.0579868],[30.4994564,1.0578916],[30.4993652,1.0578139],[30.4993223,1.057771],[30.4992056,1.0577066],[30.499101,1.0576918],[30.4990433,1.0576986],[30.4990138,1.0577267]],[[30.5004729,1.0602073],[30.5004729,1.0602636],[30.5004971,1.0603723],[30.5005266,1.0604889],[30.5005883,1.0606498],[30.5006701,1.0608161],[30.5007653,1.0609408],[30.500835,1.0610454],[30.5008699,1.0610615],[30.5009061,1.0610427],[30.5009302,1.0610172],[30.5009678,1.0609502],[30.5010067,1.0608979],[30.5010228,1.0608389],[30.5010161,1.0607249],[30.5010013,1.0606109],[30.5009718,1.0605278],[30.5009061,1.060446],[30.5008632,1.0604111],[30.5008364,1.0603723],[30.5008243,1.0603079],[30.5008404,1.0602194],[30.500827,1.060147],[30.5008095,1.0600451],[30.5007626,1.0599847],[30.5006808,1.0599472],[30.5006285,1.0599311],[30.5005628,1.0599392],[30.5005236,1.0599539],[30.5005145,1.059974],[30.5005226,1.0600652],[30.5005118,1.0601054],[30.500493,1.0601524],[30.5004729,1.0602073]],[[30.5011556,1.0733358],[30.5011569,1.0733921],[30.5011596,1.07349],[30.5011582,1.0735638],[30.5011944,1.0736268],[30.5012494,1.0736482],[30.5013286,1.0736455],[30.5014265,1.0736429],[30.5015042,1.0736415],[30.5015807,1.0736335],[30.5016249,1.0736],[30.5016518,1.0734994],[30.5016504,1.0734163],[30.5016142,1.0733211],[30.5015793,1.0732701],[30.5014975,1.0732299],[30.5014157,1.0732098],[30.5013286,1.0732017],[30.5012481,1.0732419],[30.5011958,1.0732755],[30.5011556,1.0733358]],[[30.5011851,1.0580941],[30.5011904,1.0581893],[30.501228,1.0582631],[30.5012695,1.0583381],[30.5013192,1.0583837],[30.5013577,1.0584206],[30.5013711,1.0584461],[30.5013768,1.0584749],[30.5013701,1.0585339],[30.5013648,1.0585936],[30.5013587,1.058609],[30.501353,1.0586207],[30.5013359,1.0586362],[30.5013202,1.0586573],[30.5013175,1.0586868],[30.5013286,1.0587203],[30.5013607,1.0587672],[30.5013755,1.0588182],[30.5013936,1.0588437],[30.5014157,1.0588544],[30.5014432,1.0588564],[30.501464,1.058849],[30.5014761,1.0588249],[30.5014801,1.0586975],[30.5014962,1.0585808],[30.5014949,1.0584682],[30.5014814,1.0583878],[30.5014707,1.0582939],[30.5014721,1.0582081],[30.5014613,1.0580928],[30.5014144,1.0580204],[30.501342,1.0579721],[30.5012722,1.0579614],[30.5012427,1.0579721],[30.5012052,1.0580217],[30.5011851,1.0580941]],[[30.5022881,1.0606083],[30.5022942,1.0606377],[30.5023237,1.0606646],[30.5023887,1.0607068],[30.5025047,1.0607745],[30.5025396,1.0608101],[30.5025825,1.0608422],[30.5026435,1.0608724],[30.5027488,1.0608905],[30.5028085,1.0609079],[30.502848,1.0609059],[30.5028856,1.0608872],[30.5029278,1.0608597],[30.5029982,1.0608375],[30.5030586,1.0608141],[30.5031209,1.0608114],[30.5031786,1.0608174],[30.5032128,1.0608174],[30.5032262,1.060794],[30.5032182,1.0607484],[30.5031672,1.0607108],[30.5030901,1.0606827],[30.5030297,1.0606726],[30.5029634,1.0606813],[30.5028715,1.060676],[30.5028058,1.0606713],[30.5027421,1.0606505],[30.502679,1.0606324],[30.50262,1.0606217],[30.5025724,1.0606123],[30.5025235,1.0605901],[30.5024967,1.0605553],[30.5024886,1.0605345],[30.5024403,1.0604789],[30.5024035,1.0604494],[30.5023666,1.0604259],[30.5023304,1.0604205],[30.5023049,1.0604359],[30.5022988,1.0604527],[30.5022988,1.0604963],[30.5022942,1.0605761],[30.5022881,1.0606083]],[[30.5027609,1.0630989],[30.5027689,1.0631546],[30.5027957,1.0632109],[30.5028158,1.06329],[30.5028225,1.0633778],[30.5028507,1.0634227],[30.5028936,1.0634489],[30.5029211,1.0634797],[30.5029339,1.0635354],[30.5029332,1.0636199],[30.5029446,1.0636882],[30.5029734,1.063707],[30.5030016,1.063709],[30.5030277,1.0636909],[30.5030411,1.0636098],[30.5030613,1.0634965],[30.5030894,1.063408],[30.5031283,1.0633302],[30.5031337,1.0632478],[30.503131,1.0631291],[30.5031069,1.0630134],[30.5030991,1.0629658],[30.5030834,1.0629313],[30.5030546,1.0629125],[30.5030328,1.0629119],[30.5030143,1.0629186],[30.5029915,1.0629481],[30.502966,1.0629695],[30.5029352,1.0629695],[30.5029127,1.0629541],[30.5028997,1.0629333],[30.5028708,1.0629266],[30.5028487,1.0629414],[30.5028386,1.0629715],[30.5028259,1.0630111],[30.5028051,1.0630346],[30.5027696,1.0630654],[30.5027609,1.0630989]],[[30.5027716,1.0619692],[30.5027904,1.0620162],[30.5028319,1.062051],[30.5029003,1.0620899],[30.502954,1.0621261],[30.5029567,1.062161],[30.5029352,1.0622119],[30.5028976,1.0622723],[30.5028561,1.0623138],[30.5028105,1.0623541],[30.502785,1.0623916],[30.5027863,1.0624332],[30.5028132,1.0624908],[30.502899,1.0625767],[30.5030063,1.0626357],[30.5031243,1.0626491],[30.503194,1.0625767],[30.5032343,1.0624158],[30.503186,1.062228],[30.503076,1.0620698],[30.5029553,1.0619652],[30.5028212,1.061866],[30.5027944,1.0618968],[30.5027716,1.0619692]],[[30.5034904,1.0609757],[30.5035159,1.0610481],[30.503587,1.0610963],[30.5036393,1.0611124],[30.5037077,1.0611071],[30.5038673,1.0610923],[30.503933,1.0610454],[30.5039786,1.0609287],[30.5039839,1.0608442],[30.5039598,1.0607692],[30.5039169,1.0607262],[30.5038391,1.0607209],[30.5037358,1.0607303],[30.5036581,1.0607584],[30.5035843,1.0607933],[30.503528,1.0608322],[30.5034931,1.0609019],[30.5034904,1.0609757]],[[30.5037573,1.1052483],[30.5037948,1.1053824],[30.5038995,1.1054655],[30.5040336,1.1054816],[30.5041972,1.1055433],[30.504283,1.1056962],[30.5044171,1.1061413],[30.5044895,1.1064685],[30.5046853,1.1067715],[30.5048704,1.1069512],[30.5049616,1.1070679],[30.5050635,1.1070933],[30.5052191,1.107033],[30.5055329,1.1067943],[30.5058011,1.1064806],[30.5061136,1.106081],[30.5064462,1.1056077],[30.5065133,1.1054293],[30.5065575,1.1052349],[30.5067104,1.1048501],[30.5067855,1.1047053],[30.5068257,1.1045779],[30.5068418,1.1044291],[30.5069303,1.1043057],[30.5070443,1.1042105],[30.5070913,1.1041193],[30.5070926,1.1040027],[30.507035,1.103882],[30.5069438,1.1038565],[30.506815,1.1038739],[30.5067131,1.1039195],[30.5065991,1.1039987],[30.5065347,1.1040885],[30.5064623,1.1041488],[30.5063644,1.1041555],[30.5062115,1.1041193],[30.5061002,1.1041207],[30.5058226,1.1042212],[30.5053908,1.1044465],[30.5049831,1.1046423],[30.5048704,1.1047173],[30.5048007,1.10483],[30.5046907,1.1049104],[30.5045579,1.104956],[30.5044252,1.1049399],[30.5043125,1.1048863],[30.5041409,1.1048943],[30.5039853,1.1049667],[30.5038351,1.1050526],[30.503768,1.1051384],[30.5037573,1.1052483]],[[30.5065951,1.0771238],[30.506646,1.0772471],[30.5067493,1.0773088],[30.5069263,1.0773611],[30.5070631,1.0773624],[30.5072147,1.0773396],[30.507338,1.0772632],[30.5074641,1.0770741],[30.5074802,1.0769039],[30.5074547,1.0767792],[30.5073555,1.0766799],[30.5072777,1.0766062],[30.5071624,1.0765619],[30.5070779,1.0765686],[30.5069491,1.0766545],[30.5068351,1.0767175],[30.506756,1.0767751],[30.5066635,1.076861],[30.5066192,1.0769897],[30.5065951,1.0771238]],[[30.5074359,1.1044485],[30.5074487,1.10447],[30.5074829,1.1044881],[30.5075043,1.1045149],[30.5075278,1.1045182],[30.5075446,1.1045042],[30.507558,1.1044532],[30.5075741,1.1044277],[30.5075955,1.1044197],[30.5076224,1.1044224],[30.507668,1.1044519],[30.5077243,1.1044371],[30.5077739,1.1043915],[30.5078208,1.1042856],[30.5079067,1.1041891],[30.5079322,1.1041435],[30.5079228,1.1040898],[30.5078664,1.1040308],[30.5078088,1.1040201],[30.5077618,1.1040188],[30.5077491,1.104004],[30.5077538,1.1039752],[30.5077752,1.1039457],[30.5078188,1.1039021],[30.5078597,1.1038445],[30.5078785,1.1037908],[30.5079141,1.1037439],[30.508022,1.1036366],[30.5080602,1.1035944],[30.508073,1.1035749],[30.5080723,1.1035535],[30.5080629,1.1035381],[30.508018,1.1035106],[30.5079436,1.103475],[30.5079167,1.103465],[30.5079,1.1034476],[30.5078879,1.1034107],[30.5078725,1.1033852],[30.5078168,1.103347],[30.5077518,1.1033309],[30.5076921,1.1033376],[30.5075982,1.1033524],[30.5075473,1.1033664],[30.5075178,1.1033979],[30.5074936,1.1034569],[30.5074983,1.1035112],[30.5075312,1.1035528],[30.507554,1.1035669],[30.5075694,1.1035897],[30.5075774,1.1036212],[30.5075741,1.1036849],[30.5075667,1.1037412],[30.5075774,1.1037781],[30.5076043,1.1038136],[30.507613,1.1038599],[30.5076063,1.1039222],[30.5075855,1.1040141],[30.5075566,1.1041019],[30.5075365,1.1041435],[30.5075338,1.1041864],[30.5075379,1.1042802],[30.5075349,1.104351],[30.5075318,1.1043617],[30.5075245,1.1043667],[30.5074993,1.1043684],[30.5074708,1.1043791],[30.5074386,1.1044203],[30.5074359,1.1044485]],[[30.5076284,1.1046101],[30.5076405,1.1046651],[30.50768,1.1047147],[30.5077484,1.1047214],[30.507798,1.1046972],[30.5078296,1.1046624],[30.5078383,1.1046208],[30.5078242,1.1045524],[30.5077853,1.1045229],[30.5077182,1.1045135],[30.5076532,1.1045471],[30.5076284,1.1046101]],[[30.5076814,1.0786389],[30.5076908,1.0787073],[30.5077229,1.0787569],[30.5078168,1.0787918],[30.5079053,1.078824],[30.5079871,1.07882],[30.5080461,1.0787623],[30.5080582,1.0786979],[30.5080327,1.078647],[30.5080099,1.0785947],[30.5080032,1.0785102],[30.5079952,1.0784619],[30.5079442,1.0784231],[30.5078503,1.0784338],[30.5077846,1.0784727],[30.5077229,1.0785209],[30.5076867,1.0785571],[30.5076814,1.0786389]],[[30.5088186,1.0787569],[30.5088441,1.0787911],[30.5088743,1.0788119],[30.5089165,1.0788065],[30.5089474,1.078773],[30.5089789,1.0787415],[30.5089983,1.0787033],[30.508993,1.0786684],[30.5089729,1.0786403],[30.508942,1.0786275],[30.5089004,1.0786369],[30.5088495,1.0786644],[30.5088294,1.0787113],[30.5088186,1.0787569]],[[30.5090989,1.0790043],[30.5091157,1.0790546],[30.5091445,1.0791156],[30.5091767,1.0791505],[30.5092397,1.0791592],[30.5093276,1.0791371],[30.5094597,1.0790841],[30.5094872,1.0790714],[30.5094999,1.0790432],[30.5094932,1.078999],[30.5094697,1.0789426],[30.5094362,1.0788877],[30.5093718,1.0788441],[30.5093115,1.0788273],[30.5092411,1.0788226],[30.5091847,1.0788401],[30.5091412,1.0788716],[30.509115,1.0789078],[30.5090996,1.078954],[30.5090989,1.0790043]],[[30.5091861,1.0737139],[30.5091888,1.0737394],[30.509229,1.0738078],[30.5092733,1.0738319],[30.5093363,1.0738574],[30.5093899,1.0738748],[30.5094329,1.073903],[30.5094704,1.0739124],[30.5094986,1.0738923],[30.5095106,1.0738252],[30.5095187,1.0737555],[30.5095066,1.0736737],[30.5094838,1.0736241],[30.5094382,1.0735557],[30.5094074,1.0735141],[30.5093524,1.0735088],[30.5092987,1.0735235],[30.5092639,1.073553],[30.5092303,1.0735852],[30.5092116,1.0736335],[30.5091861,1.0737139]],[[30.5095784,1.0789983],[30.5095871,1.0790492],[30.5096052,1.0790841],[30.5096582,1.0791103],[30.509695,1.0791398],[30.509738,1.0791411],[30.5097836,1.0791176],[30.5098204,1.0790714],[30.5098298,1.079005],[30.5098084,1.078946],[30.5097628,1.0789051],[30.5096937,1.0788984],[30.50963,1.0789152],[30.5095911,1.078946],[30.5095784,1.0789983]],[[30.5100605,1.0793275],[30.5100638,1.0793741],[30.5100913,1.0794086],[30.5101329,1.0794301],[30.5101748,1.0794401],[30.5102228,1.079426],[30.5102486,1.0794002],[30.5102513,1.0793553],[30.5102405,1.0793107],[30.5102154,1.0792799],[30.5101735,1.0792718],[30.5101302,1.0792732],[30.5100803,1.0792976],[30.5100605,1.0793275]],[[30.5103904,1.0792155],[30.5103917,1.079249],[30.5104105,1.079308],[30.5104367,1.0793516],[30.5104628,1.0793737],[30.5105031,1.0793751],[30.5105312,1.0793664],[30.5105815,1.0793221],[30.5105983,1.079296],[30.5105969,1.0792477],[30.5105802,1.0792182],[30.5105446,1.0791907],[30.5104977,1.0791686],[30.5104246,1.0791726],[30.5104015,1.0791853],[30.5103904,1.0792155]],[[30.5354087,1.0068548],[30.5354201,1.0068742],[30.5354302,1.0068816],[30.535454,1.0068913],[30.5354784,1.0068897],[30.5355086,1.0068706],[30.5355173,1.0068441],[30.535512,1.0068173],[30.5354959,1.0068079],[30.5354744,1.0068065],[30.5354302,1.006824],[30.5354124,1.0068377],[30.5354087,1.0068548]],[[30.5358868,1.0079644],[30.5358868,1.0079872],[30.5359002,1.0080046],[30.5359324,1.008008],[30.5359639,1.0079932],[30.5359804,1.0079781],[30.5359814,1.0079557],[30.535974,1.0079439],[30.5359545,1.0079349],[30.5359317,1.0079349],[30.5359016,1.007953],[30.5358868,1.0079644]],[[30.5361175,1.0033319],[30.5361322,1.003351],[30.5361651,1.0033712],[30.5361973,1.0034087],[30.5362456,1.0034355],[30.5362831,1.0034288],[30.5363227,1.0034013],[30.5363314,1.0033805],[30.5363207,1.003351],[30.5363166,1.0033122],[30.5363488,1.0032612],[30.5363408,1.0032344],[30.5363186,1.003219],[30.5362871,1.0032089],[30.5362214,1.0032371],[30.5361651,1.0032733],[30.5361225,1.0033078],[30.5361175,1.0033319]],[[30.5363448,1.0023729],[30.5363481,1.002399],[30.5363696,1.0024386],[30.5363951,1.0024634],[30.5364326,1.0024754],[30.5364742,1.0024681],[30.5365285,1.0024634],[30.5365527,1.002464],[30.5365667,1.00245],[30.5365661,1.0024272],[30.5365466,1.0024024],[30.5365426,1.0023675],[30.5365547,1.0023139],[30.5365406,1.0022917],[30.5365238,1.0022897],[30.5364843,1.0023065],[30.53643,1.0023226],[30.5364058,1.002334],[30.5363555,1.0023507],[30.5363448,1.0023729]],[[30.5371159,1.0605646],[30.5371263,1.0605912],[30.5371501,1.0605975],[30.5371928,1.0605882],[30.5374352,1.0604915],[30.5377557,1.0603893],[30.5380947,1.0602707],[30.5384477,1.0601099],[30.5384751,1.0600839],[30.5384852,1.0600598],[30.5384778,1.0600397],[30.5384557,1.060029],[30.5384303,1.0600332],[30.5381626,1.060092],[30.5379481,1.0601125],[30.5374732,1.0601791],[30.5373312,1.060206],[30.5372386,1.0602743],[30.5371932,1.0603702],[30.5371273,1.0605124],[30.5371159,1.0605646]],[[30.5392292,1.004592],[30.5392355,1.0046179],[30.5392476,1.0046403],[30.539255,1.0046661],[30.5392708,1.0046779],[30.5392912,1.0046779],[30.5392982,1.0046641],[30.5392939,1.0046531],[30.5392791,1.0046524],[30.5392671,1.0046417],[30.5392657,1.0046239],[30.5392708,1.0046155],[30.5392979,1.0046068],[30.5393046,1.0045894],[30.5392986,1.0045565],[30.5392858,1.0045444],[30.539263,1.0045384],[30.5392399,1.0045451],[30.5392298,1.0045652],[30.5392292,1.004592]],[[30.5444544,1.0483366],[30.5444585,1.048413],[30.5444732,1.0484881],[30.5445081,1.0485525],[30.5445597,1.048655],[30.5445993,1.0487147],[30.5446335,1.0487589],[30.5446677,1.0487683],[30.54472,1.0487536],[30.5448876,1.048645],[30.545015,1.0485511],[30.5450854,1.0484686],[30.5451585,1.048362],[30.5451907,1.0482628],[30.5451887,1.0482072],[30.545176,1.0481555],[30.5451518,1.0481147],[30.5451116,1.0480778],[30.5450177,1.0480114],[30.5449895,1.0479792],[30.5449875,1.0479403],[30.5450097,1.0479015],[30.5450693,1.04788],[30.545131,1.0478807],[30.5451713,1.0478954],[30.5452122,1.0479276],[30.5452779,1.0480389],[30.5453248,1.0480872],[30.5453651,1.0480952],[30.5454046,1.0480764],[30.5454267,1.0480443],[30.5454194,1.0479705],[30.5453879,1.0478901],[30.5453369,1.0478083],[30.5453007,1.0477023],[30.545294,1.047591],[30.5452323,1.0474382],[30.54518,1.0473202],[30.5450955,1.0471727],[30.5450378,1.047103],[30.5449466,1.047048],[30.5448769,1.0470346],[30.5448112,1.0470399],[30.5447495,1.0470668],[30.5446891,1.0471164],[30.5446543,1.0472049],[30.5446127,1.0472853],[30.5445819,1.0473376],[30.5445792,1.0474248],[30.5446006,1.0475133],[30.5446583,1.0476447],[30.544724,1.0477023],[30.5447522,1.0477721],[30.5447468,1.0478378],[30.5447374,1.0479437],[30.5446422,1.0481126],[30.5445819,1.0481904],[30.5445094,1.0482588],[30.5444544,1.0483366]],[[30.5451391,1.0487857],[30.5451458,1.0488474],[30.5451699,1.0489011],[30.5452921,1.048993],[30.5453629,1.0490122],[30.5454332,1.0490047],[30.5454993,1.0489858],[30.5455555,1.0489674],[30.5456125,1.0489252],[30.5456454,1.0488307],[30.54564,1.0487423],[30.5455468,1.0484679],[30.5455112,1.0484056],[30.5454516,1.0483687],[30.5454032,1.048304],[30.5453651,1.0482494],[30.5453221,1.0482387],[30.5452773,1.0482547],[30.5452511,1.0483037],[30.5452316,1.0483627],[30.5452209,1.0484452],[30.5452363,1.0485196],[30.545231,1.0486175],[30.5452001,1.0486858],[30.5451679,1.0487267],[30.5451391,1.0487857]],[[30.6069975,1.0517236],[30.6070063,1.0517538],[30.6070485,1.0517692],[30.6071658,1.0517853],[30.6072772,1.0518738],[30.6074488,1.0519381],[30.6075937,1.0520038],[30.6076956,1.0520313],[30.6077895,1.0520213],[30.607876,1.0520012],[30.607945,1.0519623],[30.6079953,1.0519288],[30.6080094,1.0518832],[30.6079967,1.0518396],[30.6079558,1.0517987],[30.6078619,1.0516995],[30.6077519,1.0515949],[30.6076258,1.0515037],[30.6075078,1.051375],[30.6073925,1.051257],[30.6072718,1.0511658],[30.6071725,1.0511283],[30.6071216,1.0511363],[30.6071189,1.051198],[30.607135,1.0513106],[30.6072074,1.0513937],[30.6072664,1.0514527],[30.6072825,1.0514936],[30.6072718,1.0515332],[30.6072396,1.0515547],[30.6071719,1.0515842],[30.6071491,1.0516364],[30.607137,1.0516586],[30.6071001,1.0516726],[30.6070143,1.0517008],[30.6069975,1.0517236]],[[30.6088872,1.0524879],[30.6088892,1.0525456],[30.6089146,1.0526461],[30.6089602,1.0527393],[30.6090313,1.0528298],[30.6090689,1.0528781],[30.6091064,1.0529049],[30.6091363,1.0529032],[30.6091674,1.0528774],[30.6092546,1.052736],[30.6092519,1.0526991],[30.6092305,1.0526649],[30.6090166,1.0524718],[30.6089629,1.052453],[30.6089207,1.0524537],[30.6088872,1.0524879]],[[31.3688099,2.272962],[31.3688394,2.2731388],[31.3690808,2.2733881],[31.3692766,2.2735462],[31.3693705,2.2736682],[31.369404,2.2737606],[31.3694322,2.2737888],[31.3694644,2.2737794],[31.3694966,2.2736923],[31.3695918,2.2734765],[31.3696548,2.2733881],[31.3697232,2.2733265],[31.3697997,2.2732742],[31.3698238,2.2732005],[31.3698265,2.2731228],[31.3698198,2.2729244],[31.3698077,2.2728132],[31.3698426,2.2727248],[31.3698855,2.2726806],[31.3699298,2.2726672],[31.3699499,2.2726819],[31.3699338,2.27271],[31.369915,2.2727502],[31.3698989,2.2728105],[31.3698922,2.2728775],[31.3698882,2.2730075],[31.3699083,2.2731321],[31.3698801,2.2732528],[31.3698493,2.2733224],[31.3697863,2.2734042],[31.3697353,2.2734484],[31.3696508,2.2735409],[31.3696146,2.273644],[31.369565,2.2738812],[31.3694859,2.2740836],[31.3694336,2.2743074],[31.3694738,2.2744441],[31.3695824,2.2746705],[31.3696642,2.2747241],[31.3697407,2.2747228],[31.3698614,2.2746451],[31.3699874,2.2745245],[31.3702047,2.2742082],[31.3703656,2.2739777],[31.3704783,2.2737446],[31.3705346,2.2734658],[31.3705507,2.2728038],[31.37054,2.2724072],[31.370599,2.2719194],[31.3706312,2.2715817],[31.3705721,2.2713995],[31.3704917,2.2713405],[31.3703254,2.2713271],[31.3701484,2.2713646],[31.3699231,2.2714906],[31.3695958,2.2716675],[31.3693973,2.271831],[31.3692901,2.2719784],[31.3692203,2.2721767],[31.3691264,2.2723455],[31.3689843,2.2724929],[31.3688716,2.2727502],[31.3688099,2.272962]],[[31.3703725,2.2749492],[31.3704426,2.2753034],[31.3707882,2.2754254],[31.3709571,2.2755711],[31.3711008,2.2755511],[31.3711833,2.2754633],[31.3713124,2.2755831],[31.3712642,2.2757466],[31.371063,2.2760468],[31.3710442,2.2762129],[31.3710952,2.2765077],[31.3714064,2.2767293],[31.3716715,2.2769084],[31.3719913,2.2767594],[31.3725859,2.2768223],[31.3726731,2.2765741],[31.3729764,2.2764734],[31.3731061,2.2762791],[31.3730384,2.2760039],[31.3730282,2.2754585],[31.3731666,2.2758551],[31.373606,2.2760603],[31.3737038,2.2749653],[31.372497,2.2730408],[31.3720788,2.2735016],[31.3718929,2.2735908],[31.3718277,2.2737342],[31.3717389,2.2740715],[31.3715699,2.2742699],[31.3714787,2.2743127],[31.371299,2.2743503],[31.3711488,2.2743663],[31.3710056,2.2744073],[31.3708884,2.2745997],[31.3707557,2.2747264],[31.3703725,2.2749492]],[[31.3710818,2.2735275],[31.3710871,2.2738571],[31.3711783,2.2739322],[31.3712534,2.273908],[31.3713929,2.2737499],[31.3715753,2.2735837],[31.3717818,2.2733667],[31.3719588,2.2730933],[31.3720071,2.2728869],[31.3720232,2.2726404],[31.3719749,2.2723857],[31.3718918,2.2721365],[31.3716933,2.2718872],[31.3715163,2.2716139],[31.3714144,2.2715281],[31.3713044,2.2715415],[31.37124,2.271638],[31.3712159,2.2718363],[31.3712481,2.2721767],[31.3712937,2.2723911],[31.3713205,2.2726216],[31.3712615,2.272844],[31.3711488,2.2731522],[31.3710871,2.2733452],[31.3710818,2.2735275]],[[31.3720018,2.2711877],[31.3720635,2.2714986],[31.3722002,2.2718068],[31.3723531,2.2723402],[31.3724282,2.2725653],[31.3725543,2.2728199],[31.3728413,2.2732729],[31.3731256,2.2736507],[31.3733509,2.2739295],[31.3734048,2.2742268],[31.3735936,2.2743196],[31.3737495,2.2744998],[31.3739017,2.2745093],[31.374,2.2743261],[31.3740322,2.2741653],[31.3740563,2.2739804],[31.3740644,2.2738062],[31.3740268,2.27364],[31.3739356,2.2734444],[31.3738123,2.2732032],[31.3737881,2.2729486],[31.3738579,2.2726966],[31.373882,2.2724554],[31.373882,2.2723],[31.373823,2.2721472],[31.373646,2.2717023],[31.3729218,2.2699924],[31.3727689,2.2697405],[31.3726294,2.2696922],[31.3725248,2.2697592],[31.372396,2.2699415],[31.3720554,2.2708045],[31.3720018,2.2711877]],[[31.3734153,2.2698906],[31.3738847,2.2709331],[31.3740027,2.2712521],[31.3740671,2.2714477],[31.3742334,2.271772],[31.3745418,2.2722973],[31.3748825,2.2727824],[31.3752499,2.2733774],[31.3754377,2.2734765],[31.3756174,2.2735221],[31.3759366,2.2735623],[31.3764435,2.2737472],[31.3765642,2.2737955],[31.3766688,2.2738062],[31.3766822,2.2737392],[31.3765535,2.2735998],[31.3764113,2.273439],[31.3763121,2.2732675],[31.3762236,2.2730129],[31.3761431,2.2728414],[31.3759607,2.2725385],[31.3756576,2.2721794],[31.3754672,2.2719435],[31.3750058,2.2713378],[31.3747537,2.2709331],[31.3743621,2.2705311],[31.3740349,2.2700487],[31.3737506,2.2696788],[31.3735574,2.269577],[31.3734689,2.2695984],[31.3734207,2.2696842],[31.3734153,2.2698906]],[[31.3738713,2.2763308],[31.3739008,2.2768883],[31.3740027,2.2775717],[31.374059,2.2778263],[31.3741073,2.2780166],[31.374177,2.2781533],[31.3742521,2.2782149],[31.3743353,2.2782149],[31.3743836,2.2780568],[31.3744721,2.2777969],[31.3745499,2.277494],[31.3745579,2.2772555],[31.374456,2.2770357],[31.3743541,2.2769071],[31.3742307,2.2766685],[31.3741824,2.2764782],[31.3741851,2.2763255],[31.3742173,2.2761888],[31.3742602,2.2761459],[31.3743165,2.2761674],[31.3743165,2.2763094],[31.3743407,2.2765667],[31.3744372,2.2767463],[31.3745686,2.2769687],[31.3746679,2.2770518],[31.3747805,2.2770705],[31.3748717,2.2769607],[31.37492,2.2767623],[31.3749093,2.2764166],[31.3748878,2.2760441],[31.3747779,2.2755992],[31.3747349,2.2752776],[31.3747993,2.275098],[31.3749039,2.2749265],[31.3750917,2.2747094],[31.3751386,2.2746987],[31.3751721,2.2747214],[31.3751681,2.2749131],[31.3750058,2.2752213],[31.3749817,2.2753365],[31.3749737,2.275559],[31.3750488,2.2758431],[31.3750836,2.2760762],[31.3750836,2.2764595],[31.3750595,2.2768937],[31.3748851,2.2774136],[31.37481,2.277829],[31.3748342,2.2782096],[31.3749924,2.2784428],[31.3751721,2.2786974],[31.3753545,2.2788367],[31.375486,2.2789064],[31.3756093,2.2789037],[31.3756818,2.2787402],[31.3759124,2.278558],[31.3762772,2.2783597],[31.3765669,2.2782417],[31.3766474,2.2781747],[31.3766474,2.2780729],[31.3765588,2.2779443],[31.3764435,2.2777754],[31.376355,2.2775905],[31.3763335,2.2774377],[31.376422,2.2770464],[31.3764596,2.2765721],[31.3765052,2.2759851],[31.3765562,2.2753955],[31.376532,2.2751677],[31.3764408,2.274964],[31.3763469,2.2748273],[31.3761699,2.2747094],[31.3759553,2.2746156],[31.3758293,2.2744333],[31.3756898,2.2743395],[31.3755745,2.2743261],[31.3754457,2.2743181],[31.3752687,2.2742806],[31.3751614,2.27416],[31.3751024,2.2738893],[31.374853,2.2734229],[31.3747591,2.2733291],[31.3746706,2.2733023],[31.3745713,2.2733425],[31.3744614,2.273431],[31.3743299,2.2737392],[31.374338,2.2739295],[31.3744453,2.2740608],[31.3745016,2.274227],[31.3744077,2.2745218],[31.3743728,2.274838],[31.3743085,2.2752936],[31.3742414,2.2755081],[31.3741207,2.2757573],[31.3739115,2.2761004],[31.3738713,2.2763308]],[[31.3739061,2.2730732],[31.3740067,2.2733626],[31.3740657,2.2734672],[31.374118,2.2735261],[31.3741596,2.2735315],[31.3742052,2.2735007],[31.3742977,2.2733827],[31.3744117,2.2731656],[31.3744372,2.2730759],[31.3744278,2.2729794],[31.3743997,2.2728534],[31.3743111,2.2727623],[31.3741489,2.2726269],[31.374106,2.2725479],[31.3741167,2.2724487],[31.374059,2.2723697],[31.3740014,2.2723589],[31.3739397,2.272371],[31.3739128,2.2724233],[31.373933,2.2725586],[31.3739155,2.2728668],[31.3739061,2.2730732]],[[31.3758346,2.2742055],[31.3759071,2.2743637],[31.3760331,2.2745218],[31.3761458,2.2745968],[31.3763255,2.2746853],[31.3764784,2.2747871],[31.3765642,2.2749211],[31.3766286,2.2751516],[31.3766795,2.2754277],[31.3766742,2.2756045],[31.3766527,2.2757627],[31.3766178,2.2759717],[31.3765803,2.2766685],[31.3765481,2.2768829],[31.3765159,2.2771134],[31.3764355,2.2773198],[31.3764355,2.2775047],[31.3765132,2.277687],[31.3767198,2.277888],[31.3768968,2.2779684],[31.3771248,2.2779791],[31.3775754,2.2778451],[31.3779616,2.2777915],[31.378364,2.2778237],[31.3788253,2.2778558],[31.3790077,2.2779094],[31.3794261,2.2782954],[31.3800108,2.278633],[31.3802737,2.2787134],[31.3803595,2.2786384],[31.3803327,2.2782846],[31.3801235,2.2777593],[31.3799196,2.2773305],[31.3798767,2.2770839],[31.3796005,2.2767436],[31.3793993,2.2765747],[31.3791418,2.2764836],[31.3789085,2.2764354],[31.3787636,2.2763067],[31.378423,2.2759932],[31.377959,2.2755349],[31.3774788,2.275023],[31.3771865,2.2747013],[31.3771087,2.2745941],[31.377039,2.2745968],[31.3769558,2.2746424],[31.3768539,2.2745968],[31.3767761,2.2744789],[31.376701,2.2742859],[31.3765535,2.2741358],[31.3763764,2.2740447],[31.3760921,2.2739911],[31.3759151,2.2740126],[31.3758427,2.2740903],[31.3758346,2.2742055]],[[31.4936643,2.4507577],[31.4936668,2.4508085],[31.4937052,2.4508569],[31.493788,2.4508569],[31.4938493,2.4507825],[31.4938923,2.4507391],[31.4939039,2.4506786],[31.4938425,2.4506399],[31.4937835,2.4506423],[31.4937028,2.4506932],[31.4936643,2.4507577]],[[31.4936922,2.4505867],[31.4937224,2.4506158],[31.4937611,2.4506225],[31.4937834,2.4506041],[31.4937928,2.4505666],[31.4937868,2.4505254],[31.4937905,2.4504761],[31.4937798,2.4504594],[31.4937419,2.4504514],[31.4937097,2.4504651],[31.4936963,2.4504902],[31.4936922,2.4505867]],[[31.5012588,2.4946743],[31.5012588,2.494811],[31.5013017,2.4949021],[31.5014224,2.4949985],[31.5016463,2.495099],[31.5019642,2.4952116],[31.5020916,2.495237],[31.5021694,2.4952009],[31.5021949,2.4951124],[31.5021694,2.4949476],[31.5020567,2.4947654],[31.5019065,2.4946247],[31.5017751,2.4945417],[31.5016249,2.4945175],[31.5014653,2.4945256],[31.5013352,2.4945631],[31.5012588,2.4946743]],[[31.5030169,2.4948833],[31.5030384,2.4950387],[31.5030679,2.4952143],[31.5031323,2.4953174],[31.5032423,2.4953871],[31.5034059,2.4954461],[31.5036714,2.4954621],[31.503827,2.4955157],[31.5039664,2.4955264],[31.5040496,2.4954648],[31.5040657,2.4952826],[31.5040281,2.4951379],[31.5039718,2.4950923],[31.5038377,2.4950843],[31.5037143,2.4951432],[31.5036258,2.4951218],[31.5035641,2.4950414],[31.5035024,2.4948753],[31.5033764,2.4947386],[31.5032905,2.4946676],[31.5031631,2.4946529],[31.5030612,2.4947239],[31.5030169,2.4948833]],[[31.5044278,2.4948431],[31.5044707,2.4950253],[31.5045699,2.4952102],[31.504629,2.4954193],[31.5046424,2.4956229],[31.5047255,2.495789],[31.5048945,2.4958641],[31.5051815,2.49584],[31.5054497,2.4957676],[31.5056428,2.4955934],[31.5057608,2.4952853],[31.5057689,2.4950414],[31.5057394,2.4947065],[31.5055785,2.4944492],[31.5053746,2.4942643],[31.5050688,2.4941598],[31.5048918,2.4941009],[31.5047657,2.4941169],[31.5046906,2.4941732],[31.5046558,2.4943233],[31.5046477,2.4944787],[31.5045726,2.4945966],[31.50446,2.4947065],[31.5044278,2.4948431]],[[31.5062517,2.4983937],[31.506308,2.4985679],[31.5064985,2.4988197],[31.5067667,2.4990127],[31.5069893,2.4991118],[31.5071368,2.4990904],[31.5072253,2.4989216],[31.5072575,2.498592],[31.5072897,2.4984446],[31.5072897,2.4982999],[31.5072495,2.4981605],[31.5071046,2.4980614],[31.5069491,2.4980426],[31.5066352,2.4980909],[31.5063563,2.4981016],[31.5062624,2.4981954],[31.5062517,2.4983937]],[[31.5066339,2.4947091],[31.5066513,2.4949302],[31.5067184,2.4951299],[31.5068203,2.4953335],[31.5069544,2.4954407],[31.50722,2.4954809],[31.507684,2.4955211],[31.508494,2.4954702],[31.509017,2.4955291],[31.5095025,2.4955184],[31.5100872,2.4955345],[31.5105352,2.4955586],[31.5111575,2.495513],[31.5127104,2.4954353],[31.5132093,2.4953657],[31.5136975,2.4952746],[31.5140811,2.4951647],[31.5145853,2.4949503],[31.5150467,2.494811],[31.5154356,2.4946582],[31.5157735,2.4944867],[31.5160578,2.4942509],[31.5162563,2.4941545],[31.5167552,2.4941384],[31.517179,2.4940419],[31.5174472,2.4938275],[31.5175384,2.4936239],[31.5175277,2.4934738],[31.5173936,2.4932541],[31.5169322,2.4927771],[31.5164494,2.492418],[31.5158218,2.4919357],[31.5155375,2.4918285],[31.5153041,2.4918097],[31.5151164,2.4918392],[31.5147409,2.4919893],[31.5143278,2.4921367],[31.5140918,2.4923189],[31.5139523,2.4925467],[31.5138638,2.4927342],[31.5137431,2.4928012],[31.5136036,2.4928093],[31.5134507,2.4927959],[31.5133059,2.4928307],[31.5130994,2.4929406],[31.5129089,2.4929861],[31.5126675,2.4929325],[31.512453,2.4928253],[31.5120989,2.4926056],[31.511769,2.4925091],[31.5110448,2.4924421],[31.5105915,2.4924609],[31.5101087,2.4925547],[31.5094757,2.4926592],[31.5089768,2.4927959],[31.5088105,2.4928682],[31.5086657,2.4929861],[31.5086201,2.4930799],[31.508663,2.4933452],[31.5086925,2.493514],[31.5086335,2.4936319],[31.5085477,2.4936694],[31.5084377,2.4936507],[31.5082875,2.4935301],[31.5080917,2.4934765],[31.5079173,2.4934752],[31.5075633,2.4935354],[31.5073541,2.4936158],[31.5070537,2.4937311],[31.506882,2.4937766],[31.5067345,2.493932],[31.5066862,2.4941277],[31.5066822,2.4943273],[31.5066339,2.4947091]],[[31.5074855,2.4994495],[31.5075471,2.4996403],[31.5077993,2.4997871],[31.5082231,2.499913],[31.5089366,2.5000792],[31.5092155,2.5002051],[31.5095723,2.5003391],[31.509878,2.5003847],[31.5103796,2.5003472],[31.5108597,2.5003284],[31.5116483,2.5004945],[31.5123349,2.5007866],[31.5127963,2.5008724],[31.5136841,2.5008375],[31.5142232,2.5008322],[31.5147489,2.5009394],[31.5152854,2.5011162],[31.5154678,2.5011269],[31.5155965,2.5010465],[31.5157145,2.5007035],[31.5157735,2.5002694],[31.515736,2.4998997],[31.5157896,2.4995835],[31.5158701,2.4993798],[31.5160632,2.4991199],[31.5161383,2.4989859],[31.5161517,2.498876],[31.5160498,2.4987903],[31.5159157,2.4987769],[31.5157226,2.4987769],[31.5155563,2.498734],[31.5152988,2.4987045],[31.5147784,2.498742],[31.5143184,2.4988251],[31.5137887,2.4988841],[31.5136009,2.4989484],[31.5133984,2.4990569],[31.5132375,2.4990944],[31.513098,2.4990917],[31.5129626,2.4990569],[31.512756,2.4990221],[31.5125079,2.4990167],[31.5122397,2.4989859],[31.5120292,2.4989403],[31.511777,2.4987796],[31.5115088,2.4986536],[31.5111655,2.4985303],[31.5105057,2.4984553],[31.5099585,2.4983026],[31.5094274,2.4981445],[31.5089741,2.498056],[31.5084484,2.4980587],[31.508038,2.4981338],[31.5078101,2.4982034],[31.5076813,2.498324],[31.5076223,2.4985732],[31.5075096,2.4991145],[31.5074855,2.4994495]],[[31.5158379,2.5014056],[31.515854,2.5015369],[31.5159988,2.5016843],[31.5162241,2.5017433],[31.516656,2.5016414],[31.5171039,2.5013735],[31.5175062,2.5008965],[31.5177691,2.5004517],[31.5180105,2.4996531],[31.5181017,2.4991601],[31.5181231,2.4987796],[31.5180641,2.4986295],[31.5179247,2.4985705],[31.5176511,2.4986188],[31.5174231,2.4986965],[31.5170556,2.4988331],[31.5168357,2.4989618],[31.5166587,2.4991654],[31.5165272,2.4995674],[31.5163797,2.4999908],[31.5161705,2.5007839],[31.5159398,2.5012234],[31.5158379,2.5014056]],[[31.5170127,2.4918097],[31.5171012,2.4919732],[31.5172836,2.4922144],[31.5175518,2.4924689],[31.5177128,2.4927235],[31.5177879,2.49282],[31.5178871,2.4928682],[31.5180822,2.4928367],[31.518276,2.4927851],[31.5183914,2.4927155],[31.5185523,2.4925011],[31.5185603,2.4923805],[31.5185067,2.4922465],[31.5183002,2.4920965],[31.5180641,2.4919437],[31.5178388,2.4918901],[31.5177342,2.4918392],[31.5176108,2.4917079],[31.5174204,2.49159],[31.5172166,2.4915739],[31.5170288,2.4916731],[31.5170127,2.4918097]],[[31.5191129,2.4910139],[31.5191987,2.4910862],[31.5193757,2.4910702],[31.5197191,2.4910487],[31.5198746,2.491105],[31.5199041,2.4912765],[31.5198237,2.4914373],[31.5196466,2.4914935],[31.5194052,2.4914828],[31.5192631,2.49159],[31.5192255,2.4917427],[31.5193355,2.4918151],[31.5197486,2.4918205],[31.5199202,2.491791],[31.5202635,2.4915525],[31.5205264,2.4913086],[31.5206793,2.4912175],[31.5209985,2.4911452],[31.5214786,2.4910728],[31.5216824,2.4909871],[31.5220419,2.4907084],[31.5222108,2.4904485],[31.5222725,2.4902395],[31.5222833,2.4898911],[31.5222511,2.4897035],[31.5221854,2.4895588],[31.5220244,2.4894918],[31.5218742,2.4895066],[31.5217133,2.4895776],[31.5215939,2.4895776],[31.5214276,2.4895561],[31.5213016,2.4895575],[31.5211272,2.489599],[31.5209368,2.4897303],[31.5208349,2.4899018],[31.5206873,2.4900278],[31.5204218,2.4901457],[31.519947,2.4903734],[31.5195984,2.4906173],[31.519255,2.4907941],[31.5191209,2.4909013],[31.5191129,2.4910139]],[[31.5272936,2.4717817],[31.5273164,2.4719974],[31.5273204,2.4721086],[31.5273285,2.4722091],[31.5273327,2.4722762],[31.5273367,2.4723861],[31.5273553,2.4724999],[31.5274438,2.4726875],[31.5274934,2.4728925],[31.5275095,2.4730425],[31.5275042,2.4731926],[31.5275042,2.4733038],[31.5275444,2.4734204],[31.5276034,2.4735155],[31.5276645,2.4736347],[31.5277013,2.47375],[31.5277295,2.473892],[31.5277657,2.474109],[31.5278086,2.4742323],[31.5278676,2.4742886],[31.5280285,2.4744159],[31.5282699,2.4748205],[31.5283916,2.4750474],[31.5285485,2.4753278],[31.5285801,2.4754016],[31.5285945,2.4754861],[31.5286046,2.4755608],[31.5286314,2.4756295],[31.5287379,2.4757544],[31.5287997,2.4758214],[31.5288708,2.4759393],[31.5289043,2.4759827],[31.5289633,2.4760867],[31.5289807,2.476151],[31.5290054,2.4762458],[31.5290451,2.4763426],[31.52908,2.476423],[31.5290907,2.4765114],[31.5290558,2.4766802],[31.529084,2.4767847],[31.529147,2.476912],[31.5292986,2.4771224],[31.5293817,2.4772028],[31.5294823,2.4773153],[31.5295306,2.4773957],[31.5297103,2.4775538],[31.529772,2.4777628],[31.5298042,2.4779584],[31.529882,2.4780415],[31.5300402,2.4781916],[31.5301126,2.4783577],[31.5301368,2.4785453],[31.5302011,2.47869],[31.5303326,2.4787865],[31.5304828,2.4788508],[31.5306678,2.4789365],[31.5308744,2.478974],[31.5310433,2.4790518],[31.5311775,2.4790437],[31.5313116,2.4789874],[31.5314296,2.4788883],[31.5315021,2.4787582],[31.5315641,2.4786331],[31.5315798,2.4785332],[31.5316187,2.4784582],[31.5317193,2.4783952],[31.5317835,2.478383],[31.5318715,2.4783337],[31.531942,2.4782589],[31.5320089,2.4781671],[31.5321001,2.4780415],[31.5321565,2.4779316],[31.5321779,2.4778379],[31.5322021,2.4776771],[31.5321457,2.477535],[31.5320626,2.4774681],[31.5319392,2.4773903],[31.5318507,2.4772456],[31.5318158,2.4771036],[31.531789,2.4768464],[31.5318061,2.4766218],[31.5318642,2.4763925],[31.5320351,2.476116],[31.5322016,2.4760493],[31.5322782,2.4760943],[31.5323485,2.4763321],[31.5324009,2.4763851],[31.532469,2.4763844],[31.5325507,2.4763345],[31.5326178,2.4762541],[31.5326607,2.4761416],[31.5326527,2.4757986],[31.5324891,2.4753002],[31.5321055,2.4745686],[31.5319338,2.4741399],[31.5316951,2.4735825],[31.5313867,2.4731162],[31.5312351,2.4728442],[31.5311252,2.4726754],[31.5310031,2.4725106],[31.5308824,2.4723699],[31.5306866,2.4721622],[31.5305404,2.4720483],[31.530464,2.47198],[31.5303031,2.4716799],[31.530228,2.4715245],[31.5300858,2.471369],[31.5299088,2.4712752],[31.5297881,2.4712029],[31.5295558,2.4711376],[31.5294151,2.4710808],[31.5292436,2.4710538],[31.5291028,2.4710475],[31.5289457,2.4710285],[31.5288037,2.4710368],[31.5285972,2.4710582],[31.5283692,2.4711078],[31.5282619,2.4711533],[31.5281975,2.4712029],[31.5281332,2.4712418],[31.5280876,2.4712444],[31.5280111,2.4712016],[31.5279199,2.4711828],[31.527814,2.4711855],[31.527704,2.471223],[31.5276369,2.4712645],[31.5275659,2.4713034],[31.5275042,2.4713422],[31.5274507,2.4713953],[31.5274292,2.4714128],[31.527366,2.4714936],[31.5273204,2.4715848],[31.5272976,2.4716906],[31.5272936,2.4717817]],[[31.5284174,2.481358],[31.5284379,2.4814873],[31.5285295,2.4816334],[31.5286146,2.4817388],[31.528715,2.4818401],[31.5287841,2.4818686],[31.5287982,2.4818909],[31.5287957,2.4819532],[31.5287843,2.4820276],[31.5287916,2.4821012],[31.5288386,2.4821622],[31.5289063,2.4821937],[31.5290297,2.4822011],[31.5291081,2.4822218],[31.5291651,2.4822875],[31.5292376,2.4823716],[31.5293438,2.4824064],[31.5294033,2.48242],[31.5294816,2.4824036],[31.5295463,2.4823723],[31.5295948,2.4822992],[31.529629,2.4821935],[31.5296289,2.4820619],[31.5295991,2.4819228],[31.5295917,2.4818183],[31.5295822,2.4817636],[31.5295701,2.48171],[31.529546,2.4816578],[31.5295205,2.4816182],[31.5295022,2.4815811],[31.5294736,2.4815231],[31.5294038,2.4814755],[31.5293066,2.4814106],[31.529253,2.481367],[31.5292,2.4812819],[31.529149,2.4812196],[31.5291195,2.4811801],[31.5291081,2.4811299],[31.5291202,2.4810521],[31.5291068,2.4810019],[31.5290612,2.4809684],[31.5289894,2.4809624],[31.52886,2.4810113],[31.5287051,2.4810964],[31.5285462,2.4812404],[31.5284865,2.4812793],[31.5284542,2.4813108],[31.5284174,2.481358]]]}}]}