{"type":"FeatureCollection","licence":"Data © OpenStreetMap contributors, ODbL 1.0. http://osm.org/copyright","features":[{"type":"Feature","properties":{"place_id":417628497,"osm_type":"relation","osm_id":326665,"place_rank":20,"category":"water","type":"lake","importance":0.43347820203534987,"addresstype":"lake","name":"Lake Kyoga","display_name":"Lake Kyoga, Amolatar, Northern Region, Uganda"},"bbox":[32.3334356,1.1914479,33.4849656,1.8138788],"geometry":{"type":"Polygon","coordinates":[[[32.3334356,1.603472],[32.3343301,1.5960942],[32.33742,1.5862274],[32.3423123,1.5831387],[32.348535,1.5794494],[32.3546934,1.5756528],[32.3608732,1.5726713],[32.3655724,1.5712128],[32.3700785,1.5701188],[32.3729968,1.5697327],[32.3774814,1.5703119],[32.3819876,1.5711913],[32.3856997,1.5714058],[32.3880815,1.5709125],[32.3917722,1.5684458],[32.396729,1.5649495],[32.3988104,1.5633836],[32.401278,1.5611314],[32.404089,1.5574206],[32.4064278,1.5558333],[32.4085951,1.5548037],[32.41014,1.5543748],[32.4118995,1.5543319],[32.4138093,1.5548466],[32.4166417,1.5567557],[32.4186158,1.5572705],[32.4214804,1.5567986],[32.4267375,1.5558119],[32.4296343,1.5553078],[32.4321234,1.554911],[32.4331105,1.554675],[32.4339795,1.5540959],[32.4355674,1.5528518],[32.4368012,1.5519509],[32.4385822,1.5508784],[32.440567,1.5497094],[32.4420369,1.5489801],[32.4436247,1.548401],[32.4441504,1.5483742],[32.444526,1.5484331],[32.444872,1.5485967],[32.4452126,1.5489077],[32.4454433,1.5494386],[32.4456364,1.5497818],[32.4458429,1.5498515],[32.4460924,1.5498461],[32.4462721,1.5497845],[32.4467951,1.5495137],[32.447632,1.5489935],[32.4488711,1.5482723],[32.4496382,1.5472051],[32.450341,1.5460844],[32.4505717,1.5451191],[32.4509847,1.5439448],[32.4513441,1.543135],[32.4516445,1.5426309],[32.4522078,1.5421162],[32.4532378,1.5416121],[32.4541014,1.5413386],[32.454654,1.5414244],[32.4550912,1.5415826],[32.4553728,1.5416737],[32.4557322,1.541663],[32.4561399,1.5416241],[32.4562928,1.5415102],[32.456384,1.5414217],[32.4564899,1.5414056],[32.4565865,1.5414351],[32.4566402,1.5415303],[32.4566938,1.5416737],[32.4567515,1.5418105],[32.4569634,1.541899],[32.457186,1.541907],[32.4574435,1.5418346],[32.4575776,1.5416979],[32.457591,1.5415129],[32.4575776,1.541234],[32.4575803,1.5409686],[32.4575856,1.5407085],[32.4577385,1.5404323],[32.4578914,1.5402205],[32.4580711,1.5401025],[32.4581958,1.5400684],[32.4582776,1.5400684],[32.4583367,1.5400965],[32.458334,1.5402004],[32.4583179,1.5403358],[32.4583112,1.5405651],[32.4583474,1.5406938],[32.4585217,1.5410168],[32.4586102,1.5412957],[32.4587256,1.5417435],[32.4587752,1.5419915],[32.458849,1.5421537],[32.459038,1.5423025],[32.4594685,1.5425344],[32.4598213,1.5427449],[32.4603523,1.542883],[32.4609585,1.5430519],[32.4613555,1.5431551],[32.4616733,1.543131],[32.4618772,1.5431323],[32.4625665,1.5431967],[32.4630949,1.5432744],[32.4635884,1.5434568],[32.4641409,1.5437383],[32.4646693,1.5439421],[32.4649671,1.5439877],[32.4652138,1.5439126],[32.4655008,1.5435962],[32.4657959,1.5430707],[32.4659327,1.5426524],[32.4659649,1.5422556],[32.4659809,1.5418293],[32.4657503,1.5406924],[32.4655732,1.5398425],[32.4655893,1.5394751],[32.4652112,1.5388397],[32.4646425,1.5386359],[32.4639344,1.5384563],[32.4632236,1.5383276],[32.4630278,1.538172],[32.4630412,1.5380407],[32.4631271,1.537912],[32.4634248,1.5378181],[32.4637198,1.5377672],[32.4645594,1.5375473],[32.4651682,1.5373677],[32.4654311,1.53718],[32.465584,1.536877],[32.4658012,1.5364587],[32.466217,1.5362764],[32.4664664,1.536145],[32.4670458,1.5358179],[32.4681401,1.5354667],[32.4687651,1.5353112],[32.4691835,1.534984],[32.4693418,1.5347722],[32.4694571,1.5345497],[32.4695671,1.5344746],[32.4697682,1.534488],[32.4700391,1.5345256],[32.470471,1.5345443],[32.4708679,1.5345121],[32.4712542,1.5343969],[32.4719301,1.5342145],[32.4725336,1.5338901],[32.4741268,1.5328712],[32.4746928,1.5324127],[32.4749154,1.5322116],[32.4751595,1.5321044],[32.4754894,1.5320374],[32.4757469,1.5320213],[32.475948,1.531965],[32.4760687,1.5318389],[32.476168,1.531729],[32.4762833,1.5316459],[32.476455,1.5316003],[32.476683,1.5316271],[32.4769029,1.5317263],[32.4771631,1.531847],[32.4774474,1.5319113],[32.4777478,1.531969],[32.4779731,1.5319368],[32.4782467,1.5318255],[32.4785592,1.5316794],[32.4789347,1.5315132],[32.4792552,1.5312866],[32.47951,1.5310252],[32.4796991,1.5307664],[32.4799177,1.5303401],[32.4801216,1.5300036],[32.4804354,1.529576],[32.48124,1.5287206],[32.481747,1.5281522],[32.4819535,1.5277661],[32.4821305,1.5273425],[32.4821949,1.5269349],[32.482093,1.5264738],[32.481814,1.5257069],[32.4816531,1.5250795],[32.4816477,1.5245701],[32.4817979,1.524007],[32.4821573,1.5228165],[32.482565,1.5215134],[32.4830532,1.5210147],[32.4839705,1.5203551],[32.4847269,1.5199583],[32.4853384,1.5197063],[32.4857837,1.5195829],[32.4863094,1.5193201],[32.4874359,1.5183603],[32.4879992,1.5176685],[32.4887288,1.5172073],[32.4895066,1.5170089],[32.4908906,1.5168212],[32.4915612,1.5167676],[32.4919957,1.516655],[32.492457,1.5163976],[32.4930257,1.5161187],[32.4934441,1.5159793],[32.4936908,1.5160007],[32.4939376,1.516108],[32.4941307,1.5162581],[32.494415,1.5163922],[32.4947959,1.5164083],[32.4951982,1.5163279],[32.4957347,1.5161241],[32.4963194,1.5158345],[32.4975532,1.5148156],[32.498889,1.5143223],[32.4997741,1.5140166],[32.5014102,1.5134643],[32.5023651,1.5130567],[32.5034165,1.5127671],[32.5043821,1.512381],[32.5060397,1.5118877],[32.5074345,1.5116035],[32.5083411,1.5115069],[32.5097144,1.5115016],[32.5108033,1.5114855],[32.5114953,1.5113836],[32.5120264,1.5111959],[32.5127184,1.5109117],[32.5130939,1.5104505],[32.5141132,1.5092439],[32.5154221,1.5072222],[32.5160927,1.5060103],[32.516613,1.5051845],[32.5168061,1.5046697],[32.5168437,1.5040744],[32.5168544,1.5035006],[32.5168866,1.5027499],[32.5169831,1.5023638],[32.5177932,1.5006424],[32.5182652,1.4993178],[32.5185656,1.4978377],[32.518791,1.496422],[32.5189733,1.494883],[32.519483,1.4932313],[32.519955,1.4914187],[32.5203842,1.4899655],[32.5208884,1.4884103],[32.5212371,1.4875898],[32.521854,1.4868659],[32.5226909,1.4861634],[32.5235385,1.485788],[32.5260544,1.4843133],[32.5268698,1.4840022],[32.5278997,1.4838253],[32.5287849,1.4836054],[32.5292516,1.4834177],[32.5296432,1.4829136],[32.5298524,1.4825436],[32.5299865,1.4814416],[32.5300804,1.4805138],[32.5301903,1.4795539],[32.5303271,1.4787737],[32.5304612,1.4777387],[32.5303888,1.4768109],[32.5304505,1.4761058],[32.5305042,1.475607],[32.5302815,1.4749072],[32.5297692,1.4738722],[32.5294796,1.4725745],[32.5292945,1.4711694],[32.529214,1.469373],[32.5291389,1.4673888],[32.528978,1.4658658],[32.5288117,1.4634955],[32.5287473,1.4620851],[32.5289673,1.4599025],[32.5292677,1.4577574],[32.5296217,1.4562988],[32.5300187,1.4552423],[32.5305659,1.4544701],[32.5314349,1.453596],[32.5320357,1.4529685],[32.5325829,1.4517834],[32.5329691,1.4504749],[32.5335056,1.4497885],[32.5346374,1.4488071],[32.535882,1.4478096],[32.5387895,1.4464689],[32.5409353,1.444828],[32.541976,1.4437661],[32.5452483,1.4375454],[32.5465143,1.434435],[32.5472438,1.4327082],[32.5471902,1.4315284],[32.5471151,1.4290079],[32.5476622,1.4257795],[32.5485205,1.4220685],[32.5498295,1.4193228],[32.5521254,1.4153758],[32.5541639,1.4128445],[32.5558698,1.4113751],[32.5579619,1.4107316],[32.5606763,1.410013],[32.5635731,1.4096912],[32.565397,1.4096697],[32.5676501,1.409895],[32.5689804,1.4097126],[32.5711155,1.4086401],[32.5720811,1.4073637],[32.5736099,1.4053312],[32.5749028,1.403835],[32.5777995,1.4017757],[32.5796986,1.3995448],[32.5808787,1.3975712],[32.5818872,1.3943214],[32.5828206,1.3925087],[32.5842047,1.3902993],[32.5852132,1.3882506],[32.5859105,1.386674],[32.5863397,1.3844216],[32.586683,1.3831452],[32.5877559,1.3811288],[32.5892521,1.3798564],[32.5914037,1.3784366],[32.5938177,1.3773104],[32.5967574,1.3765811],[32.6002443,1.3761628],[32.6024008,1.3760341],[32.6054907,1.3760341],[32.6081407,1.3767634],[32.6099861,1.3778253],[32.6129901,1.3800348],[32.6163375,1.3812789],[32.6194274,1.3816329],[32.6218951,1.3814398],[32.6239443,1.3808928],[32.6267338,1.3797773],[32.6292121,1.3788871],[32.631315,1.3787798],[32.6335144,1.3789729],[32.6360464,1.3801742],[32.6377523,1.3813326],[32.6387393,1.3816972],[32.6394796,1.3816543],[32.6403165,1.3813218],[32.6414752,1.3804423],[32.6431382,1.3785761],[32.6464105,1.3768599],[32.6523757,1.3751009],[32.6572144,1.3735671],[32.6612162,1.3723337],[32.6633406,1.3719261],[32.6648426,1.3717438],[32.6681578,1.3708642],[32.6715267,1.3701992],[32.6751745,1.3693519],[32.6784468,1.3681077],[32.682513,1.3658339],[32.6867723,1.3626805],[32.6908493,1.3600419],[32.6942718,1.3582185],[32.6976406,1.3568456],[32.7016904,1.3561739],[32.7070176,1.3552153],[32.7104616,1.3543251],[32.7126074,1.3542071],[32.7144313,1.354368],[32.7156222,1.3546254],[32.717945,1.3563201],[32.7185297,1.3567598],[32.7193773,1.356969],[32.7209437,1.357028],[32.7215928,1.3568349],[32.7235079,1.3559983],[32.7244574,1.3555103],[32.7259219,1.3541642],[32.7268124,1.352995],[32.7273595,1.3524212],[32.7277565,1.3522335],[32.7283466,1.3520673],[32.7289098,1.352078],[32.7294195,1.3521906],[32.7298647,1.3525231],[32.730487,1.3532954],[32.7316457,1.3551563],[32.7324128,1.3567062],[32.7330565,1.357398],[32.7338129,1.3578324],[32.7344674,1.3579665],[32.7358085,1.357827],[32.7366024,1.3576501],[32.7376753,1.3572371],[32.73848,1.3565078],[32.738834,1.3557355],[32.7393168,1.3545342],[32.7397031,1.3533222],[32.7399284,1.3512843],[32.7399552,1.3492303],[32.7398693,1.3468599],[32.7398908,1.3452832],[32.7398372,1.3421834],[32.7402127,1.3387296],[32.7399601,1.3334083],[32.7397992,1.3309037],[32.7397134,1.3293592],[32.7404809,1.32721],[32.742691,1.3241853],[32.7472293,1.320635],[32.7482915,1.3202381],[32.7506304,1.320045],[32.7519286,1.3194873],[32.7538383,1.3176424],[32.7554637,1.3157975],[32.7562308,1.3150628],[32.756601,1.3139956],[32.7568477,1.3130195],[32.7571642,1.3124242],[32.7579206,1.3118772],[32.7585107,1.3116198],[32.7588218,1.3113355],[32.7590418,1.3109226],[32.7592939,1.310574],[32.7595836,1.3104345],[32.7598786,1.3104292],[32.7601576,1.3105901],[32.7604204,1.3108636],[32.7610427,1.3116037],[32.761901,1.3117431],[32.7627808,1.3116198],[32.7636391,1.3110781],[32.7650016,1.3095818],[32.766391,1.3082625],[32.7668256,1.3079354],[32.7675015,1.3077798],[32.7683651,1.3077584],[32.7712834,1.3078549],[32.7735203,1.3084502],[32.7752316,1.3083805],[32.776047,1.308048],[32.7774739,1.3072167],[32.7785897,1.3066429],[32.7791262,1.306069],[32.7796224,1.3054818],[32.7798772,1.3050045],[32.780199,1.3045352],[32.7804351,1.30431],[32.7807248,1.3042456],[32.7810828,1.3045204],[32.7807462,1.3049026],[32.780478,1.3054657],[32.7802312,1.3060127],[32.7799952,1.3066241],[32.7795902,1.3072462],[32.7793112,1.3075278],[32.7787346,1.3078093],[32.7781042,1.3081526],[32.7766478,1.3093244],[32.775355,1.3100967],[32.7743304,1.3109547],[32.773397,1.3120059],[32.7730054,1.3126924],[32.7729678,1.3132287],[32.773,1.313958],[32.7735686,1.3155991],[32.7742124,1.3174815],[32.7743947,1.3195409],[32.7748614,1.3219274],[32.7751565,1.3234559],[32.7751672,1.3243354],[32.7742016,1.3268453],[32.7728605,1.3292157],[32.770983,1.330417],[32.7699959,1.3312751],[32.7686119,1.3333345],[32.7680004,1.3346752],[32.7679467,1.3358015],[32.7688908,1.3378716],[32.7698779,1.3392767],[32.7701461,1.3404351],[32.7701568,1.3418509],[32.7697706,1.3436743],[32.768805,1.345133],[32.7678823,1.3460661],[32.7663588,1.346817],[32.764653,1.3482542],[32.7622068,1.3498095],[32.760061,1.3510108],[32.7589774,1.3522657],[32.7584946,1.3537137],[32.7581513,1.3554298],[32.7585103,1.3585765],[32.7616002,1.3592629],[32.7646901,1.35789],[32.768295,1.3565171],[32.7724148,1.3584049],[32.7715565,1.3556591],[32.7725865,1.3546294],[32.7724148,1.3532565],[32.7737881,1.3527416],[32.7753331,1.3551442],[32.7770497,1.3561739],[32.7782513,1.35789],[32.7780797,1.3609791],[32.7797963,1.3630384],[32.7821995,1.3626952],[32.7837445,1.3638965],[32.7854611,1.3662991],[32.7839161,1.3681868],[32.7818562,1.3697313],[32.778938,1.3712758],[32.7758481,1.3709326],[32.7732731,1.3717907],[32.7706982,1.3736784],[32.7688099,1.3764242],[32.76572,1.3783119],[32.7653767,1.3814009],[32.7614285,1.3789984],[32.7609135,1.3759093],[32.7590253,1.3721339],[32.7629735,1.36853],[32.76572,1.3678436],[32.7701832,1.3645829],[32.7703549,1.3602926],[32.7686383,1.3585765],[32.76675,1.360121],[32.7674367,1.3640681],[32.7588536,1.3609791],[32.757137,1.3635533],[32.7552487,1.3661274],[32.7549054,1.3681868],[32.7542187,1.3705894],[32.7519871,1.3719623],[32.7494122,1.3784835],[32.7487256,1.3808861],[32.7461506,1.3844899],[32.7447774,1.3927272],[32.7427447,1.3973138],[32.7414358,1.3984508],[32.7405131,1.3990192],[32.7397728,1.399223],[32.738893,1.3990299],[32.7381313,1.3986224],[32.7363825,1.3974318],[32.7340436,1.395941],[32.7309966,1.3940747],[32.7273917,1.3930021],[32.7218556,1.390428],[32.7202248,1.3898273],[32.7189106,1.390133],[32.7181703,1.3903207],[32.7177787,1.3907229],[32.7176017,1.3913235],[32.7176928,1.3922084],[32.7182186,1.393517],[32.7192914,1.3952545],[32.7213192,1.3980646],[32.723186,1.4007568],[32.7242804,1.4019205],[32.7261472,1.4032826],[32.7279925,1.4044785],[32.7299023,1.4056584],[32.7316564,1.4069186],[32.7338129,1.4086294],[32.7352345,1.4097824],[32.7367526,1.4110533],[32.7383459,1.4129357],[32.739349,1.4142281],[32.7405184,1.4153168],[32.7408618,1.4156761],[32.7414572,1.4159603],[32.7420151,1.4159549],[32.7426588,1.4157672],[32.7435708,1.4155849],[32.7454054,1.4148341],[32.7466071,1.4141423],[32.7481306,1.4135202],[32.7491659,1.4131877],[32.7504533,1.4128499],[32.7513117,1.4127426],[32.7525991,1.4129142],[32.7540649,1.4133593],[32.7543573,1.4135135],[32.7544713,1.413657],[32.7545384,1.413779],[32.7545638,1.4138554],[32.7545826,1.4138862],[32.7546604,1.4139197],[32.7549179,1.4139841],[32.7553055,1.4140793],[32.755575,1.4141316],[32.7561638,1.4142656],[32.7563824,1.4142013],[32.7565648,1.4140337],[32.7569135,1.4136784],[32.7572501,1.4133057],[32.7586448,1.4120079],[32.7606618,1.4102704],[32.7627861,1.4091656],[32.7643615,1.4087865],[32.7651036,1.4086079],[32.767657,1.408801],[32.7691001,1.4095303],[32.7702427,1.4101738],[32.7718949,1.4119167],[32.7746308,1.414507],[32.7771306,1.4162338],[32.7787828,1.4180142],[32.7810359,1.4192155],[32.7841687,1.4204704],[32.7850699,1.4206098],[32.7858531,1.4204168],[32.7866471,1.4196016],[32.7872479,1.4190868],[32.7875698,1.4186149],[32.7875483,1.4180786],[32.7873766,1.4172634],[32.7868187,1.4153758],[32.7852416,1.4138313],[32.7839541,1.4125978],[32.7811968,1.4107209],[32.7800596,1.4091656],[32.7795231,1.4081253],[32.7793515,1.4069991],[32.779727,1.4054439],[32.780993,1.4035133],[32.7827042,1.40184],[32.7853489,1.3998022],[32.7869743,1.3989817],[32.788471,1.3988476],[32.7906838,1.3989414],[32.7920222,1.3989602],[32.7925962,1.3989119],[32.793425,1.3986384],[32.7938756,1.3985446],[32.7941895,1.39855],[32.7943906,1.3986894],[32.7944308,1.3988342],[32.7943853,1.3991372],[32.7942592,1.3994107],[32.7938729,1.400081],[32.7935404,1.4008587],[32.7934974,1.4014217],[32.7937442,1.4019312],[32.7942431,1.4021672],[32.7948439,1.4022583],[32.7957129,1.401647],[32.7963299,1.4005583],[32.7966839,1.3995019],[32.7969253,1.3988154],[32.7968234,1.3981022],[32.7964264,1.3974693],[32.7956271,1.3969277],[32.7950585,1.3965523],[32.7930307,1.3949542],[32.7910459,1.3934633],[32.7903592,1.3924658],[32.7904022,1.3917043],[32.7907669,1.3909106],[32.7914536,1.3902993],[32.7922153,1.3901813],[32.7936959,1.3907176],[32.7969146,1.3929807],[32.8000688,1.3948791],[32.8019142,1.3957586],[32.8041029,1.3964022],[32.8069889,1.3967454],[32.8118813,1.3969063],[32.8140592,1.3973031],[32.8177822,1.3990407],[32.8198314,1.4002741],[32.8216553,1.400982],[32.8227389,1.4011322],[32.8237688,1.4008962],[32.8245842,1.4003814],[32.8252387,1.3993624],[32.8251207,1.3981933],[32.824552,1.3964665],[32.8233075,1.394611],[32.8223956,1.3929699],[32.8223848,1.392187],[32.8227818,1.391286],[32.8234148,1.390503],[32.8241122,1.389956],[32.8251207,1.3895592],[32.8263223,1.389409],[32.8283715,1.3898166],[32.8318691,1.3906425],[32.8329742,1.3906854],[32.8340578,1.3904387],[32.8346908,1.3900794],[32.8352165,1.3896396],[32.8358602,1.3887601],[32.8361553,1.3872156],[32.8363752,1.385714],[32.8361499,1.3837512],[32.8359461,1.382448],[32.8354847,1.381043],[32.835238,1.3799382],[32.8351629,1.3789729],[32.8351629,1.3781256],[32.8349483,1.3768599],[32.834723,1.3749508],[32.8349054,1.3736422],[32.8358388,1.3723229],[32.8378236,1.3704781],[32.839508,1.3689229],[32.841053,1.3676733],[32.8418094,1.3663755],[32.8424585,1.3636136],[32.8425121,1.3613505],[32.8419864,1.3597416],[32.8409028,1.3576715],[32.8400338,1.3566955],[32.838757,1.3557838],[32.8366005,1.3541481],[32.8360909,1.352802],[32.8360641,1.3519225],[32.8364289,1.3508981],[32.8371102,1.349729],[32.8380114,1.3480987],[32.8392506,1.3464201],[32.8409564,1.3453904],[32.8429627,1.3441355],[32.8455377,1.341218],[32.847501,1.3391694],[32.8487241,1.3373996],[32.848885,1.3347074],[32.8488958,1.3328626],[32.8485203,1.3320581],[32.8462672,1.3306637],[32.8433382,1.3277999],[32.8424477,1.3255582],[32.8416753,1.3222331],[32.8416324,1.3201845],[32.8428876,1.3182967],[32.8441858,1.3174064],[32.8468144,1.3163875],[32.8496683,1.3155616],[32.8517496,1.3140814],[32.8533375,1.3120971],[32.8550649,1.3079354],[32.8552472,1.3045459],[32.8555155,1.3012852],[32.8554082,1.2994189],[32.8558051,1.2976169],[32.8563094,1.2963941],[32.8569746,1.2949354],[32.8574467,1.2939271],[32.8581869,1.293305],[32.8593349,1.2931227],[32.8611374,1.2932514],[32.8660619,1.2940987],[32.8701818,1.2944849],[32.8791833,1.2946029],[32.8848266,1.2935517],[32.8855562,1.2938735],[32.8858566,1.294753],[32.8856635,1.2963405],[32.8854918,1.2973702],[32.8850627,1.2984428],[32.8842258,1.3003521],[32.8833246,1.3017679],[32.8826165,1.3030336],[32.8810286,1.3040418],[32.8781937,1.3055774],[32.8724456,1.3092332],[32.8703213,1.3115715],[32.8679609,1.3165269],[32.8667164,1.318286],[32.8660941,1.3210318],[32.8662443,1.3223833],[32.8666949,1.3230698],[32.8674245,1.3233916],[32.8686905,1.3234559],[32.8698102,1.3229194],[32.8726387,1.3195946],[32.8749776,1.3168702],[32.8773165,1.3142101],[32.8798385,1.3113987],[32.882638,1.309791],[32.8855991,1.3075814],[32.8885817,1.3036771],[32.8926587,1.2983355],[32.8947401,1.2959758],[32.8969042,1.2932821],[32.8988385,1.2899263],[32.9015422,1.2855286],[32.9033661,1.2813025],[32.9053831,1.2770978],[32.907722,1.2730648],[32.9096103,1.2693106],[32.911005,1.266747],[32.9120672,1.2650308],[32.9136014,1.263926],[32.9151034,1.2626067],[32.9173779,1.2603864],[32.9187535,1.2580873],[32.9209527,1.2548333],[32.922976,1.2514914],[32.9239225,1.2493866],[32.9250008,1.2481906],[32.9272721,1.2495216],[32.9284793,1.250229],[32.9272646,1.2524543],[32.9259878,1.2551788],[32.9245448,1.2578335],[32.922914,1.2603971],[32.920161,1.26354],[32.91761,1.266706],[32.914795,1.270048],[32.9128718,1.2726035],[32.911241,1.2758321],[32.91049,1.2779774],[32.9105437,1.2791251],[32.9111445,1.279597],[32.9120135,1.2796828],[32.9131079,1.2793503],[32.9142666,1.2782991],[32.9156506,1.2758428],[32.9165089,1.2743412],[32.9168844,1.2738799],[32.917496,1.2735635],[32.9182202,1.2734187],[32.9186064,1.2733276],[32.9188853,1.2731935],[32.919336,1.2725553],[32.9197168,1.2717776],[32.9197812,1.2712413],[32.9198563,1.2707211],[32.9200226,1.2702813],[32.9203874,1.2697236],[32.9210257,1.2691229],[32.9219538,1.2683989],[32.9235578,1.2674281],[32.9255855,1.2659211],[32.927742,1.2643765],[32.9291797,1.263261],[32.9301131,1.2628641],[32.9312611,1.2623707],[32.932924,1.2612659],[32.934469,1.2600646],[32.9355204,1.2588525],[32.9364431,1.2566858],[32.9373228,1.2554201],[32.938267,1.2547229],[32.9389322,1.2544762],[32.9398548,1.2543797],[32.942183,1.2544226],[32.9434383,1.2542402],[32.9450261,1.2537147],[32.9470324,1.2533607],[32.9484594,1.2529745],[32.9497093,1.2530711],[32.9506427,1.2534626],[32.9513776,1.2534948],[32.9520911,1.2532802],[32.9527134,1.2527332],[32.9537272,1.2511242],[32.9547787,1.2490165],[32.9550147,1.2482442],[32.95524,1.2470965],[32.9550147,1.2454661],[32.9541457,1.2444471],[32.9533839,1.2434603],[32.953062,1.2425593],[32.9531693,1.2417441],[32.9539365,1.240414],[32.9542851,1.239749],[32.9544353,1.2390947],[32.9543388,1.238301],[32.9543066,1.2375769],[32.9545265,1.2370513],[32.9547787,1.2365579],[32.9552454,1.2360699],[32.9559106,1.2357481],[32.9569888,1.2352654],[32.9574877,1.2350133],[32.957831,1.2349704],[32.9582441,1.2350616],[32.9587269,1.2355818],[32.9592687,1.2373624],[32.959789,1.2389177],[32.9603469,1.2397329],[32.9609853,1.2400922],[32.9621011,1.2404623],[32.963115,1.2405535],[32.9639894,1.2403014],[32.9644668,1.2400815],[32.9651374,1.2400976],[32.9656094,1.2403979],[32.9657704,1.2408485],[32.965647,1.2414491],[32.9649013,1.2426451],[32.9647028,1.2435247],[32.9647833,1.2442862],[32.965073,1.245568],[32.965309,1.2459435],[32.9656899,1.2460239],[32.9665428,1.2456324],[32.9675245,1.2447207],[32.9682809,1.2436695],[32.9689997,1.2422161],[32.9690641,1.2416583],[32.9690105,1.2411434],[32.9686618,1.2405428],[32.9684579,1.2401137],[32.9685759,1.2398402],[32.9688334,1.2394916],[32.9691714,1.2391966],[32.9695255,1.2388265],[32.970019,1.2386871],[32.9705554,1.2387515],[32.9710329,1.2391322],[32.9716229,1.2395452],[32.9721326,1.239631],[32.9725885,1.2395184],[32.9729801,1.2391001],[32.9734629,1.2384565],[32.9737472,1.2377968],[32.9737526,1.2368851],[32.9737151,1.2355926],[32.9734576,1.2344019],[32.9732054,1.2331577],[32.9730821,1.2321333],[32.9727709,1.2305136],[32.9728138,1.2293981],[32.972964,1.2281431],[32.9731035,1.2271831],[32.9734683,1.2262553],[32.9740745,1.2255098],[32.9757804,1.2245122],[32.976467,1.223992],[32.9768801,1.2234718],[32.977159,1.2228014],[32.977379,1.2220344],[32.9776901,1.2213533],[32.9780334,1.2208545],[32.9784787,1.2205917],[32.9789507,1.220227],[32.9791385,1.2198301],[32.9791224,1.218913],[32.9786289,1.2177278],[32.9784143,1.2169877],[32.9784894,1.216033],[32.9789722,1.215679],[32.9801309,1.2153036],[32.981236,1.2149818],[32.9821372,1.2150354],[32.9827917,1.2154752],[32.9840791,1.217642],[32.9860532,1.2203879],[32.9877698,1.2238365],[32.9883331,1.2253918],[32.9885745,1.2260139],[32.9892665,1.2262713],[32.9910958,1.2264537],[32.992689,1.2263464],[32.9934937,1.2262499],[32.9943305,1.2257887],[32.9946256,1.2253918],[32.9947221,1.2248072],[32.9948294,1.2240832],[32.9939282,1.2223294],[32.9927695,1.2211602],[32.9915464,1.2203557],[32.9893148,1.2195942],[32.9883277,1.219326],[32.9876518,1.2188541],[32.9871797,1.2181032],[32.9868793,1.2171164],[32.9864931,1.2154645],[32.9857206,1.2134909],[32.9850983,1.2108736],[32.9850983,1.2089214],[32.9856348,1.2057893],[32.9870081,1.2040301],[32.9891967,1.202743],[32.9922008,1.2015845],[32.9958915,1.2011125],[32.9980802,1.2007693],[32.999947,1.2001686],[33.0011058,1.1990959],[33.0016851,1.1976371],[33.0022752,1.1955884],[33.0034232,1.1936683],[33.0053115,1.1925742],[33.0068779,1.1920486],[33.0091202,1.191641],[33.0112231,1.1914479],[33.0124676,1.1916946],[33.0143022,1.1925099],[33.0153429,1.1935932],[33.0154395,1.1946766],[33.0154931,1.1957171],[33.0144846,1.1971437],[33.0133474,1.1983451],[33.0123174,1.2001042],[33.0117917,1.2029253],[33.0113196,1.205446],[33.0112553,1.2073875],[33.0114913,1.2094041],[33.0125213,1.2114099],[33.013916,1.2125898],[33.0158365,1.2133085],[33.0185509,1.2138234],[33.0210829,1.214231],[33.0230355,1.2141237],[33.0249452,1.2137268],[33.0267799,1.2127507],[33.0288613,1.2101871],[33.0298054,1.2092003],[33.031109,1.2088195],[33.0326271,1.2084494],[33.0334961,1.2082349],[33.0342471,1.2076128],[33.0354059,1.2059823],[33.0362427,1.2043948],[33.0369294,1.2033973],[33.0391717,1.2042017],[33.0412919,1.2052312],[33.0426994,1.2061107],[33.0444073,1.2074411],[33.0465317,1.2085352],[33.0482912,1.2096508],[33.0489135,1.2108951],[33.0485487,1.2128473],[33.0475831,1.2140915],[33.0455875,1.2157863],[33.0438494,1.2180174],[33.0428839,1.219562],[33.0422401,1.2214284],[33.0418539,1.2235522],[33.0417037,1.2255259],[33.0407381,1.2272206],[33.0399227,1.2296019],[33.0382275,1.2314039],[33.0371117,1.2321119],[33.0358028,1.2328842],[33.0339789,1.2332274],[33.0319404,1.2332274],[33.0298805,1.2326053],[33.0282712,1.2323264],[33.0262971,1.2317043],[33.0245805,1.2319617],[33.0227308,1.2329346],[33.0204437,1.2345177],[33.0182445,1.2357489],[33.0163092,1.2366284],[33.0143666,1.2371747],[33.0121779,1.2377968],[33.0096245,1.2378612],[33.0075431,1.2375394],[33.006041,1.2367242],[33.0046096,1.235661],[33.0028502,1.2351333],[33.0006122,1.2352332],[32.9988956,1.2356086],[32.9979944,1.2360699],[32.9973721,1.2365633],[32.9960954,1.2368636],[32.9952156,1.2364346],[32.9946685,1.2357052],[32.9940569,1.2345789],[32.9934132,1.2335599],[32.9922941,1.232407],[32.9908275,1.2315648],[32.9898727,1.2307174],[32.9880166,1.2304171],[32.9853558,1.2305887],[32.9827595,1.2307067],[32.9806888,1.2309641],[32.9794335,1.2311465],[32.9786289,1.2318222],[32.9778671,1.2341284],[32.9778242,1.2367027],[32.9773414,1.2378397],[32.9764938,1.2389767],[32.9751313,1.2399314],[32.9726636,1.2427846],[32.9706252,1.2448226],[32.9685759,1.2468284],[32.966516,1.2490273],[32.9650998,1.2513441],[32.9639196,1.253779],[32.9633403,1.2547766],[32.9627395,1.255817],[32.9620314,1.2569754],[32.9616344,1.2579086],[32.961055,1.2589491],[32.960538,1.2600221],[32.9593064,1.2624846],[32.9582508,1.2640677],[32.9573711,1.2659145],[32.9569566,1.2679913],[32.9562807,1.2700293],[32.9558837,1.2714558],[32.956152,1.2726679],[32.957139,1.2733329],[32.9584908,1.2733115],[32.9595101,1.2729361],[32.9607868,1.2723193],[32.9612857,1.2721423],[32.9618061,1.2721477],[32.9627609,1.2722925],[32.9635709,1.2723944],[32.9644078,1.2723193],[32.9655933,1.2719439],[32.966693,1.2717615],[32.9673636,1.2718742],[32.9680824,1.2721852],[32.9690909,1.2726357],[32.969445,1.2732364],[32.969799,1.274191],[32.9703891,1.2753923],[32.9706681,1.2765186],[32.9703247,1.2779988],[32.970196,1.2791787],[32.9699063,1.28038],[32.9693591,1.2813883],[32.9685545,1.2819139],[32.9677176,1.2819889],[32.9668701,1.2820211],[32.965728,1.2817447],[32.9643206,1.2820085],[32.9626492,1.2824483],[32.9615936,1.2836795],[32.9603577,1.285121],[32.9593491,1.285786],[32.9577505,1.2860434],[32.9565275,1.2856466],[32.9552293,1.2849923],[32.9538667,1.2843594],[32.9511309,1.2827934],[32.9479587,1.2820965],[32.9456715,1.2820085],[32.9434723,1.2826242],[32.9419769,1.2834157],[32.9408634,1.2845954],[32.9402411,1.2855393],[32.9398119,1.2867192],[32.9400694,1.2881886],[32.9399085,1.28939],[32.9390609,1.2903553],[32.9380846,1.2907093],[32.9365075,1.2907736],[32.9346728,1.290838],[32.9323983,1.291074],[32.9301774,1.2916103],[32.9282892,1.2928652],[32.9260039,1.2952893],[32.924974,1.2964477],[32.9239654,1.2982068],[32.9225385,1.3004915],[32.9213583,1.3013388],[32.9198456,1.3021755],[32.9187888,1.3024114],[32.9175496,1.3033339],[32.9171365,1.3036557],[32.9166913,1.3041491],[32.9166537,1.304503],[32.9168683,1.3048141],[32.917217,1.305463],[32.9175121,1.306423],[32.917555,1.3071416],[32.9175362,1.3085387],[32.9175067,1.3091259],[32.9174316,1.3094638],[32.9172412,1.3095764],[32.9170266,1.3095979],[32.9167664,1.3095121],[32.9163963,1.3091903],[32.9158866,1.3084341],[32.9152429,1.307753],[32.9145509,1.3081338],[32.9140466,1.3094209],[32.9133493,1.3107885],[32.9125178,1.3122955],[32.9121154,1.3132126],[32.9117185,1.3136523],[32.9110479,1.3140438],[32.9091221,1.3146284],[32.9073036,1.3152291],[32.9060858,1.3154972],[32.9050505,1.3159584],[32.9044712,1.3165323],[32.9036611,1.3171276],[32.9029584,1.3174386],[32.9023522,1.3174601],[32.9018319,1.3171329],[32.9015797,1.3164679],[32.901451,1.3154918],[32.9016441,1.3142101],[32.9018211,1.313234],[32.901966,1.3122848],[32.9021376,1.3118396],[32.9025024,1.3115179],[32.9029423,1.3113623],[32.9035109,1.311357],[32.9039776,1.3116144],[32.9043424,1.3117914],[32.9046535,1.3117485],[32.90497,1.3115018],[32.905013,1.3111532],[32.9049164,1.3108046],[32.9050076,1.3097963],[32.9051632,1.3092922],[32.9055172,1.3089919],[32.9062039,1.3087774],[32.9067886,1.3087398],[32.9080492,1.3086433],[32.9109192,1.3073776],[32.9117238,1.3066161],[32.9118633,1.3059189],[32.9116809,1.3049106],[32.9113161,1.303956],[32.9112303,1.3027654],[32.9113054,1.3018108],[32.9110694,1.3011243],[32.9104364,1.3002984],[32.9093528,1.2996978],[32.9086876,1.2991078],[32.9085052,1.2982712],[32.908709,1.2973916],[32.9088592,1.2964799],[32.9086232,1.2956004],[32.9080439,1.2949139],[32.9074323,1.2946243],[32.9064238,1.2944849],[32.9033232,1.2981639],[32.9021108,1.2993438],[32.9003835,1.3004379],[32.8980982,1.302272],[32.8960812,1.3035055],[32.8944397,1.3056614],[32.8931093,1.3079354],[32.891897,1.3095657],[32.891264,1.3119362],[32.8909528,1.3157117],[32.8900762,1.3189453],[32.8888447,1.3214077],[32.8870853,1.3237822],[32.8865701,1.3247645],[32.8864735,1.3251774],[32.8865325,1.3254885],[32.8867418,1.3256976],[32.8870422,1.3257727],[32.8874606,1.3257405],[32.88782,1.3256064],[32.8883511,1.3252632],[32.8890002,1.3245499],[32.8893328,1.3243515],[32.8896707,1.3243301],[32.8901213,1.324448],[32.8905237,1.3244695],[32.8909153,1.3243461],[32.891382,1.3240029],[32.8918594,1.3229947],[32.8927123,1.3220293],[32.8940534,1.3207422],[32.8949976,1.3198305],[32.8959203,1.3195195],[32.8964996,1.3196696],[32.896961,1.3199807],[32.8969502,1.3206242],[32.8967786,1.3212678],[32.8954482,1.3231234],[32.8948903,1.3244749],[32.8948152,1.3255689],[32.8951907,1.3265128],[32.8957271,1.3270169],[32.8966713,1.327521],[32.8984845,1.3281324],[32.9015851,1.3294839],[32.9044282,1.3306101],[32.9065418,1.3306959],[32.9084194,1.3304278],[32.909621,1.3303741],[32.9104257,1.3305565],[32.9108655,1.3311786],[32.9111016,1.3319938],[32.9122496,1.336134],[32.913816,1.3377643],[32.9152858,1.3386867],[32.9175389,1.3393839],[32.9195881,1.3400918],[32.9209292,1.3408641],[32.9216695,1.3418401],[32.9226243,1.3444573],[32.9230749,1.3462056],[32.9227531,1.3475678],[32.9223561,1.3486189],[32.9218733,1.3493054],[32.9211545,1.3498631],[32.9201138,1.3501312],[32.9187941,1.3500991],[32.9175174,1.3495628],[32.9161119,1.349477],[32.9145348,1.3501205],[32.9134297,1.3509035],[32.9124212,1.351354],[32.9116487,1.3513754],[32.9106939,1.3511502],[32.9102969,1.3506568],[32.9098248,1.3495199],[32.9097283,1.3488227],[32.9092884,1.3479432],[32.9086339,1.3475141],[32.9079044,1.3474605],[32.9059732,1.347675],[32.9049539,1.3476321],[32.904278,1.3474498],[32.9037952,1.3469135],[32.9035914,1.3464416],[32.9033983,1.3457336],[32.9030335,1.3449721],[32.9012096,1.3428484],[32.8992462,1.3414004],[32.8979587,1.3411537],[32.8965104,1.3414755],[32.8940856,1.3425695],[32.8909957,1.3449292],[32.8892898,1.3464952],[32.8873694,1.3481041],[32.8857922,1.3487691],[32.8829062,1.3502707],[32.881329,1.3517616],[32.8787327,1.354561],[32.8771448,1.3559232],[32.874763,1.3568885],[32.8725207,1.3577037],[32.871598,1.3579933],[32.8705788,1.3588299],[32.8698707,1.3595593],[32.8693235,1.3611789],[32.8687549,1.3630988],[32.8680146,1.3649972],[32.867167,1.3673033],[32.865901,1.3687191],[32.8638196,1.3703494],[32.8620171,1.3715936],[32.860794,1.3723873],[32.8589057,1.3747899],[32.8583478,1.3775357],[32.8586912,1.3800241],[32.8591632,1.3817831],[32.8611803,1.3867169],[32.8621244,1.3901491],[32.8640985,1.3957479],[32.8653431,1.3994911],[32.8673065,1.4039637],[32.869581,1.4082325],[32.8716195,1.4111713],[32.8743124,1.4142388],[32.8765118,1.4172956],[32.8769302,1.4199663],[32.8765762,1.4221436],[32.8752994,1.4236451],[32.8739369,1.4245461],[32.8729498,1.4250716],[32.8716731,1.4254041],[32.8702354,1.4254256],[32.8687227,1.4246426],[32.8668451,1.423924],[32.8655362,1.4236773],[32.864517,1.423806],[32.8630578,1.4239026],[32.8617302,1.4241948],[32.8608558,1.4246748],[32.8600833,1.4251628],[32.8589433,1.4261093],[32.8580394,1.4268708],[32.8574601,1.427324],[32.8570041,1.4279809],[32.8568888,1.4283644],[32.8567922,1.4308312],[32.8567815,1.4320754],[32.8570819,1.4331587],[32.8577471,1.4344243],[32.8591204,1.4358776],[32.8605473,1.4367034],[32.8616416,1.4378564],[32.862162,1.4384999],[32.862398,1.4389397],[32.862259,1.4394054],[32.8622371,1.4394786],[32.8629264,1.4400712],[32.8629667,1.4400323],[32.8628272,1.4398835],[32.8626475,1.4396207],[32.8627025,1.4395162],[32.8628446,1.4394961],[32.8637177,1.4395403],[32.8650829,1.4401195],[32.8657749,1.4396502],[32.8663275,1.4395108],[32.8666225,1.4393285],[32.8674164,1.438811],[32.8681809,1.4385428],[32.8685778,1.4384141],[32.8691626,1.4383551],[32.8694174,1.4383015],[32.8695729,1.4381943],[32.8697231,1.437961],[32.8698707,1.4376553],[32.8700396,1.4370413],[32.8702918,1.4365908],[32.8704983,1.4363093],[32.8711045,1.4357355],[32.8717321,1.4351214],[32.8725985,1.4344001],[32.8732771,1.4338344],[32.8746986,1.4328047],[32.8762704,1.4319896],[32.876882,1.4318662],[32.8773326,1.4318072],[32.8777993,1.4317643],[32.8783733,1.4315552],[32.8794998,1.4308688],[32.8811628,1.4298338],[32.8821418,1.4293109],[32.8827721,1.4289301],[32.8834051,1.4286325],[32.8841293,1.4284126],[32.8850841,1.4282249],[32.8863019,1.4282142],[32.888158,1.4284448],[32.8896493,1.4289114],[32.8914517,1.4291044],[32.893222,1.4291902],[32.8943431,1.4290937],[32.8955233,1.428729],[32.8969127,1.4279782],[32.8985327,1.4271309],[32.8994179,1.4261871],[32.9002976,1.4247606],[32.9008394,1.4238704],[32.9012579,1.4233502],[32.9015744,1.4231142],[32.9020894,1.4230284],[32.9025614,1.4232161],[32.903012,1.4234306],[32.9032266,1.4238328],[32.9031998,1.4243477],[32.902953,1.4252861],[32.9022449,1.4270237],[32.9018211,1.4280801],[32.9015368,1.4286861],[32.9012954,1.4288899],[32.9010487,1.4289275],[32.900598,1.4288577],[32.9000241,1.4288417],[32.8996754,1.4289006],[32.8993803,1.4290508],[32.8991282,1.4293618],[32.8990585,1.4296675],[32.8991711,1.4302467],[32.8994447,1.4316839],[32.8994876,1.4326572],[32.8994635,1.4332445],[32.8993481,1.4340918],[32.8993106,1.4347889],[32.8994125,1.4351509],[32.8996056,1.4356765],[32.8999597,1.4360384],[32.9004157,1.4362959],[32.9008663,1.4365104],[32.9019767,1.4366766],[32.9029772,1.4366686],[32.904337,1.4364353],[32.9059088,1.436143],[32.9075611,1.4359955],[32.9085588,1.4359687],[32.9095513,1.4361243],[32.9103291,1.4364192],[32.9111445,1.4365801],[32.9122657,1.4365104],[32.9142451,1.4363763],[32.9147065,1.4362744],[32.9151732,1.4360599],[32.9164392,1.4350088],[32.9172599,1.4343975],[32.9180324,1.4339792],[32.918821,1.4336252],[32.9197276,1.4334],[32.9205805,1.4333571],[32.921648,1.4334858],[32.9221362,1.4337057],[32.9228228,1.4342258],[32.9234075,1.4345583],[32.9244268,1.4347031],[32.9253226,1.4346441],[32.9265994,1.4342848],[32.9275757,1.4342044],[32.9287773,1.4342312],[32.9298234,1.4342956],[32.9305208,1.434376],[32.9310197,1.4346012],[32.9316151,1.4351],[32.9320228,1.4355397],[32.9323152,1.4358105],[32.9324868,1.4358749],[32.9326612,1.435832],[32.9330903,1.4356202],[32.93419,1.4350195],[32.9353675,1.4345047],[32.9363358,1.4340569],[32.937406,1.4337164],[32.938031,1.4335635],[32.9384494,1.4335019],[32.9390421,1.4334188],[32.9393613,1.4334188],[32.9396135,1.433467],[32.9398763,1.4335957],[32.9402626,1.4338746],[32.9405254,1.4339068],[32.9407668,1.4338451],[32.9410592,1.4337137],[32.9415312,1.4335287],[32.9427034,1.4332096],[32.9430574,1.4331882],[32.9433927,1.4331613],[32.9436448,1.4330273],[32.9438272,1.432743],[32.9440981,1.4322309],[32.9446211,1.4316035],[32.9450597,1.4312254],[32.945163,1.4310658],[32.9451857,1.4309733],[32.9451589,1.4308212],[32.9451147,1.4306905],[32.945063,1.4306362],[32.9449403,1.4305792],[32.9443663,1.4305202],[32.9438433,1.4304451],[32.9434517,1.4303808],[32.9430574,1.4302413],[32.9421669,1.4295763],[32.9411262,1.4283161],[32.9402089,1.4268789],[32.9392111,1.4260423],[32.9384386,1.4255436],[32.9375374,1.4251574],[32.9365396,1.4248732],[32.935912,1.4244388],[32.9355848,1.4239991],[32.9352629,1.4229373],[32.9351234,1.4211836],[32.9348713,1.4194729],[32.9345119,1.4185773],[32.9338306,1.4174243],[32.9331815,1.416148],[32.9327631,1.4149896],[32.9327309,1.4139278],[32.9328596,1.4130054],[32.9331064,1.412319],[32.9336536,1.4117291],[32.9344368,1.4113644],[32.9364324,1.4107852],[32.9387605,1.4106994],[32.9398227,1.4109139],[32.9406166,1.4116003],[32.9420972,1.4147429],[32.9431271,1.4155903],[32.9441571,1.4160515],[32.9451656,1.4161051],[32.9466677,1.4160407],[32.9477191,1.4158477],[32.9484379,1.4158477],[32.9492211,1.4160086],[32.9503047,1.4164805],[32.9521823,1.4177354],[32.9527831,1.4180089],[32.9535234,1.418041],[32.9540169,1.4178963],[32.9545802,1.417494],[32.9552507,1.4168934],[32.9560822,1.415971],[32.9564631,1.4154186],[32.956624,1.4150218],[32.9566401,1.4144855],[32.9565597,1.4140297],[32.95627,1.4136221],[32.9560661,1.4132521],[32.9560178,1.4128499],[32.9561466,1.412024],[32.9562485,1.4111767],[32.9561734,1.4103294],[32.9557443,1.4091925],[32.9556048,1.408329],[32.9556262,1.4073047],[32.9558569,1.4057978],[32.9558515,1.404929],[32.9556692,1.4037438],[32.9553419,1.4028429],[32.9548323,1.4020438],[32.9544353,1.4011161],[32.9540706,1.4001132],[32.9537916,1.3982791],[32.9539204,1.3969921],[32.9544246,1.3963056],[32.95524,1.3959195],[32.9559696,1.3957479],[32.9569137,1.3955709],[32.9575038,1.3955066],[32.9580349,1.3955763],[32.958464,1.3958551],[32.9588503,1.3965738],[32.9591131,1.3979145],[32.9594994,1.3997217],[32.9596281,1.4008962],[32.9599178,1.4017864],[32.9603094,1.4022369],[32.9607332,1.4025587],[32.9617041,1.4031861],[32.9634744,1.4042104],[32.9653573,1.4051167],[32.9661459,1.4054385],[32.9666716,1.4055726],[32.9671276,1.4054975],[32.9676318,1.4052133],[32.9687798,1.4048003],[32.9702067,1.4041568],[32.9720735,1.403052],[32.9731679,1.4022476],[32.9737902,1.4015505],[32.9742193,1.4006281],[32.9753029,1.3997164],[32.9768157,1.3986009],[32.9779208,1.3976463],[32.9793262,1.3969813],[32.980206,1.3967346],[32.9814827,1.3967346],[32.9825771,1.3971637],[32.9838753,1.3976678],[32.984873,1.3978287],[32.9859674,1.3976785],[32.9863536,1.3973031],[32.9870188,1.3961984],[32.9875874,1.394922],[32.9883385,1.3933775],[32.988832,1.3922406],[32.9888749,1.3915113],[32.988832,1.3899346],[32.9888534,1.3884544],[32.9883277,1.3866525],[32.9875016,1.3846468],[32.9872388,1.3842768],[32.9865038,1.3836332],[32.9859298,1.38329],[32.9856187,1.382802],[32.9855382,1.3822872],[32.9857528,1.3814452],[32.9861498,1.379847],[32.9864556,1.3787852],[32.9868096,1.3775571],[32.9872978,1.3768331],[32.9881453,1.3763773],[32.9889929,1.3760287],[32.9900765,1.375782],[32.9907954,1.3758303],[32.9915625,1.3761628],[32.9926032,1.3770315],[32.994191,1.3789032],[32.9955053,1.3807909],[32.9962403,1.381472],[32.9970878,1.3821263],[32.9988205,1.3834026],[33.0004942,1.3843894],[33.0014169,1.3845985],[33.0021626,1.3845985],[33.0031067,1.3843518],[33.0039811,1.3839335],[33.0049413,1.3834992],[33.0066901,1.3827805],[33.009485,1.381472],[33.0106276,1.3811556],[33.012017,1.3809143],[33.0131864,1.3807641],[33.0158043,1.3808499],[33.0179447,1.3807534],[33.0199939,1.3804745],[33.0212009,1.3803619],[33.0220216,1.3802064],[33.022778,1.3798739],[33.0248219,1.378753],[33.0255675,1.3782436],[33.0257821,1.3779432],[33.025825,1.3775464],[33.0255246,1.3758142],[33.0248272,1.3738085],[33.0245537,1.3728753],[33.0241084,1.3719315],[33.0237007,1.3715936],[33.0229819,1.3711806],[33.0224186,1.3708481],[33.0219251,1.3703709],[33.02163,1.369797],[33.0216086,1.3690516],[33.0216461,1.3682418],[33.0217427,1.3674213],[33.02185,1.3668421],[33.0222845,1.3663165],[33.0226278,1.3658017],[33.0233359,1.3650026],[33.0237704,1.3645789],[33.0242962,1.3643054],[33.0248219,1.3642893],[33.0253744,1.3644341],[33.0258679,1.3646004],[33.0265224,1.3649168],[33.027547,1.3651957],[33.0288184,1.3655657],[33.0315649,1.3664989],[33.0328417,1.3666597],[33.0339146,1.3663809],[33.0347299,1.365866],[33.0353093,1.3651689],[33.0355668,1.3639461],[33.0353308,1.361994],[33.0343008,1.359806],[33.033539,1.3567491],[33.0336463,1.3550544],[33.0327773,1.3520405],[33.0320263,1.3495306],[33.0313074,1.3471602],[33.0312645,1.346109],[33.0315864,1.344897],[33.0323052,1.3418509],[33.0344295,1.3387296],[33.0366611,1.3372709],[33.0378628,1.3370886],[33.0390966,1.3369706],[33.0401587,1.3373031],[33.0409312,1.3379895],[33.0415213,1.3393946],[33.0418754,1.3409821],[33.0425405,1.3439531],[33.0432057,1.3469242],[33.0438924,1.3480826],[33.0451369,1.3489407],[33.0471969,1.3500347],[33.0483234,1.3506032],[33.048774,1.3511824],[33.0489886,1.3518796],[33.0484199,1.354368],[33.0482161,1.3564166],[33.0484521,1.3576072],[33.0492675,1.3587334],[33.0505872,1.3597094],[33.0521107,1.3601492],[33.0534732,1.3599347],[33.0547178,1.3593018],[33.055737,1.3588835],[33.0568743,1.3589801],[33.0580759,1.3594949],[33.058548,1.3599883],[33.0587947,1.3611145],[33.058548,1.3632811],[33.0576253,1.3702422],[33.0577433,1.3723766],[33.0582046,1.3731596],[33.0588001,1.3737441],[33.0598623,1.3742965],[33.060978,1.3744842],[33.0619544,1.3743501],[33.0625069,1.3738996],[33.0630434,1.3731864],[33.0632096,1.3727305],[33.0631667,1.3722693],[33.0630755,1.3718403],[33.0627912,1.3710519],[33.062802,1.3705371],[33.0631077,1.3692715],[33.0636388,1.367609],[33.0640787,1.3657802],[33.0644166,1.364343],[33.0646205,1.3633079],[33.0646312,1.3625303],[33.0653715,1.3600205],[33.065865,1.3577573],[33.0662084,1.3559983],[33.0666375,1.355226],[33.0675065,1.3547648],[33.0684721,1.3545503],[33.0692983,1.3546897],[33.0698776,1.355108],[33.0719697,1.360782],[33.072356,1.3615328],[33.0727637,1.3620691],[33.0731714,1.3622622],[33.0737185,1.3622729],[33.0742121,1.3620155],[33.0746734,1.3615006],[33.0748021,1.3605568],[33.0746734,1.3596343],[33.0745661,1.3578002],[33.0747914,1.3553547],[33.0751884,1.3522442],[33.0754459,1.3492946],[33.0757034,1.3480075],[33.0760467,1.3471709],[33.0769372,1.346034],[33.0787611,1.3438781],[33.0800271,1.3422906],[33.0807674,1.3411537],[33.0816901,1.3401937],[33.0825001,1.339459],[33.082999,1.3394],[33.0833155,1.3395663],[33.0836374,1.3398934],[33.0845278,1.3414433],[33.0855203,1.3436206],[33.0864108,1.344586],[33.0880844,1.3457444],[33.0895543,1.3465703],[33.0906594,1.34701],[33.0917537,1.3472353],[33.0930412,1.3468062],[33.0945539,1.3461198],[33.0968392,1.3449185],[33.0980408,1.3439102],[33.0989206,1.3426231],[33.1001437,1.3397486],[33.1020749,1.3357371],[33.1026542,1.3340746],[33.1029224,1.3332487],[33.1028795,1.3324764],[33.1026649,1.3318436],[33.1021178,1.3312751],[33.1008839,1.3306316],[33.0999505,1.3303098],[33.0985987,1.3301596],[33.0968714,1.330417],[33.0957985,1.330417],[33.0948329,1.3302883],[33.093996,1.3298378],[33.093524,1.3289583],[33.0927408,1.3262554],[33.0926013,1.3244212],[33.0928266,1.3233915],[33.0933201,1.3223511],[33.0942857,1.3216968],[33.0967855,1.3203883],[33.0979013,1.3189617],[33.0988455,1.3167307],[33.0994141,1.3152291],[33.1005835,1.3127514],[33.1012702,1.3119684],[33.1019461,1.3117646],[33.1031048,1.3118182],[33.1043601,1.3120434],[33.1058299,1.312333],[33.1076968,1.3121507],[33.108952,1.3118504],[33.1098747,1.3117753],[33.1107652,1.3117967],[33.1115162,1.3121078],[33.1127179,1.3126655],[33.1137156,1.3125047],[33.114649,1.312022],[33.1153893,1.3112604],[33.115561,1.3105311],[33.115561,1.3098231],[33.115164,1.3085575],[33.1148314,1.3070129],[33.1148207,1.3044923],[33.1143594,1.3020039],[33.1135976,1.3001161],[33.1131041,1.2989362],[33.1121492,1.2975418],[33.1087804,1.2956111],[33.1056046,1.2948388],[33.1033945,1.2948817],[33.1019139,1.2953108],[33.100326,1.2955897],[33.09906,1.2953751],[33.0979442,1.29456],[33.0977297,1.2934874],[33.0979013,1.2925864],[33.0995321,1.2900121],[33.1007767,1.288253],[33.1012273,1.2858718],[33.1012487,1.2839197],[33.1003046,1.282418],[33.097043,1.2801011],[33.0958199,1.2785995],[33.0957126,1.2773123],[33.0960345,1.2759179],[33.0972576,1.2739014],[33.099854,1.2708337],[33.1024933,1.2693535],[33.1048322,1.2686885],[33.1076646,1.2681951],[33.1105399,1.2692463],[33.1121278,1.2704261],[33.115282,1.274781],[33.1172776,1.2778487],[33.118844,1.2787926],[33.120861,1.2797794],[33.1228995,1.2813025],[33.1237793,1.2829328],[33.1243801,1.2852926],[33.1266331,1.2880814],[33.1308603,1.2912349],[33.1339073,1.2934659],[33.1354952,1.2937448],[33.136332,1.2931441],[33.1371689,1.2919642],[33.1376195,1.2908058],[33.1398296,1.2854857],[33.1400656,1.2838553],[33.1399369,1.281517],[33.1397652,1.2798008],[33.1405806,1.2783206],[33.1414389,1.2779774],[33.1425977,1.2779988],[33.1441211,1.2784708],[33.1455374,1.2792645],[33.1471896,1.2804015],[33.1482196,1.2813239],[33.1491852,1.2837695],[33.1498503,1.2864296],[33.1511378,1.2888537],[33.1526179,1.2900974],[33.1534531,1.2907932],[33.1565022,1.292994],[33.1576395,1.2945385],[33.157618,1.2957613],[33.1565237,1.2975204],[33.1538737,1.300234],[33.1530046,1.3017572],[33.1525058,1.3037683],[33.1528383,1.3065034],[33.1532675,1.3076458],[33.1538522,1.3081016],[33.1544745,1.3084288],[33.1552523,1.3086165],[33.1562984,1.3084663],[33.1574732,1.3079354],[33.1581169,1.3077852],[33.1590182,1.3078335],[33.159914,1.308107],[33.1621027,1.3089114],[33.1637978,1.3094799],[33.1646454,1.3093619],[33.1655359,1.3090401],[33.1665122,1.3083215],[33.1694305,1.3053075],[33.1718659,1.3014139],[33.1726169,1.3000732],[33.1738293,1.2989898],[33.1751275,1.298668],[33.1765008,1.298668],[33.1782281,1.2993331],[33.1799769,1.2999123],[33.1808996,1.3001697],[33.1812966,1.3004379],[33.181318,1.3008454],[33.1808352,1.3013388],[33.1802559,1.3021755],[33.1791937,1.30372],[33.1787968,1.3059081],[33.1784534,1.3079997],[33.1788719,1.3111103],[33.1791615,1.3117753],[33.1797838,1.3119576],[33.1819832,1.3116573],[33.1851482,1.310456],[33.1866825,1.3093941],[33.1871223,1.307635],[33.1868863,1.3056185],[33.1864142,1.3032374],[33.1863606,1.3013174],[33.1869185,1.2999766],[33.1888389,1.2972844],[33.1913495,1.2947638],[33.1934309,1.2924469],[33.1954586,1.2909774],[33.1964564,1.2903553],[33.1973255,1.2901193],[33.1978619,1.2900979],[33.1985271,1.2903231],[33.1990528,1.2909882],[33.1998253,1.2926614],[33.2005656,1.2935302],[33.2014614,1.2942114],[33.2024431,1.2948442],[33.2036769,1.2953001],[33.2051468,1.2956594],[33.2060641,1.296185],[33.2070297,1.2969358],[33.207947,1.2985769],[33.2093418,1.2999284],[33.2100981,1.3006309],[33.2108384,1.3017464],[33.2111764,1.3024972],[33.2115519,1.3028619],[33.2119435,1.3032052],[33.2123995,1.3033446],[33.2129681,1.3032427],[33.2135045,1.3029477],[33.2148027,1.3022398],[33.2160687,1.3011243],[33.2173026,1.2983355],[33.2187831,1.2957613],[33.2206499,1.2939057],[33.2223773,1.2922646],[33.2229459,1.2912885],[33.2234287,1.2895723],[33.2234073,1.2883603],[33.2230961,1.2866226],[33.2228815,1.285121],[33.2229674,1.2834262],[33.2232732,1.2808359],[33.2234877,1.2787764],[33.223418,1.2769369],[33.2231766,1.275993],[33.2227206,1.2753655],[33.2223022,1.2749526],[33.2215941,1.2745503],[33.2210952,1.2738585],[33.2208377,1.2731935],[33.2207358,1.272507],[33.2208538,1.2711662],[33.2213259,1.2691068],[33.2216155,1.2661249],[33.2211864,1.2642693],[33.2205856,1.2630894],[33.2191372,1.2620275],[33.2165944,1.2607511],[33.2128072,1.2595712],[33.2106399,1.25852],[33.2093096,1.2575868],[33.208816,1.2566751],[33.2085156,1.255388],[33.2086015,1.2538648],[33.2090735,1.2521915],[33.209331,1.2512691],[33.209846,1.2503466],[33.2107043,1.2497245],[33.2119489,1.2494885],[33.2136011,1.2499176],[33.2154679,1.2505397],[33.217957,1.2507113],[33.2205105,1.2508186],[33.2223773,1.2503466],[33.2258534,1.2485017],[33.2294154,1.2465924],[33.2305312,1.245434],[33.2308101,1.2443828],[33.2309174,1.2410791],[33.2310247,1.2375179],[33.2305741,1.2349865],[33.2298982,1.233281],[33.2286751,1.2307174],[33.2281923,1.2296555],[33.2278919,1.2269632],[33.227731,1.2247857],[33.2270658,1.222619],[33.2265293,1.2203987],[33.2264328,1.2191222],[33.2268619,1.2181354],[33.227967,1.2173309],[33.2294476,1.2168268],[33.2310998,1.216698],[33.233031,1.2169769],[33.2345009,1.2177385],[33.2355952,1.2187682],[33.2361746,1.220109],[33.2368076,1.2215035],[33.2372904,1.2225225],[33.2376659,1.2234289],[33.2382318,1.2243969],[33.2385322,1.2249895],[33.2386503,1.2253489],[33.2388541,1.2256519],[33.2391196,1.2258986],[33.2395408,1.2260112],[33.2401845,1.2261239],[33.2404259,1.226266],[33.2409704,1.2266816],[33.2416999,1.2271214],[33.2427004,1.2276497],[33.2438993,1.2282101],[33.2447389,1.2284434],[33.2459217,1.2285909],[33.2467934,1.2286633],[33.2474506,1.2286043],[33.2482955,1.2283523],[33.2491082,1.2278642],[33.2503152,1.2270141],[33.2515007,1.2260568],[33.2521445,1.2253033],[33.2526407,1.2248528],[33.2532012,1.2243299],[33.2536545,1.2237935],[33.2545611,1.2226566],[33.2547355,1.2224474],[33.2549103,1.2219993],[33.2549767,1.2218872],[33.2550059,1.2218378],[33.255127,1.2216333],[33.2553319,1.2212871],[33.2554054,1.221163],[33.2554197,1.2210851],[33.2554224,1.2210703],[33.2556599,1.219777],[33.2557033,1.2195408],[33.2558761,1.2188099],[33.2558694,1.2187893],[33.2557053,1.2182903],[33.255871,1.2176965],[33.2557241,1.2171667],[33.2557417,1.2166259],[33.2557444,1.2165431],[33.2554445,1.216015],[33.2553281,1.215759],[33.2552741,1.2156403],[33.2551013,1.2152603],[33.2548626,1.2152345],[33.25471,1.2153342],[33.2546266,1.2150924],[33.2544829,1.2148466],[33.2544132,1.2145871],[33.2543027,1.2141759],[33.2541135,1.213844],[33.2540509,1.213793],[33.2538009,1.2135893],[33.253411,1.2133038],[33.2534728,1.2130375],[33.2533956,1.212806],[33.2534808,1.2128083],[33.2535384,1.2128098],[33.2536349,1.2128909],[33.2535577,1.21308],[33.2536697,1.2134466],[33.2539553,1.2135855],[33.2542563,1.2135237],[33.2545342,1.2130761],[33.2544879,1.2128484],[33.2546076,1.2127712],[33.2546539,1.2127919],[33.2547824,1.2128493],[33.2548237,1.2128677],[33.254779,1.2129869],[33.2547542,1.2130529],[33.2551055,1.2133424],[33.2553757,1.2136974],[33.2560588,1.2138131],[33.2562904,1.2136704],[33.2565838,1.2137475],[33.256934,1.2135515],[33.2570662,1.2134774],[33.2572361,1.2131417],[33.2572236,1.2130718],[33.2571975,1.2129256],[33.2570954,1.2126366],[33.2570354,1.2124664],[33.2568115,1.212339],[33.256806,1.212316],[33.2568008,1.2122939],[33.2567613,1.2121268],[33.2566944,1.2121017],[33.2566687,1.2120921],[33.2566841,1.2118721],[33.2565259,1.2116715],[33.2566077,1.2115787],[33.2566353,1.2115473],[33.2567266,1.2114438],[33.2570238,1.2114515],[33.2570581,1.2113897],[33.2571589,1.2112084],[33.2571699,1.2110843],[33.2571743,1.2110347],[33.2572753,1.2108886],[33.257321,1.2108225],[33.257541,1.2107878],[33.2578343,1.2105331],[33.2579887,1.2099967],[33.2581327,1.2099391],[33.2582782,1.2098809],[33.258448,1.2091863],[33.2583708,1.2089895],[33.258477,1.2086992],[33.2587144,1.2085882],[33.2587062,1.208677],[33.2586746,1.2090224],[33.2586603,1.2091786],[33.258996,1.2097445],[33.259054,1.2098423],[33.2589498,1.2100584],[33.2589611,1.2100623],[33.2589738,1.2100666],[33.258997,1.2100745],[33.2593252,1.210186],[33.2593358,1.2101896],[33.2594246,1.2100816],[33.2596155,1.2102292],[33.2601232,1.2106218],[33.260347,1.2106334],[33.2605169,1.2108418],[33.2606751,1.2106759],[33.2605864,1.210564],[33.2606134,1.2104559],[33.2609018,1.2105088],[33.2612502,1.2104675],[33.2612701,1.2104802],[33.2613892,1.2105562],[33.2616825,1.2104173],[33.261752,1.2102437],[33.261752,1.210224],[33.261752,1.2101079],[33.261752,1.2100662],[33.2617727,1.2100622],[33.261851,1.2100472],[33.2621395,1.2099919],[33.2624025,1.2099416],[33.2624236,1.2099375],[33.2624734,1.209928],[33.262578,1.2099079],[33.2627356,1.2096393],[33.2627478,1.2096185],[33.2628984,1.2095684],[33.2629358,1.2095867],[33.2630875,1.209661],[33.2628829,1.2100584],[33.2629629,1.2103224],[33.2629927,1.2104208],[33.2630232,1.2105214],[33.2630759,1.2106952],[33.263334,1.2107506],[33.2634889,1.2107839],[33.2636703,1.2105948],[33.2636665,1.2106485],[33.263651,1.2108688],[33.2635236,1.2110733],[33.2637629,1.2115325],[33.2638247,1.2118876],[33.2641759,1.2121963],[33.2643458,1.2122542],[33.2644847,1.2124162],[33.2647047,1.2124625],[33.2649633,1.2123661],[33.2649841,1.2123036],[33.2650102,1.2122256],[33.2650482,1.2121114],[33.2650328,1.2117911],[33.2651949,1.2117255],[33.2652829,1.2114942],[33.2652991,1.2114515],[33.2653584,1.2114724],[33.2657584,1.2116136],[33.2659862,1.211602],[33.2663567,1.2111235],[33.2663374,1.2107685],[33.26621,1.2106411],[33.2663104,1.2105215],[33.2667195,1.2105099],[33.2666833,1.2105489],[33.2666378,1.2105979],[33.266616,1.2106214],[33.266569,1.210672],[33.2665536,1.2108495],[33.2667929,1.2109884],[33.2670476,1.2108148],[33.2670553,1.2107186],[33.2670266,1.210709],[33.266998,1.2107131],[33.2669674,1.210709],[33.2669415,1.2106804],[33.2669892,1.210696],[33.2670294,1.2106947],[33.2670608,1.2106495],[33.2670684,1.2105542],[33.2670021,1.2105299],[33.2670525,1.2105292],[33.267107,1.2105279],[33.2671381,1.2105492],[33.2673795,1.2105987],[33.2673216,1.2106759],[33.2675417,1.2109035],[33.267696,1.2108572],[33.2677848,1.2107376],[33.2677937,1.210761],[33.2678466,1.2108997],[33.2682769,1.2109319],[33.268414,1.2109421],[33.2685282,1.2110649],[33.2685683,1.2111081],[33.2689389,1.2112045],[33.2690707,1.2112031],[33.2692818,1.2112009],[33.2693056,1.2112007],[33.2693245,1.2112386],[33.2693858,1.2113611],[33.269541,1.2116715],[33.269514,1.2120912],[33.2694021,1.2121924],[33.2693519,1.2124548],[33.2692399,1.2126323],[33.2690856,1.2127905],[33.2690157,1.213149],[33.2689929,1.2132661],[33.2688463,1.2133076],[33.2686992,1.2135768],[33.2686558,1.2136564],[33.268275,1.2143534],[33.2681451,1.2145579],[33.268076,1.2146666],[33.2680536,1.2147019],[33.2680136,1.2147648],[33.2679724,1.2148297],[33.2678341,1.2150474],[33.26782,1.2150711],[33.267657,1.2153459],[33.2675957,1.2154493],[33.2675281,1.216104],[33.2674143,1.2172051],[33.2669879,1.2175173],[33.2668662,1.2176064],[33.2667388,1.2180039],[33.2669472,1.2182817],[33.2668276,1.218876],[33.2671261,1.2194944],[33.2671932,1.2196332],[33.2674232,1.2199685],[33.2675262,1.2201186],[33.2675633,1.2202458],[33.2675668,1.2202577],[33.2676706,1.2206132],[33.2676801,1.2206458],[33.267716,1.2207686],[33.2677676,1.2209456],[33.267788,1.2210153],[33.2678157,1.2211103],[33.2677771,1.2216235],[33.2677089,1.2218193],[33.2676448,1.222003],[33.2675909,1.2221576],[33.2675417,1.2222989],[33.2675377,1.2223374],[33.2674918,1.2227817],[33.2674737,1.2229563],[33.2674522,1.2231646],[33.2674433,1.2232501],[33.2674336,1.2233446],[33.2675039,1.2237534],[33.267547,1.2240038],[33.2675764,1.2241743],[33.2674935,1.224339],[33.2673809,1.2245626],[33.2672753,1.2247724],[33.267185,1.225082],[33.2670592,1.2255133],[33.2670476,1.2260574],[33.2670014,1.2261498],[33.266973,1.2262065],[33.2667483,1.2266558],[33.2666731,1.2268062],[33.2666385,1.2268755],[33.2665299,1.2275442],[33.2664481,1.2280479],[33.2662988,1.228967],[33.2663182,1.2290118],[33.2666895,1.2298698],[33.266697,1.2298871],[33.2667079,1.2299124],[33.2666964,1.2305067],[33.2667527,1.2306031],[33.2667925,1.2306713],[33.2668463,1.2307634],[33.2670254,1.2309581],[33.2672272,1.2311163],[33.2674022,1.2312799],[33.2675802,1.2314091],[33.2680348,1.2319519],[33.2684835,1.2320483],[33.2685299,1.2320583],[33.2688694,1.2321313],[33.2691148,1.2322371],[33.2697627,1.2325164],[33.2706141,1.232852],[33.2712713,1.2330987],[33.2717487,1.233273],[33.2722852,1.2333481],[33.2727197,1.23334],[33.2731059,1.2332167],[33.2735485,1.2329753],[33.2738757,1.2329324],[33.2741734,1.2330236],[33.2746696,1.2332917],[33.2749647,1.2336511],[33.2752544,1.2340077],[33.2754797,1.2345146],[33.2756567,1.2351474],[33.2758203,1.2355684],[33.2759625,1.2358232],[33.2760939,1.2360618],[33.2761368,1.2363997],[33.2760885,1.2366384],[33.2759464,1.2369682],[33.2757854,1.2372122],[33.2756621,1.2373356],[33.275359,1.2374697],[33.2750317,1.2374723],[33.274726,1.237467],[33.2744765,1.2374187],[33.274211,1.2374133],[33.2739803,1.2374804],[33.2738811,1.2375957],[33.2738274,1.2377646],[33.2737255,1.237947],[33.273527,1.238124],[33.2732829,1.2382205],[33.2728136,1.2384055],[33.2725561,1.2386388],[33.2724005,1.2388641],[33.2721752,1.2390732],[33.2718587,1.2392127],[33.2716441,1.2392315],[33.2714161,1.2391591],[33.2712176,1.2391135],[33.2710326,1.239143],[33.2708555,1.2392261],[33.27059,1.23932],[33.2702655,1.2393816],[33.269839,1.2394379],[33.2692999,1.2396096],[33.2689217,1.2397785],[33.2684737,1.2398884],[33.2680419,1.2400386],[33.2675269,1.2402639],[33.2668537,1.2404972],[33.2651854,1.2409597],[33.2644773,1.2412024],[33.2639757,1.2413553],[33.2636686,1.2414961],[33.263505,1.2415872],[33.2633091,1.2417159],[33.2631469,1.2418326],[33.2629859,1.2419425],[33.2628009,1.2420686],[33.2626668,1.2422375],[33.2625782,1.2424172],[33.2624897,1.2425405],[33.2623637,1.2425808],[33.2621142,1.2425915],[33.2617816,1.2427041],[33.2615,1.2428489],[33.2612237,1.2430313],[33.2608268,1.2434764],[33.2604888,1.243892],[33.2602635,1.2442406],[33.2599765,1.2445866],[33.2595795,1.2451551],[33.2593811,1.2456351],[33.2593006,1.2461526],[33.2593408,1.2465227],[33.2594642,1.246823],[33.2596251,1.2471314],[33.2598424,1.247547],[33.2601643,1.2479144],[33.2605156,1.2482603],[33.2610521,1.2485553],[33.2617146,1.2488154],[33.262302,1.2489683],[33.2628713,1.2490678],[33.263627,1.2490058],[33.2644773,1.2489468],[33.2653034,1.2489924],[33.2655823,1.2489763],[33.2659981,1.2487886],[33.2662046,1.2488449],[33.2664487,1.2492016],[33.2666659,1.2494027],[33.2670495,1.2495287],[33.2678515,1.2495314],[33.2684201,1.2495797],[33.2689565,1.2496655],[33.2694071,1.2498049],[33.2698309,1.2498264],[33.2703245,1.2498103],[33.2708502,1.2498585],[33.271907,1.2499444],[33.273173,1.2502072],[33.273586,1.2503412],[33.2738328,1.2505236],[33.2739937,1.2508829],[33.2741493,1.2515104],[33.2742459,1.2519716],[33.2743531,1.2524114],[33.2744229,1.2529745],[33.274278,1.2532802],[33.2738221,1.2538005],[33.273527,1.2540901],[33.2730871,1.2544226],[33.2725185,1.254739],[33.2718587,1.2551466],[33.2709414,1.2556668],[33.2700884,1.2562729],[33.2690746,1.2568682],[33.2676959,1.2576136],[33.2660758,1.2583269],[33.2640427,1.2594961],[33.2627821,1.2603327],[33.2619291,1.2610407],[33.2616609,1.2615073],[33.2612854,1.2623975],[33.2610333,1.263749],[33.2608616,1.26524],[33.2609582,1.2666505],[33.2611942,1.2676909],[33.2615,1.2685169],[33.261795,1.2691872],[33.2620633,1.2697718],[33.2622778,1.2702223],[33.2624012,1.2706889],[33.2625192,1.2711019],[33.2625568,1.2715524],[33.2625353,1.2720029],[33.2623529,1.2725445],[33.2622296,1.2728824],[33.2619131,1.2733168],[33.2613337,1.2740033],[33.2609099,1.2747059],[33.2604754,1.275328],[33.2599014,1.2761485],[33.2594508,1.2767867],[33.259086,1.277315],[33.2588822,1.2776904],[33.2587722,1.278149],[33.2585898,1.2786156],[33.2583672,1.2788703],[33.2579353,1.2792001],[33.257761,1.2794736],[33.2577234,1.2798008],[33.2577771,1.2801092],[33.2580721,1.2807688],[33.2583296,1.2813454],[33.2587239,1.2818709],[33.2591236,1.2823214],[33.2595688,1.2826459],[33.259955,1.2829328],[33.2604405,1.2831742],[33.2609099,1.2832332],[33.2617602,1.2833619],[33.2624441,1.2833136],[33.2631388,1.2831929],[33.2635438,1.2831876],[33.2643566,1.2830615],[33.2651344,1.2829194],[33.2661724,1.2826486],[33.2672694,1.2823322],[33.2680821,1.2819782],[33.2684872,1.2819192],[33.2689083,1.2818227],[33.2698846,1.2815304],[33.2705525,1.2814044],[33.2711962,1.2812354],[33.2714966,1.2811979],[33.2718506,1.2812488],[33.272194,1.281399],[33.2723884,1.2815304],[33.272607,1.2815652],[33.2738703,1.281458],[33.2748789,1.2814312],[33.2755494,1.2812435],[33.2758337,1.280986],[33.2761449,1.2805516],[33.2763702,1.2803532],[33.2766062,1.2803478],[33.2769281,1.2804765],[33.277266,1.2807232],[33.2775128,1.2810021],[33.2776523,1.2814258],[33.2776576,1.2819514],[33.2776684,1.2824502],[33.2776684,1.2831313],[33.2777381,1.2837051],[33.2777542,1.2843004],[33.2775664,1.2849064],[33.2772231,1.2856305],[33.2769549,1.2859737],[33.2763809,1.2862204],[33.2758337,1.2863223],[33.2753134,1.2868854],[33.2747608,1.2875773],[33.2741439,1.2882798],[33.273696,1.2889663],[33.273578,1.2895938],[33.2735002,1.2902427],[33.2735243,1.2906583],[33.2735378,1.2910498],[33.2736236,1.2915513],[33.2737765,1.291975],[33.2741788,1.2924844],[33.2747421,1.2933157],[33.2750317,1.2938681],[33.2754743,1.2943454],[33.2757103,1.2944715],[33.2760537,1.2944929],[33.276464,1.294442],[33.27681,1.2943454],[33.2772821,1.2941497],[33.2778668,1.2941255],[33.2786608,1.2941524],[33.2794011,1.2941309],[33.2799482,1.2938038],[33.2803827,1.2934283],[33.2808682,1.293128],[33.2814422,1.2930047],[33.2820886,1.2929913],[33.2823461,1.2930556],[33.282491,1.2931709],[33.2827672,1.2935651],[33.2829764,1.2938279],[33.2831213,1.2939888],[33.2832956,1.2940665],[33.2835478,1.2940934],[33.2838187,1.2940451],[33.2839769,1.2938842],[33.2841352,1.2936831],[33.2843953,1.2935812],[33.2846341,1.2935597],[33.2849023,1.2935892],[33.2851383,1.2936643],[33.2852885,1.2938118],[33.2854736,1.29397],[33.2857874,1.2940773],[33.2859805,1.2940934],[33.2861146,1.2941336],[33.2861763,1.2942543],[33.2862246,1.2945519],[33.2862461,1.2949488],[33.2862809,1.2952223],[33.2863641,1.2953644],[33.2865733,1.2955253],[33.2867262,1.295536],[33.2871285,1.2954636],[33.2875335,1.2953993],[33.2877105,1.2954073],[33.2878071,1.2954475],[33.2878366,1.2955146],[33.2877991,1.2956111],[33.2875389,1.2958122],[33.2871124,1.2961447],[33.2870775,1.2962734],[33.2870239,1.2966489],[33.2870319,1.2969653],[33.2872385,1.2973326],[33.2874933,1.2975418],[33.2877669,1.297759],[33.2878849,1.2979708],[33.2881558,1.2986198],[33.2885313,1.2993599],[33.289293,1.3007435],[33.2901138,1.3017357],[33.2912993,1.3030282],[33.2923078,1.3038487],[33.2928711,1.3043636],[33.2935899,1.3053879],[33.2944536,1.3066911],[33.2954621,1.3080533],[33.2974631,1.3102307],[33.2982624,1.3110245],[33.2991958,1.3115018],[33.3012021,1.3123786],[33.3022186,1.312561],[33.3034524,1.3127192],[33.304477,1.3128318],[33.3051825,1.3126682],[33.3057752,1.3124698],[33.3060327,1.3123062],[33.3062486,1.3119523],[33.3063649,1.3116402],[33.3064804,1.3115335],[33.3068047,1.3114294],[33.307005,1.3113087],[33.307402,1.3109078],[33.3075012,1.3107938],[33.3075932,1.3105606],[33.307642,1.3101985],[33.3077091,1.3097105],[33.3077708,1.3093217],[33.3079371,1.3089624],[33.308208,1.3087425],[33.3086023,1.3083724],[33.3090153,1.3080641],[33.3092433,1.3077798],[33.309246,1.3075331],[33.3090958,1.3072167],[33.3090395,1.3068896],[33.3091012,1.306726],[33.3093506,1.3065302],[33.3096215,1.3063345],[33.3098924,1.306187],[33.3102464,1.3060216],[33.3107789,1.3060749],[33.3115306,1.3062351],[33.3123191,1.306522],[33.3126703,1.3067156],[33.3129743,1.3068252],[33.3132774,1.3069244],[33.3134527,1.3070556],[33.3136421,1.3073267],[33.314023,1.3076592],[33.3147606,1.3082437],[33.3153936,1.308646],[33.3159676,1.30889],[33.3162332,1.3090696],[33.3163244,1.3092386],[33.3163297,1.3094853],[33.3163109,1.3099492],[33.3162841,1.3103112],[33.3163565,1.3104131],[33.3164504,1.3104747],[33.3166932,1.3105324],[33.317007,1.3106303],[33.3178344,1.310885],[33.3182502,1.3110191],[33.3185613,1.3110325],[33.3189127,1.3109011],[33.3193579,1.3106169],[33.3198407,1.3102093],[33.3205596,1.3093995],[33.3207875,1.3091823],[33.3208814,1.3089946],[33.3209458,1.3087425],[33.3210102,1.3085736],[33.3211148,1.3084046],[33.3213079,1.3080855],[33.3212945,1.3078201],[33.3210719,1.3069083],[33.3210075,1.306305],[33.320927,1.3061119],[33.3209109,1.3059484],[33.320978,1.3057794],[33.321214,1.3052914],[33.3213589,1.3049106],[33.3215225,1.3046961],[33.3218229,1.3044762],[33.3223084,1.3040847],[33.3223969,1.3039426],[33.3224854,1.3036047],[33.3225954,1.3034787],[33.3227536,1.3033392],[33.3229494,1.303106],[33.3230326,1.3028405],[33.3230084,1.3025428],[33.3230594,1.3022237],[33.3231318,1.3018939],[33.3232284,1.3017196],[33.3236843,1.3011766],[33.3237903,1.301005],[33.3238345,1.300887],[33.3238573,1.3007234],[33.3238654,1.3006215],[33.3238976,1.300529],[33.3239539,1.3004419],[33.324257,1.3000959],[33.3244286,1.2998399],[33.3245252,1.2996522],[33.3246955,1.2995342],[33.3248886,1.2994202],[33.325181,1.2993478],[33.3254948,1.2992271],[33.3256038,1.2992],[33.3256517,1.299194],[33.3256913,1.2992007],[33.3257312,1.2992271],[33.3257681,1.29927],[33.3258526,1.2993709],[33.3260232,1.2996414],[33.3260956,1.2997004],[33.3262968,1.2997112],[33.3265811,1.2997272],[33.3272892,1.2996656],[33.3286732,1.299376],[33.3296496,1.2990327],[33.3309156,1.298593],[33.3317363,1.2979199],[33.3320475,1.2976062],[33.3323774,1.2974587],[33.3331445,1.2972334],[33.3339331,1.2970296],[33.3342764,1.2969277],[33.3345956,1.2967025],[33.3348691,1.2964665],[33.3352822,1.2959919],[33.3354995,1.2957398],[33.3356175,1.2954743],[33.335647,1.2950936],[33.3357301,1.2947852],[33.3359152,1.2945921],[33.3361405,1.2943159],[33.3363524,1.2941363],[33.3367306,1.2939941],[33.3372188,1.2939512],[33.3375192,1.2940022],[33.3377525,1.2942784],[33.3379269,1.2943937],[33.3381347,1.2947771],[33.3382876,1.2948911],[33.3384258,1.2949836],[33.3385304,1.2950352],[33.3385739,1.2950741],[33.3386014,1.2951211],[33.3386457,1.2952545],[33.3388764,1.2958766],[33.3390802,1.2963271],[33.3392841,1.2971583],[33.3393779,1.297767],[33.3393806,1.2982095],[33.3392841,1.2986278],[33.3391339,1.2991346],[33.3389461,1.2995945],[33.3388643,1.2998345],[33.3387503,1.3000034],[33.3386645,1.3000825],[33.3385491,1.3001362],[33.3384499,1.3001563],[33.3382983,1.300234],[33.3380207,1.3005156],[33.3377364,1.3008803],[33.3372751,1.3013496],[33.3369881,1.3017196],[33.3367762,1.302205],[33.3366394,1.3027091],[33.3366206,1.3032373],[33.3366689,1.3035993],[33.3368513,1.3041357],[33.3372201,1.3047792],[33.3374521,1.3051922],[33.3376908,1.3055072],[33.337892,1.3058478],[33.3379658,1.306065],[33.3380355,1.3061481],[33.3384056,1.3064163],[33.338706,1.3067836],[33.3388267,1.3068936],[33.3390051,1.3069083],[33.3392881,1.306903],[33.3394772,1.3069016],[33.3395992,1.3069352],[33.3397186,1.3069767],[33.3398353,1.3070263],[33.3399519,1.3071001],[33.3399788,1.3071953],[33.3399412,1.307324],[33.3398782,1.3074299],[33.3396274,1.3076578],[33.3392479,1.307934],[33.3387047,1.3081271],[33.3385679,1.3081405],[33.3384217,1.3080802],[33.3382957,1.3080466],[33.3381683,1.3080654],[33.3379805,1.308107],[33.3377995,1.3082531],[33.3373851,1.3086594],[33.3370283,1.3090375],[33.3366166,1.3095349],[33.3364396,1.3097145],[33.3361003,1.3099331],[33.33571,1.3103366],[33.3354244,1.3108207],[33.3350247,1.3113275],[33.3345017,1.3122338],[33.334389,1.3125234],[33.3341664,1.3129605],[33.334094,1.3133091],[33.3339947,1.3136416],[33.3339304,1.314135],[33.3339679,1.3149395],[33.3340323,1.315524],[33.334204,1.3159477],[33.3344668,1.3165055],[33.3347082,1.3170954],[33.3347136,1.317503],[33.3346331,1.3179266],[33.3344293,1.3185595],[33.3337051,1.3198734],[33.3330184,1.3213429],[33.3327073,1.3222599],[33.3325463,1.3231985],[33.3324659,1.3239439],[33.3325624,1.3243676],[33.3327717,1.3246304],[33.3331525,1.3248556],[33.3332759,1.3250433],[33.3333188,1.3252471],[33.3333296,1.3254831],[33.3333725,1.3257781],[33.3335227,1.3260998],[33.3337319,1.326368],[33.3341986,1.3268024],[33.3346438,1.3269901],[33.335647,1.3271188],[33.3361405,1.3270813],[33.3367252,1.3270115],[33.3372939,1.3268667],[33.3377176,1.3264377],[33.3381092,1.3260677],[33.3385062,1.3255957],[33.3389193,1.3252793],[33.3393645,1.325231],[33.3401155,1.3252686],[33.3409041,1.3252847],[33.3417678,1.3254563],[33.3431679,1.3262929],[33.3438653,1.3267166],[33.3446324,1.3268667],[33.3453995,1.3268507],[33.3472502,1.3269257],[33.3486932,1.3266737],[33.3496696,1.32625],[33.3503348,1.3255957],[33.3507746,1.324743],[33.3509999,1.323649],[33.3512682,1.3231448],[33.3515203,1.3229357],[33.3518636,1.3228552],[33.3524001,1.322866],[33.3529204,1.3231019],[33.35343,1.3233862],[33.3538967,1.3236597],[33.3542776,1.3238367],[33.3545887,1.3240083],[33.3548462,1.3242121],[33.3549274,1.3243884],[33.3549348,1.3244514],[33.354914,1.3244916],[33.3548731,1.3245178],[33.3548067,1.3245111],[33.3546665,1.324495],[33.3544868,1.3244909],[33.3543178,1.3245821],[33.3542085,1.3247209],[33.35411,1.3249106],[33.3538565,1.3253383],[33.3536553,1.3256654],[33.3533496,1.3263894],[33.3532959,1.3268882],[33.3531135,1.3274299],[33.3529043,1.3279608],[33.3528721,1.3287223],[33.352958,1.3297842],[33.3528614,1.3303741],[33.3526629,1.3307495],[33.3522016,1.3311035],[33.3514827,1.3315111],[33.3512843,1.3318114],[33.351295,1.3323048],[33.3517939,1.3332433],[33.3519334,1.3338493],[33.3518743,1.3342623],[33.3516115,1.3345251],[33.3511126,1.3346162],[33.350147,1.3344768],[33.3494174,1.3344178],[33.3483124,1.334021],[33.3467567,1.3321439],[33.3460164,1.3317685],[33.345319,1.3318543],[33.3441174,1.3322083],[33.3422184,1.3324764],[33.338592,1.3326266],[33.3376908,1.3331307],[33.3371115,1.3339566],[33.336854,1.3352544],[33.3370256,1.3364986],[33.3373475,1.3373996],[33.3382916,1.3381612],[33.3410704,1.3390621],[33.3446646,1.3405101],[33.345201,1.3411644],[33.3453619,1.3418401],[33.3451474,1.3426446],[33.3445358,1.3434169],[33.3439886,1.3441677],[33.3437526,1.3449507],[33.3439672,1.3459482],[33.3447021,1.3475409],[33.3452386,1.348887],[33.3455658,1.3494662],[33.3464724,1.3501849],[33.3476472,1.3509571],[33.3494657,1.3521423],[33.3500397,1.352743],[33.3501658,1.3529521],[33.3501202,1.3531827],[33.3499351,1.3533517],[33.3496803,1.3534455],[33.349337,1.3533919],[33.3488113,1.3531613],[33.3481622,1.3530058],[33.3474541,1.3530969],[33.3470839,1.3534402],[33.3470571,1.3541266],[33.3470464,1.3551992],[33.3467942,1.3558428],[33.3463651,1.3561913],[33.3456838,1.3565346],[33.3438224,1.3571406],[33.3432323,1.3573712],[33.3429211,1.3578753],[33.3428621,1.3584813],[33.3430767,1.3589532],[33.343581,1.3593662],[33.3451366,1.3597952],[33.3465207,1.3600151],[33.3480978,1.3605246],[33.3474004,1.3656086],[33.3459735,1.3667563],[33.3447826,1.3676036],[33.3431464,1.3681184],[33.3424652,1.3682847],[33.3416229,1.3683437],[33.3405447,1.367861],[33.3394289,1.3669654],[33.3389085,1.3667348],[33.3382219,1.3667777],[33.337369,1.3671049],[33.3365911,1.3674427],[33.3356845,1.3677001],[33.3352393,1.3679468],[33.3349013,1.3683759],[33.3342576,1.3694377],[33.3336514,1.3702529],[33.3333349,1.3711994],[33.3330989,1.3722237],[33.3330184,1.3729638],[33.3331901,1.3733902],[33.3334529,1.3738782],[33.3338606,1.3740069],[33.3343247,1.3739398],[33.3346277,1.3738473],[33.3347498,1.3738152],[33.3348933,1.3738259],[33.3350596,1.3738902],[33.3351964,1.3739935],[33.3355075,1.3744359],[33.3357382,1.3751599],[33.3359635,1.3758303],[33.3363712,1.3763397],[33.3369237,1.3765757],[33.3375835,1.3766454],[33.3382487,1.3764148],[33.3387744,1.376077],[33.3395415,1.3749722],[33.3404428,1.3740873],[33.3410436,1.373846],[33.3419126,1.3740927],[33.3424705,1.3742268],[33.343066,1.3744574],[33.3433878,1.3750151],[33.3436453,1.3765918],[33.3435273,1.3776107],[33.3432698,1.3781578],[33.3426475,1.3784581],[33.3414352,1.3787477],[33.3396435,1.3792303],[33.3381522,1.380024],[33.3372831,1.3808606],[33.3369183,1.3822979],[33.336736,1.3834992],[33.3368862,1.3848613],[33.3374655,1.3864487],[33.3394396,1.3890122],[33.3402443,1.3905245],[33.3401906,1.3916936],[33.3398259,1.3925838],[33.3389139,1.3935706],[33.3379698,1.3940318],[33.3370042,1.3944823],[33.3360278,1.3945573],[33.3354592,1.3943857],[33.3344614,1.392852],[33.3321869,1.3886046],[33.3310497,1.3871352],[33.3302772,1.3866203],[33.3290863,1.3864809],[33.3272624,1.3869528],[33.3251166,1.387532],[33.3232498,1.3876393],[33.3209109,1.3871137],[33.3186471,1.3867812],[33.3150315,1.3867383],[33.312301,1.386926],[33.3112496,1.387355],[33.3107722,1.3879986],[33.3099192,1.3891409],[33.3092219,1.390428],[33.3091092,1.39105],[33.3090341,1.3915059],[33.3088571,1.391892],[33.3085406,1.3921012],[33.3081168,1.392187],[33.3076125,1.3921172],[33.3070922,1.3921548],[33.3068776,1.3922728],[33.3066791,1.3925195],[33.3065236,1.3928841],[33.3063841,1.3933507],[33.306148,1.3940103],[33.3058637,1.3947718],[33.3052683,1.3959946],[33.3037448,1.4004457],[33.3038735,1.4034918],[33.3035409,1.4054975],[33.3028972,1.4063126],[33.3022535,1.4065271],[33.3008373,1.4064092],[33.2984555,1.4042962],[33.2974255,1.4037599],[33.2965457,1.4036098],[33.2950866,1.4045644],[33.294636,1.4054546],[33.2947969,1.4065808],[33.2955909,1.4077928],[33.2981121,1.4105278],[33.2988524,1.4116218],[33.299979,1.412394],[33.3007193,1.412512],[33.3019638,1.4123619],[33.3032298,1.4119865],[33.3072209,1.4096698],[33.311255,1.404929],[33.3126712,1.4045],[33.314023,1.4047574],[33.31604,1.406066],[33.319561,1.4083183],[33.3225202,1.4108067],[33.3280563,1.4138098],[33.3336353,1.4140458],[33.3397722,1.4149682],[33.3423257,1.4173922],[33.3428621,1.4197303],[33.3428621,1.4218325],[33.3420038,1.4236559],[33.3408236,1.4249],[33.3378839,1.4261657],[33.3344722,1.4258224],[33.3311248,1.4263587],[33.3294511,1.427088],[33.3286786,1.4283108],[33.3284211,1.4299839],[33.3286571,1.431035],[33.3297086,1.4327511],[33.3317685,1.4350249],[33.3324337,1.43717],[33.3321547,1.438929],[33.3306312,1.4419321],[33.3288717,1.4448065],[33.3278632,1.4453213],[33.3265114,1.4455787],[33.3241725,1.4451712],[33.3225202,1.444828],[33.3208251,1.4438627],[33.3186579,1.4412028],[33.3165121,1.4374489],[33.3141088,1.4343599],[33.3125853,1.4337593],[33.3111906,1.4339309],[33.3096671,1.4347246],[33.3080148,1.4360975],[33.3060407,1.4366552],[33.3030796,1.4366123],[33.3002472,1.436934],[33.2978439,1.4381138],[33.2956552,1.4401088],[33.2923722,1.4416532],[33.2891106,1.441739],[33.286643,1.4411599],[33.2844758,1.4392078],[33.2836175,1.4380924],[33.283124,1.4371056],[33.2827592,1.4360974],[33.2822657,1.4347997],[33.2816112,1.4333946],[33.2805383,1.4320325],[33.2781136,1.4307991],[33.2758605,1.4298445],[33.2741761,1.4286325],[33.2730496,1.4268843],[33.2719982,1.4253291],[33.2715475,1.4237631],[33.2711935,1.4222508],[33.2714724,1.4208458],[33.2722235,1.4198376],[33.273114,1.4189152],[33.2743156,1.4180679],[33.2754958,1.4167915],[33.276751,1.4152792],[33.2782853,1.413059],[33.2797122,1.4121903],[33.2808602,1.4118149],[33.2829308,1.4108817],[33.2849371,1.4088439],[33.2864499,1.4055618],[33.2871365,1.4020975],[33.2869005,1.400982],[33.2860529,1.4006173],[33.2850551,1.4005101],[33.283993,1.4009284],[33.2817936,1.4025158],[33.280077,1.4032987],[33.276236,1.404307],[33.2728457,1.4034275],[33.2707643,1.4011107],[33.2693267,1.3981933],[33.2686829,1.396606],[33.2667088,1.3952545],[33.2640695,1.3943321],[33.2621813,1.3944823],[33.2613337,1.3949113],[33.2610011,1.3957264],[33.2609904,1.3975069],[33.2612157,1.3994697],[33.2610762,1.4016363],[33.2604217,1.4033202],[33.2595205,1.4049934],[33.2579541,1.407589],[33.2576537,1.4095625],[33.2570743,1.4111499],[33.2563877,1.4127587],[33.2551646,1.4139385],[33.2535124,1.4141316],[33.2512808,1.4129732],[33.2491994,1.4104849],[33.2463026,1.4087903],[33.2439637,1.4078035],[33.2410884,1.4076319],[33.2387924,1.4066237],[33.2370543,1.4047789],[33.2368076,1.4025372],[33.2373547,1.4010464],[33.238095,1.4001025],[33.2389855,1.3991801],[33.2400584,1.3983757],[33.2415926,1.3978608],[33.2428372,1.3977643],[33.2436418,1.3973782],[33.2443929,1.3964558],[33.2447255,1.3955012],[33.2446611,1.394257],[33.2437062,1.3926803],[33.2428157,1.3911466],[33.2422256,1.3902134],[33.241421,1.3888942],[33.2403588,1.3879074],[33.2379448,1.3867812],[33.2367217,1.3866525],[33.2350695,1.3867061],[33.2338679,1.3869743],[33.2322693,1.3880683],[33.2283211,1.3915863],[33.2268727,1.3923479],[33.2259714,1.392305],[33.2252204,1.3921226],[33.2245874,1.3913718],[33.2236326,1.3895163],[33.2225627,1.3878435],[33.2218087,1.386674],[33.2212293,1.3853869],[33.2190191,1.38292],[33.217265,1.3825285],[33.214615,1.3832525],[33.2127213,1.3861591],[33.2096422,1.3884115],[33.206799,1.3906532],[33.2045782,1.392927],[33.2036662,1.3940854],[33.2034945,1.3948791],[33.2036555,1.395941],[33.204149,1.3969384],[33.2049751,1.3976571],[33.2068205,1.3981075],[33.2093954,1.3981933],[33.2136655,1.3981826],[33.214792,1.3987725],[33.215543,1.3995877],[33.2159936,1.4008962],[33.2158971,1.4020009],[33.2151997,1.402977],[33.214277,1.4035991],[33.2118952,1.4046287],[33.2109833,1.4055833],[33.2105005,1.4067417],[33.2098353,1.4088224],[33.2094061,1.4106136],[33.2085478,1.4127265],[33.2073033,1.4139493],[33.2053935,1.4152578],[33.2033121,1.4161051],[33.2011449,1.4167593],[33.1999433,1.4166306],[33.1990206,1.4162123],[33.1982374,1.4155688],[33.1973576,1.4136918],[33.1966281,1.4122332],[33.1954157,1.4108281],[33.1945145,1.4103026],[33.1934845,1.4100344],[33.1923044,1.409659],[33.1908345,1.4089082],[33.1894934,1.4086079],[33.1877768,1.4083934],[33.1858349,1.4079322],[33.1846547,1.4074066],[33.1833029,1.4063555],[33.1822622,1.40583],[33.1808567,1.4056798],[33.1782603,1.4055297],[33.177005,1.4057442],[33.1764042,1.4059051],[33.1760931,1.406259],[33.1759214,1.4068167],[33.1757927,1.4075246],[33.1755137,1.4079966],[33.174988,1.4080073],[33.1740439,1.4076641],[33.1728101,1.4071171],[33.1708574,1.4063019],[33.1692481,1.4055082],[33.1675315,1.4052508],[33.1651175,1.4053581],[33.1622422,1.4057442],[33.1584656,1.4073852],[33.1570816,1.4086937],[33.1552791,1.4100559],[33.1542277,1.4109461],[33.1535947,1.4114609],[33.1532729,1.4127909],[33.1532299,1.4141852],[33.1528652,1.4163357],[33.152377,1.4180625],[33.1520015,1.4186578],[33.1517413,1.4191967],[33.1514436,1.4194488],[33.1511003,1.4195346],[33.1503922,1.4194193],[33.150073,1.4194702],[33.1499308,1.4196499],[33.149853,1.419918],[33.1499121,1.4201191],[33.1500864,1.4203015],[33.1506121,1.4205884],[33.1516287,1.4209128],[33.1527686,1.4212426],[33.1537288,1.4218915],[33.1542116,1.4222294],[33.1547534,1.4222776],[33.1552309,1.422047],[33.1557137,1.4216716],[33.1563413,1.4213874],[33.1576878,1.4211515],[33.1610298,1.419977],[33.1639051,1.4180357],[33.1660509,1.4172742],[33.1682664,1.4166628],[33.1712437,1.4164376],[33.172853,1.4166467],[33.1739151,1.4170597],[33.1749237,1.4179392],[33.175444,1.4189849],[33.1756639,1.4200092],[33.1763935,1.4212319],[33.1774235,1.4221543],[33.1791615,1.4227549],[33.1808996,1.4228622],[33.1837964,1.4236773],[33.1860065,1.4251789],[33.1877231,1.4273884],[33.18959,1.4304559],[33.1914139,1.4323435],[33.1944608,1.4331372],[33.1975508,1.4334161],[33.1987738,1.4339309],[33.2000613,1.434982],[33.2009196,1.4370413],[33.2025289,1.4414816],[33.2048249,1.4469945],[33.2073784,1.4515421],[33.2087087,1.4541591],[33.2097602,1.4555534],[33.2108545,1.455725],[33.2117772,1.4553603],[33.2126999,1.4543521],[33.213408,1.4493755],[33.2132792,1.4431977],[33.2141804,1.4395725],[33.2155108,1.437599],[33.2168627,1.4369555],[33.2188797,1.4366337],[33.2216477,1.4363978],[33.2285142,1.4388217],[33.2352948,1.4412671],[33.2392216,1.4429403],[33.240509,1.4447207],[33.2408952,1.4467585],[33.2405734,1.4493541],[33.2396722,1.4514348],[33.2383632,1.4535799],[33.2365608,1.4569691],[33.2360244,1.4596934],[33.2365179,1.4611735],[33.2373762,1.4632327],[33.2391357,1.4661286],[33.2400369,1.4676301],[33.2417965,1.4682093],[33.2437277,1.467673],[33.2457018,1.4660857],[33.2479548,1.462439],[33.2503366,1.4591785],[33.2521605,1.4575912],[33.2547998,1.4567546],[33.2571602,1.4570549],[33.2592201,1.4586208],[33.2604003,1.4606372],[33.260529,1.4626965],[33.2598424,1.464863],[33.2567739,1.4694534],[33.2551431,1.4721347],[33.2553148,1.4746445],[33.2561946,1.4769182],[33.2576537,1.4779049],[33.2595205,1.4780336],[33.2612371,1.4775832],[33.2641768,1.4757599],[33.266623,1.4737435],[33.2677603,1.4732073],[33.2694769,1.4728641],[33.2729101,1.473765],[33.275485,1.4752022],[33.2770943,1.4767466],[33.2792187,1.4796853],[33.2832098,1.4848763],[33.2850981,1.4866138],[33.2864499,1.4882012],[33.2872438,1.4900459],[33.2873726,1.4914402],[33.286879,1.4934994],[33.2861066,1.4954943],[33.2853341,1.4965454],[33.28336,1.4972318],[33.2800126,1.4968028],[33.2767296,1.4962022],[33.2732963,1.4957732],[33.2698631,1.495623],[33.2665801,1.4957732],[33.2651424,1.496717],[33.2629323,1.4999989],[33.2612157,1.5014897],[33.2588661,1.5020795],[33.2569456,1.5019616],[33.2553899,1.5015862],[33.2535446,1.500932],[33.2522893,1.5002455],[33.2517528,1.4992481],[33.2512271,1.4967062],[33.2503581,1.4926092],[33.2498431,1.4923089],[33.2489633,1.4921909],[33.2476759,1.4922767],[33.245852,1.4927486],[33.2438779,1.4935638],[33.2412171,1.4949795],[33.2392859,1.4950867],[33.2373762,1.4942931],[33.2362389,1.4933707],[33.235724,1.4907752],[33.2347584,1.4875791],[33.2332992,1.4857773],[33.231014,1.4836215],[33.2279026,1.4810367],[33.2243085,1.4793636],[33.2201671,1.4772185],[33.2181072,1.4768753],[33.2162511,1.4771113],[33.2154465,1.4775832],[33.2148564,1.4783768],[33.2146203,1.4795566],[33.2148778,1.4810153],[33.2158863,1.4827098],[33.2177424,1.4850694],[33.2194912,1.488287],[33.2206499,1.4903998],[33.2227099,1.4943467],[33.2232463,1.4957731],[33.2231176,1.4963523],[33.2226884,1.4967277],[33.2217336,1.4973497],[33.2198882,1.4983257],[33.2174206,1.4994197],[33.2155537,1.5007282],[33.2130861,1.5029376],[33.2117343,1.5046536],[33.2105434,1.5059406],[33.2089984,1.5066377],[33.2077646,1.5071633],[33.2067776,1.5075386],[33.2059514,1.5075494],[33.2052648,1.5071633],[33.2047176,1.5064983],[33.2036769,1.5044713],[33.2027328,1.5021546],[33.2022929,1.5001705],[33.2024431,1.4985617],[33.2039666,1.4945076],[33.2042563,1.4932956],[33.2042563,1.4922553],[33.203752,1.4905607],[33.2032156,1.4896276],[33.2024538,1.4891879],[33.2011557,1.4885444],[33.1984734,1.4877185],[33.1956947,1.4870643],[33.1936884,1.4870428],[33.1904268,1.4876971],[33.1891715,1.4882655],[33.1877231,1.4885122],[33.1861567,1.4882548],[33.1853199,1.4876756],[33.1846762,1.4866567],[33.1843328,1.4853482],[33.1839681,1.4822379],[33.1837642,1.4795244],[33.1834531,1.4791062],[33.1828415,1.4788166],[33.1821442,1.4784948],[33.181597,1.4776475],[33.1813288,1.4767466],[33.1812429,1.4759315],[33.1811249,1.4744728],[33.1801432,1.4721186],[33.1792849,1.4695982],[33.1789255,1.4677481],[33.1782335,1.4654475],[33.1778634,1.4646645],[33.1775683,1.4643428],[33.1771338,1.4641551],[33.1766617,1.4641122],[33.1761575,1.4643106],[33.1745803,1.4659033],[33.1723273,1.469078],[33.1698596,1.4724779],[33.1692803,1.474076],[33.1685346,1.4774598],[33.1678963,1.4785752],[33.1669307,1.4794225],[33.166244,1.4797389],[33.1649673,1.4800714],[33.1637442,1.4798355],[33.1625855,1.4791062],[33.1617916,1.4778191],[33.161459,1.4755668],[33.1615341,1.4731215],[33.1618452,1.470601],[33.1617057,1.4677159],[33.1615448,1.4662251],[33.1611907,1.4635008],[33.1613731,1.4612807],[33.1609547,1.4604334],[33.1602681,1.4600687],[33.1594849,1.4598542],[33.158015,1.45994],[33.1571621,1.4603047],[33.1562769,1.4607927],[33.1556064,1.4613558],[33.1549412,1.4620047],[33.1543136,1.4628037],[33.1538254,1.4634633],[33.1531817,1.4642838],[33.1527069,1.4648764],[33.1518191,1.4672547],[33.1511754,1.4693569],[33.1509823,1.4712123],[33.150596,1.4723921],[33.1501079,1.4733896],[33.1490511,1.4751271],[33.1479406,1.4768538],[33.1460845,1.478409],[33.1443787,1.4793099],[33.1428981,1.4795673],[33.141557,1.4794494],[33.1399584,1.478838],[33.13748,1.4776797],[33.1360611,1.4765643],[33.1355622,1.47639],[33.1353342,1.476339],[33.1351545,1.4763739],[33.1349695,1.476524],[33.1346905,1.4769343],[33.1342506,1.4774759],[33.1330758,1.4781999],[33.1313163,1.4792778],[33.1293315,1.4804522],[33.1272447,1.4813799],[33.1263864,1.4819001],[33.12585,1.4825972],[33.1253403,1.4832944],[33.1246215,1.4847905],[33.1241494,1.4852195],[33.1233716,1.485611],[33.1216764,1.4862063],[33.1201261,1.4865709],[33.1191176,1.4867211],[33.1176746,1.4866889],[33.1162798,1.4863082],[33.1149334,1.4858255],[33.1139678,1.4853804],[33.1134528,1.4847584],[33.1129861,1.484029],[33.1124657,1.4826508],[33.1122029,1.4810957],[33.1118756,1.4801358],[33.1115672,1.479511],[33.111244,1.4792295],[33.1109744,1.4790579],[33.1107008,1.4790257],[33.1103843,1.4790472],[33.109231,1.4790203],[33.1064415,1.4788273],[33.1039792,1.4785538],[33.1023914,1.4785592],[33.1013882,1.47835],[33.1006908,1.4779317],[33.1001759,1.4773418],[33.0998111,1.4770254],[33.0994302,1.4769665],[33.0990386,1.4770683],[33.0986309,1.4773901],[33.0980194,1.4779639],[33.0965066,1.4796746],[33.0947149,1.4817553],[33.0929124,1.4832354],[33.0912816,1.4853911],[33.0905735,1.4866996],[33.090316,1.4879438],[33.0904233,1.4896812],[33.0910027,1.4934458],[33.0908042,1.4942502],[33.0909974,1.4953012],[33.0906218,1.4962933],[33.0906165,1.4973497],[33.0909812,1.4977144],[33.0919146,1.4994733],[33.092258,1.50179],[33.0925262,1.5029697],[33.093245,1.5043104],[33.0946183,1.5056939],[33.0964422,1.5072276],[33.0970108,1.5088471],[33.0980408,1.5117429],[33.0982017,1.513652],[33.0981481,1.5151964],[33.0983198,1.5175666],[33.0990493,1.5198296],[33.0997252,1.5210415],[33.1003582,1.5215134],[33.1011307,1.5211917],[33.1018174,1.5199583],[33.1025791,1.5177918],[33.1032979,1.5158184],[33.1037485,1.5131264],[33.1042206,1.5102521],[33.1049609,1.5082894],[33.1058514,1.5074743],[33.1069672,1.5069595],[33.1082439,1.5063267],[33.1098533,1.5061873],[33.110851,1.5064554],[33.1117415,1.5068201],[33.1124711,1.5079355],[33.1135976,1.5098982],[33.1143808,1.5118609],[33.1157005,1.5148853],[33.1180394,1.5179527],[33.1194556,1.5194113],[33.120389,1.5197116],[33.122009,1.5195722],[33.1229317,1.5192397],[33.1237471,1.5184461],[33.1260645,1.5163654],[33.1286073,1.5149711],[33.1311715,1.5135983],[33.1326413,1.5127939],[33.1331348,1.5117965],[33.133564,1.5102736],[33.1341004,1.5085575],[33.1349158,1.5080642],[33.136847,1.5080427],[33.1392503,1.5084503],[33.1415033,1.5094799],[33.1430697,1.5108098],[33.1440353,1.5130835],[33.1450653,1.516537],[33.1451297,1.5200977],[33.1440568,1.5226074],[33.1415033,1.5258464],[33.1387996,1.5280772],[33.1372118,1.5304796],[33.1361389,1.5333539],[33.1357312,1.5358206],[33.136332,1.5372792],[33.1372976,1.5389738],[33.1384778,1.540797],[33.1397652,1.5428991],[33.1408167,1.5460522],[33.1417823,1.549334],[33.1426406,1.5503636],[33.1448936,1.5510929],[33.1474471,1.5511144],[33.1497431,1.5505138],[33.1522107,1.5493555],[33.154571,1.5480471],[33.1585192,1.5474465],[33.161695,1.5479184],[33.163476,1.5488193],[33.1649995,1.5505781],[33.1656861,1.5528947],[33.1657719,1.5536884],[33.1656003,1.5551898],[33.1633687,1.5590937],[33.1625743,1.5620962],[33.1634326,1.5643269],[33.1661792,1.5656997],[33.1711793,1.5658504],[33.1745481,1.5657217],[33.1755781,1.5650353],[33.1772084,1.5631258],[33.1794405,1.5596728],[33.1802988,1.5581499],[33.1807065,1.5575064],[33.1813502,1.5571203],[33.1820798,1.5570345],[33.1830883,1.5573992],[33.1840753,1.5581928],[33.1848907,1.5596085],[33.186028,1.5605952],[33.1867146,1.5613459],[33.1870794,1.5625685],[33.1872511,1.5637804],[33.1875729,1.5650245],[33.1886244,1.5672446],[33.1893378,1.5686334],[33.1904697,1.5700491],[33.1914192,1.5708535],[33.1919584,1.5712101],[33.1923768,1.5715854],[33.1925324,1.5718321],[33.1925538,1.5719769],[33.1924841,1.5721807],[33.1922078,1.5724568],[33.1918162,1.5728751],[33.1915909,1.5735132],[33.1913549,1.5745642],[33.1913763,1.5756796],[33.1917626,1.576972],[33.1921756,1.5779908],[33.192468,1.5786397],[33.1930956,1.5793743],[33.1936133,1.5800741],[33.1939593,1.5806586],[33.194772,1.5821145],[33.1949329,1.5823826],[33.1950965,1.5827204],[33.1952789,1.5828572],[33.1954774,1.5828947],[33.1959844,1.5826078],[33.1964913,1.5823182],[33.1975079,1.5817874],[33.2002544,1.5801143],[33.2025289,1.5777763],[33.2030654,1.5759317],[33.2034945,1.573658],[33.2045889,1.570698],[33.2062948,1.5675985],[33.2072282,1.565979],[33.2080758,1.5651961],[33.2085371,1.5650996],[33.2091916,1.5652926],[33.2099211,1.5656573],[33.2117665,1.5668263],[33.2132578,1.5676199],[33.2151568,1.5696791],[33.2167554,1.5727357],[33.2178493,1.5747944],[33.2192225,1.5778831],[33.2206392,1.5806291],[33.2219052,1.5844471],[33.2224953,1.5862381],[33.223536,1.5876913],[33.2245123,1.588367],[33.2257301,1.5886351],[33.2285356,1.588426],[33.2296729,1.5887477],[33.2308531,1.5893912],[33.2319689,1.590528],[33.2371616,1.5968234],[33.2402676,1.6010543],[33.2424402,1.6025397],[33.2445753,1.603891],[33.246265,1.6048937],[33.2476008,1.6057463],[33.2491243,1.6073711],[33.2508302,1.6092801],[33.25252,1.6114947],[33.2541346,1.6130873],[33.2547998,1.6137093],[33.255465,1.6147818],[33.2559103,1.6157738],[33.2561302,1.6160151],[33.2565755,1.6161277],[33.2572889,1.6159454],[33.2587802,1.6157685],[33.2597458,1.6156719],[33.2604539,1.6158971],[33.2609743,1.6162242],[33.2615536,1.6163851],[33.262192,1.6162403],[33.2629913,1.6158596],[33.264783,1.615495],[33.2663923,1.6154521],[33.268109,1.615688],[33.2693213,1.6158167],[33.2705176,1.6158328],[33.2717353,1.6162618],[33.2727921,1.6166908],[33.2741547,1.6176828],[33.2760751,1.6186265],[33.2766223,1.6190877],[33.2768208,1.6195971],[33.2772231,1.6208733],[33.2775879,1.6216026],[33.2778722,1.621919],[33.2780492,1.6220584],[33.2782638,1.6222729],[33.278591,1.6222729],[33.2789236,1.6220959],[33.279326,1.6218278],[33.2812947,1.6214364],[33.2842827,1.6214739],[33.2854199,1.6216401],[33.2861441,1.6216401],[33.286702,1.6218386],[33.2884186,1.6227394],[33.2886493,1.6228413],[33.2891697,1.6228413],[33.2897437,1.6227233],[33.2911491,1.6219512],[33.2955801,1.6214471],[33.2986593,1.6212219],[33.3023822,1.6197634],[33.3052361,1.6183263],[33.3085191,1.6170715],[33.3119845,1.6162457],[33.3148223,1.6153985],[33.3161205,1.614814],[33.3167267,1.6142027],[33.3178854,1.6130015],[33.3195645,1.6121543],[33.3203423,1.6116878],[33.3206052,1.6112909],[33.3203637,1.6106475],[33.3201277,1.6090388],[33.3205676,1.6074408],[33.3214688,1.6062611],[33.3232713,1.6051029],[33.3252454,1.6037086],[33.3263504,1.6023037],[33.327198,1.6014672],[33.3276433,1.601183],[33.3281153,1.601183],[33.3288449,1.6014994],[33.3312535,1.6027649],[33.3325195,1.6039875],[33.3322406,1.6057785],[33.3305883,1.6078162],[33.3283567,1.6094999],[33.326211,1.6114089],[33.3245802,1.6133179],[33.3228636,1.6153556],[33.3215546,1.6176506],[33.3206534,1.6199028],[33.3204603,1.6227126],[33.3203959,1.6257369],[33.3200955,1.6284181],[33.3205461,1.6302841],[33.3219194,1.6327722],[33.3226812,1.6347991],[33.3231103,1.6370191],[33.3234858,1.6379307],[33.3251059,1.6388637],[33.3288181,1.6402364],[33.3314788,1.6411265],[33.3326268,1.6418665],[33.33341,1.6424778],[33.3348584,1.6427138],[33.335942,1.6427996],[33.3388281,1.6430462],[33.3415317,1.6433036],[33.3439135,1.6434752],[33.3452654,1.6446763],[33.346703,1.6461992],[33.3508229,1.6466711],[33.3536553,1.6467998],[33.3561659,1.6463065],[33.3585691,1.6443761],[33.3605218,1.6418451],[33.3617234,1.6400005],[33.363204,1.6378985],[33.3649206,1.6352174],[33.3655858,1.6331797],[33.3654785,1.631185],[33.3655,1.630327],[33.3657789,1.6296836],[33.3665085,1.6291688],[33.3671522,1.6289328],[33.3684182,1.6287827],[33.3696413,1.628847],[33.370521,1.6291473],[33.3711648,1.6305844],[33.3718943,1.6332655],[33.3717656,1.6352388],[33.3716154,1.6367403],[33.3722377,1.6373623],[33.3737397,1.638306],[33.3761644,1.638306],[33.3793831,1.6383918],[33.3820009,1.6388851],[33.3855414,1.6402793],[33.3881378,1.6416306],[33.3902406,1.6430677],[33.3928799,1.6457059],[33.3949613,1.6472716],[33.3961415,1.6483441],[33.3979869,1.6492449],[33.3993816,1.6498884],[33.4010124,1.6495881],[33.4025574,1.6478508],[33.4032225,1.6462421],[33.4039306,1.6422741],[33.4040379,1.6391854],[33.4035873,1.6368904],[33.4023857,1.6347026],[33.4014201,1.6330296],[33.4012055,1.6319571],[33.4012699,1.6316783],[33.4021067,1.6308847],[33.4028148,1.6304343],[33.4037804,1.6298766],[33.4055614,1.6289972],[33.4070849,1.6278818],[33.4086942,1.6257155],[33.409059,1.6229915],[33.410089,1.6215973],[33.4119344,1.6209109],[33.4149813,1.6203103],[33.4167409,1.6203532],[33.4184146,1.6208465],[33.4200024,1.6214471],[33.4210539,1.622348],[33.421247,1.6236564],[33.4209466,1.6244071],[33.4192943,1.6256082],[33.4182,1.6264233],[33.4169984,1.6273671],[33.4158397,1.6298337],[33.4151315,1.6315711],[33.4143805,1.6332655],[33.4143591,1.6346168],[33.4146595,1.6360753],[33.4159469,1.6386707],[33.4163332,1.6412016],[33.415904,1.6435181],[33.4162903,1.6461349],[33.4174275,1.6474647],[33.4194231,1.6481725],[33.4207749,1.6485586],[33.4220624,1.648387],[33.4243583,1.6482583],[33.4258818,1.649867],[33.4267187,1.6512826],[33.4279418,1.6529127],[33.4297228,1.6543712],[33.4327483,1.6549718],[33.4353232,1.6539851],[33.4386706,1.6518188],[33.4419322,1.6481082],[33.4442067,1.6439256],[33.4468889,1.6419738],[33.4491205,1.6419094],[33.4519744,1.6428317],[33.4537125,1.6439363],[33.4567058,1.6456415],[33.458401,1.6453412],[33.4608257,1.64399],[33.4621775,1.6427567],[33.4632075,1.6411587],[33.4637868,1.639239],[33.4640336,1.6375553],[33.4644198,1.6363113],[33.4650636,1.6356249],[33.4659862,1.6353568],[33.467263,1.6355927],[33.469001,1.6357965],[33.470664,1.6354962],[33.4726274,1.6342093],[33.4747946,1.633169],[33.4780991,1.6327615],[33.480438,1.6322467],[33.4823477,1.6321716],[33.4837532,1.6323003],[33.4846115,1.6335336],[33.4849656,1.6354855],[33.4843969,1.6370727],[33.4832919,1.6384883],[33.4817469,1.6396466],[33.4802878,1.6410944],[33.4797299,1.6420059],[33.4776699,1.6435717],[33.4762216,1.6450731],[33.4755134,1.6466174],[33.4752238,1.6480331],[33.4751916,1.6495452],[33.4756529,1.6508643],[33.4763396,1.6520654],[33.4778523,1.6544141],[33.4783673,1.6567305],[33.477745,1.6583821],[33.4761572,1.6607629],[33.4734106,1.6625646],[33.4706855,1.6641303],[33.4674024,1.6644842],[33.4627354,1.6643663],[33.4579611,1.6643663],[33.4550643,1.6637335],[33.452425,1.6629399],[33.4503329,1.6629935],[33.4496865,1.663141],[33.4490213,1.6633394],[33.4483856,1.6634949],[33.4480959,1.6634842],[33.4478009,1.6634359],[33.447589,1.6633501],[33.4471357,1.6632804],[33.4466743,1.6632885],[33.4464987,1.6633099],[33.4463793,1.6634332],[33.4463632,1.6635298],[33.4463766,1.6636209],[33.4464423,1.6637161],[33.4465456,1.6637657],[33.4466341,1.663763],[33.4468393,1.6636786],[33.446897,1.6636705],[33.4469426,1.6636732],[33.4469801,1.6637094],[33.4469748,1.663818],[33.4469613,1.6639011],[33.4469654,1.6639909],[33.4470163,1.6641008],[33.447141,1.6642175],[33.4472229,1.6642805],[33.4472926,1.6643435],[33.4473677,1.6645164],[33.4473489,1.6645915],[33.4472497,1.6647081],[33.4465563,1.6651813],[33.4462023,1.6659749],[33.4460521,1.6672511],[33.4466958,1.668967],[33.4479189,1.6703719],[33.4499573,1.6727956],[33.4519744,1.6756697],[33.4544205,1.6781362],[33.458476,1.681139],[33.4622526,1.682619],[33.4662437,1.6830479],[33.4683037,1.6850426],[33.4680891,1.6865226],[33.4676599,1.6877451],[33.4656858,1.68989],[33.4640336,1.6913484],[33.4615874,1.6923994],[33.4590125,1.6928713],[33.45721,1.6927426],[33.4550428,1.6906621],[33.4525108,1.6881741],[33.4474683,1.6843134],[33.4437346,1.6813321],[33.4379625,1.6764418],[33.4355378,1.6744256],[33.4332633,1.673439],[33.4293258,1.672817],[33.4270513,1.6730315],[33.4221053,1.6732138],[33.4207642,1.6737071],[33.4181464,1.6750798],[33.41658,1.6760128],[33.4157753,1.6771818],[33.4157538,1.6791979],[33.4163546,1.6816002],[33.4166658,1.6837557],[33.4171808,1.6848925],[33.4179747,1.6861579],[33.4185862,1.6873698],[33.4209788,1.6889569],[33.4229851,1.6904476],[33.4243476,1.6905549],[33.4277594,1.6902438],[33.4296477,1.6894288],[33.4311497,1.6889355],[33.4323299,1.6890535],[33.4329736,1.6891929],[33.4332847,1.6896433],[33.4332955,1.6903833],[33.432759,1.6913806],[33.4321153,1.6928605],[33.4314179,1.6948767],[33.431375,1.6958311],[33.4313106,1.6982655],[33.4316754,1.6992843],[33.4327698,1.7000564],[33.434937,1.7022978],[33.4369862,1.7040029],[33.4392714,1.7046356],[33.440913,1.7053541],[33.441385,1.7064158],[33.441546,1.7077992],[33.4409559,1.7085392],[33.439604,1.7095687],[33.4359669,1.7108449],[33.4330058,1.7119816],[33.4319114,1.7129468],[33.4314608,1.7146841],[33.4312677,1.7162712],[33.4314823,1.7180943],[33.4328556,1.7198531],[33.4345293,1.7208611],[33.4372544,1.7222123],[33.437705,1.7232633],[33.4374904,1.7241641],[33.4370184,1.725022],[33.435409,1.7258585],[33.4330916,1.7268237],[33.4304523,1.7280033],[33.4282422,1.7294188],[33.4268474,1.731821],[33.4261608,1.7334725],[33.4260535,1.7355315],[33.4262037,1.7366575],[33.4270728,1.737998],[33.4284246,1.7386843],[33.4296477,1.7390275],[33.4314823,1.7389953],[33.43454,1.7380623],[33.4377265,1.7371293],[33.4388852,1.7364859],[33.4398186,1.7362071],[33.4411383,1.7360355],[33.4416854,1.7362393],[33.4421253,1.7365931],[33.442812,1.737569],[33.4432518,1.7383197],[33.4433269,1.7392741],[33.4429407,1.7395958],[33.4422219,1.7399819],[33.4414816,1.7404001],[33.4409666,1.740947],[33.4405827,1.7415049],[33.4397244,1.742706],[33.438853,1.7436709],[33.4376299,1.7445503],[33.4350335,1.7451937],[33.4330058,1.7453117],[33.4316432,1.7456763],[33.4299159,1.7464698],[33.4283495,1.7477567],[33.4271049,1.7492366],[33.4251523,1.7512848],[33.4233928,1.7529578],[33.4222555,1.7552098],[33.4215581,1.7573438],[33.4216118,1.7583947],[33.4228241,1.7600891],[33.4244978,1.7616226],[33.4273195,1.7635421],[33.4309029,1.7658156],[33.4332955,1.766577],[33.4346151,1.7667807],[33.4376192,1.7659014],[33.4405696,1.7644429],[33.4424901,1.7629631],[33.4442282,1.7618478],[33.4460091,1.7615261],[33.4476614,1.7618263],[33.449614,1.7626092],[33.4514916,1.7632526],[33.4529936,1.7633062],[33.454957,1.7628773],[33.4565341,1.762577],[33.4580469,1.7624912],[33.4625101,1.76277],[33.4657931,1.7621266],[33.4697413,1.7607325],[33.4724664,1.7592526],[33.4736252,1.7587593],[33.4750414,1.7586736],[33.4761357,1.7592741],[33.4768867,1.7603894],[33.4771657,1.7612687],[33.4775734,1.7627271],[33.477788,1.7638853],[33.4778094,1.764829],[33.477745,1.7660515],[33.4775948,1.7673598],[33.4772515,1.7688826],[33.4757066,1.7711989],[33.4739041,1.7725072],[33.4722519,1.7728289],[33.4709,1.7726144],[33.4691191,1.7728074],[33.4680033,1.7748021],[33.4678745,1.7769468],[33.4666943,1.7811505],[33.4645486,1.7843676],[33.4627461,1.7855472],[33.4603429,1.7862978],[33.457725,1.786405],[33.4532833,1.7853541],[33.4498286,1.7844319],[33.4462666,1.7833595],[33.4438848,1.7832737],[33.4428119,1.7836598],[33.4416961,1.7847965],[33.4410524,1.7868983],[33.441031,1.7898581],[33.4414816,1.791724],[33.4427476,1.7936113],[33.444829,1.7960348],[33.4479403,1.7988015],[33.4490776,1.8009462],[33.4492707,1.8023403],[33.4490561,1.8040775],[33.4483695,1.8052785],[33.4461379,1.8072302],[33.4422755,1.8120987],[33.4409237,1.8130852],[33.4395075,1.8137072],[33.4361172,1.8138788],[33.4332633,1.8136214],[33.4309459,1.8119485],[33.4306025,1.8101041],[33.4312033,1.8082382],[33.4321904,1.8050426],[33.4323191,1.80367],[33.4320187,1.8018256],[33.4307742,1.799831],[33.4294867,1.7984583],[33.4288645,1.7981152],[33.4264719,1.7981795],[33.4253239,1.7989087],[33.42453,1.7997452],[33.4236932,1.8009033],[33.4226203,1.8023832],[33.4211612,1.8038845],[33.4200239,1.8046137],[33.4190368,1.8046566],[33.4185004,1.804292],[33.417921,1.802855],[33.4172773,1.8014395],[33.4162903,1.7998953],[33.4158397,1.7983082],[33.415904,1.7967426],[33.4174061,1.7934826],[33.4187579,1.7891074],[33.4200668,1.786019],[33.4203458,1.7821799],[33.4198093,1.7784481],[33.4193373,1.7765178],[33.4185219,1.7749522],[33.4186101,1.7718747],[33.4163785,1.7708452],[33.4132886,1.7675852],[33.4126019,1.7653547],[33.411057,1.7615799],[33.4057355,1.7579767],[33.4040188,1.7547167],[33.4021306,1.7519714],[33.4012723,1.7483682],[33.399899,1.7444218],[33.399384,1.7404754],[33.400414,1.7354995],[33.4012723,1.7306952],[33.4014439,1.7274351],[33.4012723,1.7243466],[33.4017872,1.7204002],[33.4000706,1.7167969],[33.3937192,1.7157674],[33.3923459,1.71388],[33.3933758,1.7106199],[33.3942341,1.7078745],[33.3954358,1.7042712],[33.3949208,1.6996384],[33.3942341,1.6965499],[33.3906293,1.6946624],[33.3873677,1.6970646],[33.3835911,1.6979225],[33.3818745,1.6979225],[33.3798146,1.6962067],[33.3796429,1.6936329],[33.3756947,1.691917],[33.3712315,1.6912307],[33.3686566,1.6905443],[33.3681416,1.6893432],[33.3672833,1.6865978],[33.3681416,1.6838524],[33.366425,1.6838524],[33.36591,1.6853967],[33.3623051,1.6864262],[33.3583569,1.6871126],[33.3561253,1.6881421],[33.3549237,1.6896864],[33.3533787,1.6920886],[33.3494305,1.6934613],[33.3468556,1.6917454],[33.3465123,1.689858],[33.3442807,1.6890001],[33.3427357,1.6903727],[33.3411908,1.6915739],[33.3401608,1.6932897],[33.3384442,1.6951772],[33.3367276,1.6958635],[33.3341527,1.6965499],[33.3308911,1.6951772],[33.3290028,1.694834],[33.3302045,1.6929465],[33.3324361,1.6924318],[33.334496,1.6932897],[33.3362126,1.692775],[33.3367276,1.6903727],[33.334496,1.6862547],[33.3319211,1.6835093],[33.3293461,1.6783616],[33.3264279,1.6745867],[33.3224797,1.6725277],[33.3173298,1.6725277],[33.3128667,1.6752731],[33.3109784,1.6775037],[33.3070302,1.6805923],[33.3042836,1.6829945],[33.301022,1.6833377],[33.2969021,1.6802491],[33.2936406,1.6783616],[33.2912373,1.6763026],[33.2883191,1.6708118],[33.2855725,1.6697822],[33.2823109,1.670297],[33.2788777,1.670297],[33.2780194,1.6678948],[33.279736,1.664463],[33.2809376,1.6634335],[33.2828259,1.6625755],[33.2869458,1.6594869],[33.2886624,1.6581142],[33.2915542,1.6567359],[33.2926887,1.6559182],[33.2935229,1.655079],[33.2943007,1.6542773],[33.2946762,1.653532],[33.2947084,1.6531245],[33.2946682,1.6527598],[33.2945234,1.652548],[33.2942525,1.6523201],[33.2938153,1.6519555],[33.2928845,1.6510064],[33.2920396,1.6502905],[33.2895184,1.6485746],[33.2878581,1.6475156],[33.2863131,1.6465987],[33.2851812,1.6457649],[33.2846367,1.6454592],[33.2839474,1.6451857],[33.2833868,1.645041],[33.282448,1.6449927],[33.2815736,1.6450731],[33.2806349,1.6452233],[33.2788753,1.645427],[33.2770407,1.6453198],[33.2754958,1.6452876],[33.2736933,1.6452769],[33.2724702,1.6448908],[33.2710218,1.6436468],[33.2702038,1.6423598],[33.2700428,1.6415448],[33.2699624,1.6410166],[33.2699865,1.6407968],[33.2700643,1.6404992],[33.2703486,1.6404214],[33.2706007,1.6403168],[33.271105,1.6400139],[33.2711962,1.6398074],[33.2710889,1.6393811],[33.2707751,1.6389388],[33.270582,1.6387698],[33.2702252,1.638609],[33.2698148,1.63855],[33.2689619,1.6385929],[33.2676047,1.6386063],[33.2653677,1.6385634],[33.2623315,1.6384669],[33.2594776,1.6387993],[33.2578468,1.6392283],[33.2566666,1.6399898],[33.2555509,1.6407405],[33.2543492,1.6419309],[33.2530618,1.6432714],[33.2513881,1.6456415],[33.2504547,1.6475612],[33.2499826,1.648816],[33.250004,1.6495881],[33.2500684,1.6500814],[33.2503366,1.6508429],[33.2507658,1.6516686],[33.2522356,1.6531379],[33.2547462,1.6552613],[33.2566988,1.6563659],[33.257879,1.6571917],[33.2584584,1.6579209],[33.2587266,1.6585001],[33.2587051,1.6589719],[33.2583403,1.6597548],[33.2576215,1.6606664],[33.2560015,1.6626718],[33.2538986,1.663948],[33.2522035,1.6648274],[33.2508838,1.66605],[33.2493067,1.6677766],[33.2481158,1.6690099],[33.2469946,1.6700394],[33.2464045,1.6707043],[33.2459003,1.6715783],[33.2455409,1.6727848],[33.2455033,1.6737393],[33.245734,1.6764954],[33.2459378,1.6785545],[33.2464421,1.6794231],[33.2470858,1.6799808],[33.2498646,1.6811819],[33.2535982,1.6821364],[33.2575357,1.6833589],[33.2586944,1.6842169],[33.2598424,1.6853215],[33.2616234,1.6865333],[33.2633185,1.6872947],[33.2648957,1.6879703],[33.2662153,1.68915],[33.2666552,1.6897613],[33.2669556,1.6903296],[33.26702,1.6908337],[33.2666337,1.6917023],[33.2657218,1.6930643],[33.2648313,1.6956167],[33.2645953,1.6978902],[33.2647347,1.6995953],[33.2648742,1.7011932],[33.2658505,1.703338],[33.2668161,1.7055686],[33.2683396,1.7100084],[33.2683825,1.7111237],[33.2683504,1.7120245],[33.2680285,1.7131827],[33.2676637,1.7161962],[33.2673204,1.7206037],[33.266859,1.7236923],[33.2660436,1.7248505],[33.264842,1.7252365],[33.2621383,1.7251507],[33.2604217,1.7245073],[33.259778,1.7224054],[33.2590484,1.7196172],[33.257246,1.712861],[33.2554436,1.7089789],[33.2528579,1.7041209],[33.2498431,1.7011181],[33.2481587,1.6992092],[33.2457876,1.6979652],[33.2447684,1.697665],[33.2439852,1.6976971],[33.2430088,1.6984478],[33.241539,1.6999277],[33.240037,1.7022656],[33.2393396,1.7028125],[33.2385135,1.70322],[33.2375908,1.7033273],[33.2366359,1.7030699],[33.235563,1.7024479],[33.2347262,1.701783],[33.233943,1.7006892],[33.2339859,1.6998527],[33.2343399,1.6993058],[33.2347155,1.6986194],[33.2354236,1.6962494],[33.2356489,1.6943298],[33.2354128,1.6924316],[33.2349086,1.6910267],[33.233943,1.6897827],[33.2324195,1.6884744],[33.2292866,1.686351],[33.2257676,1.6842061],[33.2238793,1.6826619],[33.2231068,1.6801738],[33.2229781,1.6765062],[33.2227206,1.6729243],[33.2220232,1.670833],[33.2211864,1.6688061],[33.2201457,1.6675621],[33.2173562,1.6646451],[33.2152855,1.6621999],[33.2138586,1.6608165],[33.2122493,1.6604626],[33.2095456,1.6606127],[33.2077968,1.6609667],[33.205592,1.6617978],[33.2043368,1.6623286],[33.2037654,1.6628032],[33.2033014,1.663755],[33.2027972,1.6645593],[33.2025504,1.6654816],[33.2026148,1.6665111],[33.2028186,1.6675192],[33.2029903,1.6684737],[33.2033551,1.6699429],[33.2036984,1.6711762],[33.2040524,1.6726454],[33.2036662,1.6740396],[33.2035267,1.6752085],[33.2029474,1.6768386],[33.2027972,1.6782971],[33.2029581,1.6797878],[33.2034516,1.6816002],[33.2034731,1.6827476],[33.2030332,1.6837986],[33.2024217,1.6853858],[33.2014239,1.6867692],[33.2005763,1.6880454],[33.1998896,1.6903833],[33.1995034,1.6920241],[33.199439,1.6944155],[33.1996429,1.6960349],[33.2000291,1.6971609],[33.2023895,1.6998849],[33.2035696,1.7029412],[33.203913,1.7051826],[33.2036233,1.7065445],[33.2029474,1.7091505],[33.2018745,1.7100835],[33.2011986,1.7104266],[33.1997824,1.7106947],[33.1982374,1.7110057],[33.1957161,1.711424],[33.1947076,1.7109736],[33.1939137,1.710255],[33.193109,1.7091397],[33.1922936,1.7080888],[33.1911778,1.7072845],[33.1899118,1.7068233],[33.1889784,1.7068877],[33.1881738,1.7068984],[33.1871652,1.706641],[33.1840539,1.7055472],[33.1812858,1.7041959],[33.1791723,1.7030592],[33.1785071,1.7019546],[33.178153,1.7001422],[33.1785285,1.6982655],[33.1790972,1.6966033],[33.1804168,1.6945442],[33.180846,1.6931394],[33.1808138,1.6908337],[33.1804061,1.6896862],[33.1790328,1.6882813],[33.177681,1.6872196],[33.1770694,1.6863617],[33.1766939,1.6843027],[33.177005,1.6830372],[33.1776166,1.6822651],[33.1793332,1.6812677],[33.1810713,1.6801309],[33.1821549,1.6787797],[33.1831634,1.6771067],[33.1839466,1.674935],[33.184137,1.6741924],[33.1842497,1.6733318],[33.1841558,1.6726266],[33.1839332,1.671573],[33.1837723,1.6712164],[33.1833833,1.6706105],[33.1829622,1.6697391],[33.1826806,1.6692378],[33.18223,1.6688356],[33.1818143,1.6686104],[33.1805938,1.6680554],[33.1796873,1.6678892],[33.1789631,1.6677337],[33.1782281,1.667605],[33.1774342,1.6675192],[33.1770211,1.6674817],[33.1766108,1.667428],[33.1765115,1.6673235],[33.1764632,1.6672377],[33.1763372,1.6672028],[33.1762084,1.6672216],[33.1760448,1.6672725],[33.1758919,1.6673181],[33.1756693,1.6673691],[33.1754896,1.6673932],[33.1753743,1.6674012],[33.1753179,1.6673396],[33.1753287,1.6671921],[33.1754065,1.6670071],[33.1755567,1.6667926],[33.1757551,1.6665218],[33.1761736,1.6661438],[33.1762648,1.6659829],[33.1762889,1.6658221],[33.1762165,1.6654655],[33.1760555,1.6651009],[33.1757283,1.6646907],[33.1753743,1.664511],[33.1751811,1.6644172],[33.1750229,1.6643126],[33.1748888,1.6641652],[33.1748003,1.6640284],[33.174819,1.6639212],[33.1749263,1.6638408],[33.1750524,1.6638086],[33.1752321,1.6637711],[33.1753743,1.6636799],[33.1754065,1.6635432],[33.1753314,1.663326],[33.1750551,1.6630874],[33.1749505,1.6629292],[33.1749478,1.6628354],[33.1750149,1.6627308],[33.1751463,1.6626933],[33.1753474,1.6626691],[33.1756371,1.6625538],[33.1757927,1.6624493],[33.1760636,1.6623072],[33.1764418,1.6622321],[33.1769353,1.6621999],[33.1779385,1.6617763],[33.1800949,1.6603017],[33.182466,1.6587682],[33.1830132,1.6578995],[33.1832492,1.65687],[33.1831956,1.6557868],[33.1827021,1.6539958],[33.1821334,1.6531701],[33.1812107,1.6520333],[33.179934,1.6512397],[33.1789577,1.6509287],[33.1785929,1.6507356],[33.1781745,1.6503281],[33.1779277,1.6496846],[33.1777239,1.6484942],[33.1778204,1.6475183],[33.1783247,1.6466067],[33.1793654,1.6451053],[33.1804275,1.6432178],[33.1808138,1.6410408],[33.1808782,1.6393141],[33.1807816,1.6382417],[33.1803632,1.6374481],[33.1797409,1.636515],[33.1780994,1.6349064],[33.1762111,1.6332548],[33.1749666,1.6325363],[33.1741726,1.6322574],[33.1732607,1.6323647],[33.1725097,1.6325684],[33.1716084,1.6330618],[33.1707501,1.6340806],[33.1692266,1.6358823],[33.1670058,1.6387564],[33.1634331,1.6416628],[33.1614804,1.6434323],[33.1605685,1.6445584],[33.15956,1.6453734],[33.158648,1.6454485],[33.1581974,1.6453091],[33.1575,1.6446656],[33.1564271,1.6429175],[33.1554186,1.6423491],[33.1541741,1.6420274],[33.1531227,1.6420274],[33.1519532,1.6424671],[33.1507409,1.6427888],[33.1490672,1.642939],[33.1481659,1.6427352],[33.1470716,1.6420167],[33.1458592,1.6413839],[33.1440782,1.6406976],[33.1413424,1.6393356],[33.1402159,1.6383382],[33.1396258,1.6371692],[33.1394541,1.6357107],[33.1393254,1.6344667],[33.1387889,1.6320751],[33.1383705,1.6308793],[33.137877,1.6300911],[33.137539,1.6297211],[33.1372225,1.6296299],[33.1366646,1.6295977],[33.1355917,1.6298337],[33.1331456,1.6309276],[33.1304848,1.6316461],[33.1292403,1.631496],[33.1284892,1.6312493],[33.1280172,1.6307882],[33.1278348,1.6300589],[33.1278133,1.628847],[33.128162,1.6265466],[33.1294709,1.6233936],[33.1303346,1.6207661],[33.1315845,1.6178383],[33.1321961,1.6161277],[33.1323087,1.6150392],[33.1320405,1.613704],[33.1318635,1.6130444],[33.1315041,1.6124599],[33.1311178,1.6120738],[33.1295407,1.6113285],[33.1280923,1.610937],[33.1263918,1.6103472],[33.1253618,1.6097573],[33.1244338,1.6088565],[33.1235111,1.6078912],[33.1228888,1.6067652],[33.1222182,1.6054514],[33.121596,1.6037998],[33.1211454,1.6030973],[33.120802,1.602781],[33.1204158,1.6026308],[33.1199169,1.6024753],[33.1186348,1.6023734],[33.1171972,1.6022823],[33.1157434,1.6025128],[33.1144184,1.6030383],[33.112852,1.6038105],[33.11216,1.604454],[33.1116986,1.6050546],[33.1114894,1.6058697],[33.1114089,1.6066633],[33.1115752,1.6077411],[33.1118703,1.6092747],[33.1133187,1.6139185],[33.1143272,1.6162135],[33.116591,1.6178651],[33.1179213,1.6190448],[33.1190693,1.6201602],[33.119477,1.6208894],[33.1193375,1.6215436],[33.1189406,1.6224123],[33.1177497,1.6234097],[33.1167197,1.6238494],[33.1149602,1.6241282],[33.1137371,1.6238816],[33.1110978,1.6234848],[33.1067526,1.6232274],[33.1045854,1.6232167],[33.1033087,1.6235062],[33.1016242,1.6244178],[33.1003904,1.6257584],[33.0991781,1.6276459],[33.0988991,1.6290508],[33.0989313,1.6295012],[33.0991673,1.6300589],[33.0996609,1.6304664],[33.1001973,1.6308203],[33.1010127,1.631378],[33.103019,1.6331851],[33.1058514,1.634842],[33.1099284,1.6370298],[33.11275,1.6386921],[33.1158614,1.6392498],[33.1187582,1.6390782],[33.1207323,1.6399361],[33.1218481,1.6408155],[33.1226849,1.6424671],[33.1233501,1.6440114],[33.1234145,1.645234],[33.1229639,1.646092],[33.1214404,1.6471001],[33.1191659,1.6482797],[33.1172132,1.6492664],[33.1160331,1.6501243],[33.1153679,1.6511968],[33.1149816,1.6542854],[33.1148314,1.6569236],[33.1150567,1.6591971],[33.1151318,1.6610417],[33.1143594,1.6633796],[33.1132865,1.6656425],[33.1117254,1.668908],[33.1107867,1.6699751],[33.11032,1.6701949],[33.1096816,1.6701895],[33.1092739,1.670034],[33.1089199,1.6698142],[33.1087375,1.6695193],[33.1086034,1.6691707],[33.1084907,1.6688812],[33.1082708,1.6686292],[33.1080723,1.6684844],[33.1077826,1.6683718],[33.1075251,1.6683825],[33.1073588,1.6685863],[33.107332,1.6687471],[33.1073695,1.6689884],[33.1075895,1.6692458],[33.107965,1.6696426],[33.1079543,1.6700448],[33.1078792,1.6702539],[33.1076163,1.6705703],[33.1072408,1.6706185],[33.1068492,1.6706078],[33.1064147,1.670463],[33.1059962,1.67027],[33.1050414,1.6698517],[33.1034535,1.6684844],[33.1020749,1.6673047],[33.1008464,1.6663663],[33.0998164,1.6660661],[33.0980945,1.6658355],[33.0971825,1.665739],[33.096689,1.6658408],[33.0961955,1.6660714],[33.0955249,1.6664307],[33.0942589,1.6670473],[33.0936313,1.667664],[33.0930895,1.6682431],[33.0928695,1.6690689],[33.0925745,1.6698625],[33.0923545,1.6701145],[33.0917215,1.6706507],[33.0912495,1.6709671],[33.0907398,1.6709885],[33.0904233,1.6708491],[33.0900907,1.6705488],[33.0895489,1.6703397],[33.0889696,1.6703129],[33.0882561,1.6705971],[33.0876446,1.6712513],[33.0873227,1.6717124],[33.0872047,1.6724738],[33.0875695,1.6736749],[33.0883956,1.6752407],[33.0887496,1.6757554],[33.0891788,1.6761844],[33.0896723,1.6765383],[33.0906057,1.6767099],[33.0912816,1.676978],[33.0920005,1.6799057],[33.0920434,1.6809674],[33.0917215,1.6817717],[33.0908739,1.6825224],[33.0901337,1.6829407],[33.0888462,1.6838844],[33.0879128,1.6842705],[33.0856812,1.6843348],[33.0842972,1.6837664],[33.0832779,1.6820398],[33.0822587,1.6805277],[33.0809605,1.6778145],[33.0804241,1.676163],[33.0792761,1.6739538],[33.0783427,1.6719054],[33.0778706,1.6702539],[33.0784178,1.6681519],[33.079673,1.6672618],[33.0814218,1.6668972],[33.0824733,1.6665969],[33.0837285,1.6668436],[33.0848873,1.66679],[33.0857777,1.6663824],[33.0862713,1.6656103],[33.0871189,1.663326],[33.0881274,1.6602588],[33.0884492,1.6579853],[33.0887389,1.6556796],[33.0886638,1.6545964],[33.0880737,1.6533524],[33.0873334,1.6525909],[33.0857134,1.6518295],[33.0847371,1.6515399],[33.0834067,1.6516257],[33.0824733,1.6519582],[33.0813038,1.6524944],[33.0805206,1.6533095],[33.0793834,1.6545535],[33.0782998,1.6561407],[33.0774736,1.6576528],[33.0768943,1.6590792],[33.0760038,1.6601838],[33.07477,1.661149],[33.0733645,1.6616637],[33.0722594,1.6616959],[33.0708969,1.6613956],[33.069309,1.6609988],[33.0674529,1.6603232],[33.0646419,1.6597763],[33.0636656,1.6594438],[33.063097,1.6589934],[33.0625605,1.6582105],[33.0618739,1.6571917],[33.062185,1.6554222],[33.0631077,1.6537813],[33.0640626,1.6520762],[33.0656612,1.6502316],[33.0667341,1.6483763],[33.0670988,1.6463279],[33.0676353,1.6444833],[33.0687189,1.6431964],[33.0695021,1.6426601],[33.0699527,1.6424993],[33.0708647,1.6425422],[33.0720234,1.6426709],[33.0745339,1.6420381],[33.0761969,1.6410622],[33.0795658,1.6394106],[33.0802309,1.6389817],[33.0807888,1.6380486],[33.082248,1.6342951],[33.0835891,1.6310348],[33.083632,1.6299409],[33.0835495,1.6295765],[33.0834281,1.6290401],[33.0823338,1.6275815],[33.0807781,1.6258013],[33.078568,1.6238172],[33.0764329,1.622659],[33.0740297,1.6218225],[33.0713689,1.621372],[33.0693626,1.6210825],[33.067131,1.6206642],[33.0656612,1.6198384],[33.0648029,1.6184228],[33.0644381,1.6172431],[33.0644596,1.6162028],[33.0647814,1.6151411],[33.0654359,1.6140686],[33.0658758,1.6134788],[33.0674529,1.6127924],[33.0716371,1.6132375],[33.0740458,1.6137201],[33.0759072,1.6138032],[33.0766207,1.6136959],[33.0774093,1.6135109],[33.0779162,1.6132535],[33.0786565,1.6128701],[33.0795845,1.6123125],[33.0803195,1.6117816],[33.080577,1.6114438],[33.0811295,1.6109799],[33.081446,1.6105724],[33.0816767,1.6101059],[33.0817893,1.6096688],[33.0816981,1.6093793],[33.0815694,1.6089503],[33.0813146,1.6085052],[33.0807459,1.6078778],[33.0802739,1.6075373],[33.0797911,1.6071941],[33.0789167,1.606792],[33.0780476,1.6064005],[33.0770659,1.6056766],[33.0767226,1.6053173],[33.0762988,1.6050385],[33.075875,1.6049956],[33.0750543,1.6050385],[33.0738956,1.6049473],[33.072651,1.6045881],[33.0716962,1.6043575],[33.0711597,1.6041805],[33.0701351,1.6034191],[33.0691856,1.6024699],[33.0686706,1.6015691],[33.06822,1.6005931],[33.0679089,1.5998478],[33.0679035,1.5992284],[33.0678311,1.597676],[33.0678472,1.5968851],[33.0680269,1.5960351],[33.0683568,1.5951168],[33.0685325,1.5945189],[33.0686559,1.5940685],[33.0686384,1.5933164],[33.0684829,1.5928499],[33.0682737,1.5924477],[33.0678767,1.5921635],[33.0672544,1.5918686],[33.0661172,1.591697],[33.0648512,1.5916059],[33.0632043,1.5918954],[33.0627108,1.5920777],[33.0616271,1.5925443],[33.0609298,1.593236],[33.0599642,1.5943406],[33.0588645,1.5955043],[33.0579901,1.596137],[33.056826,1.596566],[33.0558658,1.596818],[33.0547982,1.5967752],[33.0535966,1.5966947],[33.0529475,1.5964212],[33.0522072,1.5959065],[33.0512953,1.5950753],[33.0505603,1.5946624],[33.049981,1.5941691],[33.0492836,1.5934398],[33.0483878,1.5923566],[33.0478352,1.5912734],[33.047272,1.5902814],[33.0469179,1.5885547],[33.0466604,1.586517],[33.0463064,1.5847045],[33.0461293,1.5833317],[33.0459899,1.58264],[33.0457216,1.5820716],[33.0451101,1.5810634],[33.0444932,1.5800875],[33.044225,1.5793582],[33.0441338,1.5785753],[33.0441552,1.5772186],[33.0440158,1.5769398],[33.0438173,1.576795],[33.0434525,1.5767146],[33.0428141,1.5766127],[33.0416822,1.5765376],[33.0407757,1.5766931],[33.0399978,1.5769451],[33.0395901,1.5772991],[33.0381042,1.5783769],[33.0371761,1.5791276],[33.0355346,1.5806613],[33.0345905,1.5819804],[33.0336463,1.5835355],[33.0329811,1.5843828],[33.0320692,1.5847474],[33.0312538,1.5846831],[33.0303204,1.5843399],[33.0298161,1.5836857],[33.0290544,1.5820019],[33.0284536,1.5795352],[33.0285287,1.5763392],[33.028534,1.573969],[33.0288076,1.5725185],[33.0290785,1.5713388],[33.0291644,1.5696952],[33.0293548,1.5687112],[33.0295962,1.5680248],[33.0298215,1.5674296],[33.0299798,1.5669309],[33.0299664,1.5665716],[33.0298912,1.5659817],[33.0295855,1.5653918],[33.0292502,1.564995],[33.0289659,1.5647189],[33.028467,1.564507],[33.0271929,1.5641612],[33.0264956,1.5642309],[33.0250686,1.5646384],[33.023867,1.5652283],[33.0225795,1.5660434],[33.0218875,1.5667137],[33.0213994,1.5675449],[33.020761,1.5687997],[33.0196774,1.5700008],[33.0190122,1.5702904],[33.0184758,1.5703869],[33.0177784,1.5700652],[33.0172205,1.5694646],[33.0166519,1.5677057],[33.0153751,1.5638073],[33.0134547,1.5595441],[33.0124998,1.5574045],[33.0121511,1.5564071],[33.011899,1.5557207],[33.0117863,1.5553561],[33.0118293,1.5549271],[33.011958,1.5545678],[33.0121618,1.5541441],[33.0131543,1.5529859],[33.0138463,1.5521708],[33.0143988,1.551168],[33.0148333,1.5499775],[33.0148601,1.5490284],[33.0147368,1.5483742],[33.0145222,1.5474947],[33.0140823,1.5465831],[33.0120814,1.5448403],[33.0116308,1.5444596],[33.0111372,1.5443201],[33.0099034,1.5441003],[33.0084979,1.5437249],[33.0068511,1.5434192],[33.0055636,1.5430841],[33.0039114,1.5425291],[33.0022377,1.5418266],[33.0014974,1.5414029],[33.0006337,1.540797],[32.9997808,1.5400999],[32.9978442,1.538904],[32.9964656,1.5383088],[32.9953122,1.5378369],[32.9942554,1.5375044],[32.9931289,1.5372899],[32.9918736,1.5372256],[32.9902589,1.5374454],[32.9890144,1.5377028],[32.9874963,1.5381694],[32.9861927,1.5387592],[32.9848248,1.5395422],[32.9842883,1.5400516],[32.9840362,1.5407487],[32.9839611,1.5415906],[32.9841113,1.5424111],[32.9852486,1.5450655],[32.9859996,1.5471354],[32.9873514,1.550546],[32.9886818,1.5518758],[32.9910314,1.5526373],[32.9919326,1.5531521],[32.9925871,1.5540637],[32.9930162,1.5554043],[32.9934132,1.5572276],[32.9937673,1.5582786],[32.9943252,1.5590937],[32.995044,1.5601125],[32.9962027,1.5617427],[32.9964709,1.5631048],[32.9963422,1.5647028],[32.9958165,1.5657538],[32.9952907,1.5661292],[32.9945826,1.566333],[32.9933703,1.5657109],[32.990849,1.5644561],[32.9887569,1.5641665],[32.9874802,1.5643703],[32.9864609,1.5650996],[32.9857421,1.5664938],[32.9848623,1.5691643],[32.9845941,1.5698185],[32.9837787,1.570891],[32.9826951,1.5715774],[32.9812574,1.5721244],[32.9800451,1.5723925],[32.9786396,1.5726981],[32.9773253,1.5735454],[32.9766011,1.5745964],[32.976172,1.5757547],[32.9762578,1.5762856],[32.9764831,1.5769291],[32.9774648,1.5785002],[32.9777813,1.5791276],[32.9778993,1.5798784],[32.9779476,1.5807363],[32.9778618,1.5820823],[32.977674,1.583203],[32.9774433,1.5836642],[32.9771161,1.5838572],[32.9767674,1.5839645],[32.9757321,1.5839645],[32.9748738,1.5841146],[32.9739886,1.5843506],[32.9729158,1.5847957],[32.9710221,1.5854338],[32.9689836,1.586517],[32.967385,1.5874071],[32.9659581,1.5879755],[32.9652822,1.5882437],[32.9642951,1.5881257],[32.9625785,1.5873857],[32.960937,1.586828],[32.9594028,1.5865599],[32.9584479,1.5861202],[32.9576754,1.5854445],[32.957139,1.5846187],[32.9565596,1.5824845],[32.9565489,1.5818195],[32.9568064,1.5810527],[32.9574394,1.5805808],[32.9581958,1.5800821],[32.9593492,1.5792134],[32.9607063,1.5775672],[32.9613447,1.5765054],[32.9625329,1.5738537],[32.9627529,1.573237],[32.962777,1.571875],[32.9627126,1.5706363],[32.9625276,1.5700276],[32.9623184,1.5696228],[32.9620743,1.5691536],[32.9617846,1.5689015],[32.9614896,1.5686924],[32.9611248,1.5684511],[32.9608941,1.5681294],[32.9604649,1.5674698],[32.9600733,1.566349],[32.9599982,1.5655232],[32.9601002,1.5649387],[32.9604113,1.5644132],[32.9608297,1.5639199],[32.9618972,1.5630941],[32.9633617,1.5617374],[32.964043,1.5613137],[32.9645795,1.5611368],[32.9650998,1.5609384],[32.9653948,1.5606917],[32.9655236,1.5603002],[32.9655826,1.5596246],[32.9654592,1.5589811],[32.9651588,1.5575707],[32.9649603,1.5569916],[32.9647726,1.5561068],[32.9646841,1.5554338],[32.9645902,1.5547313],[32.9643273,1.553876],[32.9639894,1.553388],[32.9636863,1.5531333],[32.9629889,1.5527526],[32.9619549,1.5524952],[32.9604703,1.5522887],[32.959097,1.5519348],[32.9572892,1.5515595],[32.9553741,1.5514415],[32.9541242,1.5513879],[32.9529011,1.5515166],[32.9519516,1.5518008],[32.9509163,1.5519616],[32.9503584,1.5520742],[32.9497093,1.5524603],[32.9487222,1.5534738],[32.9480839,1.5543694],[32.94788,1.5548842],[32.947644,1.555769],[32.9471773,1.556643],[32.9464799,1.5575493],[32.9453856,1.5587827],[32.9446828,1.5597104],[32.9440069,1.5605094],[32.9431593,1.5613084],[32.9428536,1.5615443],[32.9425585,1.5617588],[32.9423493,1.5619733],[32.942242,1.5621556],[32.9422045,1.5623969],[32.9421776,1.562724],[32.9420328,1.5631423],[32.9418129,1.563507],[32.9415178,1.563952],[32.9410458,1.5644829],[32.9406327,1.5648368],[32.9400694,1.5652792],[32.9393506,1.565794],[32.9388571,1.5661345],[32.9384199,1.5664429],[32.9380336,1.5665609],[32.9375589,1.566703],[32.9370278,1.5667888],[32.9365075,1.5667137],[32.9359603,1.5663973],[32.9350644,1.56555],[32.9340076,1.5645473],[32.9330957,1.5637831],[32.9322401,1.5629573],[32.9309499,1.5619679],[32.9302847,1.5614639],[32.9297805,1.561236],[32.9289758,1.5610161],[32.9277661,1.5608874],[32.9266852,1.5609786],[32.9261005,1.5611314],[32.92521,1.561362],[32.9243624,1.5617427],[32.9232708,1.5623353],[32.922399,1.5628152],[32.9213852,1.5634748],[32.9200065,1.5645044],[32.9196256,1.5649923],[32.9194272,1.5654321],[32.9189229,1.5660112],[32.9183328,1.5665957],[32.9177508,1.5672285],[32.9173645,1.5679604],[32.9172197,1.5686039],[32.9172599,1.5694834],[32.9172438,1.5701617],[32.9171553,1.570883],[32.9171714,1.5713548],[32.9173297,1.5717088],[32.9176435,1.5721887],[32.9182497,1.5729957],[32.9188773,1.573835],[32.9191536,1.5743551],[32.9193681,1.5747412],[32.9194379,1.5749932],[32.9194432,1.5753579],[32.9194915,1.5757225],[32.919749,1.5765859],[32.9198241,1.5769291],[32.9197222,1.577224],[32.9193252,1.5774117],[32.9187137,1.5774009],[32.9183194,1.5774385],[32.9179144,1.5775538],[32.9176944,1.5777763],[32.9175979,1.5780123],[32.9174584,1.5781115],[32.9172385,1.5782107],[32.9169756,1.5782589],[32.9166216,1.5782107],[32.9162246,1.5780471],[32.9158786,1.5780123],[32.9157096,1.5780793],[32.9155701,1.5781973],[32.9154092,1.5782482],[32.9151919,1.5782241],[32.9150927,1.5781704],[32.9150605,1.5780391],[32.9150391,1.5776154],[32.9149881,1.577468],[32.9148459,1.5772615],[32.9145482,1.5770497],[32.914103,1.576854],[32.9137328,1.5766475],[32.9133224,1.5763955],[32.912735,1.576004],[32.9123595,1.5757252],[32.9120189,1.5754115],[32.9116595,1.575197],[32.9113483,1.5749932],[32.9108334,1.5746018],[32.9103371,1.5741379],[32.910026,1.5737223],[32.909908,1.5733175],[32.9098034,1.5729394],[32.9098383,1.5726767],[32.9098088,1.5725078],[32.9097041,1.5723013],[32.9095191,1.5720546],[32.9092884,1.5717222],[32.9091597,1.5714031],[32.9089317,1.5705907],[32.9086661,1.5695129],[32.9085588,1.5691884],[32.9085132,1.5687863],[32.9083738,1.5682983],[32.9080948,1.5675851],[32.907789,1.5665957],[32.9075423,1.5656305],[32.9074296,1.5653315],[32.9072848,1.5649977],[32.9071936,1.5645057],[32.9070595,1.5640821],[32.9069522,1.5637349],[32.9068449,1.5634587],[32.9066263,1.5631369],[32.906397,1.5629292],[32.9061998,1.5627361],[32.9060778,1.5625229],[32.9060242,1.5623406],[32.9059692,1.5621891],[32.9058377,1.5620336],[32.9056942,1.5619317],[32.9053885,1.5616462],[32.9050317,1.5611368],[32.904624,1.5604048],[32.9042593,1.5596487],[32.9037201,1.5584395],[32.9034412,1.5579461],[32.9028511,1.5574474],[32.9015315,1.5562623],[32.9008233,1.5558065],[32.9004317,1.5556403],[32.8998846,1.5555437],[32.8993535,1.5556724],[32.8986829,1.5558762],[32.895239,1.5569112],[32.8930718,1.5571793],[32.8913283,1.5574206],[32.8902662,1.557485],[32.8894293,1.5575225],[32.8879005,1.5577584],[32.886951,1.5580105],[32.8863609,1.5582813],[32.8856742,1.5587827],[32.8852209,1.5591982],[32.8848508,1.559646],[32.8845853,1.5601286],[32.8842393,1.5612333],[32.8841695,1.5621127],[32.8840649,1.5634641],[32.8840059,1.5648636],[32.8838879,1.5658879],[32.8837323,1.5667244],[32.883507,1.5673411],[32.8831261,1.5680757],[32.8827882,1.5687782],[32.8818762,1.5698185],[32.8814095,1.5703011],[32.8808623,1.5705746],[32.8802776,1.5706658],[32.8798646,1.5707516],[32.8794408,1.5709446],[32.8790706,1.5711216],[32.8786629,1.571202],[32.8783947,1.5711645],[32.8776759,1.5710465],[32.8771877,1.5709178],[32.8767371,1.5706068],[32.8763133,1.5706014],[32.8757286,1.5703601],[32.8752726,1.570092],[32.8749293,1.5697863],[32.8744948,1.5692447],[32.8739423,1.5685905],[32.8732717,1.5675717],[32.8729337,1.5666332],[32.8724188,1.5657324],[32.8710401,1.5628796],[32.870096,1.5616891],[32.8691733,1.5605523],[32.8681487,1.5597372],[32.8668451,1.5585038],[32.8646028,1.5564017],[32.8620869,1.5537473],[32.8605741,1.552573],[32.8599572,1.552219],[32.8593993,1.5520045],[32.8575486,1.5515487],[32.855671,1.5512082],[32.8546894,1.5508811],[32.8540537,1.5505862],[32.8536406,1.5503529],[32.853418,1.5502027],[32.8532383,1.5500875],[32.8530049,1.5500821],[32.8527796,1.5500821],[32.8525087,1.5501062],[32.8518757,1.550074],[32.8511032,1.550066],[32.8503898,1.549948],[32.8495771,1.5498006],[32.8484452,1.5495646],[32.8476298,1.5493448],[32.8464013,1.5490766],[32.8451729,1.5487871],[32.8436923,1.5483795],[32.8424478,1.5480685],[32.8413159,1.5478218],[32.8402269,1.5475162],[32.8391004,1.5470657],[32.8382635,1.5465724],[32.8376466,1.5463257],[32.8368527,1.5462399],[32.8357047,1.5462828],[32.8341973,1.5464061],[32.8333282,1.5463311],[32.8325719,1.5461916],[32.8313783,1.5459637],[32.8304583,1.5457358],[32.8291199,1.5454302],[32.8287014,1.5453497],[32.8284654,1.5453497],[32.8282079,1.5454087],[32.8278056,1.5455133],[32.8273174,1.5455964],[32.8260165,1.5457197],[32.8247774,1.5458109],[32.8229374,1.5458645],[32.821607,1.5458806],[32.820577,1.5459396],[32.8189409,1.5459664],[32.8181684,1.5460093],[32.8170258,1.5461166],[32.8158456,1.546315],[32.8146172,1.5462667],[32.8131956,1.5461005],[32.8120208,1.5459074],[32.8112429,1.5455749],[32.8106368,1.5450762],[32.8101566,1.5444649],[32.8095907,1.5437249],[32.8084937,1.5426899],[32.8079197,1.5420893],[32.8072625,1.5413681],[32.8067797,1.5407541],[32.8060824,1.5399712],[32.8052723,1.5391132],[32.8045374,1.5383892],[32.8035074,1.537298],[32.8026035,1.5363783],[32.8020215,1.5357053],[32.8012758,1.5348634],[32.8007662,1.5343593],[32.8000581,1.5338472],[32.7996343,1.5337265],[32.7993178,1.5337373],[32.7989906,1.5338123],[32.7986258,1.5340456],[32.7978533,1.5345336],[32.7970648,1.5350001],[32.7961957,1.5356651],[32.7945596,1.5369628],[32.7929878,1.5386734],[32.7915394,1.5398425],[32.7899516,1.5407112],[32.7885997,1.541419],[32.7874517,1.5417837],[32.786572,1.5419338],[32.7856493,1.5421322],[32.7838898,1.542395],[32.7828383,1.5427114],[32.781862,1.5430707],[32.7812558,1.5434782],[32.780875,1.5439019],[32.7807838,1.5443791],[32.7808267,1.544969],[32.7809554,1.5453658],[32.7813685,1.5459557],[32.7820873,1.5470067],[32.7834928,1.5480578],[32.7848875,1.5486584],[32.7860194,1.5490713],[32.7869958,1.5492268],[32.7879023,1.549275],[32.7888679,1.5492911],[32.7894741,1.5492482],[32.7900588,1.5492161],[32.7912283,1.5492536],[32.7927357,1.5495056],[32.7934277,1.5498006],[32.7947581,1.5506103],[32.7956056,1.5512216],[32.7960563,1.5522512],[32.7961421,1.5531521],[32.7960992,1.5539886],[32.7960026,1.5545892],[32.7958631,1.5549861],[32.7954447,1.5555545],[32.7949083,1.5559835],[32.7942029,1.5563562],[32.7937469,1.5568307],[32.7933338,1.5572222],[32.7930307,1.5576431],[32.7926338,1.558225],[32.7915931,1.5595549],[32.7904987,1.5611636],[32.789576,1.5629439],[32.7888036,1.5647993],[32.7883959,1.5662901],[32.7884173,1.567577],[32.7886534,1.5690678],[32.7887714,1.5700652],[32.7893078,1.5722209],[32.79025,1.574],[32.7913785,1.5756421],[32.7926552,1.5768111],[32.7945006,1.577905],[32.7975583,1.5786557],[32.799747,1.5787415],[32.8024185,1.5781302],[32.8037488,1.5772079],[32.8045642,1.5760067],[32.8051865,1.5748806],[32.8054225,1.5735722],[32.805326,1.5727464],[32.8052938,1.5720654],[32.8054064,1.5714969],[32.8058195,1.5707891],[32.8071928,1.5695933],[32.8085446,1.5687568],[32.810272,1.5679846],[32.8111625,1.5676199],[32.8122675,1.5676736],[32.8136837,1.568317],[32.8156471,1.5694539],[32.8162157,1.5704298],[32.8166342,1.5722102],[32.8169346,1.5742371],[32.8170955,1.5763714],[32.8170633,1.5779157],[32.8173208,1.5791813],[32.8180289,1.5810366],[32.8194237,1.5829993],[32.8216123,1.5853158],[32.8229105,1.5865277],[32.823565,1.5878361],[32.8238761,1.5897129],[32.8238439,1.5910857],[32.8238547,1.5931556],[32.823998,1.5952033],[32.8237283,1.5970415],[32.8229408,1.5986937],[32.8222228,1.5993913],[32.8208059,1.5997554],[32.8192545,1.599865],[32.8176092,1.5994712],[32.8167674,1.5990541],[32.8153048,1.5975555],[32.8140002,1.5961638],[32.8135121,1.5949412],[32.813319,1.5946409],[32.8130293,1.5944586],[32.8127772,1.5944264],[32.8121334,1.5944693],[32.8112429,1.594598],[32.8095317,1.5943835],[32.8078902,1.5940028],[32.8067207,1.5937025],[32.8058946,1.5935095],[32.8050417,1.5934773],[32.8041995,1.5934666],[32.8036416,1.5933808],[32.8030139,1.5934317],[32.8022709,1.5937186],[32.8016084,1.5940806],[32.8006884,1.5944988],[32.8000313,1.5947482],[32.7993768,1.5949761],[32.7987277,1.5953139],[32.7981672,1.5957697],[32.7973679,1.5962899],[32.7969065,1.5963649],[32.7965498,1.5964615],[32.796354,1.5966036],[32.7962494,1.5968368],[32.796295,1.5970594],[32.7964425,1.5973033],[32.7968287,1.5975929],[32.797325,1.5980326],[32.7974135,1.5982846],[32.7973732,1.5985742],[32.7972177,1.5988128],[32.7971157,1.5991024],[32.7968261,1.5993839],[32.7966034,1.5994858],[32.796362,1.5994617],[32.796008,1.5993652],[32.7957129,1.5992257],[32.7954622,1.5989791],[32.7952851,1.5989161],[32.7950719,1.5989509],[32.7948198,1.5990622],[32.7945502,1.5991533],[32.7943584,1.5992378],[32.7941854,1.599337],[32.7940607,1.5993424],[32.793999,1.599282],[32.7939199,1.5991775],[32.7938139,1.5989831],[32.7937791,1.5988866],[32.7937858,1.5987994],[32.7938327,1.5987177],[32.7939481,1.5986319],[32.7942324,1.5984884],[32.794522,1.5983409],[32.7948573,1.5981828],[32.7950303,1.5980728],[32.795096,1.5979696],[32.7951135,1.5978784],[32.7949592,1.5975393],[32.7947018,1.5972175],[32.7945006,1.596877],[32.7942994,1.5966223],[32.794058,1.5964427],[32.7931461,1.5959359],[32.792564,1.5956651],[32.7918103,1.5953166],[32.79129,1.5948152],[32.7909574,1.5945444],[32.7905604,1.5943728],[32.790024,1.5943299],[32.7895573,1.5943165],[32.7892166,1.5943755],[32.7889457,1.594472],[32.7887982,1.5946168],[32.7886882,1.5948474],[32.7886641,1.5951423],[32.7886963,1.5955324],[32.7887922,1.5957288],[32.7890316,1.5959976],[32.7892113,1.5962014],[32.7893856,1.5964856],[32.7895063,1.5967698],[32.7896538,1.5969467],[32.7898496,1.5970915],[32.7899757,1.5972953],[32.7901447,1.5977404],[32.7903378,1.5981854],[32.7906677,1.5985796],[32.7910995,1.5991855],[32.7911612,1.5992847],[32.7911505,1.5993357],[32.7910835,1.5993946],[32.7909628,1.5994107],[32.7908313,1.5993893],[32.790716,1.5993383],[32.7905524,1.599215],[32.7903271,1.5990139],[32.7899623,1.5985099],[32.7895519,1.59792],[32.7892193,1.597373],[32.7890047,1.5970191],[32.788935,1.5967564],[32.7887928,1.5962738],[32.7884737,1.5959386],[32.7882135,1.5959172],[32.7878809,1.5959628],[32.7875885,1.5960057],[32.7873498,1.5959654],[32.7871218,1.5957778],[32.7868965,1.5954453],[32.7866632,1.5951638],[32.7863681,1.5949412],[32.786116,1.5948528],[32.7858183,1.5947857],[32.7853851,1.5946745],[32.7847561,1.5944104],[32.7828383,1.5937025],[32.7825031,1.5935604],[32.7822214,1.5935524],[32.7813095,1.593598],[32.7810627,1.5936435],[32.7808347,1.5937401],[32.7804217,1.593917],[32.7798209,1.5941878],[32.779102,1.594531],[32.7785146,1.5947938],[32.7781606,1.59496],[32.7779192,1.5951396],[32.7776161,1.5954989],[32.7768758,1.5960995],[32.776688,1.5962228],[32.7765083,1.5962443],[32.7760899,1.5960915],[32.7756071,1.5960512],[32.7752799,1.5960807],[32.7749768,1.596196],[32.7744752,1.5962671],[32.773924,1.5963395],[32.773236,1.5964963],[32.7724957,1.596432],[32.771793,1.5962979],[32.7710152,1.5961317],[32.7706665,1.5961156],[32.7703822,1.596255],[32.7700013,1.5965499],[32.7696741,1.596743],[32.7693307,1.5967591],[32.7689445,1.5967001],[32.7685422,1.5965178],[32.7681398,1.5962175],[32.7674639,1.5954721],[32.7668953,1.5947107],[32.7665144,1.5940189],[32.7662837,1.5936489],[32.7662033,1.593295],[32.7661872,1.5930001],[32.7662462,1.5924102],[32.7662516,1.5920241],[32.7661014,1.5916702],[32.7658975,1.5914074],[32.7656347,1.5910911],[32.7654684,1.5905763],[32.7651733,1.5888925],[32.7650231,1.5880667],[32.7649802,1.5873964],[32.7650177,1.5862649],[32.7651197,1.5847957],[32.7650392,1.5834122],[32.7646637,1.5817981],[32.7642614,1.5806774],[32.7639663,1.5801197],[32.7634728,1.5794923],[32.7628452,1.5785968],[32.7618688,1.5777817],[32.7611446,1.5772937],[32.7603561,1.5768004],[32.7597123,1.5763875],[32.7593797,1.5764196],[32.7591705,1.5765644],[32.7587092,1.5768862],[32.7581567,1.5769773],[32.7576363,1.5767896],[32.7569497,1.5764572],[32.7560162,1.5751702],[32.7553725,1.5740334],[32.755115,1.5729609],[32.7552438,1.5720278],[32.7557909,1.5709875],[32.7569497,1.5687568],[32.7572823,1.567518],[32.7580762,1.5660058],[32.7583069,1.5654106],[32.7582747,1.5648047],[32.7581888,1.5636946],[32.7580547,1.5632067],[32.7576256,1.5624077],[32.75725,1.56225],[32.7567297,1.5623862],[32.756381,1.5624935],[32.75585,1.5630029],[32.7552599,1.563389],[32.7543586,1.5636464],[32.7528781,1.5637644],[32.7519661,1.5641451],[32.7513814,1.5644293],[32.7509791,1.5646867],[32.7505177,1.5648583],[32.7498954,1.5650245],[32.7490961,1.5652229],[32.7483559,1.5655179],[32.7471113,1.566215],[32.7460599,1.5670837],[32.744075,1.5688426],[32.7433884,1.5698936],[32.7427447,1.5704835],[32.7417791,1.5708052],[32.7412104,1.5708159],[32.7405882,1.5706765],[32.7399766,1.5704513],[32.7395904,1.5700759],[32.7391505,1.5691214],[32.7390325,1.5670408],[32.7387214,1.5661238],[32.7384049,1.5657055],[32.7372408,1.5647028],[32.7365917,1.5638931],[32.7361733,1.5632388],[32.7359104,1.5625149],[32.7355939,1.5616087],[32.7354008,1.5606917],[32.7353793,1.5593725],[32.7354383,1.5588631],[32.7356476,1.5585467],[32.7362162,1.5581713],[32.7373695,1.5576887],[32.7380669,1.5573777],[32.738657,1.5570452],[32.7392471,1.5566806],[32.7398372,1.5561872],[32.74025,1.55575],[32.7405345,1.5552756],[32.740953,1.5547179],[32.7413177,1.5543855],[32.7415538,1.5540637],[32.7418542,1.5536347],[32.7422297,1.5529376],[32.7429485,1.5514576],[32.7434099,1.5496343],[32.7438068,1.5478111],[32.7437532,1.5464812],[32.7435815,1.544969],[32.7431416,1.5441646],[32.7420151,1.5435533],[32.7392793,1.5425666],[32.7368224,1.5420089],[32.7348268,1.5416121],[32.7338612,1.5410115],[32.7332604,1.5400999],[32.7329922,1.5387807],[32.7330029,1.5366464],[32.733,1.53525],[32.733,1.5315],[32.73275,1.531],[32.732,1.53],[32.728014,1.5280235],[32.7256751,1.5269081],[32.7234864,1.5254495],[32.722317,1.5239587],[32.7217805,1.5224143],[32.7208686,1.5197009],[32.7201068,1.5185748],[32.7196026,1.5179527],[32.7185404,1.5172127],[32.7174997,1.5164512],[32.7162444,1.515872],[32.7151286,1.5154109],[32.7141309,1.514703],[32.7130902,1.5140702],[32.71088,1.5127939],[32.7092707,1.5114748],[32.7084553,1.5104237],[32.707833,1.5091045],[32.7071571,1.5069488],[32.7067038,1.5058253],[32.706449,1.5048144],[32.7061298,1.5041575],[32.7058536,1.5036883],[32.7054995,1.5032754],[32.7051079,1.5027767],[32.7045903,1.5022806],[32.7042818,1.5020152],[32.7038231,1.5016398],[32.7034101,1.5011652],[32.7031285,1.5006906],[32.7029782,1.5004547],[32.7028012,1.5002134],[32.702651,1.5000203],[32.7025491,1.4998112],[32.7023774,1.4995699],[32.7021199,1.4991623],[32.7017927,1.4986797],[32.7015513,1.4982775],[32.7012938,1.4978377],[32.7008325,1.4972371],[32.7005589,1.4968403],[32.7004516,1.4965132],[32.7002639,1.4958858],[32.700119,1.4951457],[32.7001136,1.4939874],[32.6997864,1.4925717],[32.6994967,1.4921909],[32.699309,1.492089],[32.699132,1.4920676],[32.6989388,1.4921534],[32.6987565,1.492384],[32.6985151,1.4929846],[32.6976728,1.4938694],[32.6969701,1.494218],[32.6956075,1.4945237],[32.6946741,1.4943413],[32.6936871,1.4939391],[32.6930487,1.4935584],[32.6924854,1.4932688],[32.6911229,1.4928773],[32.6897711,1.4925073],[32.6889235,1.4923411],[32.6880223,1.492266],[32.6867133,1.4921909],[32.685796,1.4922767],[32.6849216,1.4927272],[32.6844281,1.493183],[32.6833123,1.4940303],[32.6820195,1.4949634],[32.6806247,1.4960734],[32.6800132,1.4965668],[32.6787043,1.4978914],[32.6778406,1.4984223],[32.6769769,1.4987011],[32.6758772,1.4986904],[32.6751637,1.4986743],[32.6747507,1.4988137],[32.6740962,1.4991569],[32.6738065,1.4993285],[32.6734739,1.4995377],[32.6726103,1.4999291],[32.6716071,1.500267],[32.6699442,1.5003206],[32.6686352,1.5004976],[32.6674712,1.5007657],[32.6654327,1.5008247],[32.664907,1.5007496],[32.6641291,1.500519],[32.6635256,1.5004037],[32.6628041,1.5003474],[32.6620075,1.5001115],[32.6603687,1.499291],[32.6585,1.49875],[32.65625,1.49825],[32.65325,1.4985],[32.652,1.498],[32.65125,1.49775],[32.6496506,1.4977788],[32.647773,1.4972586],[32.6464748,1.4971031],[32.6452786,1.4970709],[32.6447421,1.4970655],[32.6440662,1.4969046],[32.6435029,1.4967223],[32.6430738,1.4966848],[32.6425588,1.4967116],[32.642076,1.4965722],[32.641561,1.4962987],[32.6406383,1.4953656],[32.640295,1.4945612],[32.6396727,1.4936067],[32.6386428,1.4924912],[32.6373124,1.4915367],[32.6356494,1.4908476],[32.6331369,1.4898971],[32.6322035,1.4898864],[32.6316744,1.4898796],[32.6311648,1.4899494],[32.6306069,1.4901585],[32.6295662,1.4905017],[32.6291156,1.4907216],[32.6286918,1.4910004],[32.6282841,1.4913544],[32.6275921,1.4919979],[32.6268518,1.4923035],[32.6260632,1.4924108],[32.6252747,1.4923411],[32.6236814,1.4923786],[32.6230913,1.4924698],[32.6226622,1.492695],[32.6222062,1.4928827],[32.6215249,1.4928023],[32.6203287,1.4923572],[32.6188803,1.4913919],[32.6184994,1.4910755],[32.6182043,1.4908878],[32.6176894,1.4908127],[32.6171583,1.4907269],[32.6150823,1.4902282],[32.6137787,1.4895096],[32.6133335,1.4894935],[32.6129687,1.4897134],[32.6119923,1.4902068],[32.6102242,1.4907873],[32.6093256,1.4908678],[32.6090762,1.4910179],[32.6085484,1.4914616],[32.6069069,1.4925449],[32.605761,1.4930235],[32.6046753,1.4934458],[32.6033556,1.4937783],[32.6027033,1.4938386],[32.6019823,1.493982],[32.6010275,1.4943252],[32.6002121,1.4948079],[32.5993323,1.4952691],[32.598077,1.4957302],[32.5965878,1.496166],[32.595706,1.4965454],[32.5946224,1.4968028],[32.5935709,1.4972961],[32.5923693,1.4977788],[32.5914252,1.4982185],[32.590363,1.4989478],[32.5894961,1.5001558],[32.5894424,1.5012068],[32.5898179,1.5026869],[32.5913843,1.5053253],[32.5924873,1.5095871],[32.5929078,1.511932],[32.5924036,1.5150101],[32.591438,1.5168226],[32.5823588,1.526232],[32.5823588,1.5341256],[32.5864787,1.5447647],[32.5980015,1.5398741],[32.6008339,1.5400886],[32.6041491,1.5398956],[32.6080866,1.5395309],[32.6114984,1.5395524],[32.6143527,1.5471033],[32.6098251,1.5491839],[32.6067781,1.551479],[32.6052332,1.5536455],[32.6043105,1.5560049],[32.6042247,1.557249],[32.6046753,1.5591151],[32.6057053,1.5639091],[32.6059306,1.5665153],[32.6056194,1.5687782],[32.6049113,1.5694646],[32.6038384,1.5697971],[32.6028085,1.5697971],[32.6008129,1.5693466],[32.5950193,1.565979],[32.5920474,1.5650138],[32.5881207,1.5646652],[32.5866133,1.5645794],[32.5857657,1.5645151],[32.5849899,1.564613],[32.5843388,1.5649334],[32.5836736,1.5651747],[32.5826597,1.5657163],[32.5808754,1.5664416],[32.5790515,1.5677018],[32.5779626,1.5681522],[32.5756934,1.5701685],[32.5756934,1.5705546],[32.576179,1.5711908],[32.5766483,1.5718362],[32.5771096,1.5731446],[32.5773939,1.5753807],[32.5773349,1.5768822],[32.5774798,1.5772307],[32.577292,1.5780834],[32.5770399,1.5783032],[32.5766912,1.5792363],[32.5767663,1.5799387],[32.5763532,1.5813008],[32.5755486,1.5829792],[32.5747117,1.584856],[32.5741002,1.585966],[32.5724372,1.5874407],[32.5715253,1.587993],[32.5710049,1.5880091],[32.5704577,1.5882397],[32.5699535,1.5888135],[32.5694921,1.5901648],[32.5695082,1.5905991],[32.5700018,1.5918593],[32.5707689,1.5928567],[32.5406322,1.6592079],[32.5399375,1.6592588],[32.5395244,1.6593365],[32.5393742,1.6594331],[32.53887,1.6605591],[32.5379044,1.6621517],[32.5367993,1.6638837],[32.5357103,1.66531],[32.5353295,1.6659535],[32.5351042,1.6664468],[32.5351417,1.667176],[32.5355011,1.668715],[32.5359142,1.669648],[32.5363326,1.6701895],[32.5374162,1.6710797],[32.5386715,1.6721414],[32.5392723,1.6725382],[32.5398195,1.6727312],[32.5403452,1.6726347],[32.5409031,1.6722701],[32.5415468,1.6717446],[32.5427055,1.6716481],[32.5454306,1.6719591],[32.5469541,1.6723988],[32.5479412,1.6737822],[32.5486064,1.6750476],[32.5491965,1.6767206],[32.5490034,1.6783829],[32.5484455,1.6813964],[32.5484133,1.6878309],[32.5481343,1.6901688],[32.5469112,1.6913699],[32.5456023,1.6925925],[32.544229,1.6932573],[32.5427484,1.6934718],[32.5413751,1.6929356],[32.5405383,1.6920133],[32.5395942,1.6908337],[32.5387573,1.6902331],[32.5376415,1.6891822],[32.5352382,1.687402],[32.5329423,1.6830908],[32.531451,1.6804527],[32.5295842,1.6781041],[32.5284362,1.6763882],[32.5280177,1.6752514],[32.5276959,1.6747688],[32.5271273,1.6745865],[32.5263655,1.6746401],[32.5256252,1.6748975],[32.5244343,1.6752836],[32.5226211,1.6753586],[32.5209367,1.6753158],[32.5197565,1.6751763],[32.5188446,1.6755624],[32.517643,1.676474],[32.5166666,1.6770102],[32.5154328,1.6773105],[32.5144887,1.6774177],[32.5136197,1.6771174],[32.5131261,1.6765919],[32.5128794,1.6756482],[32.5124717,1.6736749],[32.5121498,1.6730529],[32.5114846,1.6725489],[32.5079012,1.6711547],[32.504468,1.6704684],[32.5033843,1.6702003],[32.5011206,1.6704148],[32.4996185,1.6701681],[32.4985242,1.6699],[32.4971187,1.6695675],[32.4949407,1.6696962],[32.4934602,1.6701252],[32.492398,1.6707579],[32.4910569,1.6722057],[32.4905634,1.6732781],[32.490499,1.6745651],[32.4905634,1.6752407],[32.4907511,1.6756375],[32.490896,1.6757742],[32.4910355,1.6759109],[32.4911454,1.6760986],[32.4911749,1.6762675],[32.4911293,1.6764177],[32.4910274,1.676541],[32.490896,1.6766884],[32.490719,1.6769163],[32.4905607,1.6772863],[32.4905741,1.6776161],[32.4906546,1.6778762],[32.4911669,1.6788735],[32.4914968,1.6794875],[32.4921298,1.680206],[32.4926448,1.6804205],[32.493267,1.6802811],[32.4939966,1.6800773],[32.4946725,1.6801631],[32.4949515,1.6805385],[32.4952841,1.6814393],[32.495724,1.6827369],[32.496593,1.6843348],[32.4976873,1.6861579],[32.4973869,1.6878309],[32.4963355,1.6887103],[32.4952411,1.6890964],[32.4938679,1.6894824],[32.4916148,1.6906407],[32.4897909,1.6923351],[32.4889326,1.6939651],[32.4885893,1.6953593],[32.4888038,1.6970108],[32.4899411,1.6986409],[32.4927735,1.7013862],[32.4954879,1.7036919],[32.4964106,1.7050217],[32.4966359,1.7058689],[32.4964964,1.7065981],[32.4957347,1.7078636],[32.4947691,1.7092899],[32.4945009,1.7106411],[32.4938357,1.7122497],[32.4930632,1.7129361],[32.4912715,1.7139763],[32.4888897,1.7149843],[32.4871409,1.7155956],[32.484405,1.7154562],[32.4828064,1.715349],[32.480489,1.7148664],[32.4781716,1.7136975],[32.4768305,1.712979],[32.4764228,1.7126143],[32.4762297,1.7122712],[32.476176,1.7119816],[32.4760258,1.711306],[32.4757898,1.7102872],[32.4752533,1.708936],[32.4749851,1.7078529],[32.4752319,1.7069306],[32.4762618,1.7051718],[32.4763477,1.7038742],[32.4761331,1.7029841],[32.4756718,1.7013862],[32.4741161,1.7001744],[32.4724316,1.6995524],[32.4697816,1.6986194],[32.4671638,1.6990055],[32.465179,1.699531],[32.463516,1.7004532],[32.4618316,1.7008876],[32.4603617,1.7007696],[32.4595141,1.7004479],[32.4589401,1.700153],[32.4581569,1.6995953],[32.457599,1.6987266],[32.4572074,1.6974344],[32.457009,1.6964585],[32.4566227,1.695622],[32.4563652,1.6953807],[32.4555606,1.6952413],[32.4544662,1.6955094],[32.4527442,1.6959974],[32.4496382,1.6962655],[32.4466878,1.696555],[32.4443811,1.6965282],[32.4412429,1.6964102],[32.4369728,1.6959277],[32.4329066,1.6964531],[32.4308252,1.696925],[32.4286258,1.6985443],[32.4272847,1.6997347],[32.4262333,1.7016007],[32.4255252,1.7036383],[32.4255681,1.7051611],[32.4260616,1.7069199],[32.4272632,1.7088931],[32.4298167,1.7116599],[32.4314904,1.7132471],[32.4329066,1.7154777],[32.4330997,1.7167431],[32.4325204,1.7177941],[32.4315333,1.7187592],[32.4298167,1.7194027],[32.4278211,1.7196386],[32.4260187,1.7195313],[32.4241733,1.7191024],[32.4216842,1.7179871],[32.4199676,1.7168932],[32.4169421,1.7142766],[32.4112558,1.7086786],[32.4089813,1.7079708],[32.4064922,1.7075419],[32.4028659,1.7059118],[32.4008488,1.7046678],[32.3999691,1.7026517],[32.3998832,1.7005927],[32.4001783,1.6992789],[32.4005753,1.698051],[32.4005163,1.6976006],[32.400248,1.6971716],[32.3987728,1.6956488],[32.3956132,1.6929142],[32.3923731,1.6904691],[32.3909998,1.6887961],[32.3892832,1.6857933],[32.3872018,1.683627],[32.3856354,1.6808602],[32.3849487,1.6794875],[32.3821807,1.6771925],[32.3772239,1.6739109],[32.374649,1.6718947],[32.3706794,1.6680554],[32.36678,1.6638903],[32.370266,1.6544335],[32.3722851,1.6498993],[32.3687275,1.6464977],[32.3661958,1.644077],[32.3638592,1.6418428],[32.363614,1.6416084],[32.3620333,1.6399331],[32.3601709,1.638275],[32.3583719,1.6365334],[32.3562924,1.6345202],[32.3558162,1.6322424],[32.3552494,1.6295306],[32.3548906,1.6278142],[32.3527401,1.624299],[32.3512273,1.6218262],[32.3509312,1.6213421],[32.3499177,1.6190036],[32.3466777,1.6194956],[32.3451443,1.6181955],[32.343771,1.6156083],[32.3421588,1.6139022],[32.3414071,1.6128902],[32.3406333,1.6118486],[32.3408908,1.6110389],[32.3410195,1.6104115],[32.3409122,1.6094195],[32.3405313,1.6083202],[32.339555,1.604513],[32.3377311,1.599955],[32.3334356,1.603472]],[[32.3648107,1.6362147],[32.3648107,1.6366008],[32.365036,1.6373515],[32.3654222,1.6380701],[32.3660982,1.6390567],[32.3671603,1.6396787],[32.3687374,1.6402579],[32.3695314,1.6406868],[32.370336,1.6407834],[32.3706794,1.6409442],[32.3709583,1.641266],[32.3711407,1.6415341],[32.3714411,1.6419845],[32.372278,1.6424457],[32.3731577,1.6427567],[32.3745525,1.6432822],[32.3758292,1.6442581],[32.3774814,1.6451804],[32.3786831,1.6463815],[32.3796594,1.6478186],[32.3802602,1.648387],[32.3807645,1.64858],[32.3816228,1.6486873],[32.3821485,1.6488883],[32.3826528,1.6491457],[32.3833662,1.6498535],[32.3844203,1.6509018],[32.3852894,1.6518215],[32.3860189,1.6524354],[32.3871213,1.6531861],[32.3877114,1.6535937],[32.3887253,1.6542961],[32.3903131,1.6551541],[32.3916328,1.6552935],[32.3936391,1.6548109],[32.3953771,1.6540066],[32.3964071,1.6536419],[32.397244,1.6534596],[32.3982417,1.6533309],[32.3989284,1.6533309],[32.399615,1.6535561],[32.3999798,1.6540923],[32.400012,1.6544784],[32.399776,1.6554758],[32.3997331,1.6559262],[32.4000656,1.656323],[32.4004412,1.6564517],[32.400924,1.6564732],[32.4014926,1.6563552],[32.4024045,1.6558833],[32.4033701,1.6557546],[32.4052906,1.6552184],[32.4079728,1.6544677],[32.4095714,1.6540173],[32.4116743,1.6539529],[32.412959,1.6540111],[32.4148285,1.6540387],[32.4167168,1.6537921],[32.4179184,1.653288],[32.4190235,1.6522907],[32.4193346,1.6507785],[32.4193346,1.6485264],[32.4193239,1.6457059],[32.4179292,1.6419416],[32.4170923,1.639904],[32.4168134,1.6385741],[32.4166953,1.6374588],[32.4163198,1.6356249],[32.4155688,1.6340913],[32.4151826,1.633362],[32.4149895,1.6329009],[32.4149465,1.6325041],[32.4149895,1.6320537],[32.4152577,1.6316783],[32.4156332,1.6315282],[32.415998,1.631378],[32.4170387,1.6311957],[32.4175537,1.6306487],[32.417779,1.6301554],[32.4179613,1.629705],[32.4186587,1.6281285],[32.4191093,1.627662],[32.4196243,1.6273349],[32.4200535,1.6272598],[32.4204719,1.6273724],[32.4209386,1.627544],[32.4214268,1.6275601],[32.4218988,1.6275118],[32.4222475,1.6273885],[32.4225157,1.6273402],[32.4226284,1.6275601],[32.4226338,1.6278872],[32.4223816,1.6284609],[32.4217433,1.629083],[32.4213141,1.6295012],[32.420944,1.6299302],[32.4206757,1.6304986],[32.4206865,1.631067],[32.4207508,1.6316997],[32.4210513,1.6325255],[32.4213946,1.6335551],[32.4211478,1.6348742],[32.4206543,1.6366759],[32.4204183,1.6378985],[32.4209976,1.6412231],[32.4215448,1.6436682],[32.422092,1.6455879],[32.422446,1.6468212],[32.4225962,1.6479473],[32.4224031,1.6494594],[32.4221885,1.650682],[32.4219417,1.6534596],[32.42221,1.6546607],[32.4226498,1.6556796],[32.4239266,1.6567734],[32.4251604,1.6572882],[32.4268234,1.6575563],[32.4288189,1.6577708],[32.4302781,1.657492],[32.4311149,1.6565911],[32.4330675,1.6537921],[32.4337542,1.6524622],[32.4345374,1.6502208],[32.4350202,1.6484513],[32.4356478,1.6471],[32.4361092,1.6461348],[32.4362594,1.6452072],[32.4368226,1.6438184],[32.4372625,1.642762],[32.4375147,1.6418773],[32.4381101,1.6412928],[32.438432,1.6411212],[32.4388987,1.6407726],[32.4390113,1.640526],[32.4390113,1.640215],[32.4388611,1.6398932],[32.4386197,1.6396358],[32.4383515,1.6391693],[32.4381638,1.6386653],[32.4379116,1.6378556],[32.4376702,1.6368475],[32.4379492,1.6352817],[32.4381852,1.633909],[32.4382067,1.6325148],[32.4382925,1.6304557],[32.437756,1.628225],[32.4370265,1.6259514],[32.4415219,1.6244822],[32.442584,1.6249111],[32.4435818,1.6250398],[32.4447566,1.624879],[32.4454111,1.6247985],[32.4458831,1.6246055],[32.4464303,1.6243856],[32.4471331,1.6243052],[32.4477339,1.6243106],[32.4481684,1.6243642],[32.4484098,1.624525],[32.4485707,1.6246966],[32.4488068,1.6247181],[32.4491715,1.6245948],[32.4494398,1.6243749],[32.449767,1.6241229],[32.4500728,1.623769],[32.4504161,1.6232703],[32.4511188,1.6227019],[32.4524063,1.6220959],[32.4530125,1.6217742],[32.4535596,1.6215115],[32.4538708,1.62112],[32.4540263,1.620557],[32.4543428,1.619195],[32.4546003,1.6184335],[32.4555713,1.6169911],[32.4562365,1.6159293],[32.4564725,1.6151679],[32.4564886,1.6145298],[32.4563599,1.6139989],[32.4560541,1.6132428],[32.4557215,1.6127119],[32.4550831,1.6122079],[32.4541604,1.6118004],[32.4531519,1.6112963],[32.4523741,1.6108941],[32.4518967,1.610492],[32.4512798,1.6099986],[32.450695,1.6097359],[32.449826,1.6095643],[32.4485546,1.6093712],[32.4477768,1.6093123],[32.4474871,1.6094034],[32.4472028,1.6096179],[32.4468005,1.6101059],[32.4456847,1.6111354],[32.4441343,1.6120685],[32.4433297,1.6123259],[32.441377,1.6128675],[32.4394727,1.6136772],[32.4388504,1.6140096],[32.4383676,1.6141759],[32.4378312,1.614267],[32.4371123,1.614326],[32.4368173,1.6144172],[32.436592,1.6145995],[32.4364793,1.6149051],[32.4363077,1.6153556],[32.4361736,1.6156183],[32.4360019,1.6157631],[32.4356425,1.6158918],[32.4353206,1.6159669],[32.4347413,1.616235],[32.4343657,1.6167176],[32.4340546,1.61779],[32.43119,1.6187124],[32.4300313,1.6179724],[32.4269092,1.6165996],[32.4250317,1.6157309],[32.4231005,1.6153448],[32.4212015,1.6149802],[32.4195707,1.6147228],[32.4184549,1.6148408],[32.4172211,1.6150231],[32.4160623,1.6155057],[32.4154669,1.6158435],[32.4150914,1.6164334],[32.4146676,1.6173182],[32.4140185,1.6181761],[32.4133962,1.6186212],[32.4121517,1.6191199],[32.4098289,1.6198438],[32.4090779,1.6200583],[32.4084932,1.620128],[32.4078441,1.6202567],[32.4071842,1.6206052],[32.4062455,1.6212755],[32.4050599,1.622037],[32.4043143,1.6222836],[32.4037671,1.6224016],[32.4031556,1.6223801],[32.4026352,1.6223748],[32.4023241,1.6225088],[32.402147,1.6226858],[32.4017984,1.6232327],[32.401396,1.6235759],[32.4008328,1.6238655],[32.4003875,1.6240693],[32.3998538,1.6242274],[32.3995104,1.6243695],[32.3990303,1.6244982],[32.3985636,1.624643],[32.398054,1.6247315],[32.397472,1.6247744],[32.3967344,1.6246645],[32.3962301,1.6246242],[32.3957795,1.6246001],[32.3954684,1.6246377],[32.3951089,1.624769],[32.3947227,1.6250184],[32.3943901,1.6252624],[32.3942748,1.6254165],[32.3942426,1.6255935],[32.3942855,1.6257436],[32.3943418,1.625869],[32.3943693,1.6259407],[32.394376,1.6259983],[32.3943613,1.6260479],[32.3943371,1.6260848],[32.3942768,1.6261223],[32.3938537,1.6263804],[32.392872,1.626804],[32.3923878,1.6270064],[32.392066,1.6271123],[32.3915644,1.627237],[32.3912761,1.6273215],[32.3910601,1.6273523],[32.3909086,1.6273536],[32.390749,1.6273094],[32.3905814,1.6272987],[32.3904325,1.6273322],[32.3902689,1.6274233],[32.3901187,1.6275467],[32.3898746,1.6276378],[32.3895715,1.6277169],[32.3890418,1.6278765],[32.3885228,1.6280467],[32.3881137,1.6281271],[32.3878361,1.628221],[32.387761,1.6283188],[32.3876899,1.6284784],[32.3875746,1.6286017],[32.387289,1.62878],[32.3870905,1.6288336],[32.3869751,1.6288309],[32.3868451,1.6288041],[32.3867029,1.6288001],[32.3865835,1.6288484],[32.3865071,1.6289556],[32.3863716,1.6291084],[32.3862563,1.629205],[32.3861544,1.6292344],[32.3860538,1.629213],[32.3859921,1.6291714],[32.3858526,1.629099],[32.3858097,1.6290106],[32.385866,1.6288712],[32.3859465,1.6287237],[32.3860323,1.6284127],[32.3860082,1.6281955],[32.3859572,1.628048],[32.3858526,1.6279301],[32.3857185,1.6278791],[32.3855978,1.6278818],[32.3853967,1.627981],[32.3851097,1.6282143],[32.384938,1.6283939],[32.3846108,1.6285601],[32.3842594,1.6287478],[32.3840475,1.6290293],[32.3839107,1.629343],[32.3836666,1.6295414],[32.3832321,1.6297854],[32.3823738,1.6301447],[32.3812312,1.6306809],[32.3794341,1.6315121],[32.3783559,1.631925],[32.3774224,1.6321019],[32.3766071,1.6322789],[32.3759097,1.6325255],[32.3748797,1.632976],[32.3738819,1.6333781],[32.3729324,1.6336838],[32.3719454,1.6338339],[32.3707813,1.6340323],[32.3694938,1.6343112],[32.367788,1.6345256],[32.3667848,1.6347884],[32.365905,1.635019],[32.3655617,1.6352066],[32.3652077,1.6355498],[32.3649609,1.6358823],[32.3648107,1.6362147]],[[32.365981,1.5961856],[32.3662171,1.5969364],[32.3667535,1.597301],[32.3671398,1.5971723],[32.3673972,1.5965074],[32.3674187,1.5958425],[32.3669681,1.5952633],[32.3663673,1.5951346],[32.3660025,1.5954349],[32.365981,1.5961856]],[[32.3698005,1.5859328],[32.3701009,1.5863618],[32.3706159,1.5861688],[32.3709807,1.5855253],[32.371088,1.5845601],[32.3711309,1.584174],[32.3708948,1.5840238],[32.3704013,1.5842383],[32.3699507,1.5849891],[32.3698005,1.5859328]],[[32.3897347,1.59181],[32.389842,1.5923355],[32.3901424,1.5925822],[32.3906574,1.5924856],[32.3913118,1.5919387],[32.3914084,1.5915419],[32.3912689,1.5910164],[32.3908719,1.5906517],[32.3903999,1.5905337],[32.3900673,1.5906303],[32.389842,1.5910056],[32.3897347,1.59181]],[[32.3975667,1.6050442],[32.3977706,1.605441],[32.3982212,1.6055483],[32.3985323,1.6054303],[32.398704,1.60513],[32.3986396,1.6047225],[32.3982963,1.6043364],[32.3979422,1.6043364],[32.397674,1.6046152],[32.3975667,1.6050442]],[[32.3987147,1.6018912],[32.3987684,1.6022451],[32.3990795,1.6026526],[32.399455,1.6027277],[32.3997554,1.6026204],[32.3999807,1.6022665],[32.4002275,1.6014086],[32.4003884,1.6007329],[32.4002597,1.6001859],[32.399852,1.5998857],[32.3994228,1.5999393],[32.3990795,1.6002932],[32.3987898,1.601237],[32.3987147,1.6018912]],[[32.4342826,1.6581622],[32.4343094,1.6583419],[32.434465,1.6586448],[32.4346876,1.6589156],[32.4350122,1.6591462],[32.4352911,1.6592936],[32.4356398,1.6593553],[32.4361977,1.6593768],[32.4364927,1.6592776],[32.436702,1.6590979],[32.4369943,1.6587279],[32.4372947,1.6582748],[32.4375039,1.6577172],[32.4376085,1.6574008],[32.4376944,1.65713],[32.437689,1.656878],[32.4375656,1.6566474],[32.4373054,1.6564463],[32.4369675,1.6562694],[32.436651,1.656205],[32.4362969,1.6562453],[32.4360341,1.6563445],[32.4357659,1.6565375],[32.435562,1.6567413],[32.4352804,1.6570683],[32.4347949,1.6574357],[32.4345267,1.6576099],[32.4343416,1.6578405],[32.4342826,1.6581622]],[[32.5011,1.6404137],[32.5014648,1.6414433],[32.5021514,1.641958],[32.5028596,1.641572],[32.503117,1.640521],[32.5030098,1.6394056],[32.502366,1.6386978],[32.501851,1.6386764],[32.5011859,1.6393627],[32.5011,1.6404137]],[[32.511059,1.5165743],[32.5127756,1.5177755],[32.5138055,1.5155447],[32.5131189,1.5152015],[32.5126039,1.5158879],[32.5115739,1.5157163],[32.511059,1.5165743]],[[32.5259935,1.5025029],[32.5301134,1.5037042],[32.5309717,1.5021597],[32.5316583,1.5025029],[32.5338899,1.5007869],[32.5350916,1.5007869],[32.5356065,1.4994141],[32.5369798,1.4976981],[32.5381815,1.4971833],[32.5373232,1.4946092],[32.5342332,1.4932364],[32.5325166,1.4952956],[32.5304567,1.4940944],[32.5292551,1.4944376],[32.5273668,1.4970117],[32.5270235,1.4983845],[32.5270235,1.5002721],[32.5259935,1.5025029]],[[32.5265488,1.6529398],[32.526699,1.653476],[32.5274715,1.6540873],[32.5278363,1.6541302],[32.5281152,1.6537978],[32.5282869,1.6531543],[32.5283513,1.6523607],[32.5282654,1.6517601],[32.5278256,1.6513741],[32.5272462,1.651492],[32.5267312,1.6519103],[32.5265488,1.6529398]],[[32.5308,1.509367],[32.5333749,1.5098818],[32.5333749,1.508509],[32.5321733,1.5074794],[32.5314867,1.5088522],[32.5308,1.509367]],[[32.5352928,1.6546772],[32.5354645,1.6552992],[32.5355718,1.6560284],[32.536194,1.6567363],[32.5367305,1.6568864],[32.5372669,1.6566505],[32.53746,1.6562644],[32.5375888,1.6554493],[32.5373098,1.6543983],[32.5367305,1.6537549],[32.5361082,1.6536262],[32.5355718,1.6538836],[32.5352928,1.6546772]],[[32.5374948,1.5126275],[32.5423013,1.5157163],[32.5453912,1.5126275],[32.542988,1.5088522],[32.5395547,1.5088522],[32.5374948,1.5126275]],[[32.5460315,1.5535489],[32.5461495,1.5547716],[32.5464284,1.5564661],[32.5469112,1.5583858],[32.5473189,1.5596943],[32.5483596,1.5608633],[32.5489068,1.5621181],[32.5489283,1.563019],[32.5497007,1.5640164],[32.5512671,1.5648422],[32.5540137,1.5660434],[32.5554085,1.5679417],[32.5560951,1.5699258],[32.556535,1.5704298],[32.5569212,1.5710304],[32.5567603,1.5716096],[32.5564599,1.5726177],[32.5564277,1.5730145],[32.5566637,1.5736366],[32.5570929,1.574087],[32.5576937,1.5745053],[32.5580478,1.57502],[32.5581014,1.575803],[32.5583482,1.5776476],[32.5583589,1.5788917],[32.5588095,1.5798355],[32.5595176,1.5805862],[32.5602901,1.5813155],[32.5617599,1.5822432],[32.562747,1.5833317],[32.5632566,1.5835462],[32.5638306,1.5834819],[32.5642812,1.5831655],[32.5644422,1.5828706],[32.5644582,1.582404],[32.564249,1.5819643],[32.5635517,1.5814013],[32.5627577,1.5809294],[32.562511,1.5806559],[32.5623232,1.5800714],[32.5623178,1.5797926],[32.5622964,1.579015],[32.5621623,1.5785699],[32.5615615,1.5779694],[32.560789,1.576795],[32.5600004,1.5751487],[32.559464,1.5735454],[32.5593299,1.5726445],[32.5593781,1.5721619],[32.5595176,1.5719313],[32.5600916,1.5719045],[32.5607032,1.5716256],[32.560966,1.5711323],[32.5611699,1.5705264],[32.5617975,1.5699794],[32.5622266,1.5699419],[32.5626451,1.5701081],[32.5629991,1.5704191],[32.5630581,1.5709393],[32.5629455,1.5716042],[32.5631279,1.5726606],[32.5638252,1.5734542],[32.565456,1.5741835],[32.5667596,1.57465],[32.5677627,1.5744302],[32.5684333,1.5739744],[32.569828,1.5730199],[32.5704879,1.5722101],[32.5708258,1.5711162],[32.5711423,1.5700116],[32.5711369,1.5687192],[32.5708365,1.5670998],[32.5701606,1.5657592],[32.5691414,1.5645205],[32.5671244,1.5629117],[32.5665343,1.5623111],[32.5662339,1.5617642],[32.5663733,1.5607775],[32.5662553,1.5594154],[32.5655794,1.557367],[32.5653541,1.5547501],[32.5654185,1.5524121],[32.5654507,1.5504709],[32.5652897,1.5498596],[32.5648284,1.5494627],[32.5640774,1.5493877],[32.5629938,1.549452],[32.5625324,1.5492697],[32.5620496,1.5488621],[32.5615561,1.5481436],[32.5613093,1.547543],[32.5609338,1.547307],[32.5604296,1.547307],[32.5599897,1.547425],[32.5595283,1.548401],[32.55867,1.5494627],[32.5572967,1.5501384],[32.5546038,1.5508141],[32.5532734,1.5510822],[32.5526619,1.5513289],[32.5526512,1.552455],[32.5529086,1.553506],[32.55337,1.5540423],[32.5536275,1.5545356],[32.5534451,1.5548788],[32.553134,1.5549539],[32.5524795,1.5548359],[32.551868,1.5545142],[32.5512671,1.5540637],[32.5505376,1.5536133],[32.5492716,1.5530341],[32.5477695,1.5526373],[32.5470185,1.5526695],[32.5463426,1.5529591],[32.5460315,1.5535489]],[[32.8719393,1.3275795],[32.8752722,1.3278496],[32.8771188,1.3290203],[32.8760379,1.3322173],[32.877389,1.3341534],[32.8799112,1.3339733],[32.8806319,1.3316769],[32.8815327,1.3289753],[32.8824785,1.3262737],[32.8838297,1.3230317],[32.8855411,1.3198798],[32.8871626,1.3172682],[32.8881534,1.3158724],[32.8878381,1.3139362],[32.887703,1.3121801],[32.8869374,1.31191],[32.8836045,1.3127655],[32.8808571,1.3165028],[32.8792357,1.318619],[32.8769837,1.3206903],[32.8745966,1.3230767],[32.8731103,1.325148],[32.8719393,1.3275795]],[[32.9625284,1.5798942],[32.963215,1.5836693],[32.9659616,1.5840125],[32.9659616,1.5805806],[32.9625284,1.5798942]],[[33.0692929,1.4948293],[33.069545,1.4953656],[33.0699688,1.4958429],[33.0706501,1.4964167],[33.0714977,1.4969261],[33.0722862,1.4973015],[33.0729139,1.4975642],[33.0735362,1.4977251],[33.0740619,1.4978967],[33.0749041,1.4981059],[33.075639,1.498374],[33.0766958,1.4986421],[33.0775648,1.498685],[33.0780101,1.498685],[33.078922,1.4983847],[33.0811429,1.4970494],[33.08325,1.4955],[33.0843562,1.4948132],[33.0848229,1.4944539],[33.0849516,1.494041],[33.084898,1.4937729],[33.084324,1.4929578],[33.0823553,1.4916493],[33.0807942,1.4908342],[33.0795282,1.4904963],[33.0776024,1.4905232],[33.0752742,1.4908074],[33.0728388,1.4916922],[33.0714172,1.4924162],[33.0705,1.493],[33.0699313,1.493553],[33.0694324,1.4943413],[33.0692929,1.4948293]],[[33.1498463,1.6269775],[33.150318,1.6322106],[33.1514027,1.6371609],[33.1536666,1.6386695],[33.1550344,1.6385281],[33.1578642,1.6367837],[33.1614958,1.633625],[33.1637597,1.631032],[33.1639955,1.6279676],[33.1635239,1.6227816],[33.1622505,1.6192929],[33.1591376,1.6192457],[33.1567794,1.6197643],[33.1546571,1.6208487],[33.1511197,1.6232531],[33.1498463,1.6269775]],[[33.2344575,1.6326202],[33.2344575,1.633521],[33.2350583,1.6352799],[33.2357879,1.6375105],[33.2369037,1.6400844],[33.2384057,1.6418432],[33.241324,1.6431731],[33.2426544,1.6429157],[33.244843,1.6421864],[33.246785,1.6405777],[33.2484157,1.6377036],[33.2492204,1.6353657],[33.2490917,1.6333066],[33.2480188,1.6309901],[33.2475896,1.6305182],[33.2456584,1.629746],[33.2442422,1.6274295],[33.2438989,1.6271292],[33.2432552,1.6272579],[33.2422252,1.6273437],[33.2403798,1.6275582],[33.2384916,1.6280301],[33.2368608,1.6285878],[33.2356592,1.6296173],[33.2349725,1.6305182],[33.2346292,1.6316764],[33.2344575,1.6326202]],[[33.3259355,1.3403329],[33.3269655,1.341191],[33.3266222,1.3444517],[33.3286821,1.3461678],[33.3319437,1.3449665],[33.333317,1.3453097],[33.3362352,1.3410194],[33.3369218,1.3375871],[33.3353769,1.3355277],[33.3352052,1.3329535],[33.3341753,1.3317522],[33.3329736,1.3314089],[33.3302271,1.3320954],[33.3279955,1.3343264],[33.3259355,1.3403329]],[[33.3288538,1.3571511],[33.3298837,1.3581807],[33.331257,1.3581807],[33.3319437,1.3571511],[33.3316003,1.3557782],[33.3302271,1.3550917],[33.3290254,1.3561214],[33.3288538,1.3571511]]]}}]}