{"type":"FeatureCollection","licence":"Data © OpenStreetMap contributors, ODbL 1.0. http://osm.org/copyright","features":[{"type":"Feature","properties":{"place_id":34172189,"osm_type":"relation","osm_id":940893,"place_rank":22,"category":"natural","type":"water","importance":0.47252992019176304,"addresstype":"water","name":"Lac Édouard / Lake Edward","display_name":"Lac Édouard / Lake Edward, Lubero, Nord-Kivu, République démocratique du Congo","extratags":{"ele": "912", "water": "lake", "wikidata": "Q125211", "wikipedia": "en:Lake Edward", "wikipedia:fr": "Lac Édouard"}},"bbox":[29.3034467,-0.7028824,29.9135573,-0.0750683],"geometry":{"type":"Polygon","coordinates":[[[29.3034467,-0.5855201],[29.3034629,-0.585677],[29.3035942,-0.5860944],[29.3036294,-0.5862827],[29.3036351,-0.5863555],[29.3037518,-0.5868196],[29.3038256,-0.5872098],[29.3038334,-0.5873951],[29.3038651,-0.5875732],[29.3038282,-0.587749],[29.3038231,-0.587929],[29.3038762,-0.5883572],[29.3039047,-0.5884783],[29.3039574,-0.5886118],[29.3041001,-0.5889079],[29.3041493,-0.5890436],[29.3042754,-0.5894602],[29.3043856,-0.5896923],[29.3044094,-0.5898137],[29.3044241,-0.5900122],[29.3044768,-0.5902587],[29.3045017,-0.5904954],[29.304563,-0.5906945],[29.3045973,-0.5908812],[29.3046404,-0.5913047],[29.3046804,-0.5918348],[29.3047151,-0.5921038],[29.3047596,-0.5922876],[29.3048373,-0.5926236],[29.3048915,-0.5927427],[29.3049621,-0.5929729],[29.3049607,-0.5930741],[29.3049245,-0.5931351],[29.3048662,-0.5931713],[29.3047589,-0.5932035],[29.3047415,-0.5932216],[29.3047416,-0.593253],[29.3048657,-0.5933374],[29.3049456,-0.593366],[29.3049745,-0.5933952],[29.3050209,-0.5935915],[29.3050124,-0.5936749],[29.3049762,-0.5937285],[29.3048662,-0.5938157],[29.3048588,-0.5938635],[29.3048917,-0.5939297],[29.3049728,-0.5939528],[29.3050977,-0.5939421],[29.3052333,-0.5939617],[29.3053973,-0.5940267],[29.3054881,-0.5940789],[29.3056668,-0.5942636],[29.305758,-0.5943052],[29.3059458,-0.5945103],[29.306049,-0.5945621],[29.3061047,-0.5946188],[29.3062466,-0.5949412],[29.3062809,-0.5950955],[29.3063146,-0.5953995],[29.3066219,-0.5957744],[29.3070672,-0.5962799],[29.307326,-0.5966378],[29.3074379,-0.5967999],[29.3078086,-0.5973548],[29.3081317,-0.5977006],[29.3083142,-0.5978455],[29.3084751,-0.5979434],[29.3087735,-0.5981011],[29.3089199,-0.5981533],[29.308982,-0.598162],[29.3091631,-0.5981285],[29.3092288,-0.5980922],[29.309334,-0.5979976],[29.3097534,-0.5977496],[29.3098973,-0.5976946],[29.3101423,-0.5976652],[29.3103841,-0.5976735],[29.3105755,-0.5977242],[29.3107872,-0.5977495],[29.3113276,-0.5977731],[29.3114886,-0.5978348],[29.3116187,-0.5979085],[29.3118292,-0.597985],[29.3120559,-0.5981298],[29.3121461,-0.5981526],[29.3122745,-0.5981341],[29.31242,-0.5980847],[29.3125346,-0.598064],[29.3129778,-0.5980732],[29.3131358,-0.598091],[29.3133834,-0.59811],[29.3135567,-0.5981549],[29.3137336,-0.5981942],[29.3140231,-0.5983245],[29.314287,-0.598467],[29.3144944,-0.5985531],[29.3146635,-0.5986226],[29.3149673,-0.5987285],[29.3153426,-0.5988234],[29.3155715,-0.5988549],[29.3156607,-0.5988841],[29.3157556,-0.5988938],[29.3158807,-0.598866],[29.3159571,-0.598811],[29.3160416,-0.5987628],[29.316106,-0.5987453],[29.3161757,-0.5987601],[29.3162186,-0.5987829],[29.3162455,-0.5988379],[29.3162441,-0.598925],[29.3162039,-0.5990202],[29.3161583,-0.5991181],[29.3161583,-0.5991624],[29.3161704,-0.5991905],[29.316228,-0.5992496],[29.3162991,-0.5992656],[29.3163648,-0.5992616],[29.316401,-0.5992375],[29.3164212,-0.5991926],[29.3164265,-0.59909],[29.3164507,-0.5990564],[29.3164761,-0.599035],[29.3165767,-0.598929],[29.3166591,-0.59888],[29.3168135,-0.5988758],[29.3169951,-0.5988553],[29.3170609,-0.5988674],[29.3171876,-0.598921],[29.3172439,-0.5989176],[29.317258,-0.5988781],[29.3172412,-0.5988446],[29.3172023,-0.5988231],[29.3171158,-0.5987802],[29.3170756,-0.5987413],[29.3169844,-0.5986407],[29.3169321,-0.5985482],[29.3169147,-0.5984946],[29.3169107,-0.5984127],[29.3169495,-0.5982947],[29.3170106,-0.5981968],[29.3170562,-0.598162],[29.3171167,-0.5980862],[29.3171698,-0.5980018],[29.3172374,-0.5978428],[29.317229,-0.5976299],[29.3172245,-0.5974861],[29.3172178,-0.5973493],[29.3172352,-0.5972434],[29.3172513,-0.5971589],[29.3172808,-0.5970918],[29.3173425,-0.5970087],[29.3173881,-0.5968867],[29.3174109,-0.5966828],[29.3173988,-0.5964636],[29.3174022,-0.5964079],[29.3174377,-0.5963248],[29.3175048,-0.5962336],[29.3175906,-0.5961518],[29.3176469,-0.5960928],[29.317663,-0.5959654],[29.3176563,-0.5958608],[29.3176442,-0.5958232],[29.3176174,-0.5956489],[29.3176255,-0.5955631],[29.3176845,-0.5954745],[29.3178239,-0.5954155],[29.3180197,-0.5953485],[29.318178,-0.5952922],[29.3182906,-0.5952412],[29.3183604,-0.5952157],[29.3184207,-0.595142],[29.3186608,-0.5947799],[29.3187547,-0.5945841],[29.3187895,-0.5944902],[29.3188255,-0.5944313],[29.3188834,-0.594387],[29.3189367,-0.5943589],[29.3191101,-0.5942683],[29.3191919,-0.5942153],[29.3192576,-0.5941798],[29.3192911,-0.5941563],[29.3193085,-0.5941241],[29.3193045,-0.5941013],[29.3192764,-0.5940772],[29.3192576,-0.5940303],[29.3192616,-0.593978],[29.3192998,-0.5939263],[29.3193609,-0.5938868],[29.3194386,-0.5938633],[29.3194963,-0.5938854],[29.3195339,-0.5939464],[29.3195634,-0.5939692],[29.319611,-0.5939833],[29.3197116,-0.5939706],[29.3198262,-0.5939471],[29.3199724,-0.5938707],[29.320077,-0.5937929],[29.3201414,-0.5937352],[29.320195,-0.5936668],[29.3202031,-0.5936266],[29.3201923,-0.5935864],[29.3201655,-0.5935676],[29.3201052,-0.5935207],[29.3199939,-0.5934429],[29.3199711,-0.5933959],[29.3199637,-0.5933174],[29.319963,-0.5932538],[29.3199819,-0.5931361],[29.3200265,-0.593085],[29.3200991,-0.5930487],[29.320198,-0.593008],[29.3202393,-0.5930024],[29.3202842,-0.5930218],[29.320368,-0.5930728],[29.3204384,-0.5931163],[29.3204968,-0.5931318],[29.3206047,-0.5931492],[29.3206409,-0.5931479],[29.3206745,-0.5931821],[29.3207194,-0.593237],[29.3207368,-0.5932665],[29.3207958,-0.5933638],[29.3208081,-0.5933841],[29.3208173,-0.5934778],[29.3208589,-0.5935515],[29.3209045,-0.5936065],[29.3209648,-0.5936199],[29.3210131,-0.5935984],[29.3210748,-0.5935515],[29.3211311,-0.5934871],[29.321174,-0.5934429],[29.3212224,-0.5934131],[29.3212754,-0.5934145],[29.3213685,-0.5933866],[29.3214959,-0.5933007],[29.3216059,-0.5931707],[29.3216528,-0.5930969],[29.3216843,-0.5930661],[29.3217567,-0.5930386],[29.3218359,-0.5930258],[29.3219317,-0.5930178],[29.3220216,-0.5930003],[29.3221168,-0.5929923],[29.3222355,-0.5929977],[29.3222838,-0.5929943],[29.3223073,-0.5929749],[29.3223126,-0.5929393],[29.3222885,-0.5929199],[29.3222576,-0.5929065],[29.3221839,-0.5928957],[29.322094,-0.5928971],[29.3219492,-0.592889],[29.3218513,-0.5928877],[29.3217453,-0.5928743],[29.3216461,-0.5928729],[29.3215536,-0.5928783],[29.3214047,-0.5929118],[29.3211646,-0.5929762],[29.3210788,-0.5929641],[29.3210101,-0.59293],[29.3209447,-0.592822],[29.3208991,-0.5927308],[29.3208428,-0.5926785],[29.3207717,-0.5926396],[29.3207006,-0.5926208],[29.3204927,-0.5925726],[29.3204257,-0.5925203],[29.3203828,-0.5924304],[29.3203694,-0.5923553],[29.3203345,-0.5922453],[29.3202755,-0.5921729],[29.3202004,-0.5921407],[29.3201414,-0.5920878],[29.3200971,-0.5920221],[29.3200582,-0.5919101],[29.3200555,-0.5917921],[29.3200716,-0.591666],[29.3201025,-0.5916238],[29.3201876,-0.5915889],[29.3202406,-0.5915634],[29.3202922,-0.5915265],[29.3203452,-0.5914394],[29.3203761,-0.5913308],[29.3204471,-0.5912288],[29.3205598,-0.5911511],[29.3206473,-0.5910915],[29.3206859,-0.5910538],[29.3207274,-0.5910062],[29.3207569,-0.5908882],[29.3207616,-0.5908285],[29.320775,-0.5907367],[29.3208562,-0.5905717],[29.3209447,-0.5904618],[29.3210158,-0.5904028],[29.3211541,-0.5903454],[29.3212638,-0.5903209],[29.3213806,-0.590325],[29.3215059,-0.5903317],[29.3215992,-0.5903337],[29.3216575,-0.5903203],[29.3217205,-0.5902794],[29.3217668,-0.5902177],[29.3218057,-0.5901802],[29.321866,-0.5901077],[29.3219975,-0.5900447],[29.3221289,-0.590038],[29.3222027,-0.5900541],[29.322267,-0.5900635],[29.3223314,-0.5900487],[29.3223985,-0.5899696],[29.3224628,-0.5899294],[29.3225715,-0.5899039],[29.3227632,-0.5899106],[29.3228343,-0.5898985],[29.3228699,-0.589869],[29.3228819,-0.5898409],[29.322888,-0.5897939],[29.322892,-0.5897322],[29.3229309,-0.5896598],[29.3229993,-0.5895881],[29.3231448,-0.5895113],[29.323179,-0.5894989],[29.3232501,-0.5894929],[29.3233024,-0.5894969],[29.3233587,-0.5894942],[29.3234901,-0.5894319],[29.3235357,-0.5894077],[29.323588,-0.5893641],[29.3236276,-0.5893273],[29.3236329,-0.5893024],[29.3236128,-0.5892642],[29.3236008,-0.5892414],[29.3235826,-0.5891871],[29.32359,-0.5891348],[29.323641,-0.5890865],[29.3236913,-0.5890671],[29.3237637,-0.5890664],[29.3237959,-0.5890919],[29.323824,-0.5891335],[29.3238254,-0.5891818],[29.3238183,-0.5892465],[29.3238237,-0.5892642],[29.3238468,-0.5892867],[29.3238764,-0.5892951],[29.3239079,-0.5893001],[29.3239662,-0.5892978],[29.3241258,-0.5892569],[29.3242063,-0.5892247],[29.3242505,-0.5892173],[29.3242894,-0.589232],[29.3243216,-0.5892615],[29.3243524,-0.5892964],[29.3243759,-0.589334],[29.3243887,-0.5893648],[29.3244342,-0.5894828],[29.3244691,-0.5895525],[29.3245174,-0.589581],[29.3245328,-0.5895807],[29.3245466,-0.589575],[29.3245791,-0.5895217],[29.3245858,-0.5894426],[29.3245657,-0.5893675],[29.324453,-0.5890121],[29.3244034,-0.5888713],[29.3243477,-0.5887882],[29.3243176,-0.5887774],[29.3242418,-0.5887493],[29.324208,-0.5887064],[29.3241942,-0.5886567],[29.3242183,-0.5885495],[29.3242478,-0.5884904],[29.3243028,-0.5884046],[29.3243571,-0.5883496],[29.3244128,-0.5883268],[29.3244959,-0.5883282],[29.3245553,-0.5883315],[29.3246475,-0.5883161],[29.3247052,-0.5883],[29.3247621,-0.5882866],[29.3248064,-0.5882886],[29.3248426,-0.5882967],[29.3248795,-0.5883094],[29.3249264,-0.5883134],[29.3249781,-0.5883027],[29.3250163,-0.5882745],[29.3250579,-0.5882276],[29.3251169,-0.5882075],[29.3251712,-0.5882129],[29.3252657,-0.5882598],[29.3253388,-0.5883175],[29.3253596,-0.5883631],[29.3253589,-0.5884019],[29.3253442,-0.5884388],[29.3253415,-0.5884683],[29.3253496,-0.5885106],[29.325377,-0.5885602],[29.3254387,-0.588593],[29.3254877,-0.5885917],[29.325593,-0.5885588],[29.3256453,-0.5885568],[29.3256895,-0.5885716],[29.3257264,-0.5886038],[29.3257472,-0.5886272],[29.3257754,-0.5886621],[29.3257982,-0.5886722],[29.325829,-0.5886701],[29.3258625,-0.5886313],[29.3259229,-0.5885736],[29.3259725,-0.5885642],[29.3260033,-0.5885776],[29.3260268,-0.5885991],[29.326057,-0.5886447],[29.3260925,-0.5887171],[29.3261247,-0.5887385],[29.3261596,-0.5887412],[29.3261991,-0.5887345],[29.3262588,-0.588698],[29.3262903,-0.5886631],[29.3263312,-0.5886024],[29.3263601,-0.5885924],[29.3263839,-0.5886011],[29.326413,-0.5886205],[29.3264627,-0.588699],[29.3265049,-0.5887587],[29.32657,-0.588811],[29.3265881,-0.5888324],[29.3266196,-0.5888706],[29.3266618,-0.5889316],[29.3267255,-0.589053],[29.3267416,-0.5890986],[29.3267443,-0.5891449],[29.3267275,-0.5892615],[29.3267416,-0.5893346],[29.3267591,-0.5893762],[29.3268194,-0.5894345],[29.3268938,-0.5894788],[29.3269716,-0.5895083],[29.3270789,-0.5895378],[29.3271768,-0.5895593],[29.3272278,-0.5895861],[29.3272586,-0.5896169],[29.3273082,-0.5896759],[29.3273203,-0.5897068],[29.3273203,-0.5897416],[29.3272868,-0.5898368],[29.3272613,-0.5899113],[29.3272439,-0.5899736],[29.3272439,-0.5899971],[29.3272526,-0.5900219],[29.3273042,-0.5900937],[29.3273498,-0.5901393],[29.3273605,-0.5901506],[29.3273921,-0.590211],[29.3274175,-0.5902677],[29.3274356,-0.5902968],[29.3274658,-0.5903149],[29.3275215,-0.5903075],[29.3275795,-0.5902871],[29.3276247,-0.5902804],[29.3276556,-0.5902878],[29.3276834,-0.5903146],[29.3277253,-0.5903773],[29.3277428,-0.5905141],[29.3277367,-0.5905992],[29.3277488,-0.5906314],[29.3277736,-0.5906435],[29.3278108,-0.5906364],[29.3278319,-0.5906522],[29.3278447,-0.5906931],[29.3278366,-0.5907347],[29.327834,-0.5907917],[29.32785,-0.5908212],[29.3278903,-0.5908668],[29.3279386,-0.5908989],[29.3281598,-0.5909807],[29.3282752,-0.5910237],[29.3284093,-0.5910813],[29.3285474,-0.5911296],[29.3285997,-0.5911363],[29.3286721,-0.5911028],[29.3288103,-0.5909968],[29.3289337,-0.5909687],[29.3289873,-0.5909714],[29.3290704,-0.5909875],[29.3291563,-0.5910451],[29.3292046,-0.5910894],[29.3292555,-0.5911564],[29.3293118,-0.5912785],[29.3293615,-0.5913522],[29.329391,-0.5913804],[29.3294481,-0.5913746],[29.3294936,-0.5913442],[29.329511,-0.5912972],[29.3295452,-0.5912389],[29.3296471,-0.5911685],[29.3297558,-0.5911242],[29.3298441,-0.5911089],[29.3300226,-0.5911068],[29.3301152,-0.5910934],[29.33037,-0.5909767],[29.3304263,-0.5909526],[29.330602,-0.5908359],[29.3307522,-0.590738],[29.3309198,-0.5905999],[29.3309788,-0.5905315],[29.3310124,-0.5904698],[29.3310164,-0.5904001],[29.3310003,-0.5903008],[29.3309762,-0.5901936],[29.3309909,-0.5901265],[29.3310432,-0.5900528],[29.3311264,-0.5899723],[29.3313181,-0.5898114],[29.3314553,-0.5897057],[29.3315515,-0.5896679],[29.3317285,-0.5896679],[29.3318117,-0.5896639],[29.3320772,-0.5896759],[29.3322408,-0.5896786],[29.3325184,-0.5896679],[29.3326727,-0.5896357],[29.3327746,-0.5895861],[29.3328658,-0.5895365],[29.3329985,-0.5894251],[29.3331635,-0.5892589],[29.3332118,-0.5891489],[29.3332359,-0.5890403],[29.3332225,-0.5888163],[29.3332279,-0.5886487],[29.3332587,-0.5885052],[29.3333016,-0.5883872],[29.3333727,-0.5882866],[29.3334492,-0.5882437],[29.3335766,-0.5882075],[29.3336986,-0.5881887],[29.3337589,-0.5881874],[29.3338099,-0.5882142],[29.3338287,-0.5882745],[29.333826,-0.5883268],[29.3338273,-0.5884945],[29.3338488,-0.588534],[29.3338957,-0.5885736],[29.3340513,-0.5886567],[29.3341532,-0.5887184],[29.3342404,-0.5887587],[29.334392,-0.5888163],[29.3344831,-0.588819],[29.3346494,-0.5887318],[29.3347514,-0.5886943],[29.3348466,-0.5886701],[29.3349646,-0.5886728],[29.3350987,-0.588697],[29.3352409,-0.5887318],[29.3353951,-0.5887935],[29.3354715,-0.5887902],[29.3355399,-0.5887667],[29.3356472,-0.5887037],[29.3358242,-0.5885535],[29.335949,-0.5884623],[29.3361703,-0.5883268],[29.336421,-0.5882021],[29.3366839,-0.5881015],[29.336751,-0.5880801],[29.3368515,-0.5880318],[29.3369347,-0.5879406],[29.3369803,-0.5878266],[29.3369856,-0.5877784],[29.3369655,-0.5877261],[29.3369481,-0.5876939],[29.3368301,-0.5875792],[29.3367831,-0.5875276],[29.3367536,-0.5874739],[29.3367375,-0.5874123],[29.3367469,-0.5873533],[29.3367898,-0.5872647],[29.3368435,-0.5871776],[29.3369065,-0.5870891],[29.3369347,-0.5870502],[29.3369293,-0.5869724],[29.3369012,-0.5868986],[29.3368864,-0.5868128],[29.3368985,-0.5867779],[29.3369749,-0.586664],[29.3370406,-0.5865996],[29.3371157,-0.5865553],[29.3372002,-0.5865406],[29.3373209,-0.5865553],[29.3374161,-0.5865513],[29.3374872,-0.5865191],[29.3375275,-0.5864936],[29.3375516,-0.586436],[29.3375529,-0.5863502],[29.3375731,-0.5862777],[29.337616,-0.5862026],[29.3376602,-0.5861638],[29.3377139,-0.586145],[29.3377957,-0.5861477],[29.3378493,-0.5862067],[29.3378681,-0.5862469],[29.3379083,-0.586314],[29.3379754,-0.5863864],[29.3380237,-0.5864467],[29.3380733,-0.5864802],[29.3381417,-0.5864936],[29.338194,-0.5864896],[29.3382228,-0.5864749],[29.3382335,-0.5864413],[29.3382335,-0.5864105],[29.3382074,-0.5863488],[29.338194,-0.5863059],[29.3381739,-0.5862348],[29.3381802,-0.586148],[29.3382054,-0.5860994],[29.3382466,-0.5860739],[29.3382835,-0.5860729],[29.3383361,-0.5860994],[29.3384595,-0.5861503],[29.3385266,-0.5861852],[29.338603,-0.586212],[29.3387492,-0.5862523],[29.3388377,-0.5862925],[29.3388779,-0.586326],[29.3389235,-0.5863636],[29.3389852,-0.5863663],[29.3390523,-0.5863461],[29.3391033,-0.5863475],[29.3391542,-0.586381],[29.3391985,-0.5864454],[29.3392079,-0.586503],[29.3391727,-0.5865798],[29.3391475,-0.5866117],[29.3391431,-0.5866328],[29.3391468,-0.5866606],[29.3391683,-0.5866881],[29.3392119,-0.5866888],[29.3392407,-0.5866673],[29.3392642,-0.586617],[29.3393125,-0.5865513],[29.3393755,-0.5865111],[29.3394425,-0.5864977],[29.3395069,-0.5865004],[29.3395847,-0.5865178],[29.3396907,-0.5865124],[29.3397497,-0.5864896],[29.339806,-0.5864293],[29.3398402,-0.5864025],[29.3398918,-0.5863877],[29.3399589,-0.5863528],[29.3400098,-0.5863193],[29.3400635,-0.5862925],[29.3401386,-0.5862818],[29.3401869,-0.5863005],[29.3402244,-0.58633],[29.3402526,-0.5863931],[29.3402526,-0.5864548],[29.3402311,-0.5865097],[29.340211,-0.586558],[29.3401909,-0.5866747],[29.340203,-0.5867806],[29.3402418,-0.5868571],[29.3403089,-0.5869335],[29.3403827,-0.5869509],[29.340439,-0.5869818],[29.3404926,-0.5870287],[29.3405704,-0.5871373],[29.3406221,-0.5871943],[29.3406898,-0.5872426],[29.340722,-0.5872547],[29.3407434,-0.5872594],[29.3407756,-0.5872507],[29.3408058,-0.5872151],[29.3408339,-0.587136],[29.3408702,-0.5871105],[29.3409178,-0.5870998],[29.3409734,-0.5870951],[29.3410707,-0.5871166],[29.3411102,-0.58713],[29.3411618,-0.587138],[29.3412276,-0.5871206],[29.3412799,-0.5871025],[29.3413281,-0.5871032],[29.3413959,-0.5871199],[29.3415239,-0.5871762],[29.3415776,-0.5872165],[29.3415964,-0.5872607],[29.341585,-0.5873305],[29.3415689,-0.5873781],[29.3415367,-0.587421],[29.3415052,-0.5874465],[29.3415011,-0.5874679],[29.3415072,-0.5874914],[29.3415427,-0.5875229],[29.3415876,-0.5875551],[29.3416225,-0.5875564],[29.3416788,-0.5875551],[29.3417057,-0.5875651],[29.3417251,-0.5875853],[29.3417372,-0.5876134],[29.3417419,-0.5876456],[29.3417352,-0.5876805],[29.3417097,-0.5877093],[29.3416822,-0.587714],[29.341647,-0.5877167],[29.3416366,-0.5877375],[29.341642,-0.5877676],[29.341648,-0.587781],[29.3416855,-0.5878253],[29.3417412,-0.5879071],[29.3418337,-0.5879943],[29.3419263,-0.5880519],[29.3420255,-0.5880801],[29.3421073,-0.5881029],[29.342161,-0.5881243],[29.3422092,-0.5881793],[29.3422548,-0.5882947],[29.3422723,-0.5883751],[29.3423098,-0.58852],[29.3423514,-0.5886943],[29.3423621,-0.5888552],[29.3423527,-0.5889625],[29.3423474,-0.5891476],[29.3423702,-0.589279],[29.3424238,-0.5893661],[29.3424748,-0.5894091],[29.3425442,-0.5894305],[29.3425713,-0.5894184],[29.3425827,-0.5893896],[29.342568,-0.5893568],[29.3425137,-0.5892495],[29.342507,-0.5891891],[29.3425271,-0.5891301],[29.342562,-0.5890906],[29.3425821,-0.5890497],[29.3425848,-0.5890094],[29.3425646,-0.5889424],[29.3425646,-0.5888934],[29.3425881,-0.5888639],[29.3426116,-0.5888485],[29.3426491,-0.5888398],[29.342678,-0.5888371],[29.3427061,-0.588819],[29.3427169,-0.5887989],[29.3427135,-0.5887788],[29.3427028,-0.588764],[29.342625,-0.5887426],[29.3425968,-0.5887271],[29.3425754,-0.5886876],[29.3425821,-0.5886044],[29.3425955,-0.5885213],[29.3426089,-0.5884529],[29.3426169,-0.5883952],[29.3426263,-0.5883322],[29.3426491,-0.5881968],[29.3426357,-0.5880828],[29.3426089,-0.5880037],[29.3425727,-0.5879286],[29.3425231,-0.5878722],[29.3422401,-0.5875383],[29.3421395,-0.587423],[29.3420912,-0.587368],[29.3420577,-0.5873559],[29.3420202,-0.587364],[29.3419598,-0.5873828],[29.3419062,-0.5873962],[29.3418753,-0.5873841],[29.3418505,-0.5873626],[29.3418317,-0.5872989],[29.3418445,-0.587252],[29.3418834,-0.5872285],[29.3419383,-0.5872326],[29.3419678,-0.5872446],[29.3420067,-0.5872285],[29.3420242,-0.5871923],[29.3420161,-0.5871367],[29.34199,-0.5871072],[29.3419792,-0.5870985],[29.3419571,-0.5870918],[29.3418954,-0.5870837],[29.3418257,-0.5870596],[29.3417975,-0.5870395],[29.341756,-0.5869912],[29.3416876,-0.5868651],[29.341646,-0.5868343],[29.3415803,-0.5868115],[29.341536,-0.5868128],[29.3414877,-0.5868302],[29.3414395,-0.5868571],[29.3413979,-0.5868624],[29.3413214,-0.5868437],[29.3412383,-0.5867853],[29.3412242,-0.5867686],[29.3412074,-0.586737],[29.3411934,-0.5866945],[29.3411967,-0.5866559],[29.3412155,-0.5866117],[29.3412329,-0.586554],[29.3412276,-0.5865164],[29.3412007,-0.5864494],[29.3411377,-0.5863877],[29.3410686,-0.5863287],[29.3410479,-0.5863099],[29.3410009,-0.5862684],[29.3409553,-0.5862409],[29.3409305,-0.5862362],[29.3408936,-0.5862523],[29.3408755,-0.5862771],[29.3408601,-0.5863066],[29.3408574,-0.586322],[29.3408427,-0.5863515],[29.3408165,-0.5863676],[29.3407736,-0.5863669],[29.3407441,-0.5863421],[29.340728,-0.586318],[29.3407025,-0.5862764],[29.3406811,-0.5862617],[29.3406469,-0.5862617],[29.3406026,-0.5862764],[29.3405617,-0.586271],[29.3405362,-0.5862422],[29.3405248,-0.5862147],[29.3405288,-0.5861825],[29.3405731,-0.5861423],[29.34062,-0.5861343],[29.3406723,-0.5861557],[29.3407018,-0.5861758],[29.3407515,-0.5861664],[29.3407662,-0.5861436],[29.3407662,-0.5861061],[29.3407662,-0.5860578],[29.3407501,-0.5859894],[29.3407327,-0.5859599],[29.3406925,-0.5859304],[29.3406254,-0.5858902],[29.3405302,-0.585862],[29.3403927,-0.5858412],[29.3403203,-0.5858158],[29.3402734,-0.5858077],[29.3402459,-0.5858184],[29.3402311,-0.5858419],[29.3402224,-0.5858795],[29.3402187,-0.585923],[29.3402134,-0.5859455],[29.3401976,-0.5859834],[29.3401694,-0.5860055],[29.3401336,-0.5860186],[29.3401014,-0.5860149],[29.3400796,-0.5860012],[29.3400585,-0.5859807],[29.3400346,-0.5859321],[29.3400343,-0.5858838],[29.340044,-0.5858463],[29.3400487,-0.5858064],[29.3400373,-0.5857527],[29.3400172,-0.5857346],[29.339979,-0.5857246],[29.3399227,-0.5857199],[29.3398482,-0.5857004],[29.3397979,-0.5856877],[29.3397202,-0.5856649],[29.3396658,-0.5856595],[29.3396256,-0.5856669],[29.339515,-0.5857179],[29.3394519,-0.585738],[29.3394023,-0.5857588],[29.3393628,-0.5857608],[29.3392736,-0.5857547],[29.3391998,-0.5857333],[29.3391341,-0.5857279],[29.3390845,-0.5857252],[29.3389986,-0.5856971],[29.3389356,-0.5856542],[29.3388873,-0.5856206],[29.3388004,-0.5855494],[29.3387479,-0.585508],[29.3386978,-0.5854317],[29.3386764,-0.5853918],[29.3386752,-0.5853397],[29.3386846,-0.5852961],[29.3387033,-0.5852571],[29.3387666,-0.5851808],[29.3388323,-0.5850936],[29.3388847,-0.5850064],[29.3389383,-0.5849193],[29.3389638,-0.5848576],[29.3389785,-0.5847208],[29.3389705,-0.5846108],[29.3389516,-0.5845561],[29.3389289,-0.5845156],[29.3389007,-0.5844559],[29.3389004,-0.584404],[29.3389372,-0.5843338],[29.3389773,-0.5842708],[29.3390315,-0.584222],[29.3391073,-0.5842152],[29.3391643,-0.5842353],[29.3392065,-0.5842635],[29.3392535,-0.5842809],[29.3392947,-0.5842746],[29.3393178,-0.5842467],[29.3393426,-0.5842025],[29.3393581,-0.5841562],[29.3393742,-0.5840744],[29.3393929,-0.5840134],[29.3394157,-0.5839671],[29.3394674,-0.5839202],[29.3394995,-0.5838934],[29.3395291,-0.5838525],[29.3395418,-0.5838263],[29.3395445,-0.5837821],[29.3395472,-0.5837278],[29.3395223,-0.5836667],[29.3394727,-0.5836352],[29.3394271,-0.5836212],[29.33934,-0.5836091],[29.3393017,-0.5836118],[29.3392722,-0.5836252],[29.3392374,-0.5836513],[29.3391965,-0.5836872],[29.339169,-0.583702],[29.3391435,-0.5837123],[29.3391311,-0.5837097],[29.3391247,-0.5836983],[29.3391267,-0.5836792],[29.3391596,-0.5836359],[29.3391924,-0.5836064],[29.3392387,-0.5835621],[29.3392541,-0.5835367],[29.3392695,-0.5835152],[29.3393051,-0.583483],[29.3393333,-0.5834743],[29.3393822,-0.5834743],[29.3394426,-0.5834857],[29.3394788,-0.5835038],[29.3395109,-0.5835199],[29.3395472,-0.583536],[29.339584,-0.5835373],[29.3396263,-0.5835246],[29.3396591,-0.5835105],[29.3396893,-0.5835038],[29.3397168,-0.5835078],[29.3397383,-0.5835253],[29.3397979,-0.5835769],[29.3398429,-0.5836238],[29.339928,-0.5837754],[29.340156,-0.5840624],[29.3402579,-0.5841884],[29.3404283,-0.5844419],[29.3406697,-0.5847369],[29.3407776,-0.5848717],[29.3408346,-0.5849448],[29.3408635,-0.5849904],[29.3408775,-0.5850319],[29.3408896,-0.5850996],[29.3409191,-0.5851687],[29.3409714,-0.5852639],[29.3409982,-0.585335],[29.3410237,-0.5854054],[29.341066,-0.585451],[29.3411525,-0.5855053],[29.3412101,-0.5855362],[29.3412437,-0.5855724],[29.3412624,-0.5856059],[29.3412644,-0.5856361],[29.3412611,-0.5856635],[29.3412483,-0.5857031],[29.3412416,-0.5857514],[29.3412504,-0.585795],[29.3413255,-0.5859069],[29.3413684,-0.5859988],[29.341414,-0.5861175],[29.3414663,-0.5862013],[29.3415199,-0.586267],[29.3415642,-0.5862992],[29.3415964,-0.5863153],[29.3416607,-0.5863193],[29.3417117,-0.5863059],[29.3417707,-0.586271],[29.3418324,-0.5862348],[29.3418807,-0.5862214],[29.3419732,-0.5862362],[29.3420899,-0.5863086],[29.3421596,-0.5863676],[29.3422374,-0.58644],[29.342389,-0.5865996],[29.3424506,-0.5866599],[29.3425499,-0.586731],[29.3426424,-0.5867967],[29.3427001,-0.5868611],[29.3428181,-0.5870059],[29.3430287,-0.5872071],[29.343427,-0.5876134],[29.3439567,-0.588123],[29.3442893,-0.5884247],[29.3446849,-0.5888472],[29.345039,-0.5892253],[29.3452683,-0.5894976],[29.3453702,-0.589625],[29.3456706,-0.5900112],[29.3459791,-0.5903867],[29.3461038,-0.5905342],[29.3463358,-0.5908292],[29.3464163,-0.5909526],[29.3465477,-0.5911725],[29.3467757,-0.5914327],[29.3470037,-0.5916821],[29.3470842,-0.5917921],[29.3471465,-0.5918578],[29.3471801,-0.5919027],[29.3471894,-0.5919329],[29.3471807,-0.5919637],[29.3471505,-0.59201],[29.3471029,-0.5920576],[29.3470701,-0.5921213],[29.3470748,-0.5921837],[29.3470982,-0.5922373],[29.3471881,-0.5923587],[29.3472977,-0.5924606],[29.3473202,-0.5924914],[29.3473306,-0.5925424],[29.3473202,-0.592598],[29.3473128,-0.5926604],[29.3473222,-0.5927576],[29.3473437,-0.5928153],[29.3473611,-0.5928562],[29.3474087,-0.5929601],[29.3474516,-0.5930245],[29.3475743,-0.5931861],[29.3476092,-0.5932357],[29.3476313,-0.5932954],[29.3476447,-0.5933899],[29.3476649,-0.5934402],[29.3477252,-0.5935046],[29.3478191,-0.5935542],[29.347925,-0.593581],[29.3479827,-0.5936145],[29.3480779,-0.593699],[29.3481383,-0.5937714],[29.3486063,-0.5942415],[29.3487149,-0.5943508],[29.3489107,-0.5945747],[29.3490019,-0.5946807],[29.3491119,-0.5948215],[29.3492514,-0.5950521],[29.3492702,-0.5950924],[29.3492916,-0.595146],[29.3493225,-0.5952238],[29.3493681,-0.5953056],[29.3494888,-0.5954477],[29.3497503,-0.5957481],[29.3498348,-0.5958648],[29.3498576,-0.5959372],[29.3498643,-0.596023],[29.3498898,-0.5961008],[29.3499541,-0.596196],[29.3501244,-0.5964267],[29.3501714,-0.5965179],[29.3502143,-0.5966305],[29.3502451,-0.5967351],[29.3503122,-0.5968504],[29.3504068,-0.5969658],[29.3504879,-0.5970664],[29.3505516,-0.5971354],[29.3505965,-0.5972112],[29.3506475,-0.5972903],[29.3506931,-0.5973386],[29.3507427,-0.5973788],[29.3508212,-0.5974385],[29.3508701,-0.5974955],[29.3509459,-0.5975827],[29.3510022,-0.5976423],[29.3510337,-0.5976873],[29.3510525,-0.5977382],[29.3510907,-0.5978167],[29.3511242,-0.5978562],[29.3512248,-0.5979488],[29.3512919,-0.5980151],[29.3513791,-0.5981103],[29.3514246,-0.5981653],[29.351605,-0.5983631],[29.3517157,-0.5985214],[29.3518779,-0.59874],[29.3519068,-0.5987782],[29.3519215,-0.598805],[29.3519242,-0.5988171],[29.3519262,-0.5988342],[29.3519242,-0.5988533],[29.3519048,-0.5989036],[29.3519021,-0.5989317],[29.3519115,-0.5989612],[29.351949,-0.5990068],[29.3519913,-0.5990642],[29.352005,-0.5990873],[29.3520117,-0.5991279],[29.3520087,-0.599153],[29.352002,-0.5991778],[29.3519772,-0.5992516],[29.351945,-0.5993267],[29.3518196,-0.5995325],[29.3517257,-0.5996773],[29.3516801,-0.5997484],[29.3516734,-0.5997766],[29.3516788,-0.5998409],[29.3517056,-0.5999321],[29.3517163,-0.5999771],[29.3517143,-0.6000079],[29.3516935,-0.6000602],[29.3516593,-0.6001051],[29.3516211,-0.6001621],[29.3515997,-0.6001849],[29.3515601,-0.6002067],[29.3515383,-0.6002017],[29.3515205,-0.6001889],[29.3515088,-0.6001484],[29.3514971,-0.6001222],[29.3514726,-0.6001018],[29.3514521,-0.6000991],[29.3514387,-0.6001028],[29.3514287,-0.6001185],[29.351432,-0.6001521],[29.3514272,-0.6001683],[29.35142,-0.6001715],[29.3514039,-0.6001692],[29.3513643,-0.6001279],[29.3513355,-0.6000951],[29.3513194,-0.6000495],[29.3513254,-0.6000046],[29.3513475,-0.5999234],[29.3513757,-0.5998249],[29.3514092,-0.5997095],[29.351428,-0.5996224],[29.351428,-0.5995674],[29.3513998,-0.599503],[29.3513609,-0.5994547],[29.3513046,-0.5994494],[29.3512242,-0.5994574],[29.351141,-0.5994748],[29.3510646,-0.5995057],[29.3510351,-0.5995352],[29.3510243,-0.5996089],[29.3510632,-0.599786],[29.35109,-0.6000166],[29.3511169,-0.60025],[29.3511303,-0.6003894],[29.3511772,-0.6006161],[29.3512174,-0.6007126],[29.3512496,-0.6007864],[29.35131,-0.6008829],[29.3513744,-0.6009983],[29.3514454,-0.6010854],[29.3515165,-0.601182],[29.3515715,-0.6012396],[29.3516175,-0.6012993],[29.3516666,-0.6013514],[29.3517138,-0.6013988],[29.3517829,-0.6014484],[29.3518442,-0.6015032],[29.3519315,-0.6015793],[29.3519797,-0.601642],[29.3520114,-0.6017278],[29.3520033,-0.6018431],[29.351998,-0.6018793],[29.3519819,-0.6020081],[29.3519591,-0.6021462],[29.3519403,-0.6023071],[29.3518987,-0.6026477],[29.3519081,-0.6028435],[29.3519336,-0.6030769],[29.3519899,-0.6033907],[29.3520261,-0.6035704],[29.3520918,-0.6037849],[29.3521609,-0.6039613],[29.352228,-0.6041202],[29.3523118,-0.6042891],[29.3524271,-0.6044742],[29.3526122,-0.6047223],[29.3526994,-0.6048175],[29.3529086,-0.6050334],[29.352977,-0.6050911],[29.3531312,-0.6052386],[29.3533069,-0.6053995],[29.3535255,-0.6055859],[29.353779,-0.6058112],[29.3539171,-0.6059064],[29.3540539,-0.6060097],[29.3541343,-0.606062],[29.3542966,-0.6061384],[29.3543798,-0.6061733],[29.3545729,-0.6062792],[29.3546788,-0.6063369],[29.3548371,-0.6064013],[29.3550586,-0.6065246],[29.3551952,-0.6065904],[29.3552931,-0.6066413],[29.3553776,-0.6066856],[29.3554941,-0.6067506],[29.3556132,-0.6068058],[29.3557705,-0.6069015],[29.3558577,-0.606939],[29.3559355,-0.6069752],[29.3560468,-0.6070128],[29.3561675,-0.6070436],[29.356378,-0.6070745],[29.3565282,-0.6070731],[29.3566275,-0.6070624],[29.3567079,-0.6070181],[29.3567938,-0.6069538],[29.3568595,-0.6068747],[29.3569091,-0.6067674],[29.3569375,-0.6065945],[29.3569472,-0.6065486],[29.356957,-0.6064932],[29.3569641,-0.6064546],[29.3569719,-0.6064337],[29.3569787,-0.606396],[29.3569875,-0.6063675],[29.3569948,-0.6063],[29.3569856,-0.6062135],[29.3569909,-0.6061384],[29.3570083,-0.6060741],[29.3570405,-0.6060365],[29.3571129,-0.6059775],[29.3572256,-0.6059668],[29.357298,-0.6059936],[29.357353,-0.6060687],[29.3573812,-0.6061438],[29.3574268,-0.6062363],[29.3574777,-0.6062859],[29.3575783,-0.6063195],[29.3576977,-0.6063557],[29.3577661,-0.6063691],[29.3578009,-0.6063879],[29.357821,-0.6064294],[29.357821,-0.6064737],[29.3577942,-0.6064978],[29.3577446,-0.6065166],[29.3576306,-0.6065139],[29.3575045,-0.6065381],[29.3574361,-0.606581],[29.3574013,-0.6066239],[29.3573798,-0.6067084],[29.3573959,-0.606813],[29.3574174,-0.606876],[29.3575233,-0.6070879],[29.3575904,-0.6072247],[29.3576735,-0.6073454],[29.3578894,-0.6075706],[29.3580061,-0.6076605],[29.3581067,-0.6077182],[29.3581711,-0.6078147],[29.3581885,-0.6079032],[29.3581778,-0.6079636],[29.3581563,-0.6080521],[29.3581188,-0.6081339],[29.3580852,-0.6082412],[29.3580692,-0.6083954],[29.3580946,-0.6086193],[29.3581429,-0.608799],[29.3582609,-0.6090163],[29.3584862,-0.6092442],[29.3586794,-0.6094534],[29.3588644,-0.6095607],[29.3589891,-0.6095688],[29.3590844,-0.6095272],[29.3591943,-0.6094655],[29.3593043,-0.6094065],[29.3594035,-0.609369],[29.3595095,-0.6093435],[29.3596423,-0.6093703],[29.3597804,-0.6094387],[29.3600017,-0.6095755],[29.3601881,-0.6096747],[29.3602739,-0.6097284],[29.3603718,-0.6098316],[29.3605287,-0.610018],[29.3609914,-0.6104981],[29.3613629,-0.6108803],[29.3619879,-0.6114489],[29.362067,-0.61153],[29.3621179,-0.6115803],[29.3621428,-0.6116206],[29.3621635,-0.6116628],[29.362234,-0.6117547],[29.362301,-0.611809],[29.3623479,-0.6118599],[29.3623801,-0.611923],[29.362417,-0.6119806],[29.3624626,-0.6120249],[29.3625022,-0.612053],[29.3625437,-0.6120913],[29.3625706,-0.6121194],[29.3626276,-0.6121811],[29.362698,-0.6122314],[29.3627328,-0.6122482],[29.3627603,-0.6122622],[29.3627684,-0.6122743],[29.3627657,-0.6122897],[29.3627516,-0.6123078],[29.3627463,-0.612336],[29.3627469,-0.6123588],[29.362759,-0.612391],[29.3628569,-0.6125713],[29.3629763,-0.6127309],[29.363443,-0.6131922],[29.3635556,-0.6132794],[29.3637796,-0.6133961],[29.3638466,-0.6134457],[29.3638748,-0.6135007],[29.3638802,-0.6135583],[29.3638815,-0.6136026],[29.3638989,-0.6136603],[29.3639486,-0.6137488],[29.364147,-0.6139848],[29.3643107,-0.6141336],[29.3647277,-0.6145199],[29.3649597,-0.6147317],[29.3652776,-0.6150134],[29.3656893,-0.6153204],[29.3660688,-0.615586],[29.3663599,-0.6157375],[29.3664993,-0.6158126],[29.366726,-0.6159373],[29.3668634,-0.6160211],[29.3669097,-0.6160352],[29.366956,-0.6160285],[29.3670002,-0.6160091],[29.3670284,-0.6160071],[29.3670458,-0.6160124],[29.3670639,-0.6160345],[29.3670693,-0.6160634],[29.3670713,-0.6161003],[29.367082,-0.6161251],[29.3671142,-0.6161519],[29.3671954,-0.6162002],[29.3673576,-0.6162766],[29.3674891,-0.6163209],[29.3675789,-0.6163329],[29.3676554,-0.6163436],[29.3677439,-0.616345],[29.3678525,-0.6163436],[29.3679129,-0.6163664],[29.3680765,-0.6164067],[29.3682119,-0.6164429],[29.3683179,-0.6164603],[29.368397,-0.6164563],[29.3684399,-0.6164536],[29.3684895,-0.6164402],[29.3685445,-0.6164442],[29.3685794,-0.616455],[29.3686139,-0.6164664],[29.3686391,-0.6164788],[29.3686873,-0.6164888],[29.3687202,-0.6164865],[29.3687417,-0.6164778],[29.3687624,-0.6164496],[29.3687879,-0.6164161],[29.3688282,-0.6163913],[29.3688925,-0.6163732],[29.3689542,-0.6163685],[29.3691145,-0.6163624],[29.3692312,-0.616353],[29.3693867,-0.6163343],[29.3695557,-0.6163329],[29.3696509,-0.6163477],[29.3697408,-0.6163892],[29.3698132,-0.616408],[29.369891,-0.6164174],[29.3699768,-0.6163986],[29.3700466,-0.6163986],[29.3701109,-0.6164161],[29.3702799,-0.6164724],[29.3703899,-0.6164925],[29.3704529,-0.6165086],[29.3705159,-0.6165394],[29.3705843,-0.6165837],[29.3706889,-0.6166414],[29.3707654,-0.6166655],[29.3709129,-0.6166856],[29.371051,-0.6166896],[29.3711624,-0.6167017],[29.3712522,-0.6167299],[29.3713367,-0.6167795],[29.3714426,-0.6168546],[29.3715127,-0.6169402],[29.3715513,-0.6170557],[29.371562,-0.6171308],[29.3715794,-0.617218],[29.3715633,-0.6172944],[29.3715312,-0.6173695],[29.3714748,-0.6174299],[29.3714098,-0.6174674],[29.3713568,-0.6174688],[29.3712978,-0.6174755],[29.371271,-0.6174862],[29.3712562,-0.6175057],[29.3712515,-0.6175244],[29.3712482,-0.61756],[29.3712522,-0.6176069],[29.3712428,-0.6176458],[29.3712106,-0.6177035],[29.3711892,-0.6177839],[29.3711878,-0.6178536],[29.3711959,-0.617922],[29.37122,-0.618026],[29.3712569,-0.6180964],[29.3713749,-0.6183022],[29.371387,-0.6183438],[29.3713863,-0.6183773],[29.3713702,-0.6184162],[29.3713447,-0.6184685],[29.3712958,-0.6185423],[29.371275,-0.6185684],[29.371269,-0.6186006],[29.371275,-0.6186381],[29.3714064,-0.6189017],[29.3715084,-0.6191021],[29.3716264,-0.6193308],[29.37168,-0.6194294],[29.3717082,-0.6194535],[29.371737,-0.6194669],[29.3717685,-0.6194642],[29.3718182,-0.6194508],[29.3718517,-0.6194548],[29.3718698,-0.6194729],[29.3718798,-0.6195071],[29.3718664,-0.6195427],[29.3718369,-0.6195601],[29.3718155,-0.6195782],[29.3718061,-0.6196064],[29.3718182,-0.6196613],[29.3718242,-0.6197244],[29.3718141,-0.6198015],[29.3717719,-0.6199188],[29.3717377,-0.6200556],[29.3717377,-0.620124],[29.3717538,-0.6202635],[29.3717457,-0.6203681],[29.3717404,-0.6204391],[29.3717082,-0.6205142],[29.3716425,-0.6205867],[29.3715017,-0.6207516],[29.3714708,-0.6207945],[29.3713944,-0.6208629],[29.3713742,-0.6209065],[29.3713568,-0.6209742],[29.371334,-0.6210158],[29.3713072,-0.621046],[29.3712643,-0.6210721],[29.3711818,-0.6210842],[29.3711414,-0.6210972],[29.371106,-0.6211264],[29.3710799,-0.6211646],[29.3710544,-0.6212116],[29.3709706,-0.6213349],[29.3708619,-0.6215763],[29.3708284,-0.6216876],[29.3707882,-0.6218579],[29.3707614,-0.6218995],[29.3707037,-0.6219384],[29.3705937,-0.6220229],[29.3705186,-0.6220658],[29.3704717,-0.6221168],[29.3704167,-0.6222281],[29.3703684,-0.6223944],[29.3703295,-0.6225741],[29.3702853,-0.6226974],[29.370174,-0.6230689],[29.3701565,-0.6231252],[29.3701545,-0.6231869],[29.3701632,-0.6232201],[29.3701954,-0.6232804],[29.370243,-0.6233616],[29.370294,-0.6234608],[29.3703597,-0.6236261],[29.3705106,-0.6240143],[29.3705495,-0.6241806],[29.3706058,-0.624359],[29.3706474,-0.6244877],[29.3706608,-0.6245963],[29.3706568,-0.6246379],[29.3706192,-0.6247894],[29.3705803,-0.6248913],[29.3705454,-0.6249973],[29.3705454,-0.6250938],[29.3705508,-0.6251542],[29.3706018,-0.6253607],[29.370638,-0.6254962],[29.3707252,-0.6258703],[29.370752,-0.6261117],[29.3708204,-0.6265556],[29.370866,-0.6266856],[29.3708861,-0.6267728],[29.3708928,-0.6268559],[29.3709089,-0.627151],[29.3709089,-0.6272448],[29.3709236,-0.6273669],[29.3709612,-0.6275023],[29.370984,-0.6275613],[29.3709826,-0.6276096],[29.3716948,-0.6279395],[29.3725195,-0.6285899],[29.3728723,-0.6289694],[29.373225,-0.6291894],[29.3736729,-0.6294508],[29.37455,-0.6299953],[29.3749175,-0.6301589],[29.3750717,-0.6303372],[29.374609,-0.6307074],[29.374314,-0.6311191],[29.374196,-0.6314181],[29.3741275,-0.6316206],[29.3740216,-0.6317621],[29.3740646,-0.6317861],[29.3741477,-0.6317815],[29.3742415,-0.631752],[29.3743676,-0.6317802],[29.3746036,-0.6318405],[29.3749014,-0.6318003],[29.3751052,-0.6316568],[29.3754365,-0.6316394],[29.3757731,-0.6319907],[29.376052,-0.6321463],[29.376052,-0.6324145],[29.3758213,-0.6325969],[29.3754137,-0.6327993],[29.3747645,-0.6331387],[29.3743033,-0.6350737],[29.3741745,-0.6366414],[29.3740565,-0.6376874],[29.3740598,-0.6380777],[29.3739572,-0.6382882],[29.3738633,-0.6383338],[29.3737426,-0.6381567],[29.3736514,-0.6380656],[29.373512,-0.6379931],[29.3734476,-0.6379234],[29.3733625,-0.6380435],[29.3733765,-0.6380655],[29.3733886,-0.6380904],[29.3733779,-0.6381138],[29.3733946,-0.6381386],[29.37341,-0.638197],[29.3734221,-0.6382506],[29.3734141,-0.638311],[29.3733859,-0.6383659],[29.3733349,-0.6384263],[29.3733148,-0.6385041],[29.3733256,-0.6385792],[29.3733899,-0.638673],[29.373461,-0.6387401],[29.3735643,-0.6387998],[29.3736193,-0.6388259],[29.3736742,-0.6388293],[29.3736997,-0.6388145],[29.3737118,-0.638787],[29.3737044,-0.6387481],[29.3736722,-0.6386999],[29.3736608,-0.6386603],[29.3736716,-0.6386221],[29.3737145,-0.6385798],[29.3737748,-0.6385497],[29.373809,-0.6385443],[29.3738707,-0.638547],[29.3739143,-0.6385731],[29.3739223,-0.6385872],[29.3739277,-0.6386018],[29.3739257,-0.6386181],[29.3739141,-0.6386353],[29.3738969,-0.6386496],[29.3738821,-0.6386824],[29.3738593,-0.638732],[29.3738593,-0.6387656],[29.3738794,-0.6388206],[29.373913,-0.6388407],[29.3739679,-0.6388514],[29.3740176,-0.6388541],[29.3740565,-0.6388782],[29.3740699,-0.6389077],[29.3740752,-0.638948],[29.3740726,-0.6389895],[29.374035,-0.6390458],[29.3739988,-0.6390995],[29.3740028,-0.6391317],[29.3740404,-0.639184],[29.3740967,-0.6392242],[29.3741376,-0.6392765],[29.3741523,-0.6393201],[29.3741584,-0.639367],[29.374145,-0.639424],[29.3741047,-0.639546],[29.3740638,-0.6396413],[29.3739653,-0.6398491],[29.3738419,-0.6401871],[29.3737708,-0.6403386],[29.3736783,-0.6406014],[29.3736219,-0.6407798],[29.3736193,-0.6408804],[29.373634,-0.6409514],[29.3736877,-0.6410319],[29.3737359,-0.641107],[29.3738164,-0.6412451],[29.3740538,-0.6415737],[29.3741007,-0.6416568],[29.3741423,-0.6418043],[29.3741597,-0.6418982],[29.3741745,-0.6419867],[29.3741919,-0.6420444],[29.3742281,-0.6421007],[29.3743408,-0.6422402],[29.3747418,-0.6426907],[29.3748718,-0.6428463],[29.3749496,-0.6429268],[29.3749818,-0.6430019],[29.3749899,-0.6430555],[29.3749845,-0.6430998],[29.3749443,-0.6431614],[29.3749148,-0.6432151],[29.3748987,-0.6432888],[29.3749,-0.6433398],[29.3749389,-0.6434122],[29.3749858,-0.6435691],[29.3749939,-0.6436415],[29.3749684,-0.6437139],[29.3749067,-0.6437823],[29.3748115,-0.6439258],[29.374719,-0.6440666],[29.3746626,-0.6441685],[29.3746358,-0.6442705],[29.3746237,-0.6443576],[29.3746304,-0.6444931],[29.3746398,-0.6445963],[29.3746439,-0.6447331],[29.3746472,-0.6448598],[29.3746667,-0.644941],[29.3746895,-0.6450114],[29.3747196,-0.6450442],[29.3747478,-0.6450603],[29.3747793,-0.6450643],[29.3748055,-0.6450717],[29.3748209,-0.6451059],[29.3748169,-0.645126],[29.3747961,-0.6451549],[29.3747679,-0.6451669],[29.3747243,-0.6451904],[29.3747062,-0.6452112],[29.3746888,-0.6452528],[29.374674,-0.6453118],[29.3746586,-0.6454023],[29.3746606,-0.6454646],[29.374672,-0.6455136],[29.3746915,-0.6455585],[29.3747317,-0.6456195],[29.3748316,-0.6457174],[29.3748987,-0.6457577],[29.3750261,-0.6458073],[29.3750992,-0.6458395],[29.3751582,-0.6458824],[29.3752065,-0.6459407],[29.3752628,-0.6460326],[29.3752782,-0.6460815],[29.3752769,-0.6461351],[29.375251,-0.6461704],[29.3752353,-0.6461848],[29.3752319,-0.6461921],[29.375236,-0.6462042],[29.3752541,-0.6462364],[29.3752749,-0.6462726],[29.3752977,-0.646337],[29.3753104,-0.6463765],[29.3753158,-0.6464342],[29.3753134,-0.6465251],[29.3753104,-0.6465502],[29.3753067,-0.646567],[29.375294,-0.6465767],[29.3752785,-0.646575],[29.3752675,-0.6465596],[29.3752507,-0.6465227],[29.3752309,-0.6465163],[29.3752145,-0.6465187],[29.3752014,-0.6465334],[29.375186,-0.6465566],[29.3751759,-0.6465696],[29.3751495,-0.6465871],[29.3750904,-0.6466085],[29.3750616,-0.646632],[29.3750267,-0.6466682],[29.3749986,-0.6467393],[29.3749718,-0.6468318],[29.374951,-0.6469136],[29.3749516,-0.646978],[29.3749577,-0.6470102],[29.3749905,-0.6471047],[29.3749932,-0.6471469],[29.3749778,-0.6471905],[29.3749402,-0.6472536],[29.3749376,-0.6473005],[29.374957,-0.6473347],[29.3749798,-0.6473407],[29.3750073,-0.6473421],[29.3750422,-0.6473354],[29.3751159,-0.6473454],[29.3751501,-0.6473776],[29.3751548,-0.6474071],[29.3751702,-0.6474527],[29.3751709,-0.6475198],[29.3751548,-0.6475868],[29.3751414,-0.6476512],[29.3751226,-0.6476901],[29.3751106,-0.6477343],[29.3751213,-0.6478577],[29.3751448,-0.6478986],[29.3751595,-0.6479194],[29.375177,-0.6479603],[29.3751656,-0.6479911],[29.375136,-0.6480079],[29.3750891,-0.6480025],[29.3750314,-0.6479904],[29.3749805,-0.6479918],[29.3749456,-0.6480039],[29.374892,-0.6480468],[29.374849,-0.6481353],[29.3748289,-0.6482184],[29.3747672,-0.6484853],[29.3747619,-0.6489144],[29.3747726,-0.6489466],[29.3747917,-0.6489774],[29.3748209,-0.6489922],[29.3749067,-0.6489882],[29.374959,-0.6490016],[29.3749778,-0.6490418],[29.3749791,-0.6490686],[29.374959,-0.6490914],[29.3749436,-0.6491028],[29.3749215,-0.6491256],[29.3749235,-0.6491545],[29.3749335,-0.6491752],[29.3749778,-0.6492034],[29.3749845,-0.6492161],[29.3750026,-0.649247],[29.3750006,-0.6492765],[29.3749845,-0.6493087],[29.3749503,-0.6493784],[29.3749342,-0.6494119],[29.3749014,-0.6494615],[29.3748786,-0.6495219],[29.3748705,-0.6495809],[29.3748973,-0.6496439],[29.3749228,-0.6496734],[29.3749657,-0.6497083],[29.3750207,-0.6497257],[29.375065,-0.6497083],[29.3751186,-0.6497083],[29.3751387,-0.6497271],[29.3751656,-0.649778],[29.3751602,-0.649837],[29.3750918,-0.6499725],[29.3750234,-0.6500757],[29.3749537,-0.6501629],[29.374839,-0.6502936],[29.3748182,-0.6503252],[29.3748008,-0.6503828],[29.3748035,-0.6504385],[29.3748021,-0.650474],[29.374784,-0.6504975],[29.3747324,-0.6505102],[29.3747163,-0.6505022],[29.3746874,-0.6504854],[29.374664,-0.6504888],[29.3746385,-0.6505082],[29.3746023,-0.6505444],[29.3745929,-0.6505572],[29.3745647,-0.6506041],[29.374558,-0.6506524],[29.374558,-0.6506966],[29.3745641,-0.6507415],[29.3745922,-0.6507838],[29.3746392,-0.650818],[29.3746861,-0.6508663],[29.3747465,-0.6509038],[29.3747867,-0.6509233],[29.3748222,-0.6509635],[29.374833,-0.6510118],[29.3748283,-0.6510607],[29.3748169,-0.6510835],[29.3747894,-0.6510962],[29.3747451,-0.651105],[29.3747223,-0.6511271],[29.3747136,-0.6511566],[29.3747022,-0.6512438],[29.3747009,-0.6513108],[29.3747062,-0.6514382],[29.3747062,-0.6514831],[29.3747042,-0.6515046],[29.3746955,-0.6515213],[29.3746727,-0.6515368],[29.3746036,-0.6515562],[29.3745607,-0.6515636],[29.3745064,-0.6515871],[29.3744367,-0.6516179],[29.3744092,-0.6516353],[29.3743837,-0.6516575],[29.3743555,-0.6516883],[29.3743233,-0.6517393],[29.3743072,-0.6517601],[29.3742878,-0.6517768],[29.3742415,-0.6517996],[29.3741684,-0.6518465],[29.3741195,-0.6518687],[29.3740437,-0.6518868],[29.3739854,-0.6518942],[29.3738898,-0.6518945],[29.3738379,-0.6518921],[29.3738214,-0.6518935],[29.3738107,-0.6519032],[29.3738043,-0.651922],[29.3738104,-0.6519719],[29.3738278,-0.6520524],[29.3738466,-0.6521288],[29.3738888,-0.6522737],[29.3739331,-0.6524775],[29.3740323,-0.6527377],[29.3740699,-0.6528235],[29.3742228,-0.6530957],[29.3742844,-0.6531802],[29.3744078,-0.653258],[29.3745312,-0.6532928],[29.3746546,-0.65327],[29.3747793,-0.6532392],[29.374896,-0.653266],[29.3750194,-0.6533854],[29.375069,-0.6534846],[29.3751146,-0.6536281],[29.3751159,-0.6536858],[29.3750837,-0.6537541],[29.3750395,-0.6538507],[29.3750381,-0.6539446],[29.3751481,-0.6542785],[29.3752329,-0.6545307],[29.3752842,-0.6547203],[29.3752876,-0.6547753],[29.3752775,-0.654835],[29.3752514,-0.654888],[29.3752266,-0.6549094],[29.3751897,-0.6549503],[29.3751857,-0.6549892],[29.3751971,-0.6550254],[29.3752058,-0.6550603],[29.3752051,-0.6550985],[29.3751937,-0.6551273],[29.3751845,-0.6551392],[29.3751716,-0.6551508],[29.3751478,-0.6551562],[29.375123,-0.6551625],[29.3750824,-0.655176],[29.3750609,-0.655189],[29.3750489,-0.6552105],[29.3750482,-0.6552239],[29.3750516,-0.655234],[29.3750603,-0.655244],[29.3750757,-0.655249],[29.375122,-0.6552608],[29.3751649,-0.6552695],[29.3751812,-0.6552721],[29.3751873,-0.6552749],[29.3751915,-0.6552835],[29.375191,-0.655292],[29.3751827,-0.6553032],[29.3751672,-0.6553137],[29.3751595,-0.6553251],[29.3751572,-0.6553422],[29.3751662,-0.6554344],[29.3751642,-0.6555196],[29.3751662,-0.65559],[29.3751676,-0.6556115],[29.3751659,-0.6556783],[29.3751666,-0.6556906],[29.3751691,-0.6557045],[29.375177,-0.6557171],[29.3751897,-0.6557258],[29.3753231,-0.6557824],[29.3754217,-0.6558428],[29.375476,-0.655881],[29.3755769,-0.6559534],[29.3756235,-0.6560044],[29.3756544,-0.6560513],[29.3756671,-0.6560791],[29.3756832,-0.6561036],[29.3756933,-0.6561128],[29.3757174,-0.6561264],[29.3757382,-0.6561338],[29.3757644,-0.6561415],[29.3757835,-0.6561576],[29.3757863,-0.656165],[29.3757912,-0.6561861],[29.3757778,-0.6562317],[29.3757697,-0.6562779],[29.3757677,-0.6563302],[29.3757811,-0.6563772],[29.3758053,-0.6564127],[29.3758415,-0.656463],[29.3758549,-0.6564965],[29.3758643,-0.6565314],[29.3758659,-0.6565599],[29.3758743,-0.6565817],[29.3758901,-0.6565988],[29.3759058,-0.6566038],[29.375938,-0.6566058],[29.3759843,-0.6566018],[29.3760118,-0.6565958],[29.3760386,-0.6565971],[29.3760547,-0.6566172],[29.3760648,-0.6566601],[29.3760634,-0.6567232],[29.3760594,-0.6567506],[29.3760547,-0.6567832],[29.3760574,-0.6568016],[29.3760671,-0.656813],[29.3760842,-0.6568143],[29.3761275,-0.6568164],[29.3762371,-0.6568324],[29.37627,-0.6568371],[29.3762907,-0.6568452],[29.3763001,-0.6568613],[29.3763055,-0.6568948],[29.3763129,-0.6569431],[29.3763249,-0.6569659],[29.3763464,-0.6570054],[29.3763477,-0.6570316],[29.3763306,-0.6570537],[29.3763162,-0.6570591],[29.3762934,-0.6570598],[29.3762706,-0.657047],[29.3762425,-0.6570108],[29.3762062,-0.6569974],[29.3761861,-0.6569974],[29.3761633,-0.6570061],[29.3761499,-0.6570168],[29.3761466,-0.657037],[29.3761553,-0.6570624],[29.3761808,-0.6571194],[29.3762062,-0.6571556],[29.3762411,-0.6571838],[29.3762894,-0.6571892],[29.3762965,-0.6571871],[29.3763414,-0.6571737],[29.3763746,-0.6571593],[29.3763927,-0.6571402],[29.3764158,-0.6571057],[29.3764336,-0.6570986],[29.3764507,-0.657099],[29.3764782,-0.6571117],[29.3764926,-0.6571563],[29.3764949,-0.6571831],[29.3764983,-0.6572512],[29.376506,-0.6573186],[29.3765207,-0.6573682],[29.3765422,-0.6574171],[29.3765737,-0.6574768],[29.3766052,-0.6575244],[29.3766347,-0.6575452],[29.3767031,-0.6575673],[29.376801,-0.6575781],[29.3768486,-0.6575821],[29.3768714,-0.6575921],[29.3768828,-0.6576122],[29.3768922,-0.6576297],[29.3768956,-0.6576692],[29.3768976,-0.6577135],[29.3769076,-0.6577544],[29.3769358,-0.6578147],[29.376964,-0.6578603],[29.3770169,-0.6579113],[29.3770749,-0.6579435],[29.3771182,-0.657972],[29.377134,-0.6579911],[29.3771427,-0.6580156],[29.3771373,-0.6580303],[29.3771142,-0.6580481],[29.3770847,-0.6580534],[29.3770451,-0.6580441],[29.3770243,-0.6580306],[29.3769888,-0.6580186],[29.3769693,-0.6580206],[29.3769492,-0.6580273],[29.3769425,-0.65804],[29.3769459,-0.6580675],[29.3769606,-0.6580937],[29.3769895,-0.6581205],[29.377082,-0.6581815],[29.377149,-0.6582251],[29.3771899,-0.6582667],[29.3772322,-0.6583062],[29.3772738,-0.6583391],[29.377312,-0.6583599],[29.3773254,-0.6583746],[29.3773261,-0.658391],[29.3773177,-0.6584031],[29.3772989,-0.6584128],[29.3772842,-0.6584175],[29.3772469,-0.658437],[29.3772335,-0.6584484],[29.3772215,-0.6584732],[29.3772168,-0.6585134],[29.3772201,-0.6585925],[29.3772252,-0.6587119],[29.3772252,-0.6587397],[29.3772208,-0.6587592],[29.377206,-0.6587752],[29.3771896,-0.6587766],[29.3771702,-0.6587689],[29.3771554,-0.6587736],[29.3771474,-0.6587846],[29.3771447,-0.6588021],[29.3771437,-0.6588346],[29.3771423,-0.658914],[29.377133,-0.6589479],[29.3771192,-0.6589673],[29.3771034,-0.6589925],[29.3770542,-0.6590357],[29.3770166,-0.6590595],[29.3769724,-0.6590765],[29.3769579,-0.6590862],[29.3769536,-0.6590988],[29.3769537,-0.6591147],[29.3769606,-0.6591343],[29.376968,-0.6591719],[29.3769606,-0.6592101],[29.3769459,-0.6592335],[29.3769113,-0.659261],[29.3768912,-0.6592912],[29.3768778,-0.6593381],[29.3768724,-0.6593723],[29.3768647,-0.6593894],[29.376846,-0.6594072],[29.3768238,-0.6594163],[29.3767962,-0.6594189],[29.3767856,-0.6594211],[29.3767801,-0.6594287],[29.3767779,-0.6594394],[29.3767843,-0.6594629],[29.3767823,-0.6594826],[29.3767735,-0.659492],[29.3767551,-0.6594991],[29.3767273,-0.659491],[29.3767152,-0.6594736],[29.3767028,-0.6594504],[29.3766931,-0.6594434],[29.376683,-0.6594431],[29.3766716,-0.6594444],[29.3766619,-0.6594494],[29.3766569,-0.6594605],[29.3766538,-0.6594756],[29.3766555,-0.6595041],[29.3766592,-0.6595339],[29.3766699,-0.6595584],[29.376687,-0.6595802],[29.3767129,-0.6595892],[29.376733,-0.6595916],[29.3767816,-0.6595849],[29.3768205,-0.6595752],[29.3768433,-0.6595819],[29.3768493,-0.6595919],[29.376849,-0.6596087],[29.3768399,-0.6596197],[29.3768118,-0.6596452],[29.3767863,-0.659664],[29.376742,-0.6596868],[29.3766743,-0.659719],[29.3766066,-0.6597539],[29.3765509,-0.6597914],[29.3765,-0.659837],[29.3763806,-0.6599496],[29.3763234,-0.6599937],[29.3763176,-0.6599979],[29.3762939,-0.660006],[29.3762575,-0.6600066],[29.3762207,-0.6600103],[29.3762002,-0.6600197],[29.3761851,-0.6600358],[29.3761801,-0.6600583],[29.3761855,-0.6600871],[29.3762002,-0.6601102],[29.3762187,-0.6601444],[29.376225,-0.6601702],[29.3762247,-0.6601877],[29.3762988,-0.660356],[29.3762666,-0.6605678],[29.3761218,-0.6606322],[29.3758857,-0.6608039],[29.3757731,-0.6610962],[29.3758187,-0.6612384],[29.3759367,-0.6613376],[29.3758026,-0.6614958],[29.3758187,-0.6617158],[29.3757784,-0.6619679],[29.3757141,-0.6621905],[29.3755424,-0.6624265],[29.37525,-0.6625821],[29.3749684,-0.6627001],[29.3748906,-0.6626102],[29.3748437,-0.6626156],[29.3748477,-0.6626866],[29.3748048,-0.6628127],[29.3745738,-0.6631677],[29.3745429,-0.6632968],[29.37456,-0.6633927],[29.3744963,-0.6641443],[29.3745647,-0.6643274],[29.3745688,-0.664377],[29.3745667,-0.6644045],[29.3745527,-0.6644447],[29.3745413,-0.6644896],[29.3745359,-0.6645342],[29.3745507,-0.6646187],[29.3745805,-0.6646589],[29.3746237,-0.6646968],[29.3746486,-0.6647216],[29.37466,-0.6647448],[29.374663,-0.6647672],[29.374661,-0.6647894],[29.3746522,-0.6648293],[29.3746405,-0.6648846],[29.3746331,-0.6649503],[29.3746452,-0.6650562],[29.3746747,-0.6651675],[29.3746935,-0.6652326],[29.3747176,-0.6653083],[29.3747525,-0.6653754],[29.3748464,-0.6654699],[29.3748812,-0.6655008],[29.3748946,-0.6655242],[29.3748993,-0.6655598],[29.3748826,-0.6655873],[29.3748591,-0.6656127],[29.3748135,-0.6656282],[29.3747934,-0.665653],[29.374786,-0.6656724],[29.3747874,-0.6657013],[29.3748014,-0.6657308],[29.3748256,-0.6657468],[29.3748879,-0.6657556],[29.3749221,-0.6657784],[29.3749335,-0.6658132],[29.3749319,-0.6658444],[29.3749607,-0.6659004],[29.3750542,-0.6659721],[29.3750757,-0.6660365],[29.3751535,-0.6660875],[29.3751803,-0.6661572],[29.3753412,-0.6661545],[29.3754458,-0.6662403],[29.3755156,-0.6662886],[29.3756363,-0.6664629],[29.3755746,-0.6666158],[29.3754539,-0.6667311],[29.3753811,-0.6667966],[29.3753768,-0.6668647],[29.3753862,-0.666885],[29.3754054,-0.6668966],[29.375443,-0.6669117],[29.3755431,-0.6669652],[29.3756235,-0.6670335],[29.3757147,-0.6671308],[29.3757422,-0.6671925],[29.3757644,-0.6672716],[29.375767,-0.6673453],[29.3757637,-0.667409],[29.375767,-0.667458],[29.3758079,-0.6675572],[29.3758428,-0.6676337],[29.3758944,-0.6677014],[29.3759353,-0.6677624],[29.3759595,-0.6678107],[29.3759675,-0.6678884],[29.3759662,-0.6679984],[29.3759769,-0.6681097],[29.3760118,-0.6681794],[29.3760627,-0.6682384],[29.376099,-0.668272],[29.3761083,-0.6683846],[29.3761848,-0.6688339],[29.3762412,-0.6689358],[29.3762586,-0.6690189],[29.3762619,-0.6690598],[29.3762773,-0.66909],[29.3763041,-0.6691222],[29.3763806,-0.6691745],[29.3764637,-0.6693018],[29.3766482,-0.6696726],[29.376689,-0.6697746],[29.3766797,-0.6698235],[29.3766823,-0.6698624],[29.3766971,-0.6699053],[29.3767564,-0.6700357],[29.3767789,-0.6700676],[29.3767883,-0.6700746],[29.3768084,-0.6700797],[29.3768426,-0.6700776],[29.3768996,-0.6700736],[29.3769425,-0.670089],[29.376968,-0.6701105],[29.3769948,-0.6701615],[29.3770364,-0.6702647],[29.3770692,-0.6703143],[29.3771021,-0.6703512],[29.3771383,-0.6703807],[29.3772067,-0.6704478],[29.3772355,-0.6704826],[29.3772724,-0.6705738],[29.3772932,-0.6706409],[29.3772925,-0.6706851],[29.3772647,-0.6707813],[29.377259,-0.670836],[29.3772667,-0.670888],[29.3772791,-0.6709158],[29.3772966,-0.6709419],[29.3773381,-0.6709641],[29.377363,-0.6709755],[29.377375,-0.6709983],[29.3773777,-0.671011],[29.3773737,-0.6710298],[29.3773536,-0.6710438],[29.3773328,-0.6710492],[29.3772932,-0.6710566],[29.3772731,-0.6710693],[29.3772583,-0.6710948],[29.377261,-0.6711397],[29.3772657,-0.6711592],[29.3772825,-0.6712021],[29.3773643,-0.6712993],[29.3774427,-0.6713644],[29.3774924,-0.6713952],[29.3775983,-0.6714354],[29.3776748,-0.6714622],[29.3777271,-0.6715052],[29.3777847,-0.6715843],[29.3778531,-0.6717465],[29.3778773,-0.6718471],[29.3778974,-0.6719517],[29.3779135,-0.6720308],[29.3779175,-0.6721073],[29.3779604,-0.6723379],[29.3779658,-0.6724305],[29.3779725,-0.6724921],[29.3779577,-0.6726209],[29.3779644,-0.6727121],[29.3779705,-0.6727711],[29.3779812,-0.6728033],[29.3779933,-0.6728147],[29.3780442,-0.6728502],[29.378055,-0.6728703],[29.3780563,-0.6728891],[29.3780429,-0.6729146],[29.3780288,-0.672936],[29.3780006,-0.6729675],[29.3779691,-0.6730118],[29.3779624,-0.6730453],[29.3779537,-0.673103],[29.3779564,-0.6731278],[29.3779671,-0.6731479],[29.3779886,-0.6731593],[29.3780469,-0.6731667],[29.3780711,-0.6731808],[29.3780851,-0.6732035],[29.3780811,-0.6732297],[29.378069,-0.6732424],[29.3780442,-0.6732565],[29.3780255,-0.6732766],[29.3780013,-0.6732967],[29.3779953,-0.6733175],[29.3779866,-0.6733484],[29.3779839,-0.6733705],[29.3779892,-0.673398],[29.3780268,-0.6734429],[29.3780382,-0.673459],[29.3780476,-0.6734858],[29.3780456,-0.6735073],[29.3780322,-0.6735341],[29.3780228,-0.6735562],[29.3780154,-0.6735844],[29.3780177,-0.6735998],[29.3780313,-0.6736183],[29.3780529,-0.6736387],[29.3780912,-0.6736722],[29.3781032,-0.6736964],[29.3781173,-0.6737426],[29.3781213,-0.6737902],[29.3781213,-0.6738734],[29.37812,-0.6739512],[29.3781294,-0.6740196],[29.3781495,-0.6740558],[29.378175,-0.6740786],[29.378228,-0.674102],[29.3782534,-0.6741376],[29.3782675,-0.6741865],[29.3782689,-0.6742381],[29.3782601,-0.6742898],[29.3782695,-0.6743186],[29.3782823,-0.6743266],[29.3783078,-0.6743367],[29.3783547,-0.6743421],[29.3783631,-0.6743493],[29.3783653,-0.6743597],[29.3783627,-0.6743743],[29.3783554,-0.674384],[29.37835,-0.6743987],[29.3783513,-0.6744128],[29.3783611,-0.6744252],[29.3783751,-0.67444],[29.3783822,-0.6744661],[29.3783788,-0.6744809],[29.3783671,-0.6745],[29.3783393,-0.6745312],[29.3783306,-0.6745509],[29.3783265,-0.6745677],[29.3783265,-0.6745962],[29.3783232,-0.674625],[29.3783111,-0.6746498],[29.378285,-0.6746733],[29.3782695,-0.6746921],[29.3782534,-0.6747276],[29.3782374,-0.6747786],[29.3782333,-0.6748134],[29.3782226,-0.6748443],[29.3781817,-0.6749006],[29.3781582,-0.6749381],[29.3781415,-0.6749683],[29.3781334,-0.6749918],[29.3781341,-0.6750273],[29.3781468,-0.6750501],[29.3781683,-0.6750609],[29.3781978,-0.6750682],[29.3782152,-0.6750904],[29.3782125,-0.6751158],[29.3782005,-0.6751299],[29.3781576,-0.6751547],[29.3781167,-0.6751755],[29.378065,-0.6751983],[29.3779933,-0.6752273],[29.377952,-0.6752355],[29.3779095,-0.6752426],[29.3778977,-0.6752493],[29.3778853,-0.6752613],[29.3778779,-0.6752804],[29.3778712,-0.6753052],[29.3778632,-0.6753247],[29.3778561,-0.6753304],[29.37784,-0.6753291],[29.3778116,-0.6753257],[29.3777693,-0.6753337],[29.3777016,-0.6753606],[29.3776412,-0.6753874],[29.3776037,-0.6754115],[29.3775762,-0.6754357],[29.3775279,-0.6754886],[29.377487,-0.6755168],[29.3774528,-0.6755302],[29.3773945,-0.6755376],[29.3772959,-0.675549],[29.3772496,-0.6755631],[29.3772148,-0.6755812],[29.3771283,-0.6756522],[29.3771034,-0.675677],[29.3770605,-0.6757106],[29.3770015,-0.6757334],[29.3769452,-0.6757448],[29.376917,-0.6757555],[29.3768869,-0.6757746],[29.3768349,-0.6758225],[29.3768004,-0.675848],[29.3767534,-0.6758792],[29.3767065,-0.675909],[29.3766233,-0.6759593],[29.3765777,-0.6759922],[29.376508,-0.6760498],[29.3764557,-0.6761042],[29.3764108,-0.6761598],[29.376392,-0.6761873],[29.3763705,-0.6762081],[29.3763149,-0.6762155],[29.3762914,-0.6762027],[29.3762592,-0.6761685],[29.3762384,-0.6761551],[29.3761948,-0.6761457],[29.376161,-0.6761518],[29.3761358,-0.6761685],[29.3761043,-0.6762114],[29.3760839,-0.6762312],[29.3760624,-0.6762376],[29.3760188,-0.6762336],[29.375991,-0.6762346],[29.3759447,-0.6762443],[29.3758562,-0.6762725],[29.3757952,-0.6763033],[29.3757275,-0.6763214],[29.3756738,-0.676314],[29.3756162,-0.6762926],[29.3755585,-0.6762711],[29.3755049,-0.6762577],[29.375423,-0.6762651],[29.3753935,-0.6762778],[29.3753627,-0.676312],[29.3753318,-0.6763315],[29.3752869,-0.6763402],[29.3751656,-0.6763154],[29.3750609,-0.6762416],[29.3749657,-0.6761786],[29.3748249,-0.6760814],[29.3747686,-0.6760452],[29.3746962,-0.6760197],[29.3746103,-0.6760096],[29.3745024,-0.6760096],[29.3743837,-0.6760143],[29.3742999,-0.6760358],[29.3742502,-0.6760572],[29.3741899,-0.6760854],[29.374155,-0.6761162],[29.3741306,-0.6761561],[29.3741027,-0.6762047],[29.3740715,-0.6762326],[29.3740109,-0.6762376],[29.3739572,-0.6762188],[29.3739009,-0.6761833],[29.3738808,-0.6761685],[29.3738493,-0.6761551],[29.373801,-0.6761565],[29.3737373,-0.6761618],[29.3737091,-0.6761652],[29.373626,-0.6761531],[29.373581,-0.6761263],[29.3735522,-0.6760988],[29.3735281,-0.6760344],[29.373516,-0.6759808],[29.3735126,-0.6758836],[29.3735012,-0.6758544],[29.3734801,-0.675838],[29.3734509,-0.6758333],[29.3734278,-0.6758376],[29.373404,-0.6758433],[29.3733829,-0.6758433],[29.3733353,-0.6758336],[29.373287,-0.6758246],[29.3732166,-0.6758252],[29.373176,-0.6758303],[29.3731003,-0.6758259],[29.3730097,-0.6758292],[29.3729272,-0.6758769],[29.3728857,-0.6759037],[29.3727972,-0.6759224],[29.3727046,-0.6759171],[29.3726282,-0.6758822],[29.3724257,-0.675728],[29.3723077,-0.6756408],[29.3722272,-0.6755738],[29.3721769,-0.6755436],[29.3721387,-0.6755336],[29.3720153,-0.6755175],[29.3719268,-0.6755121],[29.3717886,-0.6755175],[29.3717655,-0.6755309],[29.3717602,-0.6755466],[29.3717598,-0.6755745],[29.3717799,-0.6756281],[29.3718068,-0.6756496],[29.3718483,-0.6756576],[29.3718832,-0.6756616],[29.3719201,-0.6756703],[29.371961,-0.6756884],[29.3719798,-0.6757126],[29.3719959,-0.6757387],[29.3720099,-0.6757635],[29.3720324,-0.6757733],[29.3720575,-0.6757749],[29.3721018,-0.6757669],[29.372134,-0.6757656],[29.3721648,-0.6757756],[29.372301,-0.6759479],[29.3723626,-0.6760056],[29.3724156,-0.6760358],[29.3724652,-0.6760512],[29.3725048,-0.676082],[29.3725383,-0.6761236],[29.3725497,-0.6761739],[29.3725477,-0.676247],[29.3725276,-0.6763301],[29.372478,-0.6765246],[29.3724672,-0.6765809],[29.3724391,-0.6766694],[29.3723948,-0.6767472],[29.3723036,-0.6768384],[29.3722312,-0.6769041],[29.3721843,-0.6769671],[29.3721534,-0.6770395],[29.3721347,-0.6770985],[29.3721233,-0.6771233],[29.3720964,-0.6771595],[29.3720555,-0.677185],[29.3719818,-0.6772138],[29.3719402,-0.6772319],[29.3719013,-0.6772501],[29.3718322,-0.6773044],[29.3717545,-0.6773667],[29.3715379,-0.6774914],[29.3713427,-0.6775786],[29.3712777,-0.6776081],[29.3712247,-0.6776141],[29.3711697,-0.6776074],[29.3711268,-0.677592],[29.3710873,-0.6775558],[29.371039,-0.6775082],[29.3709619,-0.6774157],[29.3707795,-0.6772407],[29.3707309,-0.677188],[29.3707,-0.6771602],[29.3706648,-0.6771411],[29.3706142,-0.67713],[29.370587,-0.677128],[29.3705649,-0.6771186],[29.370518,-0.6770683],[29.3704744,-0.677014],[29.3704194,-0.6769242],[29.3704006,-0.6768746],[29.3703926,-0.6768397],[29.3703999,-0.6767861],[29.3704174,-0.676725],[29.3704315,-0.6766137],[29.3704241,-0.6765671],[29.3704177,-0.6765383],[29.3704009,-0.6765125],[29.3703852,-0.6765011],[29.3703302,-0.6764736],[29.370292,-0.6764548],[29.3702725,-0.6764367],[29.3702558,-0.6763898],[29.3702491,-0.6763553],[29.3702424,-0.6763422],[29.3702283,-0.6763264],[29.3702118,-0.676318],[29.3701666,-0.6763093],[29.3701009,-0.6763026],[29.3700492,-0.6762926],[29.3700264,-0.6762812],[29.3699852,-0.676257],[29.3699517,-0.6762208],[29.3699205,-0.6761612],[29.369891,-0.6761196],[29.3698367,-0.676074],[29.3697274,-0.6760136],[29.369655,-0.6759808],[29.369606,-0.6759634],[29.3695054,-0.6759298],[29.3693727,-0.6758896],[29.3693056,-0.6758628],[29.3692271,-0.6758326],[29.3690146,-0.6757763],[29.3689039,-0.6757481],[29.368798,-0.6757039],[29.3687651,-0.6756663],[29.3687457,-0.6755926],[29.3687376,-0.675551],[29.3687175,-0.675494],[29.3686759,-0.6754605],[29.3686511,-0.6754571],[29.3686156,-0.6754618],[29.3685848,-0.6754839],[29.368521,-0.6755255],[29.36846,-0.6755543],[29.3684091,-0.6755718],[29.368334,-0.6755845],[29.368291,-0.6755872],[29.3682347,-0.6755765],[29.3681925,-0.6755597],[29.3681442,-0.6755383],[29.3681066,-0.675498],[29.3680731,-0.6754705],[29.3680503,-0.6754611],[29.3680282,-0.6754598],[29.36799,-0.6754658],[29.3679504,-0.675486],[29.3679196,-0.6755101],[29.3678565,-0.6755443],[29.3677989,-0.6755678],[29.3677486,-0.6755768],[29.3677241,-0.6755758],[29.3676963,-0.6755745],[29.3676711,-0.6755634],[29.3676594,-0.6755577],[29.3676376,-0.6755423],[29.3676198,-0.6755369],[29.3676042,-0.6755416],[29.3675974,-0.6755502],[29.3675913,-0.6755835],[29.3675875,-0.6755952],[29.3675742,-0.6756107],[29.3675373,-0.6756221],[29.3674857,-0.6756274],[29.367422,-0.6756221],[29.3673724,-0.6756107],[29.3672993,-0.6755624],[29.3672101,-0.6755],[29.3671404,-0.6754484],[29.3670478,-0.6754122],[29.3669446,-0.6754075],[29.3668574,-0.6754263],[29.3667823,-0.6754296],[29.3667226,-0.6754404],[29.3666636,-0.6754357],[29.3666227,-0.675429],[29.3665946,-0.6754142],[29.366561,-0.6754062],[29.3665369,-0.6754142],[29.3665302,-0.6754256],[29.3665235,-0.6754591],[29.3665235,-0.6754953],[29.3665134,-0.6755356],[29.3664826,-0.6755758],[29.3664068,-0.6756261],[29.3663263,-0.675673],[29.3662385,-0.6757179],[29.3661661,-0.6757387],[29.3661211,-0.6757407],[29.3660822,-0.6757226],[29.366034,-0.6756884],[29.3660085,-0.6756811],[29.3659662,-0.6756864],[29.3659428,-0.6757092],[29.365918,-0.6757495],[29.3658898,-0.6758051],[29.3658435,-0.6758702],[29.3657939,-0.6759452],[29.3657497,-0.6760331],[29.3657235,-0.6761028],[29.3657094,-0.6761679],[29.3657094,-0.6762222],[29.3657356,-0.6763066],[29.365747,-0.6763717],[29.3657369,-0.6764454],[29.3657108,-0.6765044],[29.3656484,-0.676603],[29.3655036,-0.676834],[29.3654171,-0.6769577],[29.3653835,-0.6769979],[29.3653433,-0.6770201],[29.3652944,-0.6770201],[29.3652474,-0.6770053],[29.3652179,-0.6770114],[29.3652032,-0.6770321],[29.3651991,-0.6770757],[29.3651871,-0.6771099],[29.3651636,-0.6771361],[29.3651146,-0.6771703],[29.3650771,-0.6772185],[29.3650617,-0.6772708],[29.365061,-0.6773117],[29.365064,-0.6773785],[29.3650603,-0.6774103],[29.3650308,-0.6774807],[29.3649926,-0.6775766],[29.3649634,-0.6776483],[29.3649608,-0.6776738],[29.3649634,-0.677707],[29.3649631,-0.6777201],[29.3649557,-0.6777388],[29.364942,-0.6777496],[29.3649145,-0.6777536],[29.3648947,-0.6777539],[29.3648706,-0.6777586],[29.3648384,-0.6777811],[29.3648082,-0.6778099],[29.364776,-0.6778381],[29.3647606,-0.6778548],[29.3647463,-0.6778736],[29.364744,-0.6778981],[29.3647455,-0.6779259],[29.3647418,-0.6779387],[29.3647338,-0.6779511],[29.364711,-0.6779695],[29.3646761,-0.6779809],[29.3646432,-0.6779829],[29.3646238,-0.677995],[29.3645936,-0.6780198],[29.364538,-0.6781009],[29.364491,-0.6781572],[29.3644689,-0.6781753],[29.3644401,-0.6781861],[29.3644193,-0.6781854],[29.3643931,-0.6781753],[29.3643797,-0.6781673],[29.3643697,-0.678168],[29.3643549,-0.6781767],[29.3643516,-0.6782055],[29.3643529,-0.6782384],[29.3643502,-0.6782732],[29.3643368,-0.6783088],[29.3643214,-0.6783316],[29.3642993,-0.678351],[29.3642744,-0.678355],[29.3642087,-0.678355],[29.3641651,-0.6783731],[29.3640961,-0.6784261],[29.3640009,-0.6785012],[29.3639177,-0.6786098],[29.3638426,-0.6787493],[29.3637709,-0.6789136],[29.3637011,-0.679041],[29.3636307,-0.6791422],[29.3635342,-0.6792562],[29.3635087,-0.6793092],[29.3634979,-0.6793735],[29.3634976,-0.679462],[29.3634912,-0.6794952],[29.3634678,-0.6795328],[29.3634178,-0.6795663],[29.3633732,-0.6796116],[29.3633276,-0.6797014],[29.3633082,-0.6797805],[29.3632498,-0.6799093],[29.3631003,-0.680042],[29.3628824,-0.6805047],[29.3628341,-0.6806643],[29.3629239,-0.6810196],[29.3630017,-0.6811531],[29.3630628,-0.6813321],[29.3630601,-0.6814018],[29.3630376,-0.6814417],[29.3629172,-0.6814498],[29.3628961,-0.6814799],[29.3629109,-0.6816067],[29.3628576,-0.6817143],[29.3628683,-0.6818216],[29.3629171,-0.6819624],[29.3628535,-0.6820395],[29.3628317,-0.6822594],[29.3627684,-0.6823278],[29.3627778,-0.6823543],[29.362869,-0.6823955],[29.3629062,-0.6825112],[29.3628773,-0.6826868],[29.3628079,-0.6828025],[29.3628002,-0.6828726],[29.3629119,-0.6829651],[29.3629478,-0.6830303],[29.3629291,-0.6831616],[29.3630131,-0.6831733],[29.3630436,-0.6832041],[29.3630614,-0.6833191],[29.36305,-0.6833661],[29.3630145,-0.6834147],[29.363101,-0.6834878],[29.3631104,-0.6835441],[29.3629561,-0.6842293],[29.3629786,-0.6843497],[29.3630148,-0.6843722],[29.3630799,-0.6843792],[29.3631368,-0.6844221],[29.3631365,-0.68447],[29.3631047,-0.6845337],[29.3631788,-0.6846873],[29.3631727,-0.6847644],[29.3631519,-0.684804],[29.3630768,-0.6848569],[29.3630514,-0.6849226],[29.3631144,-0.6850614],[29.363276,-0.6853075],[29.3633088,-0.6853839],[29.3632854,-0.685512],[29.3632693,-0.6855375],[29.3631506,-0.6856092],[29.3631311,-0.6856381],[29.3631191,-0.6857132],[29.3631439,-0.6857527],[29.3632042,-0.6857983],[29.363449,-0.6859311],[29.3635073,-0.6859975],[29.3635529,-0.6861503],[29.3635751,-0.6862972],[29.3635677,-0.6863609],[29.3635375,-0.6864065],[29.3635362,-0.6864353],[29.3635462,-0.6864635],[29.363573,-0.6864802],[29.3636616,-0.6864923],[29.363742,-0.686552],[29.3637762,-0.68656],[29.3638862,-0.6864795],[29.3639512,-0.6864588],[29.3640907,-0.6864722],[29.3641236,-0.6864963],[29.3641604,-0.6865593],[29.3642543,-0.6867994],[29.3642765,-0.6868088],[29.3644059,-0.6867913],[29.3644595,-0.6868168],[29.3644991,-0.6868463],[29.36455,-0.686969],[29.3645789,-0.6870019],[29.3646339,-0.6870066],[29.3646493,-0.6869932],[29.3646707,-0.686902],[29.3647063,-0.6868839],[29.3647572,-0.6868892],[29.3649906,-0.6872151],[29.3650241,-0.6872298],[29.3651716,-0.6871983],[29.3653433,-0.6872319],[29.3655351,-0.6871842],[29.3656088,-0.6871883],[29.3656813,-0.6872138],[29.3657443,-0.6872687],[29.3658033,-0.6874602],[29.3658368,-0.6874706],[29.3659052,-0.6874297],[29.3659307,-0.6874283],[29.3659917,-0.6874511],[29.3660118,-0.6874799],[29.3660688,-0.6876308],[29.3661983,-0.6878487],[29.3661681,-0.6882048],[29.3661909,-0.6883811],[29.3662512,-0.6884797],[29.3663404,-0.6885662],[29.3663518,-0.6886198],[29.3663337,-0.6886862],[29.3662968,-0.6887251],[29.3661869,-0.688776],[29.3661319,-0.6888565],[29.366042,-0.6890456],[29.3660018,-0.6891381],[29.3659937,-0.6892467],[29.3660112,-0.6893929],[29.366101,-0.6896463],[29.3662003,-0.689814],[29.366321,-0.6899212],[29.3663532,-0.6899923],[29.3664014,-0.6901345],[29.3664283,-0.6903075],[29.3664926,-0.6905059],[29.3666671,-0.6909177],[29.3668306,-0.6912327],[29.3668628,-0.6914446],[29.3668648,-0.6916364],[29.3668306,-0.6918295],[29.3667709,-0.6920481],[29.3667916,-0.6921995],[29.3668547,-0.6923941],[29.3669077,-0.6924403],[29.3669748,-0.6924088],[29.3670204,-0.6923398],[29.367139,-0.6920521],[29.3671806,-0.6919857],[29.3672477,-0.6919314],[29.3673221,-0.6918939],[29.3674071,-0.6919014],[29.3675414,-0.6919978],[29.367599,-0.691983],[29.3676627,-0.6919456],[29.3677861,-0.6918449],[29.3679571,-0.6918074],[29.3679927,-0.6918235],[29.3680476,-0.6919012],[29.3681134,-0.6919153],[29.3682508,-0.6918724],[29.3683058,-0.6918335],[29.3683675,-0.6917101],[29.3683983,-0.6916847],[29.3684895,-0.69169],[29.3685164,-0.691741],[29.3685713,-0.6917517],[29.3686987,-0.691737],[29.368751,-0.6917169],[29.368798,-0.6916404],[29.3688422,-0.6916149],[29.3691963,-0.6914768],[29.3692674,-0.6914634],[29.3696067,-0.6914795],[29.3697542,-0.6914245],[29.3698454,-0.6914419],[29.3699902,-0.6914084],[29.3700559,-0.6914111],[29.3702424,-0.6914822],[29.3704905,-0.6914902],[29.3705615,-0.6915251],[29.3706594,-0.6916055],[29.3707184,-0.6916874],[29.3707801,-0.6918389],[29.3708566,-0.6919247],[29.3710269,-0.6920534],[29.3711154,-0.692205],[29.3711945,-0.6923123],[29.3713059,-0.6924182],[29.3715258,-0.6927535],[29.3715325,-0.692842],[29.3714359,-0.6931263],[29.3714721,-0.6933167],[29.3714534,-0.6934977],[29.3714239,-0.6935514],[29.3713045,-0.6936667],[29.3711007,-0.6939241],[29.3710551,-0.6941159],[29.3709317,-0.6943318],[29.3708056,-0.6947945],[29.370764,-0.6948937],[29.3705884,-0.6951324],[29.370583,-0.695241],[29.3706125,-0.695363],[29.3705964,-0.6953979],[29.3704328,-0.6954918],[29.3701981,-0.6957291],[29.3701418,-0.6959008],[29.3701015,-0.6959638],[29.3697944,-0.6961878],[29.3697046,-0.696283],[29.3696147,-0.6966035],[29.3695611,-0.6969924],[29.369486,-0.6972552],[29.3693948,-0.6973464],[29.3693988,-0.6974671],[29.369376,-0.6975985],[29.3692352,-0.6979325],[29.3691708,-0.6981349],[29.3691748,-0.6982422],[29.3691198,-0.6984245],[29.3690059,-0.6987437],[29.3688811,-0.6989743],[29.3688396,-0.6991863],[29.3688449,-0.6996154],[29.3688248,-0.6996623],[29.3687055,-0.6997776],[29.3685392,-0.6999828],[29.3685244,-0.7000257],[29.3685432,-0.7000941],[29.3686075,-0.7001585],[29.3686558,-0.7002899],[29.3686813,-0.7005541],[29.3686733,-0.7008062],[29.3686451,-0.700896],[29.3685392,-0.7009752],[29.3683004,-0.7012702],[29.3682173,-0.7013171],[29.3681864,-0.7013775],[29.3679178,-0.7017465],[29.3679792,-0.7019824],[29.3679883,-0.7021639],[29.3678413,-0.702463],[29.3676875,-0.7025689],[29.3676282,-0.7027518],[29.367343,-0.7027414],[29.3672767,-0.7028207],[29.3673695,-0.7028824],[29.3676162,-0.7028618],[29.3677278,-0.7027276],[29.3680544,-0.7024989],[29.3682565,-0.7022044],[29.3682089,-0.7017523],[29.3683822,-0.7015518],[29.3684694,-0.7015102],[29.368566,-0.7014284],[29.3686518,-0.7013815],[29.3688436,-0.7013332],[29.3689013,-0.7012957],[29.3689576,-0.7012112],[29.3690206,-0.7009269],[29.3692861,-0.7006319],[29.3693867,-0.7004575],[29.3695946,-0.7003476],[29.3697005,-0.7002631],[29.369954,-0.7001638],[29.370009,-0.7001075],[29.3700466,-0.7000418],[29.3700626,-0.6999292],[29.3701002,-0.6998541],[29.3702155,-0.6997723],[29.370355,-0.6996328],[29.3704328,-0.699378],[29.3705817,-0.6992144],[29.3708915,-0.6989409],[29.370921,-0.6988926],[29.3710135,-0.6984889],[29.3710564,-0.6984179],[29.3711033,-0.6982677],[29.37122,-0.6981362],[29.3712696,-0.6980531],[29.3713045,-0.6979431],[29.3713635,-0.6978399],[29.3714333,-0.6977581],[29.3715982,-0.6974255],[29.3717109,-0.6973652],[29.3718021,-0.6973558],[29.3718356,-0.6973263],[29.3719375,-0.6971452],[29.3719952,-0.6969709],[29.372077,-0.6965136],[29.3720917,-0.6963178],[29.3720676,-0.696055],[29.3720743,-0.6960121],[29.3720931,-0.6959893],[29.3721655,-0.6959759],[29.3721829,-0.6959464],[29.3721695,-0.6958981],[29.3720502,-0.6958324],[29.3720368,-0.6957841],[29.3720555,-0.6956889],[29.3721883,-0.6953456],[29.3721709,-0.6951539],[29.3722232,-0.694954],[29.3722258,-0.6948575],[29.3721735,-0.6944793],[29.3721333,-0.694356],[29.3721226,-0.6942688],[29.3721293,-0.6941146],[29.3721655,-0.6939764],[29.3722191,-0.6938759],[29.3722299,-0.6938088],[29.3722621,-0.6937552],[29.3723238,-0.693719],[29.3723398,-0.693668],[29.372309,-0.6934199],[29.3723492,-0.6932952],[29.3724029,-0.6931879],[29.3725437,-0.6930619],[29.3725745,-0.6930176],[29.3725772,-0.6929707],[29.3725611,-0.6929278],[29.3725182,-0.6928956],[29.3724941,-0.6928594],[29.3724927,-0.6928272],[29.3725115,-0.6927521],[29.3725893,-0.6925791],[29.3726014,-0.6924571],[29.372663,-0.6923082],[29.372663,-0.692209],[29.3726014,-0.6920977],[29.3725316,-0.6920159],[29.3725249,-0.691969],[29.3725879,-0.6916833],[29.3726027,-0.6915305],[29.3726778,-0.6914031],[29.3727033,-0.6913105],[29.3727127,-0.6911818],[29.3726912,-0.6911255],[29.3725142,-0.6908895],[29.3725102,-0.6907647],[29.3724941,-0.6907245],[29.3724324,-0.6906977],[29.3723868,-0.6906588],[29.3723774,-0.6906226],[29.3723989,-0.6905649],[29.3725638,-0.6904295],[29.3726094,-0.6903544],[29.3726698,-0.6902042],[29.3726818,-0.6900594],[29.3726644,-0.6899776],[29.3726027,-0.6899199],[29.3725759,-0.6898663],[29.3725812,-0.6898006],[29.3726684,-0.6896732],[29.3728387,-0.689527],[29.3729313,-0.6894009],[29.3729822,-0.6892628],[29.3730533,-0.6891622],[29.3734033,-0.6887894],[29.3734851,-0.6886004],[29.3735522,-0.6884958],[29.3739384,-0.6882624],[29.3740457,-0.6881551],[29.3741021,-0.6880693],[29.3741772,-0.6879057],[29.3742523,-0.6878279],[29.3743595,-0.687777],[29.374609,-0.6876134],[29.3747297,-0.6874873],[29.3749469,-0.6872379],[29.3750864,-0.6870206],[29.3752849,-0.6867819],[29.3754941,-0.6866586],[29.3757462,-0.6864574],[29.3758723,-0.6863528],[29.3760574,-0.6861517],[29.3761754,-0.6859693],[29.3763337,-0.6857708],[29.3764839,-0.6855134],[29.3765348,-0.6854624],[29.3765938,-0.6854409],[29.3766877,-0.6853739],[29.3767601,-0.6852907],[29.3768594,-0.6846819],[29.3768916,-0.6845666],[29.3769237,-0.6845103],[29.3770149,-0.6844593],[29.3772697,-0.6843708],[29.3773851,-0.6842769],[29.3774682,-0.6842287],[29.3776077,-0.6842072],[29.3776828,-0.6841214],[29.3777633,-0.6837647],[29.3778464,-0.6836359],[29.3779564,-0.6835716],[29.3780744,-0.6835394],[29.3784633,-0.6835877],[29.3789649,-0.6836708],[29.3790936,-0.6836654],[29.379217,-0.6836279],[29.3794906,-0.6834965],[29.3797535,-0.6834509],[29.3801169,-0.683361],[29.3802591,-0.683294],[29.3803127,-0.6832484],[29.3804213,-0.6831143],[29.3805769,-0.6829963],[29.380829,-0.682893],[29.3810503,-0.6828541],[29.381116,-0.6828152],[29.3811724,-0.6827536],[29.3812703,-0.6825537],[29.3813494,-0.6824357],[29.3813561,-0.682252],[29.3813722,-0.6822104],[29.3817839,-0.681894],[29.3819931,-0.6816405],[29.3820025,-0.6815601],[29.381981,-0.681493],[29.3818335,-0.6812892],[29.3817745,-0.6811457],[29.3817691,-0.6810679],[29.3817785,-0.6809888],[29.3819529,-0.6807233],[29.3820146,-0.6805704],[29.3820059,-0.6805302],[29.3817886,-0.6802747],[29.3817457,-0.6802418],[29.3815619,-0.6802016],[29.3814627,-0.6801547],[29.3813266,-0.6800487],[29.3811348,-0.6798597],[29.3811415,-0.6798261],[29.381171,-0.6798087],[29.3812636,-0.6798127],[29.3813306,-0.6798395],[29.381621,-0.6800863],[29.3817524,-0.6801037],[29.3819281,-0.6800326],[29.3819579,-0.6800343],[29.3819797,-0.6800588],[29.3819891,-0.6802204],[29.3820642,-0.6802901],[29.3821594,-0.6803263],[29.382327,-0.6802767],[29.3823566,-0.6802841],[29.3823666,-0.6803069],[29.3823358,-0.6804463],[29.3823525,-0.6805154],[29.382378,-0.6805489],[29.382431,-0.6805704],[29.3826087,-0.6805831],[29.3827649,-0.6806113],[29.3828528,-0.6805751],[29.382944,-0.6805134],[29.383003,-0.6804973],[29.3830435,-0.6805017],[29.3830566,-0.6805503],[29.3830499,-0.680671],[29.3830164,-0.6807306],[29.3829507,-0.6808031],[29.3829205,-0.6808708],[29.3829232,-0.681147],[29.3829621,-0.6812161],[29.3830975,-0.6812758],[29.3832564,-0.6813851],[29.3832826,-0.6813864],[29.3832967,-0.6813716],[29.3833356,-0.6812469],[29.3834288,-0.6811651],[29.383585,-0.6811671],[29.383636,-0.6811517],[29.3838117,-0.6810833],[29.3838653,-0.6810444],[29.3839384,-0.6809613],[29.3840383,-0.6809412],[29.3840886,-0.6809573],[29.3841355,-0.6809928],[29.3843072,-0.6811571],[29.3845989,-0.681312],[29.3847169,-0.6813133],[29.384855,-0.6812322],[29.3848946,-0.6812329],[29.3849114,-0.6812691],[29.3849161,-0.6813569],[29.3849583,-0.6814105],[29.3850689,-0.681436],[29.3852855,-0.68144],[29.3854183,-0.6813743],[29.3855071,-0.68137],[29.3855413,-0.6814001],[29.385589,-0.681499],[29.3856309,-0.6815218],[29.3856617,-0.6815088],[29.3856778,-0.6814203],[29.3856915,-0.6814102],[29.3857499,-0.6814343],[29.3858371,-0.6813941],[29.385881,-0.6813934],[29.3859343,-0.6814236],[29.3860062,-0.6814223],[29.386051,-0.6814799],[29.386114,-0.6814863],[29.3861227,-0.6815088],[29.3860882,-0.6815413],[29.3860791,-0.6815772],[29.3861338,-0.6816586],[29.3863148,-0.68167],[29.3864389,-0.6817123],[29.3865274,-0.6818511],[29.3866675,-0.6818886],[29.3867983,-0.6819657],[29.3868707,-0.6819892],[29.3871443,-0.6820053],[29.3872677,-0.6819758],[29.3873991,-0.6819892],[29.3876003,-0.6819785],[29.3877894,-0.6818873],[29.3878403,-0.6818792],[29.3878993,-0.6818913],[29.3879624,-0.6819215],[29.3880623,-0.681927],[29.388134,-0.6818631],[29.3881662,-0.6818671],[29.3882374,-0.6819066],[29.3882869,-0.6819101],[29.3883177,-0.6819101],[29.3883406,-0.6819262],[29.388409,-0.6819329],[29.3884425,-0.681957],[29.388539,-0.6820696],[29.388712,-0.6822104],[29.3887657,-0.6822332],[29.3890473,-0.6823673],[29.3891788,-0.6825537],[29.3893625,-0.6826771],[29.3896119,-0.6831002],[29.3896964,-0.683239],[29.3897534,-0.6832558],[29.3897809,-0.6832839],[29.3897809,-0.6834978],[29.3899888,-0.6840047],[29.3900438,-0.6842541],[29.3900558,-0.6843923],[29.3901336,-0.6845827],[29.3902838,-0.6848026],[29.3903576,-0.6848777],[29.3903871,-0.6849434],[29.3903898,-0.6849756],[29.3903697,-0.6850252],[29.3904179,-0.6852693],[29.3903857,-0.6853658],[29.3903898,-0.6854101],[29.3906607,-0.6863086],[29.3907666,-0.6865339],[29.3908337,-0.6867659],[29.3909477,-0.6870072],[29.391169,-0.6872821],[29.3911783,-0.6874672],[29.3911676,-0.6875906],[29.3911783,-0.6876496],[29.3912186,-0.687718],[29.3913768,-0.6877877],[29.3914063,-0.6878253],[29.3914171,-0.6879956],[29.3913715,-0.6881793],[29.3913768,-0.6882343],[29.3913889,-0.6883872],[29.3914143,-0.6886459],[29.3913768,-0.6888712],[29.3912923,-0.6891837],[29.3913004,-0.6894653],[29.3912856,-0.6897254],[29.3912481,-0.6898355],[29.3913031,-0.6899628],[29.3912937,-0.6901734],[29.3912588,-0.6903671],[29.3912695,-0.690394],[29.3915083,-0.6904657],[29.3915693,-0.6904992],[29.391586,-0.6905401],[29.3915532,-0.6906749],[29.3914935,-0.6907788],[29.3914922,-0.6908284],[29.3915813,-0.6909619],[29.3916752,-0.6910249],[29.3916866,-0.691049],[29.3916739,-0.6912106],[29.3917141,-0.6913253],[29.3917644,-0.691401],[29.391747,-0.6914963],[29.3917838,-0.6916384],[29.3917698,-0.6916793],[29.3917108,-0.691741],[29.3917155,-0.6917886],[29.3917624,-0.6918751],[29.3918214,-0.6919348],[29.3918429,-0.6919857],[29.3918657,-0.6919924],[29.3919441,-0.6919415],[29.3920313,-0.6919844],[29.3920635,-0.6920226],[29.3920675,-0.6920521],[29.3920527,-0.6920843],[29.3919401,-0.6921473],[29.3919213,-0.6921761],[29.3919307,-0.6923317],[29.3919555,-0.6923585],[29.392099,-0.6923538],[29.3921828,-0.6923693],[29.3924531,-0.6923612],[29.3925979,-0.6923351],[29.3926408,-0.6922995],[29.3926509,-0.6922566],[29.39262,-0.69215],[29.3926308,-0.6919985],[29.392732,-0.6918121],[29.3927367,-0.6917564],[29.3927179,-0.691401],[29.392676,-0.6913006],[29.3926787,-0.691275],[29.3929231,-0.6908948],[29.393025,-0.690632],[29.3930854,-0.6905234],[29.3930975,-0.6904295],[29.3930371,-0.6901331],[29.3929996,-0.6900366],[29.3929969,-0.6899695],[29.3930277,-0.6898689],[29.3930854,-0.6897764],[29.3932302,-0.6897375],[29.3934663,-0.6897912],[29.3936701,-0.6897871],[29.3937962,-0.6897737],[29.3938485,-0.6897322],[29.3938673,-0.6896866],[29.3938914,-0.6895216],[29.3938713,-0.6894868],[29.3937519,-0.6893983],[29.3937144,-0.6892856],[29.3937251,-0.6892212],[29.3937828,-0.6891126],[29.3938941,-0.6890147],[29.3939745,-0.6889128],[29.3940268,-0.6887586],[29.3940966,-0.6886768],[29.3943273,-0.6884783],[29.3945445,-0.6883228],[29.3946008,-0.6883013],[29.3947604,-0.6882758],[29.3948436,-0.6882302],[29.394853,-0.6881806],[29.3948181,-0.688017],[29.3947725,-0.687958],[29.3947028,-0.6879245],[29.3946317,-0.6878682],[29.3946022,-0.6878065],[29.3946049,-0.6877703],[29.3946508,-0.6877019],[29.3949502,-0.6875363],[29.3949723,-0.6874987],[29.3949681,-0.6874022],[29.3951929,-0.6872868],[29.3952466,-0.6872305],[29.3952942,-0.6871373],[29.3953425,-0.6870964],[29.3953612,-0.6870555],[29.3953545,-0.6869804],[29.3953666,-0.6869415],[29.3954176,-0.6868798],[29.3954444,-0.6868208],[29.3955329,-0.686562],[29.3957622,-0.686149],[29.3960103,-0.6858835],[29.3960821,-0.6858359],[29.3962316,-0.6857923],[29.3963805,-0.6857145],[29.396524,-0.6855348],[29.3966098,-0.6854919],[29.3967238,-0.6854691],[29.3968324,-0.6853846],[29.3970222,-0.6851359],[29.39711,-0.6850836],[29.3971543,-0.6850306],[29.3971751,-0.6849736],[29.3971758,-0.6848791],[29.3972006,-0.6848335],[29.3972529,-0.6847986],[29.3973957,-0.6847939],[29.3974353,-0.6847751],[29.3974869,-0.6847228],[29.3975137,-0.6846243],[29.3977162,-0.6844164],[29.3978007,-0.6843681],[29.3979368,-0.6843373],[29.3980341,-0.6842676],[29.3980783,-0.6842689],[29.3982037,-0.684342],[29.3982922,-0.6843339],[29.3983948,-0.6842716],[29.3984123,-0.6841925],[29.3983613,-0.684115],[29.3984267,-0.6840677],[29.398431,-0.6840272],[29.3984056,-0.6839873],[29.3983345,-0.6839256],[29.3983117,-0.683888],[29.398313,-0.6838451],[29.3983452,-0.6837861],[29.3985732,-0.6837486],[29.3986,-0.6835327],[29.3986503,-0.683408],[29.3986255,-0.6833765],[29.398482,-0.6833731],[29.3984404,-0.6833503],[29.3984096,-0.683298],[29.3984123,-0.6832725],[29.3985276,-0.6831418],[29.3985529,-0.6831344],[29.3985968,-0.6831364],[29.3987495,-0.6832001],[29.3988615,-0.6832792],[29.3989152,-0.6832779],[29.3989581,-0.6832484],[29.3989903,-0.683172],[29.3990295,-0.6831347],[29.3991576,-0.6831378],[29.3991546,-0.6830855],[29.3990895,-0.6830016],[29.3990644,-0.6829366],[29.3990835,-0.682896],[29.3991561,-0.6828436],[29.3991713,-0.6827187],[29.3991901,-0.6826751],[29.3992236,-0.6826402],[29.3993839,-0.6826811],[29.3994114,-0.6826748],[29.3994234,-0.6826201],[29.3994174,-0.6824907],[29.3994295,-0.6824552],[29.3994999,-0.6823881],[29.399575,-0.6822768],[29.3996172,-0.6820991],[29.3997125,-0.6820187],[29.3997306,-0.6819248],[29.3998197,-0.6819221],[29.3998439,-0.681898],[29.399856,-0.6817029],[29.3998379,-0.6815996],[29.399752,-0.6815091],[29.3996233,-0.6812838],[29.3995388,-0.6811906],[29.3994261,-0.680964],[29.3993183,-0.680792],[29.399292,-0.6807762],[29.3992052,-0.6807987],[29.3991472,-0.6807665],[29.3991354,-0.6807427],[29.3991361,-0.6806374],[29.3991029,-0.6805429],[29.3990835,-0.6805168],[29.3989708,-0.680506],[29.398945,-0.6804909],[29.3989138,-0.6803773],[29.3988629,-0.680319],[29.3988525,-0.680211],[29.3987871,-0.6801352],[29.3987522,-0.6801299],[29.3986014,-0.6801815],[29.398545,-0.6801815],[29.3985249,-0.680156],[29.3984967,-0.6799897],[29.3984726,-0.6799508],[29.3984404,-0.679912],[29.3983519,-0.6798543],[29.3981749,-0.67968],[29.3979415,-0.6796156],[29.397727,-0.6795834],[29.3976116,-0.6795512],[29.3975553,-0.6795083],[29.3975124,-0.6794037],[29.3974078,-0.6793206],[29.3972066,-0.6792374],[29.3969223,-0.679157],[29.3968821,-0.6791114],[29.3968472,-0.6790148],[29.3966836,-0.6789612],[29.3964341,-0.6786662],[29.3963537,-0.6785535],[29.3962786,-0.6783765],[29.3961766,-0.6783711],[29.395954,-0.6784248],[29.3958065,-0.6784275],[29.3956295,-0.6783094],[29.3954363,-0.6781458],[29.3952231,-0.6778414],[29.3952017,-0.6777704],[29.3951976,-0.6776255],[29.3951708,-0.6775585],[29.3950474,-0.6774727],[29.3950447,-0.6774338],[29.3950568,-0.6773989],[29.3951574,-0.6773131],[29.3953089,-0.6770918],[29.3953224,-0.676896],[29.3953398,-0.6768317],[29.3953854,-0.676778],[29.3954712,-0.6767244],[29.3955195,-0.6766681],[29.3955302,-0.6765661],[29.3954954,-0.6764159],[29.3955329,-0.6762202],[29.395608,-0.6761397],[29.3957341,-0.6760485],[29.3958735,-0.6759171],[29.3959647,-0.6757347],[29.3960157,-0.6755577],[29.3960023,-0.6754987],[29.3958333,-0.67537],[29.3957716,-0.6752573],[29.3957555,-0.6750696],[29.3957823,-0.6749784],[29.3959647,-0.6748175],[29.3961364,-0.6745063],[29.3961471,-0.6743991],[29.3961015,-0.6739941],[29.3960398,-0.6738466],[29.3959218,-0.6737138],[29.3958803,-0.6736414],[29.3959004,-0.673404],[29.3959393,-0.6733423],[29.3960036,-0.6732847],[29.3960586,-0.6732699],[29.3960801,-0.6732793],[29.3960989,-0.6733289],[29.3961632,-0.6733906],[29.3962544,-0.6734335],[29.3963765,-0.6734577],[29.3964542,-0.6734469],[29.3965548,-0.6733303],[29.3965964,-0.6733182],[29.3966272,-0.6733276],[29.3966728,-0.6733759],[29.3967399,-0.6733973],[29.3970081,-0.6733799],[29.3971583,-0.6733504],[29.3972053,-0.6733048],[29.3972146,-0.6732391],[29.3972495,-0.6731962],[29.3973783,-0.6731734],[29.3974453,-0.6731908],[29.3974949,-0.6732807],[29.3975553,-0.6733316],[29.3977498,-0.6733531],[29.3978731,-0.6733061],[29.3979281,-0.6732994],[29.397963,-0.6734309],[29.3980126,-0.6734791],[29.3981574,-0.6735422],[29.3982661,-0.673567],[29.3989514,-0.673581],[29.399292,-0.6735301],[29.399921,-0.6732418],[29.4000269,-0.6731787],[29.4000967,-0.6730943],[29.4001798,-0.6728958],[29.4003662,-0.6727456],[29.4004829,-0.67259],[29.4006036,-0.6723782],[29.4007216,-0.6722146],[29.4007699,-0.6720496],[29.4008262,-0.6719303],[29.4008973,-0.6718391],[29.4010395,-0.671764],[29.4011629,-0.6717237],[29.4013681,-0.671709],[29.4014391,-0.6716808],[29.401474,-0.6716245],[29.4014874,-0.6715722],[29.4015035,-0.6714488],[29.4014673,-0.6714006],[29.401466,-0.6713603],[29.4014968,-0.6713281],[29.4015424,-0.6713147],[29.4015799,-0.6713255],[29.4016068,-0.671359],[29.4016564,-0.6713764],[29.40171,-0.671359],[29.4017905,-0.6712785],[29.4019715,-0.6712101],[29.4020466,-0.6711645],[29.4020735,-0.6711283],[29.4020735,-0.6710465],[29.4021888,-0.6710063],[29.4023135,-0.6708682],[29.4024745,-0.6708212],[29.402504,-0.6707984],[29.4025107,-0.6707528],[29.4024423,-0.6706811],[29.4024409,-0.6706523],[29.402457,-0.6706348],[29.4025388,-0.6706469],[29.4025724,-0.6706898],[29.4026086,-0.6708051],[29.40263,-0.6708212],[29.402685,-0.6708239],[29.4028084,-0.6707944],[29.4028822,-0.6707542],[29.4030619,-0.6706094],[29.40331,-0.6705021],[29.4034776,-0.6704994],[29.4036654,-0.6704391],[29.4037512,-0.6704377],[29.4038518,-0.6704699],[29.4040999,-0.6703827],[29.4045787,-0.6703345],[29.4047248,-0.6703076],[29.4048013,-0.6702741],[29.4053149,-0.6698423],[29.4054893,-0.6697578],[29.4055738,-0.6697015],[29.4056086,-0.6696358],[29.4057401,-0.6695044],[29.4058071,-0.6694641],[29.4059238,-0.6694212],[29.4059747,-0.6693528],[29.4061397,-0.6690551],[29.4061679,-0.6689385],[29.4061759,-0.6687507],[29.4062108,-0.6686595],[29.4062825,-0.668563],[29.4062886,-0.6685281],[29.4062591,-0.668445],[29.4061759,-0.6683605],[29.4061249,-0.6683296],[29.4060633,-0.6683323],[29.4059238,-0.6684128],[29.4058219,-0.6685201],[29.4057065,-0.6685496],[29.4056153,-0.6685201],[29.4055375,-0.6684718],[29.4054906,-0.6684141],[29.4054812,-0.6683551],[29.4054946,-0.6682787],[29.4056019,-0.6680856],[29.4056421,-0.6679273],[29.4056556,-0.6677771],[29.4057038,-0.6676323],[29.4058004,-0.6675089],[29.4059372,-0.6673856],[29.4060203,-0.6672541],[29.4061169,-0.6671361],[29.4061437,-0.6670503],[29.4061249,-0.6668438],[29.4061679,-0.6667526],[29.4062309,-0.6666601],[29.4062966,-0.666597],[29.4064227,-0.6665246],[29.4065796,-0.6664106],[29.4066145,-0.6663691],[29.4066453,-0.6660875],[29.4067016,-0.6659239],[29.4067767,-0.6658193],[29.4068116,-0.6657254],[29.4068143,-0.6655484],[29.4068411,-0.6654572],[29.4069242,-0.6653499],[29.4072381,-0.6651541],[29.4075787,-0.6648564],[29.4077021,-0.6647599],[29.4078228,-0.6646874],[29.4079059,-0.6645936],[29.4081554,-0.6644327],[29.4082573,-0.6644192],[29.4083914,-0.6644353],[29.4085497,-0.6644943],[29.408673,-0.6644943],[29.4087696,-0.6644648],[29.4089252,-0.6643817],[29.4094455,-0.6644273],[29.4095823,-0.6643763],[29.409939,-0.6641001],[29.4099846,-0.664033],[29.4100007,-0.6638748],[29.410277,-0.6633545],[29.4103387,-0.6632713],[29.4108269,-0.6628637],[29.4108879,-0.6627644],[29.4108939,-0.6626545],[29.4109181,-0.6625928],[29.4112185,-0.6623836],[29.4116369,-0.6621637],[29.4118434,-0.6619947],[29.4119695,-0.6618284],[29.4121277,-0.6615763],[29.4121841,-0.6614596],[29.4122176,-0.6612518],[29.4122002,-0.6609514],[29.4121237,-0.660761],[29.4120902,-0.6603721],[29.4120432,-0.6601548],[29.411999,-0.6599993],[29.4118984,-0.6597927],[29.4118917,-0.6597069],[29.41194,-0.6595862],[29.4120084,-0.6595219],[29.4121706,-0.6594266],[29.4123852,-0.659381],[29.4125301,-0.6594052],[29.412927,-0.6595084],[29.4131577,-0.6595219],[29.4135426,-0.6594883],[29.4137478,-0.6593904],[29.4138604,-0.6592939],[29.4140227,-0.6591933],[29.4141501,-0.6591598],[29.4142185,-0.6591571],[29.4144157,-0.6591678],[29.4147912,-0.6591611],[29.4150487,-0.6592174],[29.4153249,-0.6594065],[29.4158855,-0.6596211],[29.4161591,-0.6596345],[29.4167089,-0.6595487],[29.4171783,-0.6594924],[29.4175646,-0.6592483],[29.417806,-0.6591276],[29.4180715,-0.658854],[29.4184712,-0.6585375],[29.4188011,-0.6583444],[29.4189808,-0.6580655],[29.4190988,-0.6578349],[29.4193,-0.6572877],[29.4193,-0.6572207],[29.4191873,-0.6570249],[29.4191927,-0.6569417],[29.4193375,-0.6568063],[29.4194233,-0.6566802],[29.41943,-0.6566092],[29.4194113,-0.6565435],[29.4193737,-0.6564804],[29.4192262,-0.656404],[29.419194,-0.6563443],[29.4191947,-0.6562565],[29.4192155,-0.6562297],[29.419255,-0.6562216],[29.4193415,-0.6562411],[29.4193898,-0.6562344],[29.4194146,-0.6562196],[29.4195005,-0.6560761],[29.4195849,-0.6560587],[29.4196098,-0.6560386],[29.4196124,-0.656005],[29.4195883,-0.6559427],[29.4194723,-0.655879],[29.4194555,-0.655832],[29.4194629,-0.6557663],[29.41953,-0.6556671],[29.4195561,-0.6555927],[29.4195829,-0.6555773],[29.4196198,-0.6555907],[29.4197103,-0.6555826],[29.4198022,-0.6555276],[29.4198394,-0.6554509],[29.4198304,-0.655307],[29.4198686,-0.6552514],[29.4199685,-0.6552232],[29.4200054,-0.6552004],[29.4200148,-0.6551723],[29.4200034,-0.6551327],[29.4199162,-0.6550536],[29.4199149,-0.6550147],[29.4199765,-0.6549369],[29.4199398,-0.6548734],[29.419942,-0.6548534],[29.4200027,-0.6548092],[29.4200453,-0.6548085],[29.4200999,-0.654829],[29.4201269,-0.654799],[29.4201703,-0.6548038],[29.4202042,-0.6547837],[29.4202179,-0.6547525],[29.4201717,-0.6546929],[29.4201734,-0.6546697],[29.4202806,-0.6545809],[29.4202317,-0.6544397],[29.4203179,-0.6543127],[29.4203487,-0.6541866],[29.4202837,-0.6539808],[29.4202917,-0.6539318],[29.4203769,-0.6538192],[29.4203755,-0.653604],[29.4204305,-0.6535362],[29.4204828,-0.6533237],[29.4205465,-0.6531393],[29.4205458,-0.6530582],[29.4205076,-0.6529629],[29.4204158,-0.6528087],[29.4203943,-0.6527323],[29.4203956,-0.6524668],[29.4204298,-0.6518325],[29.4205244,-0.6516534],[29.4204801,-0.6515643],[29.4202602,-0.6513591],[29.4202092,-0.6512639],[29.42022,-0.6510922],[29.4202562,-0.651048],[29.4203205,-0.6510131],[29.4207349,-0.650934],[29.4208261,-0.6508911],[29.4209066,-0.6508173],[29.4209468,-0.6507462],[29.4210313,-0.6504244],[29.4210514,-0.6502313],[29.4210474,-0.650014],[29.420971,-0.6496748],[29.4208986,-0.6495179],[29.4208395,-0.6494495],[29.4207819,-0.64942],[29.420751,-0.6493757],[29.4207537,-0.6493382],[29.4208167,-0.6492],[29.4207913,-0.6490499],[29.4206605,-0.6485148],[29.4205365,-0.6482895],[29.4205271,-0.6482439],[29.4205418,-0.6480977],[29.4205807,-0.6479449],[29.4205673,-0.6478242],[29.4204694,-0.647682],[29.4204144,-0.6476378],[29.4203112,-0.6475922],[29.4200228,-0.6475198],[29.4195172,-0.6473038],[29.419422,-0.647206],[29.4194233,-0.6471215],[29.419481,-0.6470477],[29.4195863,-0.6469599],[29.4196017,-0.6469257],[29.4195943,-0.6468868],[29.4195433,-0.6468533],[29.4193,-0.6468479],[29.4192593,-0.6468407],[29.4191921,-0.6468317],[29.4190935,-0.6467956],[29.4186115,-0.6466401],[29.4184425,-0.6465508],[29.4183518,-0.6465032],[29.4182083,-0.6464415],[29.4180594,-0.6464643],[29.4180259,-0.6464616],[29.4179991,-0.6464335],[29.4179964,-0.6463986],[29.4180178,-0.6463597],[29.4180178,-0.6462806],[29.4179977,-0.6462001],[29.4179602,-0.6461157],[29.4178851,-0.6460406],[29.4177885,-0.6457871],[29.417764,-0.6457663],[29.4177362,-0.6457603],[29.4176866,-0.645767],[29.4175994,-0.6457965],[29.4175773,-0.6457952],[29.4174734,-0.6457348],[29.4173231,-0.6456342],[29.4171676,-0.6455538],[29.4170254,-0.6454961],[29.4169745,-0.6454907],[29.4169222,-0.6455216],[29.4168705,-0.6455873],[29.4168524,-0.6455953],[29.416835,-0.6455927],[29.4167746,-0.6455377],[29.4167331,-0.6455176],[29.4167049,-0.6455283],[29.4166848,-0.6455833],[29.4166673,-0.6457294],[29.4166311,-0.645767],[29.4165896,-0.6457804],[29.4163911,-0.6457911],[29.4163374,-0.645763],[29.4163066,-0.6457308],[29.4162637,-0.645704],[29.4160008,-0.6456128],[29.4159069,-0.6455484],[29.4158412,-0.6454827],[29.4157836,-0.6453915],[29.4157313,-0.6452386],[29.4157386,-0.645014],[29.4157527,-0.6449543],[29.4157997,-0.6449061],[29.4161014,-0.6448843],[29.4161162,-0.6448699],[29.4161215,-0.6448457],[29.4161135,-0.6448176],[29.4160612,-0.6447706],[29.4160102,-0.6446888],[29.4159901,-0.6446124],[29.4159123,-0.6444099],[29.4158335,-0.6442362],[29.415801,-0.6442087],[29.4157112,-0.6441564],[29.4156562,-0.6440988],[29.4156213,-0.644025],[29.415573,-0.6439553],[29.4154429,-0.6438212],[29.4153517,-0.6437689],[29.4152713,-0.6437702],[29.4152176,-0.6437823],[29.4151559,-0.6437796],[29.415062,-0.6437099],[29.4150004,-0.6436401],[29.4149159,-0.6435852],[29.4148502,-0.6435302],[29.4147536,-0.6435181],[29.4146745,-0.6435194],[29.4145269,-0.6435436],[29.4144559,-0.643565],[29.4144036,-0.6435436],[29.4143741,-0.6435181],[29.4143553,-0.6434806],[29.4143177,-0.6434658],[29.4142319,-0.6434752],[29.414193,-0.6434645],[29.4141608,-0.6434283],[29.414126,-0.643329],[29.4140844,-0.6432687],[29.4139985,-0.6432244],[29.413906,-0.6431936],[29.4138148,-0.6431855],[29.4137518,-0.6431909],[29.4137116,-0.6432231],[29.4136753,-0.643333],[29.4136888,-0.6433853],[29.4136646,-0.6434323],[29.4136083,-0.6434538],[29.4132958,-0.6434511],[29.4132341,-0.6434403],[29.4131362,-0.6433679],[29.4131014,-0.643317],[29.4131,-0.6432566],[29.4131188,-0.643215],[29.4131322,-0.643156],[29.4131081,-0.642979],[29.4130316,-0.6428758],[29.4128975,-0.6427658],[29.4128117,-0.6427336],[29.4126078,-0.6426961],[29.4125502,-0.6426478],[29.4125435,-0.6425955],[29.4125555,-0.6425606],[29.4125917,-0.642511],[29.4125958,-0.6424735],[29.4125756,-0.642452],[29.412526,-0.6424372],[29.4125005,-0.6424212],[29.4124751,-0.6423796],[29.4124737,-0.6423367],[29.4124844,-0.6422884],[29.4125287,-0.64222],[29.412585,-0.6420738],[29.4125797,-0.6420095],[29.4125528,-0.6419478],[29.4125086,-0.6418794],[29.4124777,-0.6418029],[29.412463,-0.641705],[29.4124764,-0.6416326],[29.4124804,-0.6415361],[29.4124496,-0.6413698],[29.4124228,-0.6413041],[29.4123798,-0.6412344],[29.4123262,-0.6411995],[29.4122752,-0.6411861],[29.4122471,-0.6411566],[29.412227,-0.6410198],[29.4122015,-0.6409688],[29.4121827,-0.6409031],[29.4121586,-0.6408669],[29.4120942,-0.6408387],[29.4120392,-0.6408374],[29.4120097,-0.6408133],[29.412007,-0.6407288],[29.4119856,-0.6406845],[29.4119976,-0.6406523],[29.4120244,-0.6406295],[29.4120593,-0.6406161],[29.4120741,-0.6405759],[29.4120633,-0.640541],[29.4120379,-0.6405343],[29.4119145,-0.6405558],[29.4118622,-0.640537],[29.4118233,-0.6404874],[29.4118193,-0.6403828],[29.4118018,-0.6403318],[29.4117415,-0.6402098],[29.4117307,-0.6400878],[29.4117374,-0.6400274],[29.4117616,-0.6399255],[29.4117562,-0.6397834],[29.4117817,-0.639711],[29.4118407,-0.6395983],[29.411834,-0.6395581],[29.4117864,-0.6395131],[29.4117374,-0.6394964],[29.411606,-0.6395178],[29.4115551,-0.6395514],[29.4115041,-0.6395621],[29.4113794,-0.6395594],[29.4113311,-0.6395876],[29.4112895,-0.6396003],[29.4112506,-0.6395903],[29.411205,-0.6395567],[29.4111152,-0.6395527],[29.411091,-0.6395353],[29.4110816,-0.6394857],[29.411091,-0.6394173],[29.4110709,-0.639306],[29.4110521,-0.6392443],[29.4110575,-0.6391839],[29.4110964,-0.639015],[29.4111004,-0.6389057],[29.4110951,-0.6388695],[29.4110897,-0.6388444],[29.4109717,-0.6387173],[29.4109636,-0.6386676],[29.4109811,-0.6386086],[29.4110119,-0.6385778],[29.4110736,-0.6385523],[29.4111353,-0.6385523],[29.4111594,-0.6385161],[29.4111702,-0.6384665],[29.4111715,-0.6383753],[29.4111407,-0.6381674],[29.4110736,-0.6379153],[29.4110253,-0.6378308],[29.4109811,-0.6377973],[29.4108858,-0.6377852],[29.4108322,-0.6377638],[29.4107638,-0.6377249],[29.4106646,-0.6377034],[29.4105573,-0.6376967],[29.4104755,-0.6377195],[29.4103655,-0.6377169],[29.4102341,-0.6376927],[29.4100705,-0.6377262],[29.4099873,-0.6377236],[29.4099578,-0.6376793],[29.4099752,-0.637635],[29.4100933,-0.6375345],[29.410285,-0.637446],[29.410445,-0.6374023],[29.4106022,-0.6372194],[29.4107458,-0.6371188],[29.410686,-0.6369713],[29.4106391,-0.6368922],[29.4106418,-0.6368399],[29.4106673,-0.6368023],[29.4106767,-0.6367272],[29.4106686,-0.6365918],[29.410674,-0.636514],[29.4107048,-0.6364174],[29.4107826,-0.6363236],[29.4108832,-0.6362471],[29.4110093,-0.6361519],[29.4111608,-0.6360232],[29.4112493,-0.635987],[29.4113365,-0.6359709],[29.4114786,-0.6359333],[29.4115993,-0.6358851],[29.4117817,-0.6358475],[29.4119453,-0.6357939],[29.4120637,-0.6357507],[29.4121514,-0.635723],[29.4124388,-0.6357335],[29.4126307,-0.6356839],[29.4127688,-0.6356558],[29.4127822,-0.6355176],[29.4128506,-0.6353674],[29.412915,-0.63524],[29.412974,-0.6350965],[29.4130022,-0.6349102],[29.4130222,-0.6347814],[29.4130786,-0.6347076],[29.413222,-0.6346191],[29.4133159,-0.6345924],[29.4133924,-0.6346003],[29.4134393,-0.6346795],[29.4133723,-0.6347868],[29.4134206,-0.6349557],[29.4134326,-0.635063],[29.4135064,-0.6352199],[29.4135225,-0.6353232],[29.4135117,-0.635476],[29.4134863,-0.6355739],[29.4134809,-0.6356531],[29.4134662,-0.6357885],[29.4134809,-0.6358703],[29.4135788,-0.6359883],[29.4136566,-0.6360353],[29.4137639,-0.6360996],[29.4138524,-0.6361224],[29.4139141,-0.6361197],[29.4139785,-0.6361197],[29.4140334,-0.6361412],[29.4140629,-0.6362096],[29.4140938,-0.6362632],[29.4141367,-0.6362753],[29.4141689,-0.6362753],[29.4142547,-0.6362565],[29.4143245,-0.6362485],[29.414413,-0.6362753],[29.414476,-0.6362847],[29.4145806,-0.6362874],[29.4146691,-0.63629],[29.4148663,-0.6363008],[29.4152512,-0.6363075],[29.4153383,-0.6363102],[29.4154054,-0.6363195],[29.4154429,-0.6363477],[29.4154939,-0.6364188],[29.4155233,-0.6364506],[29.4155596,-0.6364899],[29.4155677,-0.6365784],[29.4155596,-0.6366535],[29.4155382,-0.6367138],[29.4154912,-0.6367607],[29.4154175,-0.6367661],[29.4153531,-0.6367527],[29.4153102,-0.6367607],[29.4152726,-0.6367674],[29.4152471,-0.6367809],[29.4151624,-0.6368726],[29.415097,-0.6369712],[29.415054,-0.6370638],[29.4149333,-0.6371872],[29.4148931,-0.6372502],[29.4148797,-0.6373065],[29.4148877,-0.637438],[29.4149011,-0.6375265],[29.4149011,-0.6376002],[29.414881,-0.6376767],[29.4147804,-0.637859],[29.4147348,-0.638028],[29.4147509,-0.6381272],[29.4148066,-0.6382439],[29.4148763,-0.6383043],[29.415056,-0.6383968],[29.4153558,-0.6385255],[29.4155422,-0.6385899],[29.4156267,-0.6385886],[29.4160102,-0.638543],[29.4163214,-0.6384229],[29.4163757,-0.6383841],[29.4164327,-0.6382922],[29.4165131,-0.638193],[29.4165601,-0.6381621],[29.4166996,-0.63815],[29.4168618,-0.6381487],[29.4173554,-0.6380615],[29.417527,-0.6380682],[29.4176531,-0.638087],[29.4178194,-0.6380843],[29.4179159,-0.638077],[29.4181037,-0.638034],[29.4181848,-0.6379771],[29.4182868,-0.6378282],[29.4183438,-0.6377732],[29.4186348,-0.6375935],[29.4187635,-0.6375519],[29.4189164,-0.6375211],[29.4193,-0.6374058],[29.4194408,-0.6373159],[29.4194998,-0.6373052],[29.4195802,-0.6373347],[29.4197144,-0.6373991],[29.419823,-0.6374339],[29.4199638,-0.6374447],[29.4200698,-0.6374178],[29.4201073,-0.6374205],[29.4201569,-0.6374742],[29.4202307,-0.6375949],[29.420287,-0.6376337],[29.4205874,-0.6377223],[29.4207041,-0.6377746],[29.4210085,-0.6379315],[29.4211614,-0.6380347],[29.4214605,-0.6383525],[29.4215396,-0.6384075],[29.4216697,-0.6384719],[29.4217958,-0.6385148],[29.4219956,-0.6385309],[29.4220828,-0.6385644],[29.4221632,-0.6386127],[29.4222973,-0.6387253],[29.4223845,-0.6388474],[29.4224381,-0.6389439],[29.4225669,-0.639369],[29.4225649,-0.6393965],[29.4225434,-0.6394133],[29.4225005,-0.6394307],[29.4222705,-0.639428],[29.422237,-0.6394354],[29.4222242,-0.6394535],[29.4222363,-0.639487],[29.4222611,-0.6395132],[29.4223449,-0.6395514],[29.4223966,-0.6395911],[29.4226474,-0.6398256],[29.4227862,-0.6399336],[29.4228378,-0.6399644],[29.422876,-0.6399772],[29.4229278,-0.6399813],[29.4229542,-0.639959],[29.4229994,-0.6398974],[29.4230624,-0.6398531],[29.4231503,-0.6398464],[29.4231644,-0.6398357],[29.423165,-0.6398129],[29.4231355,-0.6397754],[29.4231241,-0.6397519],[29.4231221,-0.6397271],[29.423161,-0.6396292],[29.4232388,-0.6395005],[29.4232777,-0.6393999],[29.4233219,-0.6393248],[29.423444,-0.6392108],[29.4234855,-0.639137],[29.4235057,-0.6390458],[29.4235647,-0.6389493],[29.4236465,-0.6388353],[29.4237337,-0.6387468],[29.4237491,-0.6387119],[29.4237511,-0.638673],[29.423743,-0.6386194],[29.4237095,-0.6385363],[29.4236921,-0.6384652],[29.4236585,-0.6384169],[29.4235969,-0.6383794],[29.423511,-0.6383753],[29.4234359,-0.6383955],[29.4232978,-0.6384491],[29.4231623,-0.6385228],[29.4230953,-0.638551],[29.4230363,-0.6385604],[29.4229867,-0.6385483],[29.4229437,-0.6385188],[29.4228633,-0.638484],[29.4227882,-0.6384236],[29.4226943,-0.6383673],[29.4226567,-0.6382734],[29.4226393,-0.6381728],[29.4226393,-0.6380857],[29.4226923,-0.637965],[29.4227137,-0.6379408],[29.4228103,-0.6378839],[29.422878,-0.6378678],[29.4228841,-0.6378537],[29.4228733,-0.6378208],[29.4228116,-0.6377632],[29.4227815,-0.6377142],[29.4227171,-0.6376773],[29.4226333,-0.6376673],[29.4226105,-0.637621],[29.4226179,-0.6375479],[29.4226366,-0.6375037],[29.4227037,-0.6374165],[29.4231087,-0.6370866],[29.42322,-0.6369632],[29.4233206,-0.6368747],[29.4234158,-0.6367634],[29.423452,-0.6366964],[29.4234855,-0.6365301],[29.423507,-0.6364966],[29.4235593,-0.6364697],[29.423621,-0.636455],[29.4237135,-0.6364563],[29.4237967,-0.6364469],[29.4238765,-0.6364168],[29.4239402,-0.6363866],[29.4240636,-0.6362994],[29.4241279,-0.6362257],[29.4241963,-0.6361787],[29.4242996,-0.6361291],[29.4245249,-0.6360621],[29.4246027,-0.6360245],[29.42471,-0.6359843],[29.4248575,-0.6359494],[29.4251338,-0.6359307],[29.4251995,-0.6359454],[29.425233,-0.6359628],[29.4259411,-0.6364456],[29.4261061,-0.6365247],[29.4262174,-0.6365556],[29.4263676,-0.6365784],[29.4264641,-0.6366025],[29.4266318,-0.6366856],[29.4267404,-0.6367581],[29.4268544,-0.636818],[29.4269671,-0.6368345],[29.4271991,-0.6368546],[29.4274284,-0.6369089],[29.4275612,-0.636925],[29.4276698,-0.6368922],[29.4277999,-0.6368962],[29.4278911,-0.6368667],[29.427989,-0.6368037],[29.4281244,-0.6366816],[29.4282143,-0.6365583],[29.4282733,-0.6364456],[29.4283444,-0.6362525],[29.4283591,-0.6361881],[29.4283578,-0.6360969],[29.428347,-0.6360031],[29.4283175,-0.6359199],[29.4282464,-0.6357827],[29.4281398,-0.6356363],[29.4280386,-0.6355257],[29.4279917,-0.6354211],[29.4279434,-0.6353782],[29.4279045,-0.6353728],[29.4276644,-0.6353929],[29.4276175,-0.6354063],[29.4275826,-0.6354345],[29.4275397,-0.6354988],[29.4274431,-0.6355806],[29.4273721,-0.6356142],[29.4271448,-0.6356812],[29.4271186,-0.6356852],[29.4270546,-0.6356795],[29.4270086,-0.6357563],[29.4269201,-0.6358368],[29.4267726,-0.6359307],[29.4265969,-0.6359722],[29.4264159,-0.6359816],[29.4263649,-0.635995],[29.4263193,-0.6360285],[29.426263,-0.6360406],[29.4261524,-0.6360355],[29.4260511,-0.6360218],[29.4259411,-0.6359964],[29.425691,-0.6359119],[29.4255569,-0.6357945],[29.4254965,-0.6357503],[29.425288,-0.6356189],[29.4252578,-0.6356081],[29.4252028,-0.6356041],[29.425062,-0.6356195],[29.4248193,-0.6356765],[29.4246436,-0.6357295],[29.4244297,-0.6357389],[29.4243291,-0.6357215],[29.4240783,-0.6356557],[29.424024,-0.6356075],[29.4239757,-0.6355371],[29.4239489,-0.6354801],[29.4239241,-0.6354626],[29.4238289,-0.6354305],[29.4237243,-0.6353473],[29.4236575,-0.6352759],[29.4236116,-0.6352551],[29.4234634,-0.6352501],[29.4234393,-0.6352367],[29.4234185,-0.6351964],[29.4234058,-0.6351911],[29.4233655,-0.6351978],[29.4233025,-0.6352353],[29.4232542,-0.6353111],[29.4232341,-0.6353245],[29.423102,-0.6353399],[29.4230115,-0.6352997],[29.4229337,-0.6352058],[29.4228861,-0.6351864],[29.4228338,-0.635173],[29.4227841,-0.6351743],[29.4227493,-0.6352038],[29.422707,-0.6352206],[29.4226769,-0.6352186],[29.4226192,-0.6351757],[29.4225173,-0.6350469],[29.4224516,-0.6349343],[29.4223899,-0.6347935],[29.4223362,-0.634717],[29.4222289,-0.6346111],[29.4218843,-0.6344636],[29.4218139,-0.6344247],[29.4217636,-0.6343865],[29.4217307,-0.6343503],[29.4217032,-0.6342504],[29.4217341,-0.6341994],[29.4217582,-0.6341337],[29.4217662,-0.6339969],[29.4217247,-0.6338373],[29.4217354,-0.6337662],[29.4217823,-0.6336871],[29.4217998,-0.6336295],[29.4217944,-0.6335463],[29.4217166,-0.6334511],[29.4216844,-0.6333988],[29.4216228,-0.6332634],[29.4215704,-0.6331829],[29.4215316,-0.6331346],[29.4214712,-0.6330877],[29.4213331,-0.6330461],[29.4212285,-0.6330327],[29.4210421,-0.6330327],[29.4209898,-0.6330233],[29.4209535,-0.6330354],[29.4207658,-0.6331346],[29.4206491,-0.6331521],[29.420523,-0.6331655],[29.4203299,-0.6331708],[29.4201583,-0.6331467],[29.4200054,-0.633077],[29.4198981,-0.6329429],[29.4198284,-0.6328222],[29.4197693,-0.6326854],[29.4197264,-0.6326237],[29.4196352,-0.6325325],[29.4195387,-0.632495],[29.4193348,-0.6325137],[29.4191632,-0.6324789],[29.4190264,-0.6323233],[29.4189835,-0.6322348],[29.4189861,-0.6321624],[29.4190049,-0.6321114],[29.4190693,-0.6320846],[29.4192839,-0.63209],[29.4193938,-0.6321141],[29.4194904,-0.6320605],[29.4194984,-0.6319934],[29.4194797,-0.6318969],[29.4194689,-0.6317815],[29.4194998,-0.6317292],[29.4196406,-0.6315777],[29.4197077,-0.631449],[29.4197881,-0.6312505],[29.4198284,-0.6310922],[29.4198847,-0.6310091],[29.419941,-0.6308991],[29.4200563,-0.6307704],[29.4201797,-0.6306846],[29.4203951,-0.6306184],[29.4204909,-0.6305478],[29.4205901,-0.6304915],[29.420633,-0.630411],[29.4206303,-0.6303225],[29.4206062,-0.630242],[29.4205981,-0.6301213],[29.4206223,-0.6299416],[29.4206687,-0.6297738],[29.4207296,-0.6296641],[29.4208261,-0.6295742],[29.4209602,-0.6295259],[29.4211319,-0.6295125],[29.4212499,-0.6294803],[29.4213572,-0.6294374],[29.4214806,-0.629416],[29.4216308,-0.629424],[29.4218025,-0.6295125],[29.421958,-0.6295554],[29.4222316,-0.6296627],[29.4225246,-0.6298287],[29.4226594,-0.6299792],[29.4229811,-0.6303125],[29.423216,-0.630706],[29.4232509,-0.6308321],[29.4233286,-0.6309702],[29.423397,-0.6310118],[29.4234534,-0.6310346],[29.4234909,-0.6310694],[29.423507,-0.6311177],[29.423503,-0.6311781],[29.4234708,-0.6312558],[29.4234879,-0.6312929],[29.4235486,-0.6313336],[29.42368,-0.6314758],[29.42379,-0.6315723],[29.4239563,-0.6316769],[29.42414,-0.6317373],[29.4242701,-0.6317641],[29.4246201,-0.6317681],[29.4246684,-0.631756],[29.4247113,-0.6317064],[29.4247381,-0.6316474],[29.4248199,-0.6316152],[29.4249165,-0.6315616],[29.4250312,-0.631463],[29.4250969,-0.6313444],[29.425109,-0.6313346],[29.4251291,-0.6313289],[29.4251693,-0.6313336],[29.4252457,-0.6313712],[29.425294,-0.6313604],[29.4253845,-0.6313202],[29.4254959,-0.6312827],[29.4256729,-0.6312424],[29.4257527,-0.6312163],[29.4257715,-0.6312009],[29.4257815,-0.6311613],[29.4257674,-0.6311345],[29.4256662,-0.6310721],[29.4256239,-0.6310312],[29.4255804,-0.6309675],[29.4255103,-0.6307791],[29.425516,-0.630753],[29.425638,-0.6306323],[29.4257011,-0.6305129],[29.4256958,-0.6304682],[29.4256119,-0.6303587],[29.4255951,-0.6303037],[29.4256313,-0.6302045],[29.4256689,-0.6301428],[29.4257171,-0.630112],[29.4258338,-0.6300918],[29.4259076,-0.6300664],[29.4259619,-0.6300221],[29.4259874,-0.6300107],[29.4260323,-0.6300033],[29.4261235,-0.6300208],[29.4261651,-0.6300221],[29.426326,-0.6299832],[29.4264078,-0.6299269],[29.4265714,-0.6299148],[29.4266117,-0.6299229],[29.4266921,-0.6299537],[29.426786,-0.6299711],[29.4268866,-0.6299832],[29.4269992,-0.6299832],[29.427077,-0.6299711],[29.4271508,-0.6299711],[29.4272433,-0.629943],[29.4273157,-0.6298873],[29.4274445,-0.6298578],[29.4276054,-0.6299095],[29.4276711,-0.6299148],[29.4277415,-0.6299383],[29.4279762,-0.6300395],[29.4280668,-0.6300536],[29.4281432,-0.6300878],[29.4282384,-0.6301616],[29.4284074,-0.6302501],[29.4284745,-0.6302742],[29.4285402,-0.6302756],[29.4287293,-0.6301991],[29.4287641,-0.630177],[29.4288806,-0.6301475],[29.4289488,-0.630152],[29.4290573,-0.6301886],[29.4291155,-0.6302005],[29.4291571,-0.6301938],[29.4292228,-0.6301616],[29.4293073,-0.6301522],[29.4294293,-0.6301589],[29.4296627,-0.6302394],[29.4297579,-0.6302353],[29.4299242,-0.6302112],[29.4299738,-0.6302353],[29.4300047,-0.6302756],[29.4301294,-0.6306443],[29.4301575,-0.6306819],[29.4302809,-0.6307141],[29.4303386,-0.6307463],[29.4303641,-0.6307825],[29.430352,-0.63082],[29.4303185,-0.6308629],[29.4303024,-0.6309005],[29.4303037,-0.6309219],[29.4303721,-0.6310011],[29.4304365,-0.6311057],[29.4305062,-0.6311942],[29.4306457,-0.6314409],[29.4306806,-0.6314744],[29.4307443,-0.6315006],[29.4307879,-0.6315321],[29.4308086,-0.6315341],[29.4308288,-0.63152],[29.4308697,-0.6314637],[29.4309247,-0.631449],[29.430989,-0.631449],[29.431036,-0.6314691],[29.4311868,-0.6315066],[29.4312854,-0.6315133],[29.4313166,-0.6315224],[29.431338,-0.6315358],[29.4313987,-0.6316555],[29.4314075,-0.6317091],[29.4314034,-0.6317467],[29.4314168,-0.6317748],[29.4314665,-0.6318244],[29.4315147,-0.6318553],[29.4316757,-0.6318539],[29.4317541,-0.6318439],[29.4318118,-0.631799],[29.4318628,-0.6317165],[29.4318708,-0.6316836],[29.4318923,-0.6316441],[29.4319241,-0.6316166],[29.4319365,-0.6315891],[29.4318872,-0.6314942],[29.4318892,-0.6314744],[29.431903,-0.6314657],[29.4319358,-0.6314604],[29.4319767,-0.6314878],[29.4320217,-0.6315549],[29.4320485,-0.631579],[29.432086,-0.6315978],[29.4321236,-0.6315978],[29.4322282,-0.6316253],[29.4322933,-0.6316005],[29.4323093,-0.6316032],[29.4324039,-0.631689],[29.4324616,-0.6317091],[29.4324964,-0.6317333],[29.432534,-0.6317802],[29.4325739,-0.6318144],[29.4325876,-0.6318137],[29.4325947,-0.6318006],[29.4325776,-0.6317396],[29.4325826,-0.6317265],[29.4326426,-0.6316863],[29.4326949,-0.6316287],[29.4327432,-0.6315241],[29.4328592,-0.6314483],[29.4329115,-0.6314255],[29.4329832,-0.6314154],[29.433055,-0.6314298],[29.4330677,-0.6314171],[29.4330436,-0.6313645],[29.4329229,-0.6312813],[29.432888,-0.6312666],[29.4327995,-0.6312746],[29.4327492,-0.6312713],[29.4326922,-0.6312357],[29.4326399,-0.631166],[29.4325796,-0.6311311],[29.4325494,-0.6311043],[29.4325293,-0.6310715],[29.4325186,-0.6309903],[29.4325239,-0.6309749],[29.4325528,-0.6309461],[29.4325675,-0.630881],[29.4325601,-0.6308666],[29.4325313,-0.6308468],[29.4325263,-0.6307858],[29.4325159,-0.6307701],[29.4324264,-0.6307221],[29.4323885,-0.6306876],[29.4323761,-0.6306836],[29.4323546,-0.6306909],[29.4323216,-0.6307364],[29.4323207,-0.6307543],[29.4323382,-0.6307919],[29.4323677,-0.6308294],[29.4323838,-0.6308844],[29.4323851,-0.6309555],[29.4323623,-0.6309783],[29.4323207,-0.6309722],[29.4322872,-0.6309474],[29.4322416,-0.6308978],[29.4321974,-0.63082],[29.4321819,-0.6308093],[29.4321571,-0.6308039],[29.432078,-0.6308321],[29.431968,-0.6308535],[29.4318473,-0.6308348],[29.4316998,-0.630765],[29.4315201,-0.6306336],[29.4314316,-0.6306041],[29.4314219,-0.6305914],[29.4314259,-0.6305545],[29.4314634,-0.6305166],[29.4314728,-0.6304955],[29.4314691,-0.6304486],[29.4314752,-0.630407],[29.4314678,-0.6303956],[29.4314329,-0.6303761],[29.4314074,-0.6303366],[29.4314108,-0.630289],[29.4314021,-0.6302293],[29.4314068,-0.6302052],[29.4314584,-0.6301207],[29.4314651,-0.6300825],[29.431453,-0.6299872],[29.4314437,-0.6297438],[29.4314182,-0.6296842],[29.4313659,-0.629605],[29.4313176,-0.6295541],[29.4313139,-0.6295336],[29.4313176,-0.6295139],[29.4313511,-0.6294696],[29.4313484,-0.6294294],[29.431335,-0.6293878],[29.4313122,-0.6293543],[29.4313082,-0.6293275],[29.4313082,-0.6292872],[29.4313565,-0.6291625],[29.4313458,-0.6291196],[29.4313163,-0.6290619],[29.4311661,-0.6288822],[29.4310011,-0.6286006],[29.4308536,-0.628496],[29.4308308,-0.6284732],[29.4308107,-0.6284303],[29.4307838,-0.6281956],[29.4307597,-0.6281071],[29.4307664,-0.6280267],[29.4307879,-0.6279489],[29.4308361,-0.6278684],[29.4309166,-0.6278255],[29.4309669,-0.6277873],[29.4309877,-0.6277397],[29.4309884,-0.6277189],[29.4309776,-0.6277015],[29.4308576,-0.6276753],[29.4307449,-0.6275895],[29.4306725,-0.6274675],[29.4306028,-0.6274178],[29.430588,-0.6273722],[29.4305921,-0.627332],[29.4306162,-0.6272596],[29.4306725,-0.627155],[29.4307074,-0.6270638],[29.4307208,-0.6269431],[29.4306967,-0.626801],[29.4307128,-0.6267098],[29.4307248,-0.6265636],[29.4306765,-0.6264644],[29.4302219,-0.6258301],[29.4297874,-0.6253205],[29.4293529,-0.6247116],[29.428976,-0.6242316],[29.4289009,-0.624127],[29.4288298,-0.6239875],[29.4287702,-0.6238527],[29.4286964,-0.6236496],[29.4286622,-0.6234417],[29.4285864,-0.6232808],[29.4285764,-0.6232365],[29.4285777,-0.6231158],[29.4285388,-0.6230313],[29.4285288,-0.6229851],[29.4285328,-0.6229502],[29.4285804,-0.6228966],[29.4285965,-0.622859],[29.4286005,-0.6228248],[29.4285911,-0.6227591],[29.4284892,-0.6225446],[29.4284557,-0.6224574],[29.4284248,-0.6223488],[29.4283631,-0.6222375],[29.4282585,-0.6221114],[29.4281687,-0.6220336],[29.4281345,-0.6219867],[29.4281271,-0.6219646],[29.4281325,-0.6219096],[29.4281512,-0.6218526],[29.4281647,-0.6216943],[29.4281787,-0.6216387],[29.4281989,-0.6215897],[29.4282525,-0.6215401],[29.4282961,-0.6214851],[29.4283424,-0.6213946],[29.4283531,-0.6213463],[29.4283504,-0.6213115],[29.4283363,-0.621282],[29.4282874,-0.6212371],[29.4282103,-0.6211941],[29.4281177,-0.6211807],[29.4280996,-0.6211908],[29.4280909,-0.6212102],[29.4280574,-0.6213712],[29.4280265,-0.6214194],[29.428001,-0.6214369],[29.4279313,-0.621453],[29.4278683,-0.6214489],[29.4278354,-0.6214322],[29.4278133,-0.62141],[29.4277945,-0.6213618],[29.4277892,-0.6213068],[29.4278187,-0.6211633],[29.4277824,-0.6210788],[29.4277637,-0.6209259],[29.4277677,-0.6208763],[29.4277422,-0.6208455],[29.4277221,-0.6208428],[29.427698,-0.6208522],[29.4276611,-0.6208891],[29.4276222,-0.6208803],[29.4276081,-0.6208549],[29.4276061,-0.6208207],[29.4276135,-0.6207918],[29.4276088,-0.6207603],[29.4275947,-0.6207429],[29.4274995,-0.6207107],[29.4274807,-0.6206913],[29.427478,-0.6206577],[29.4274995,-0.6206095],[29.4275317,-0.6205598],[29.4275773,-0.6205156],[29.4275974,-0.620478],[29.4276054,-0.6204432],[29.427584,-0.6202259],[29.4275732,-0.620175],[29.4275933,-0.6200395],[29.4276886,-0.6198799],[29.4278307,-0.6196721],[29.427871,-0.6195903],[29.4279219,-0.6194387],[29.4279326,-0.6193596],[29.4279461,-0.6190324],[29.4279608,-0.6189345],[29.4279407,-0.6188675],[29.4278575,-0.6187964],[29.4278026,-0.6187709],[29.427761,-0.6187655],[29.4277422,-0.6187776],[29.427714,-0.6188393],[29.4276698,-0.6189064],[29.4276121,-0.6189654],[29.4275451,-0.6190056],[29.4274552,-0.6190244],[29.4272675,-0.6189895],[29.4271106,-0.6189707],[29.4268879,-0.6189278],[29.4268075,-0.6189211],[29.4267337,-0.6188943],[29.426668,-0.6188473],[29.4265171,-0.6187086],[29.4263964,-0.6185255],[29.4263662,-0.6185107],[29.4262516,-0.6184846],[29.4261691,-0.6184826],[29.4261329,-0.6184893],[29.426092,-0.6185161],[29.4260256,-0.618612],[29.4260357,-0.6186898],[29.4260142,-0.6187541],[29.4260209,-0.6187743],[29.4260779,-0.6188353],[29.4260994,-0.6188862],[29.4260987,-0.6189305],[29.4260833,-0.6189721],[29.4259545,-0.6191075],[29.4259089,-0.6191464],[29.425815,-0.6192014],[29.4256903,-0.6192309],[29.4256179,-0.6192295],[29.4255441,-0.6191625],[29.4255079,-0.61907],[29.4254462,-0.6190391],[29.4253631,-0.6190136],[29.4253135,-0.6189707],[29.4253027,-0.6189211],[29.4253054,-0.6188527],[29.4252934,-0.6187199],[29.4253135,-0.618563],[29.4253644,-0.6185389],[29.4254087,-0.6185322],[29.4254489,-0.6185107],[29.4254784,-0.6184658],[29.4254784,-0.618382],[29.4255079,-0.6183538],[29.4255703,-0.6183807],[29.4256387,-0.618382],[29.4257453,-0.6183384],[29.4257762,-0.6182714],[29.4258332,-0.6181956],[29.4258405,-0.6181728],[29.4258171,-0.6180897],[29.4258204,-0.6179817],[29.4258352,-0.6179609],[29.4259042,-0.6179623],[29.4259807,-0.6179428],[29.4260759,-0.6178945],[29.4261034,-0.6178724],[29.4261275,-0.6178315],[29.4261476,-0.6178275],[29.4261704,-0.6178376],[29.426263,-0.6178476],[29.426389,-0.6178389],[29.4268008,-0.6177638],[29.4268638,-0.6177316],[29.4269174,-0.6176793],[29.4270904,-0.6174822],[29.4272648,-0.6173803],[29.4275075,-0.6172006],[29.4276148,-0.6171389],[29.4278455,-0.6170437],[29.4281352,-0.616982],[29.4284597,-0.6169632],[29.429082,-0.617049],[29.4293877,-0.6171349],[29.4294964,-0.6171818],[29.4296157,-0.6172167],[29.4300717,-0.617277],[29.4307101,-0.6172951],[29.4322014,-0.6172985],[29.4325179,-0.6172582],[29.4326439,-0.6172046],[29.4328934,-0.6171188],[29.4330221,-0.6170973],[29.4332287,-0.6171188],[29.4335318,-0.6171751],[29.4336578,-0.6171509],[29.4338724,-0.6170437],[29.4339985,-0.6170168],[29.4343874,-0.6169927],[29.4345269,-0.6169605],[29.4347066,-0.6169337],[29.4349185,-0.6168774],[29.4351304,-0.6167835],[29.4352779,-0.6167057],[29.4354308,-0.6166601],[29.4356561,-0.6166145],[29.435876,-0.6165904],[29.4360611,-0.6165368],[29.4363293,-0.6164348],[29.4365948,-0.6163463],[29.4370455,-0.6161184],[29.4377214,-0.6156812],[29.4381237,-0.6154317],[29.4384214,-0.6151984],[29.4388425,-0.6149195],[29.4391134,-0.6147666],[29.4392583,-0.6147183],[29.4394085,-0.6146969],[29.4396043,-0.6146486],[29.4397518,-0.6146003],[29.4399878,-0.6144528],[29.440197,-0.614249],[29.4404948,-0.6139834],[29.4409521,-0.6136321],[29.4410929,-0.6134792],[29.4411492,-0.6133746],[29.4411626,-0.6132807],[29.4411465,-0.6131922],[29.4411251,-0.6131453],[29.4411358,-0.6131212],[29.4411828,-0.613085],[29.4413115,-0.6130581],[29.4414161,-0.6130139],[29.4414604,-0.6129509],[29.4414751,-0.6129146],[29.4414791,-0.6128758],[29.4414429,-0.6128221],[29.4413953,-0.6127953],[29.4413705,-0.6127926],[29.4413283,-0.612806],[29.4412572,-0.6128711],[29.4412082,-0.6128851],[29.4411238,-0.6128825],[29.44105,-0.6128355],[29.4410225,-0.6127966],[29.4409561,-0.6125807],[29.4409347,-0.6125459],[29.4408964,-0.612513],[29.4408609,-0.6124439],[29.4408756,-0.6123957],[29.4409092,-0.6123554],[29.4410755,-0.6122897],[29.4411935,-0.6122307],[29.4412579,-0.6121824],[29.4413061,-0.6121342],[29.441632,-0.6117292],[29.4418238,-0.6116219],[29.4419821,-0.6114797],[29.4419834,-0.6113792],[29.4419606,-0.6112947],[29.44197,-0.6112746],[29.4420424,-0.6112397],[29.4420652,-0.6112102],[29.4420639,-0.6111619],[29.442021,-0.6110627],[29.4420035,-0.6109514],[29.44197,-0.6108857],[29.4419137,-0.6108173],[29.4418225,-0.6106537],[29.441738,-0.6105383],[29.4416696,-0.610423],[29.441577,-0.6102044],[29.4415576,-0.6101756],[29.4415288,-0.6101501],[29.4414905,-0.6101427],[29.4414631,-0.6101173],[29.4413987,-0.6099939],[29.4413685,-0.6099872],[29.4413457,-0.6099979],[29.441337,-0.6100127],[29.441333,-0.6100515],[29.4413263,-0.6100824],[29.4413035,-0.6101106],[29.4412753,-0.6101334],[29.4412337,-0.6101588],[29.4412056,-0.6102111],[29.4411881,-0.6102607],[29.4411761,-0.6103238],[29.4411694,-0.6103841],[29.4411358,-0.6104244],[29.4411103,-0.6104592],[29.4410929,-0.6105035],[29.441058,-0.6105558],[29.4410259,-0.6105786],[29.4409923,-0.6106094],[29.4409668,-0.6106564],[29.4409575,-0.6106899],[29.4409548,-0.6107757],[29.4409306,-0.610946],[29.4409105,-0.6110546],[29.4408931,-0.611123],[29.4408461,-0.611229],[29.4407885,-0.6114328],[29.4407496,-0.6115481],[29.4406718,-0.6117788],[29.4406477,-0.6118552],[29.4406275,-0.611937],[29.4405833,-0.6120363],[29.4405417,-0.6120953],[29.4404747,-0.6121663],[29.440417,-0.6122267],[29.4402386,-0.6123393],[29.4402011,-0.6123796],[29.440181,-0.6124238],[29.4401622,-0.6124815],[29.4401112,-0.6125526],[29.4400308,-0.6126156],[29.4399516,-0.6126639],[29.4398524,-0.6126947],[29.4397424,-0.6127256],[29.4397022,-0.6127269],[29.4396526,-0.6127175],[29.439556,-0.6126853],[29.4395091,-0.6126598],[29.4394661,-0.6126277],[29.4394501,-0.6125593],[29.4394487,-0.6124667],[29.4394581,-0.6123326],[29.4394648,-0.6121503],[29.4394661,-0.6120376],[29.4394688,-0.6118968],[29.4394715,-0.6117386],[29.4394809,-0.6116045],[29.4394943,-0.6114878],[29.4394688,-0.6113765],[29.4394273,-0.6113295],[29.4394018,-0.6112384],[29.4393897,-0.6111633],[29.4393884,-0.6111331],[29.4393937,-0.6111002],[29.4394326,-0.6110439],[29.439442,-0.6109983],[29.4394179,-0.6109339],[29.4394071,-0.6108588],[29.4394085,-0.6108186],[29.4394366,-0.6107475],[29.4394769,-0.6106564],[29.4395345,-0.6105491],[29.4395962,-0.6104337],[29.4396821,-0.6102795],[29.4397424,-0.6101642],[29.4397639,-0.6100898],[29.4397753,-0.6100475],[29.4397981,-0.6100026],[29.4398101,-0.6099671],[29.4398236,-0.6099342],[29.4398303,-0.6099074],[29.4398256,-0.6098853],[29.4398148,-0.6098605],[29.4398034,-0.6098356],[29.4397887,-0.6098095],[29.4397934,-0.6097679],[29.4398008,-0.6097344],[29.439794,-0.6097062],[29.4397964,-0.6096834],[29.4398028,-0.609662],[29.4398329,-0.6096479],[29.4398517,-0.6096358],[29.4398698,-0.6096177],[29.4398779,-0.6095876],[29.4398987,-0.6095473],[29.4399476,-0.6094427],[29.4399583,-0.6093918],[29.4399677,-0.6093576],[29.4399657,-0.6093321],[29.4399624,-0.6093006],[29.4399711,-0.6092677],[29.4400012,-0.6092442],[29.4400348,-0.6092121],[29.4400445,-0.6092027],[29.4400495,-0.6091926],[29.4400509,-0.6091799],[29.4400509,-0.6091195],[29.4400629,-0.6090941],[29.4400774,-0.609085],[29.4400966,-0.6090778],[29.4401085,-0.6090726],[29.4401146,-0.6090639],[29.4401139,-0.6090538],[29.4400965,-0.6090404],[29.440079,-0.6090297],[29.4400308,-0.6089854],[29.4400012,-0.6089546],[29.4399811,-0.6089224],[29.4399784,-0.6088835],[29.4399758,-0.6088393],[29.4400133,-0.6088017],[29.4400522,-0.6087856],[29.4400938,-0.608791],[29.4401313,-0.608799],[29.4401555,-0.6088004],[29.4402011,-0.6087856],[29.4402105,-0.6087735],[29.4402212,-0.6087534],[29.4402306,-0.6087186],[29.4402198,-0.6086649],[29.4402306,-0.6085938],[29.4402601,-0.6085308],[29.4403124,-0.608496],[29.4403701,-0.6084919],[29.440425,-0.6085013],[29.4404867,-0.6084866],[29.4405296,-0.6084369],[29.4405377,-0.6083753],[29.4405417,-0.6083364],[29.4405323,-0.6082894],[29.4404894,-0.6081687],[29.4404545,-0.6081285],[29.4404116,-0.6081017],[29.4403674,-0.6080883],[29.4403151,-0.6080843],[29.4402762,-0.608036],[29.4402413,-0.607985],[29.4402158,-0.6079421],[29.4402064,-0.6079046],[29.4402158,-0.6078737],[29.4402561,-0.6078402],[29.4402802,-0.6078241],[29.440299,-0.6078201],[29.4403245,-0.6078308],[29.4403647,-0.6078536],[29.4404116,-0.6078697],[29.4404545,-0.6078509],[29.4405028,-0.6078053],[29.4405457,-0.6077611],[29.4405913,-0.6077074],[29.4407482,-0.6076015],[29.4408287,-0.6075224],[29.4409132,-0.607454],[29.4410138,-0.6073547],[29.4410942,-0.6072649],[29.4411613,-0.6072045],[29.4412163,-0.6071442],[29.4413142,-0.607057],[29.4414201,-0.6069806],[29.4414899,-0.606939],[29.441569,-0.6068907],[29.4416387,-0.6068679],[29.4417514,-0.606872],[29.4418225,-0.6068827],[29.441907,-0.6068639],[29.4420169,-0.6068156],[29.4421014,-0.606758],[29.4421953,-0.6067325],[29.4423066,-0.6066856],[29.442367,-0.6066413],[29.4424421,-0.6066185],[29.4425252,-0.6065957],[29.442611,-0.6065407],[29.4426714,-0.6064871],[29.4427559,-0.6064348],[29.4428296,-0.6064147],[29.442894,-0.6064133],[29.4429718,-0.606408],[29.4430308,-0.6064013],[29.4430657,-0.6063704],[29.443114,-0.6063208],[29.4431475,-0.606247],[29.4431609,-0.60618],[29.443177,-0.6061183],[29.4432051,-0.6060633],[29.4432521,-0.6059936],[29.4432977,-0.6059668],[29.4433634,-0.6059628],[29.4434667,-0.6059882],[29.4435713,-0.6060218],[29.4437322,-0.6060687],[29.443936,-0.606129],[29.4440474,-0.6061652],[29.4441694,-0.6062336],[29.4442525,-0.6062886],[29.4443679,-0.6063289],[29.4444336,-0.606361],[29.4444953,-0.6064013],[29.4446374,-0.6064495],[29.4447434,-0.6065099],[29.4448198,-0.6065716],[29.4448453,-0.6066266],[29.4448695,-0.6066829],[29.4448936,-0.6067419],[29.4449244,-0.6068076],[29.4449486,-0.6068398],[29.4449754,-0.6068505],[29.4450156,-0.6068425],[29.4450371,-0.6068022],[29.4450505,-0.6067446],[29.4450827,-0.6066869],[29.4450867,-0.6066427],[29.4450626,-0.6065823],[29.4450733,-0.606534],[29.4451042,-0.606475],[29.4451269,-0.606416],[29.4451377,-0.6063557],[29.4451323,-0.606294],[29.4451082,-0.6062283],[29.4450948,-0.6061666],[29.4451082,-0.6061076],[29.4451283,-0.6060325],[29.4451377,-0.6059748],[29.4451363,-0.6059265],[29.4451551,-0.6058407],[29.4451766,-0.6057898],[29.4452061,-0.6057267],[29.4452262,-0.6056798],[29.4452718,-0.6056329],[29.4453228,-0.6056154],[29.4453469,-0.6055846],[29.4453603,-0.6055578],[29.4453523,-0.6055376],[29.4453228,-0.6055148],[29.4452879,-0.6054961],[29.4452383,-0.6054719],[29.4451873,-0.6054357],[29.4451618,-0.6054116],[29.4451337,-0.6054156],[29.4451028,-0.605429],[29.4450733,-0.605476],[29.4450545,-0.6055162],[29.4450425,-0.6055578],[29.4450197,-0.6055993],[29.4449741,-0.6056329],[29.4449137,-0.6056583],[29.4448641,-0.6056771],[29.4447957,-0.6056865],[29.4447125,-0.6056717],[29.4446267,-0.6056637],[29.4445489,-0.6056664],[29.4444966,-0.6056811],[29.4444671,-0.6056986],[29.4444001,-0.6057012],[29.4443008,-0.6056945],[29.4442324,-0.6057039],[29.4441506,-0.6057147],[29.4440111,-0.6056744],[29.4438569,-0.6056717],[29.4437496,-0.6056691],[29.4436048,-0.605661],[29.4435351,-0.6056503],[29.4434653,-0.6056302],[29.4434077,-0.6055739],[29.443346,-0.6054974],[29.4432977,-0.6054558],[29.4432239,-0.6054371],[29.4431394,-0.6054304],[29.4430777,-0.6054357],[29.442957,-0.6054357],[29.442839,-0.6053687],[29.4427264,-0.6052051],[29.4426003,-0.6051219],[29.4424635,-0.6050736],[29.4423422,-0.6050307],[29.4422945,-0.604967],[29.4422838,-0.6049194],[29.4422711,-0.6048779],[29.442257,-0.6048504],[29.4422389,-0.6048269],[29.4422228,-0.6047941],[29.4422201,-0.6047699],[29.4422355,-0.6047471],[29.4422603,-0.6047189],[29.4422986,-0.6047062],[29.4423375,-0.6047102],[29.4423804,-0.6047297],[29.44244,-0.6047444],[29.4425406,-0.6047591],[29.4425587,-0.6047498],[29.4425681,-0.6047357],[29.4425493,-0.6046365],[29.4425359,-0.6045399],[29.4425628,-0.6044836],[29.4426057,-0.6044407],[29.4426191,-0.6043629],[29.4426271,-0.6043093],[29.4426379,-0.6042529],[29.4426942,-0.6041993],[29.4427478,-0.6041457],[29.4428149,-0.6041242],[29.4428551,-0.6041322],[29.4429041,-0.6041517],[29.4429477,-0.6041886],[29.4429678,-0.6042261],[29.4429879,-0.6042697],[29.4429802,-0.6043361],[29.4429758,-0.6043706],[29.4429694,-0.6044031],[29.4429658,-0.6044702],[29.4429658,-0.6045191],[29.4429735,-0.6045356],[29.4429859,-0.6045453],[29.44301,-0.6045406],[29.4430365,-0.6045282],[29.4430603,-0.6045077],[29.4430744,-0.6044534],[29.4430898,-0.6044078],[29.4431005,-0.6043508],[29.4431059,-0.6042784],[29.4430985,-0.6042214],[29.4430999,-0.6041799],[29.4430952,-0.6041255],[29.4430764,-0.6040343],[29.4430751,-0.6038909],[29.4430456,-0.6037568],[29.4429919,-0.6036763],[29.4429222,-0.603628],[29.4428417,-0.6035878],[29.4427264,-0.6034805],[29.4425949,-0.6033518],[29.4424957,-0.6032659],[29.4423455,-0.6032069],[29.4423026,-0.6031868],[29.4422328,-0.6031855],[29.4421765,-0.603223],[29.4421095,-0.6032847],[29.4418707,-0.603459],[29.441742,-0.6035851],[29.4416133,-0.6037192],[29.4414362,-0.603923],[29.4413745,-0.6039901],[29.4413343,-0.6040545],[29.4412968,-0.604143],[29.4412941,-0.6042422],[29.4412914,-0.6043093],[29.4412512,-0.6043656],[29.4411546,-0.6043924],[29.4410688,-0.6043736],[29.4409347,-0.6043468],[29.4408435,-0.6043522],[29.4407442,-0.6044165],[29.4406718,-0.6045238],[29.4405887,-0.6046874],[29.440366,-0.6048805],[29.4401863,-0.6049905],[29.4401085,-0.6050415],[29.4400442,-0.605138],[29.4399852,-0.605248],[29.439961,-0.6053928],[29.4398591,-0.6056181],[29.4395748,-0.6060124],[29.4394112,-0.6061947],[29.4393066,-0.6063342],[29.4390705,-0.6065407],[29.4389284,-0.6066185],[29.438813,-0.6066024],[29.4387218,-0.6065676],[29.4386467,-0.6065085],[29.4384509,-0.6063557],[29.4383383,-0.6062591],[29.4382417,-0.6061384],[29.43818,-0.6060124],[29.4381666,-0.6058675],[29.4381559,-0.60572],[29.4381478,-0.6056154],[29.438121,-0.6054786],[29.4381317,-0.6053714],[29.4382229,-0.6052909],[29.4383088,-0.6052533],[29.4383275,-0.6052077],[29.4383436,-0.60513],[29.4383731,-0.6050549],[29.4384831,-0.60491],[29.4385985,-0.6048859],[29.4387192,-0.6048725],[29.4387594,-0.6048591],[29.4388452,-0.6048349],[29.4388935,-0.6048081],[29.4389659,-0.6047706],[29.4390196,-0.604725],[29.4390464,-0.6046713],[29.4390464,-0.6045882],[29.4390464,-0.6044702],[29.4390684,-0.6042658],[29.4391242,-0.6041242],[29.4392234,-0.6039552],[29.4393226,-0.6038238],[29.4394648,-0.6036736],[29.4395319,-0.6035797],[29.4396204,-0.6034805],[29.4397759,-0.6033732],[29.4399181,-0.6033062],[29.4399932,-0.6032257],[29.4401005,-0.6030862],[29.4402346,-0.6029736],[29.440358,-0.6028797],[29.440484,-0.6027966],[29.4405618,-0.6027268],[29.4406182,-0.6026517],[29.4406289,-0.602574],[29.4406235,-0.6024345],[29.4406396,-0.6023862],[29.4407496,-0.6023165],[29.4409025,-0.6022816],[29.4409776,-0.6022119],[29.4410071,-0.6021717],[29.4410151,-0.6021046],[29.4410181,-0.6020604],[29.4410151,-0.6020322],[29.4410215,-0.6020154],[29.4410379,-0.6020081],[29.4410862,-0.6020362],[29.4411358,-0.6020697],[29.4412136,-0.6020831],[29.4412807,-0.6020912],[29.4413987,-0.6020939],[29.4415247,-0.6020939],[29.4416106,-0.6020872],[29.4416508,-0.602055],[29.4416723,-0.6020335],[29.4416763,-0.6019759],[29.4416803,-0.601933],[29.4417286,-0.6019088],[29.4417782,-0.6019182],[29.441801,-0.6019383],[29.4418278,-0.6019866],[29.4419083,-0.6020644],[29.4419888,-0.6020912],[29.4420451,-0.6020858],[29.4421028,-0.6020496],[29.4420974,-0.6020201],[29.4420907,-0.6019946],[29.4421148,-0.6019571],[29.442147,-0.601949],[29.4421712,-0.6019665],[29.4421805,-0.6020054],[29.4421805,-0.6020443],[29.442194,-0.6020791],[29.4422141,-0.6020912],[29.4422516,-0.6020925],[29.4422811,-0.6020764],[29.4422825,-0.6020429],[29.4422784,-0.6020107],[29.4422825,-0.6019853],[29.4422919,-0.601949],[29.4422945,-0.6019128],[29.4423066,-0.6018766],[29.4423455,-0.6018619],[29.4423817,-0.6018431],[29.4424595,-0.6018391],[29.4425467,-0.6018216],[29.4426016,-0.6018002],[29.4426566,-0.6017492],[29.4426835,-0.601713],[29.4427103,-0.6016808],[29.4427451,-0.6016647],[29.4427921,-0.6016768],[29.442835,-0.6016862],[29.4428779,-0.6016849],[29.4429235,-0.6016741],[29.4429477,-0.6016607],[29.442949,-0.6016446],[29.4429369,-0.6016245],[29.4429342,-0.6016031],[29.4429289,-0.6015762],[29.4429262,-0.6015615],[29.4429262,-0.60154],[29.4429356,-0.6015213],[29.442945,-0.6015146],[29.4429772,-0.6015065],[29.4429986,-0.6015239],[29.443012,-0.6015521],[29.4430201,-0.6015736],[29.4430375,-0.601591],[29.4430536,-0.6015977],[29.4430912,-0.6016111],[29.4431542,-0.6016192],[29.443232,-0.6016259],[29.4432977,-0.6016299],[29.4433781,-0.6016205],[29.4434278,-0.6016084],[29.4434854,-0.6016017],[29.4435391,-0.6015883],[29.4435552,-0.6015655],[29.4435605,-0.6015159],[29.4435659,-0.6014904],[29.4435766,-0.6014435],[29.4435941,-0.6014032],[29.4436343,-0.6013737],[29.4436598,-0.6013737],[29.4437067,-0.6013429],[29.4437416,-0.6013094],[29.443759,-0.6012785],[29.4437805,-0.6012531],[29.4438261,-0.6012463],[29.4438583,-0.6012584],[29.4439092,-0.6012517],[29.4439428,-0.6012329],[29.4439723,-0.6012517],[29.4439951,-0.6012678],[29.4440326,-0.6012745],[29.4440567,-0.6012651],[29.4440661,-0.6012557],[29.4440769,-0.601243],[29.4440983,-0.6012403],[29.4441144,-0.6012437],[29.4441359,-0.6012611],[29.4441721,-0.6012799],[29.4442083,-0.6012866],[29.4442525,-0.6012906],[29.4443209,-0.6013161],[29.4444229,-0.6013456],[29.4445744,-0.6013764],[29.4447689,-0.6013925],[29.4448788,-0.6014006],[29.4449539,-0.6014408],[29.4450478,-0.6014877],[29.4451296,-0.601536],[29.4452074,-0.6015588],[29.4453871,-0.6015414],[29.4454958,-0.6015025],[29.4455977,-0.6014998],[29.4457506,-0.6015105],[29.4460282,-0.6015548],[29.4464372,-0.6015829],[29.4466491,-0.6016151],[29.4467832,-0.6016017],[29.4468462,-0.6015669],[29.4468865,-0.6015461],[29.4469042,-0.6015236],[29.446918,-0.6014777],[29.4469327,-0.6014401],[29.4469468,-0.6014267],[29.4469629,-0.6014294],[29.446981,-0.6014448],[29.4469911,-0.601473],[29.4469978,-0.6015333],[29.4470166,-0.6015883],[29.4470528,-0.6016044],[29.4471004,-0.6016151],[29.447215,-0.6016031],[29.4472741,-0.6015977],[29.4473398,-0.6015923],[29.4473813,-0.6016098],[29.447439,-0.6016299],[29.4475423,-0.6016406],[29.4476954,-0.6016871],[29.4477163,-0.6016983],[29.4477247,-0.601713],[29.447777,-0.6017466],[29.4478105,-0.601758],[29.4478869,-0.6017573],[29.4480023,-0.6016379],[29.4480707,-0.6015977],[29.4481002,-0.6015736],[29.4481458,-0.6015521],[29.4481739,-0.6015306],[29.4481873,-0.6015092],[29.4481766,-0.6014864],[29.4481538,-0.6014676],[29.448131,-0.6014448],[29.4481283,-0.6014086],[29.4481364,-0.6013831],[29.4481726,-0.6013751],[29.4482316,-0.6013858],[29.4483161,-0.6014354],[29.4483416,-0.6014716],[29.4483617,-0.6015092],[29.4483751,-0.6015333],[29.4484033,-0.6015615],[29.4484301,-0.6015816],[29.4484717,-0.6015977],[29.4484998,-0.6016071],[29.448528,-0.6016071],[29.4485696,-0.6015883],[29.4485897,-0.6015816],[29.4486085,-0.6015709],[29.4486487,-0.6015441],[29.4487104,-0.6015172],[29.4487533,-0.6015052],[29.4487721,-0.6015038],[29.4488043,-0.6015293],[29.4488284,-0.6015762],[29.4488646,-0.6016178],[29.4488995,-0.6016393],[29.4489907,-0.6016661],[29.4490349,-0.6016768],[29.4491181,-0.6016741],[29.449165,-0.6016647],[29.4492361,-0.6016433],[29.4492609,-0.6016057],[29.4492669,-0.6015789],[29.4492656,-0.6015534],[29.4492508,-0.6015199],[29.4492656,-0.601481],[29.4492964,-0.6014475],[29.4493273,-0.6014059],[29.4493635,-0.6013577],[29.4493863,-0.6013335],[29.4494192,-0.6013288],[29.4494413,-0.6013282],[29.4494882,-0.6013523],[29.4495754,-0.6013845],[29.4496894,-0.601418],[29.4497256,-0.601418],[29.4497672,-0.6014006],[29.4497766,-0.6013456],[29.449798,-0.6013054],[29.4498208,-0.6012812],[29.4498517,-0.6012745],[29.4498986,-0.6012933],[29.449912,-0.6013375],[29.4499294,-0.6013885],[29.4499442,-0.6014247],[29.4499657,-0.6014395],[29.4500005,-0.6014596],[29.4500662,-0.6014931],[29.4502272,-0.6015052],[29.4505236,-0.6015548],[29.4507489,-0.6016285],[29.4509286,-0.6016647],[29.4510077,-0.6016607],[29.4510667,-0.601654],[29.4511244,-0.6016647],[29.4511914,-0.6016701],[29.4512397,-0.6016674],[29.451292,-0.6016634],[29.4513403,-0.6016352],[29.4513591,-0.6016192],[29.4513993,-0.6016031],[29.4514516,-0.6016272],[29.4514945,-0.6016594],[29.4515589,-0.6016768],[29.4516098,-0.6016701],[29.4516501,-0.601654],[29.4517145,-0.6016192],[29.4517681,-0.6015736],[29.4517829,-0.6015601],[29.4518204,-0.6015548],[29.4519196,-0.6016165],[29.4520269,-0.6016567],[29.4521047,-0.6016929],[29.4522053,-0.6017398],[29.4522858,-0.601764],[29.4525406,-0.6018632],[29.4527552,-0.6018954],[29.4528973,-0.6019356],[29.453014,-0.6019812],[29.4531065,-0.6019678],[29.4531535,-0.6019343],[29.4531655,-0.6019021],[29.4531561,-0.6018699],[29.4531763,-0.6018123],[29.4532058,-0.6018015],[29.4532661,-0.6017935],[29.4533385,-0.6017868],[29.453368,-0.6017948],[29.4533841,-0.6018096],[29.4533875,-0.6018357],[29.4533841,-0.6018552],[29.4533647,-0.601888],[29.4533372,-0.6019128],[29.4533063,-0.6019263],[29.4532996,-0.6019457],[29.4533137,-0.6019658],[29.4533359,-0.6019765],[29.4533506,-0.6019792],[29.4533667,-0.6019705],[29.453368,-0.6019517],[29.4533768,-0.6019276],[29.4533935,-0.6019182],[29.4534143,-0.6019216],[29.4534364,-0.6019383],[29.4534525,-0.6019625],[29.4534512,-0.6019906],[29.4534364,-0.6020127],[29.4534277,-0.6020389],[29.4534311,-0.6020644],[29.4534834,-0.6020939],[29.4535169,-0.6020992],[29.4535638,-0.6021033],[29.4535947,-0.6020992],[29.4536249,-0.6020986],[29.453655,-0.6020992],[29.4536711,-0.6020905],[29.4536684,-0.6020604],[29.4536638,-0.6020288],[29.4536832,-0.6020101],[29.4537013,-0.6019987],[29.4537442,-0.6019933],[29.4537932,-0.6019987],[29.4538307,-0.6020201],[29.4538602,-0.6020436],[29.453877,-0.602063],[29.4538904,-0.6020604],[29.4539085,-0.6020429],[29.4539159,-0.6020168],[29.4539233,-0.6019725],[29.4539521,-0.6019269],[29.4539715,-0.6019041],[29.4540037,-0.6018994],[29.4540218,-0.6019108],[29.4540292,-0.6019316],[29.4540379,-0.6019558],[29.4540513,-0.6019786],[29.45406,-0.6020087],[29.4540694,-0.6020315],[29.4540741,-0.6020342],[29.4540969,-0.6020288],[29.4541231,-0.6020034],[29.4541365,-0.6019893],[29.4541579,-0.6019819],[29.4541667,-0.6019859],[29.4541774,-0.601998],[29.4541807,-0.6020483],[29.4541539,-0.6020966],[29.4541512,-0.6021462],[29.4541888,-0.6021945],[29.4542558,-0.6022173],[29.4543444,-0.6022333],[29.4544449,-0.6022897],[29.4545174,-0.6023299],[29.4545992,-0.602346],[29.454677,-0.6023393],[29.4547158,-0.6023178],[29.4547333,-0.6023111],[29.4547433,-0.6023165],[29.4547514,-0.6023272],[29.454748,-0.6023433],[29.4547655,-0.6024144],[29.4547789,-0.6024399],[29.4548218,-0.6024577],[29.4548956,-0.6024358],[29.4549291,-0.6024077],[29.4549331,-0.6023547],[29.4549412,-0.6023185],[29.4549586,-0.6022749],[29.4549673,-0.6022568],[29.4549888,-0.602238],[29.4550095,-0.602236],[29.4550236,-0.6022387],[29.4550391,-0.6022602],[29.4550478,-0.6022783],[29.4550565,-0.6023031],[29.4550679,-0.6023078],[29.455088,-0.6023051],[29.4551081,-0.6023064],[29.4551222,-0.6023172],[29.4551309,-0.6023507],[29.455137,-0.6023728],[29.4551323,-0.6024043],[29.4551316,-0.6024291],[29.4551423,-0.6024526],[29.4551758,-0.6024801],[29.455194,-0.6024935],[29.4552637,-0.6025431],[29.4553395,-0.6025914],[29.4553931,-0.6026102],[29.4554669,-0.6025914],[29.4554897,-0.6025766],[29.4555286,-0.6025726],[29.4555688,-0.6025847],[29.4555835,-0.6026303],[29.4555916,-0.6026487],[29.4556285,-0.6026608],[29.4556529,-0.6026903],[29.4556828,-0.602696],[29.4557126,-0.6027084],[29.4557307,-0.6027228],[29.4557388,-0.6027517],[29.4557458,-0.6027805],[29.4557522,-0.602807],[29.4557545,-0.60282],[29.4557669,-0.6028291],[29.4557901,-0.6028375],[29.455829,-0.6028355],[29.4558457,-0.6028298],[29.4558511,-0.6028207],[29.4558511,-0.60281],[29.4558474,-0.6027926],[29.4558464,-0.6027761],[29.4558498,-0.6027634],[29.4558534,-0.602746],[29.4558538,-0.6027275],[29.4558541,-0.6027064],[29.4558538,-0.6026893],[29.4558544,-0.6026648],[29.4558565,-0.6026585],[29.4558674,-0.6026492],[29.4558739,-0.6026447],[29.4558866,-0.6026402],[29.4558977,-0.6026373],[29.4559067,-0.6026358],[29.455921,-0.6026373],[29.4559309,-0.6026447],[29.4559523,-0.6026692],[29.4559765,-0.6026745],[29.4559912,-0.6026786],[29.4560046,-0.6026933],[29.4560053,-0.6027114],[29.456002,-0.6027295],[29.4559953,-0.602753],[29.4559852,-0.6027637],[29.4559711,-0.6027972],[29.4559671,-0.6028187],[29.4559738,-0.6028556],[29.4559839,-0.6028777],[29.4559932,-0.6028978],[29.456002,-0.6029367],[29.4560273,-0.6030026],[29.4560295,-0.6029878],[29.4560181,-0.6029702],[29.4560388,-0.602991],[29.4560777,-0.6029971],[29.4560285,-0.6030031],[29.4561012,-0.6030004],[29.4561488,-0.6030225],[29.4561709,-0.603044],[29.4562078,-0.6030574],[29.4562246,-0.6030608],[29.4562467,-0.603044],[29.4562635,-0.6030118],[29.4562789,-0.6030018],[29.4563218,-0.6029984],[29.45636,-0.6030232],[29.4563788,-0.6030621],[29.4563802,-0.6030997],[29.4564003,-0.603164],[29.4564271,-0.6032163],[29.4564633,-0.6032512],[29.456533,-0.6032767],[29.4566122,-0.6032659],[29.4566618,-0.6032418],[29.456702,-0.6031949],[29.4567356,-0.6031251],[29.4567543,-0.6030876],[29.4567879,-0.6030688],[29.4568174,-0.6030836],[29.4568388,-0.6031157],[29.4568428,-0.6031613],[29.4568294,-0.6032203],[29.45681,-0.6032592],[29.4567811,-0.6032948],[29.4567443,-0.6033498],[29.4567416,-0.6033692],[29.4567443,-0.6033833],[29.4567704,-0.6034249],[29.4568019,-0.603459],[29.4568187,-0.6034644],[29.4568402,-0.6034564],[29.4568609,-0.6034564],[29.4568804,-0.6034644],[29.4569065,-0.6034852],[29.4569193,-0.6035087],[29.4569179,-0.6035355],[29.4569193,-0.6035643],[29.456928,-0.6035932],[29.4569629,-0.6036307],[29.4569957,-0.6036461],[29.4570179,-0.6036401],[29.4570561,-0.6036307],[29.4571365,-0.6036441],[29.4571835,-0.6036615],[29.4572371,-0.6036924],[29.4572827,-0.603742],[29.4573243,-0.6037755],[29.4573592,-0.6038077],[29.4574128,-0.6038278],[29.4574584,-0.6038292],[29.4575,-0.6038305],[29.4575456,-0.6038627],[29.4575657,-0.6038815],[29.4576126,-0.6039311],[29.4576542,-0.6039579],[29.457677,-0.6039539],[29.4576924,-0.6039411],[29.4577146,-0.6039163],[29.4577441,-0.6039043],[29.4577722,-0.6038989],[29.4578004,-0.6039023],[29.4578279,-0.6039076],[29.4578339,-0.6038788],[29.4578319,-0.603856],[29.4578413,-0.6038426],[29.4578627,-0.6038345],[29.4578788,-0.6038359],[29.4579057,-0.6038433],[29.4579278,-0.6038634],[29.4579439,-0.6038875],[29.4579674,-0.6039049],[29.4580002,-0.6039204],[29.4580123,-0.6039371],[29.4580391,-0.6039378],[29.4580686,-0.6039016],[29.458078,-0.6038721],[29.4580995,-0.6038654],[29.458137,-0.6038614],[29.4581746,-0.6038466],[29.4582121,-0.6038225],[29.4582443,-0.6038386],[29.4582617,-0.6038882],[29.4582456,-0.6039297],[29.4582376,-0.603978],[29.4582456,-0.604025],[29.4582778,-0.6040639],[29.4583355,-0.6040786],[29.4583784,-0.6041202],[29.4583918,-0.604151],[29.458416,-0.6042234],[29.4584361,-0.6042368],[29.458479,-0.60421],[29.4585071,-0.6041886],[29.4585474,-0.6041859],[29.4585916,-0.6041966],[29.4586252,-0.6042208],[29.4586252,-0.6042462],[29.4586077,-0.6042771],[29.4585541,-0.6042985],[29.4585407,-0.6043589],[29.4585474,-0.6044031],[29.4585165,-0.6045077],[29.4585192,-0.6046204],[29.4585139,-0.6047008],[29.4584924,-0.6047545],[29.4584709,-0.6048698],[29.4585085,-0.6049369],[29.4585648,-0.6049905],[29.4586292,-0.6050683],[29.4586024,-0.6051675],[29.4585621,-0.6052614],[29.4585165,-0.6053687],[29.4584548,-0.6054652],[29.4583878,-0.6056101],[29.4583509,-0.6056919],[29.4583201,-0.6057381],[29.4582953,-0.6057569],[29.4582557,-0.6057482],[29.4582295,-0.605712],[29.4582376,-0.6056282],[29.4582376,-0.6055779],[29.4582376,-0.6054572],[29.4582403,-0.6053714],[29.4582188,-0.6052024],[29.4581598,-0.6050844],[29.4580311,-0.6049878],[29.4580042,-0.6048269],[29.4580257,-0.6046982],[29.4580042,-0.6046284],[29.4578969,-0.6045319],[29.4576877,-0.6045319],[29.4575751,-0.6045909],[29.457441,-0.6046874],[29.4570896,-0.6047652],[29.4569609,-0.6047625],[29.4568643,-0.6047062],[29.4567838,-0.6046123],[29.4567302,-0.6044782],[29.4566685,-0.6043522],[29.4566202,-0.6043227],[29.4565693,-0.6043575],[29.4565558,-0.6044246],[29.4565639,-0.6044702],[29.456576,-0.6045869],[29.4565719,-0.6045989],[29.4565491,-0.6046365],[29.4564915,-0.6046485],[29.4564512,-0.6046405],[29.456407,-0.6046137],[29.4563788,-0.6045775],[29.4563708,-0.6045171],[29.456352,-0.6044943],[29.4563426,-0.6045024],[29.456297,-0.6045292],[29.456238,-0.6045815],[29.4562045,-0.6046244],[29.4561683,-0.60467],[29.4561696,-0.6047263],[29.4561669,-0.6047598],[29.4561629,-0.6048202],[29.4562072,-0.6048805],[29.456234,-0.6049275],[29.4562514,-0.6049798],[29.4562286,-0.6050187],[29.4561991,-0.6050388],[29.4561642,-0.6050468],[29.456128,-0.6050388],[29.4561093,-0.6050321],[29.4560181,-0.6050485],[29.4559309,-0.6050924],[29.4556761,-0.6051112],[29.455483,-0.6051005],[29.4553086,-0.6050763],[29.4551665,-0.6050441],[29.4550002,-0.6049664],[29.4548821,-0.6049154],[29.4547507,-0.6048725],[29.4546783,-0.6048939],[29.4546434,-0.6049369],[29.4546729,-0.60502],[29.4547856,-0.605189],[29.4548258,-0.6052453],[29.4549492,-0.6052668],[29.4549948,-0.6052668],[29.4551182,-0.6052399],[29.4552416,-0.6053365],[29.4553167,-0.605492],[29.4553515,-0.6057281],[29.4553623,-0.6058005],[29.4553193,-0.6058863],[29.4552335,-0.606007],[29.4551879,-0.6061223],[29.4551128,-0.6062859],[29.4550458,-0.6063718],[29.4549036,-0.6064925],[29.454799,-0.6066131],[29.4547185,-0.6066668],[29.4546166,-0.6067017],[29.4545281,-0.6067043],[29.4544905,-0.6067097],[29.4544449,-0.6067365],[29.4544208,-0.6067741],[29.4544208,-0.606817],[29.4543886,-0.6069404],[29.4543269,-0.6070691],[29.4542867,-0.6071281],[29.4542304,-0.6071469],[29.4540989,-0.607163],[29.4540265,-0.6071817],[29.453989,-0.6072193],[29.4539461,-0.6072998],[29.4539031,-0.6073856],[29.4538039,-0.607458],[29.4536966,-0.6075116],[29.4535115,-0.6075411],[29.4533989,-0.6075975],[29.453254,-0.6076457],[29.4531199,-0.6076699],[29.4529778,-0.6076364],[29.452951,-0.6076095],[29.4529107,-0.6075733],[29.4528691,-0.6075639],[29.452837,-0.6075733],[29.4528209,-0.6076243],[29.4527981,-0.6076913],[29.4528007,-0.6077275],[29.4528061,-0.6077745],[29.4528142,-0.607812],[29.4528007,-0.607859],[29.4527793,-0.6078777],[29.4527471,-0.6078818],[29.4527002,-0.6078093],[29.4526733,-0.6077128],[29.4526666,-0.6076511],[29.4526613,-0.6075827],[29.4526479,-0.6075425],[29.452613,-0.6075143],[29.4525728,-0.6074875],[29.4525339,-0.6074848],[29.452503,-0.6075224],[29.4524923,-0.607568],[29.4524963,-0.6076028],[29.452507,-0.607627],[29.4525258,-0.6076565],[29.4525231,-0.6076873],[29.4524963,-0.6077678],[29.4524749,-0.6078536],[29.4524226,-0.6079676],[29.4523555,-0.6080615],[29.4523327,-0.6081151],[29.4523193,-0.6081915],[29.4522844,-0.6082881],[29.4521812,-0.608386],[29.4521275,-0.6084517],[29.4520833,-0.6084973],[29.4520484,-0.6085335],[29.4520256,-0.6085483],[29.4519706,-0.608567],[29.4519438,-0.6085617],[29.4518982,-0.6085161],[29.451858,-0.6084745],[29.4518217,-0.6084302],[29.4517748,-0.6084101],[29.4517198,-0.6084182],[29.451697,-0.6084477],[29.4517037,-0.6084892],[29.4517104,-0.6085255],[29.4517641,-0.6085992],[29.4518043,-0.6086622],[29.4518311,-0.6087119],[29.4518821,-0.6087722],[29.4519076,-0.6088379],[29.4519089,-0.6088916],[29.4518888,-0.6089747],[29.4518271,-0.6090545],[29.4517715,-0.6090833],[29.4517259,-0.6091014],[29.4516675,-0.6091169],[29.4516313,-0.6091383],[29.4516145,-0.6091557],[29.4516139,-0.6091732],[29.4516246,-0.6091873],[29.451642,-0.6091893],[29.4517037,-0.6092161],[29.4517627,-0.609251],[29.4518191,-0.6092603],[29.4518834,-0.6093354],[29.4519639,-0.6094481],[29.4520149,-0.6096117],[29.4520336,-0.6097324],[29.4522046,-0.609906],[29.4522589,-0.6099617],[29.4523186,-0.6099952],[29.452385,-0.6100267],[29.4524601,-0.6100351],[29.4524772,-0.6100371],[29.452493,-0.6100418],[29.452505,-0.6100562],[29.4525084,-0.610069],[29.4525124,-0.6101186],[29.4525305,-0.6101756],[29.4526117,-0.610238],[29.4527055,-0.6103077],[29.4527806,-0.6103881],[29.4528195,-0.6104337],[29.4528437,-0.6105155],[29.4529,-0.6106148],[29.452951,-0.6107261],[29.4530059,-0.6107918],[29.4530247,-0.6108166],[29.4530529,-0.6108481],[29.4530757,-0.6108528],[29.4530978,-0.6108468],[29.4531126,-0.6108367],[29.4531287,-0.6108387],[29.4531481,-0.6108474],[29.4531555,-0.6108542],[29.4531682,-0.6108635],[29.4531823,-0.6108729],[29.4531937,-0.6108823],[29.4532011,-0.6109018],[29.4532011,-0.6109205],[29.4531924,-0.6109507],[29.4531749,-0.6109762],[29.453181,-0.6110104],[29.4532078,-0.6110426],[29.4532353,-0.6110741],[29.4532675,-0.6110882],[29.4533057,-0.6111136],[29.4533251,-0.611123],[29.4533332,-0.6111458],[29.4533332,-0.6111827],[29.4533419,-0.6112068],[29.453356,-0.6112256],[29.453364,-0.6112585],[29.4533667,-0.6112853],[29.4533607,-0.6113114],[29.453362,-0.6113497],[29.4533747,-0.6113678],[29.4533989,-0.6113845],[29.4534331,-0.6114006],[29.4534874,-0.6114187],[29.4535457,-0.6114328],[29.4535685,-0.6114543],[29.4535759,-0.611473],[29.4536242,-0.6115294],[29.4536557,-0.6115595],[29.4536738,-0.6115642],[29.4536953,-0.6115522],[29.4537073,-0.6115052],[29.4537315,-0.6114127],[29.4537583,-0.6113564],[29.4537918,-0.6113121],[29.4538133,-0.611288],[29.4538495,-0.6112679],[29.4539259,-0.6112545],[29.4539608,-0.6112612],[29.453997,-0.6112746],[29.4540359,-0.6113027],[29.4540828,-0.6113389],[29.4541311,-0.6113751],[29.4541807,-0.6114087],[29.454233,-0.6114328],[29.454288,-0.6114556],[29.4543269,-0.6114623],[29.4543564,-0.6114677],[29.4543833,-0.6114569],[29.4544195,-0.6114288],[29.4544409,-0.6113859],[29.4544543,-0.6113456],[29.4544637,-0.6112826],[29.4544785,-0.6112531],[29.454516,-0.6112303],[29.4545375,-0.6112022],[29.4545509,-0.6111686],[29.4545586,-0.6111482],[29.4545502,-0.6111264],[29.4545301,-0.6111177],[29.4544892,-0.6111016],[29.4544342,-0.6110627],[29.4543712,-0.610997],[29.4543162,-0.6109152],[29.4542907,-0.6108079],[29.4543108,-0.6106778],[29.4543216,-0.6105491],[29.4543108,-0.6104109],[29.4543336,-0.610356],[29.4543739,-0.6102943],[29.4544275,-0.6102433],[29.4544865,-0.6101508],[29.4544932,-0.6100636],[29.454504,-0.610018],[29.4545214,-0.6099872],[29.4545489,-0.6099778],[29.4545663,-0.6099718],[29.4545851,-0.6099651],[29.4545938,-0.6099443],[29.4545878,-0.6099302],[29.4545683,-0.6099141],[29.4545261,-0.6098853],[29.4544463,-0.6098061],[29.454398,-0.6097297],[29.4543672,-0.6096278],[29.4543564,-0.60955],[29.4543457,-0.6093542],[29.4543242,-0.6091772],[29.4542116,-0.6090002],[29.4540507,-0.6087588],[29.4539219,-0.6084638],[29.4538884,-0.6083069],[29.4539005,-0.6081634],[29.4539648,-0.607973],[29.4540185,-0.6078469],[29.4541848,-0.6076055],[29.4543913,-0.6074419],[29.4545469,-0.6073239],[29.4547185,-0.6071469],[29.4548821,-0.6070557],[29.4549921,-0.6070208],[29.455094,-0.607002],[29.4551691,-0.607002],[29.4552657,-0.6069538],[29.4553032,-0.6069001],[29.455373,-0.6068384],[29.4554722,-0.6068304],[29.4555768,-0.6068599],[29.4556198,-0.606884],[29.4556493,-0.6069484],[29.4556546,-0.6070235],[29.4556332,-0.6071335],[29.4555527,-0.6072287],[29.4554897,-0.6072542],[29.455428,-0.6072984],[29.4554266,-0.6073373],[29.4554588,-0.607399],[29.4555111,-0.6074768],[29.4556117,-0.6075841],[29.4558062,-0.6077074],[29.455896,-0.6077906],[29.4559631,-0.6078335],[29.4560502,-0.6078362],[29.4560999,-0.607812],[29.4561803,-0.6077396],[29.456234,-0.6076699],[29.4562876,-0.6076176],[29.4563493,-0.6076136],[29.4565129,-0.6076216],[29.4566283,-0.6077342],[29.4568107,-0.6078898],[29.4571513,-0.6082868],[29.4572881,-0.6084665],[29.4573873,-0.6086461],[29.4575885,-0.6089787],[29.4577655,-0.6093341],[29.4579425,-0.6096425],[29.4582081,-0.6099832],[29.4585836,-0.6104163],[29.4588947,-0.6107382],[29.4592702,-0.6110332],[29.459686,-0.6113255],[29.4599998,-0.6115455],[29.4602331,-0.6117251],[29.4604906,-0.6119075],[29.4608393,-0.6121891],[29.461062,-0.6123474],[29.4612202,-0.61246],[29.4612779,-0.612511],[29.4613114,-0.6125298],[29.4613355,-0.6125231],[29.4614053,-0.6124949],[29.4614469,-0.6124949],[29.4614857,-0.612515],[29.4614965,-0.6125392],[29.4615152,-0.6125687],[29.4615568,-0.6125955],[29.4616038,-0.6125955],[29.4616306,-0.6126089],[29.4616735,-0.6126236],[29.4616869,-0.612625],[29.4617379,-0.6126129],[29.4617741,-0.6126008],[29.4618545,-0.6126102],[29.461939,-0.6126464],[29.4619833,-0.6126746],[29.4620088,-0.6127175],[29.462041,-0.6127604],[29.462112,-0.6127913],[29.4621791,-0.612798],[29.4622354,-0.61281],[29.4623119,-0.6128208],[29.4623762,-0.6128275],[29.4624674,-0.6128677],[29.4625787,-0.6129428],[29.4626337,-0.6129669],[29.4627008,-0.612979],[29.4627397,-0.6129696],[29.4628054,-0.6129549],[29.4628564,-0.6129616],[29.4629006,-0.612979],[29.4629355,-0.6130058],[29.4629596,-0.6130434],[29.4629811,-0.6130675],[29.4630441,-0.6130809],[29.463087,-0.6130809],[29.4631299,-0.6130715],[29.4631702,-0.613034],[29.4632265,-0.6130219],[29.4633003,-0.613042],[29.4633418,-0.6130608],[29.4633485,-0.6130903],[29.4633311,-0.6131185],[29.4633204,-0.6131627],[29.4633606,-0.6131963],[29.4634786,-0.6132512],[29.4636288,-0.6133237],[29.4636811,-0.6133344],[29.4637495,-0.6133277],[29.4638085,-0.613329],[29.4638675,-0.6133599],[29.4638984,-0.6133907],[29.4639547,-0.6134296],[29.4640258,-0.6134618],[29.464066,-0.6135221],[29.4640566,-0.6135852],[29.4640017,-0.6136468],[29.4639681,-0.6137085],[29.4639708,-0.6137474],[29.464003,-0.6137957],[29.4640405,-0.6138265],[29.4640969,-0.6138507],[29.4641639,-0.6138775],[29.4642256,-0.6139177],[29.4642726,-0.6139727],[29.4643624,-0.6140733],[29.4644777,-0.6141403],[29.46453,-0.6141859],[29.4645676,-0.6142208],[29.4646253,-0.6142342],[29.4646722,-0.6142382],[29.4646963,-0.6142436],[29.4647393,-0.6142919],[29.4647849,-0.61432],[29.4648439,-0.6143428],[29.4648774,-0.6143495],[29.4649069,-0.6143562],[29.4649351,-0.6143589],[29.4649632,-0.6143643],[29.4649981,-0.6143992],[29.4650732,-0.6144018],[29.465104,-0.6144233],[29.4651322,-0.6144783],[29.4651738,-0.6144863],[29.4652194,-0.614493],[29.4652556,-0.6144984],[29.4652905,-0.6145038],[29.465328,-0.6145266],[29.4653495,-0.6145628],[29.4653387,-0.6146057],[29.4652851,-0.6146486],[29.4652194,-0.6146754],[29.4651952,-0.6147143],[29.4651523,-0.6147733],[29.4651175,-0.6148149],[29.4650732,-0.6148618],[29.4650598,-0.6149128],[29.4650799,-0.6149342],[29.4651161,-0.6149463],[29.4651335,-0.6149892],[29.4651376,-0.6150442],[29.4651899,-0.6151099],[29.4652221,-0.6151381],[29.4652408,-0.615189],[29.4652301,-0.6152494],[29.4651926,-0.615299],[29.4651711,-0.6153272],[29.4651577,-0.615354],[29.4651604,-0.615409],[29.4652207,-0.6154559],[29.465265,-0.6154747],[29.4653065,-0.615476],[29.4653615,-0.6154277],[29.4653977,-0.615425],[29.4654326,-0.6154318],[29.4654621,-0.6154733],[29.465493,-0.6155712],[29.4655077,-0.6156383],[29.4655332,-0.6157026],[29.4655949,-0.6157496],[29.4656593,-0.6157979],[29.4657196,-0.6158957],[29.4657773,-0.6159413],[29.4658443,-0.615995],[29.4658953,-0.6160057],[29.4659597,-0.6160272],[29.4660106,-0.6160647],[29.4660562,-0.6161854],[29.466126,-0.6163356],[29.4661957,-0.6163597],[29.4662601,-0.6163705],[29.4663137,-0.6164268],[29.4663486,-0.6165502],[29.4664156,-0.6166816],[29.4665068,-0.616754],[29.4666892,-0.6168452],[29.4670701,-0.6170168],[29.467451,-0.617285],[29.4677299,-0.6174513],[29.4680303,-0.6176793],[29.4685373,-0.6180602],[29.469476,-0.618669],[29.4707125,-0.6194012],[29.4715816,-0.6198732],[29.4720536,-0.6201039],[29.4727939,-0.6203989],[29.4732606,-0.6205598],[29.4736308,-0.6207637],[29.4746017,-0.6212733],[29.4752508,-0.6218472],[29.4753447,-0.6219284],[29.4753829,-0.6219491],[29.4754386,-0.6219599],[29.4754882,-0.6219505],[29.4755298,-0.6219384],[29.4755626,-0.6219317],[29.4756042,-0.6219431],[29.475621,-0.6219706],[29.475621,-0.6220283],[29.475617,-0.6220705],[29.4756297,-0.6221174],[29.475684,-0.6221644],[29.4759911,-0.6223729],[29.4765597,-0.622861],[29.4767073,-0.6229656],[29.4768092,-0.6230166],[29.4768736,-0.6230354],[29.4769205,-0.6230568],[29.4769406,-0.6230917],[29.476946,-0.6231373],[29.4769084,-0.6232499],[29.4769326,-0.6233143],[29.4769782,-0.6233679],[29.4771016,-0.6234565],[29.4773,-0.623604],[29.4778901,-0.6240277],[29.4782308,-0.6242316],[29.4785205,-0.6244354],[29.4788396,-0.6246687],[29.4789892,-0.6247754],[29.47902,-0.6247841],[29.4790716,-0.624827],[29.4791159,-0.6248672],[29.4791508,-0.6248967],[29.479183,-0.6249336],[29.4792259,-0.624953],[29.4793224,-0.625012],[29.4794552,-0.625177],[29.4795759,-0.6252829],[29.4796456,-0.6253124],[29.4797435,-0.6253701],[29.4798508,-0.6254224],[29.4799232,-0.6254774],[29.4799836,-0.6254734],[29.4800198,-0.6254506],[29.4800587,-0.6254506],[29.4800842,-0.6254626],[29.4801043,-0.6255082],[29.4801231,-0.6255632],[29.4801499,-0.6255873],[29.4801968,-0.6256008],[29.4802371,-0.6256061],[29.480284,-0.6256209],[29.4803256,-0.6256852],[29.4803309,-0.6257523],[29.4803444,-0.6258153],[29.4803752,-0.6258582],[29.4804141,-0.6258555],[29.4804329,-0.6258341],[29.4804637,-0.6258167],[29.4804986,-0.6258193],[29.4805402,-0.6258421],[29.4805482,-0.6258743],[29.4805455,-0.6259199],[29.4805536,-0.6259508],[29.4806018,-0.6260245],[29.4806743,-0.6260983],[29.4807279,-0.6261667],[29.4808191,-0.6262659],[29.4808875,-0.6263397],[29.4809452,-0.6263705],[29.4809921,-0.6263692],[29.481035,-0.6263504],[29.4810618,-0.6263329],[29.4810779,-0.6263303],[29.4811021,-0.6263625],[29.4811155,-0.6263893],[29.4811477,-0.6264644],[29.4811437,-0.6265247],[29.4811329,-0.626573],[29.4811209,-0.6266105],[29.4811128,-0.6266789],[29.4811302,-0.6267004],[29.4811839,-0.6267205],[29.4812134,-0.6267393],[29.4812295,-0.6267728],[29.4812375,-0.6268197],[29.4812697,-0.626864],[29.4813006,-0.6268546],[29.4813287,-0.6268452],[29.4813529,-0.6268486],[29.4813609,-0.6268593],[29.4813623,-0.6268747],[29.4813944,-0.6269123],[29.48144,-0.6269364],[29.4815004,-0.626982],[29.4815688,-0.6270343],[29.4816063,-0.6270853],[29.4816466,-0.6271362],[29.4816855,-0.6271711],[29.4816922,-0.62721],[29.481664,-0.6272516],[29.4816197,-0.6272811],[29.4815929,-0.6273173],[29.4815809,-0.6273789],[29.4815902,-0.6274085],[29.4816332,-0.6273937],[29.481656,-0.627395],[29.4816707,-0.6274192],[29.481656,-0.6274621],[29.4816479,-0.6275077],[29.4816412,-0.6275707],[29.4816653,-0.6276391],[29.4816962,-0.6276606],[29.4817337,-0.6277142],[29.481774,-0.6278523],[29.4818249,-0.6279837],[29.4819134,-0.628142],[29.4820958,-0.6284772],[29.4822138,-0.6287401],[29.482289,-0.6289439],[29.4824177,-0.6290888],[29.4825089,-0.6292282],[29.4826323,-0.6294535],[29.482761,-0.629711],[29.4828254,-0.6300167],[29.4828066,-0.6301723],[29.4828173,-0.6303493],[29.4828173,-0.630521],[29.4828013,-0.6305987],[29.4827235,-0.6307168],[29.4826698,-0.630824],[29.4826296,-0.6309608],[29.4826081,-0.6311325],[29.4825652,-0.6313444],[29.4824043,-0.6319451],[29.4823346,-0.6321168],[29.4822809,-0.6322321],[29.48201,-0.6325084],[29.4818169,-0.6327041],[29.4817257,-0.6329724],[29.4817257,-0.6331225],[29.4817364,-0.63338],[29.481774,-0.6338574],[29.4818813,-0.634308],[29.4822085,-0.6353165],[29.4823909,-0.6358797],[29.4826752,-0.6365073],[29.4830453,-0.6369257],[29.4833404,-0.6371939],[29.4835818,-0.6374031],[29.4837964,-0.6376928],[29.4840753,-0.6381702],[29.4843382,-0.6387227],[29.4845098,-0.6390123],[29.4846037,-0.6391464],[29.4846439,-0.6392644],[29.4846547,-0.63931],[29.4846278,-0.6393663],[29.484542,-0.63942],[29.4843811,-0.6395165],[29.4840861,-0.6395166],[29.4836676,-0.639479],[29.4831526,-0.6394039],[29.48304,-0.6391356],[29.482584,-0.6389641],[29.4821655,-0.6387763],[29.4820529,-0.6383686],[29.4818866,-0.6380146],[29.4817901,-0.6375962],[29.4817633,-0.6373709],[29.4812483,-0.6386958],[29.4812322,-0.638256],[29.4812214,-0.6379395],[29.4812188,-0.6377169],[29.4812429,-0.6375855],[29.4813153,-0.637395],[29.4814092,-0.6372207],[29.4814897,-0.6370088],[29.4814977,-0.6368801],[29.4814762,-0.6367379],[29.4814575,-0.636687],[29.4814494,-0.6366615],[29.4814146,-0.6366602],[29.481385,-0.6367031],[29.4813395,-0.6368023],[29.4812617,-0.6368908],[29.4811866,-0.6369445],[29.4811262,-0.6369793],[29.4810592,-0.6370008],[29.4810095,-0.6369994],[29.4809532,-0.6369713],[29.4809157,-0.636864],[29.4808888,-0.6367272],[29.4808754,-0.6365824],[29.480854,-0.6364617],[29.4808191,-0.6364349],[29.4807789,-0.636451],[29.480744,-0.6365663],[29.480693,-0.6367648],[29.4807091,-0.6369954],[29.4807494,-0.6371671],[29.4808164,-0.6372985],[29.4808459,-0.6374272],[29.4808835,-0.6375922],[29.4808929,-0.6377035],[29.4808862,-0.6377947],[29.4808714,-0.6379824],[29.4808513,-0.6380213],[29.4808365,-0.6380454],[29.4808017,-0.6380589],[29.4807427,-0.6380656],[29.4807105,-0.6380709],[29.4806702,-0.6381112],[29.4806676,-0.6381447],[29.4806689,-0.6382117],[29.480681,-0.6382627],[29.4807091,-0.638315],[29.4807346,-0.6383619],[29.4807547,-0.6383955],[29.4807936,-0.6384531],[29.4808084,-0.6384947],[29.480807,-0.6385819],[29.4808044,-0.6386677],[29.4807869,-0.6387602],[29.4807762,-0.6389319],[29.4807118,-0.6396989],[29.4806743,-0.6401549],[29.4806957,-0.6404874],[29.480685,-0.6408576],[29.4804168,-0.6421074],[29.4801807,-0.6433733],[29.4801539,-0.6439258],[29.4802129,-0.6442959],[29.4804007,-0.6445641],[29.480685,-0.6448538],[29.4810176,-0.6451596],[29.4814548,-0.6454412],[29.4819134,-0.6457603],[29.4824123,-0.6460929],[29.4825786,-0.6462216],[29.4827396,-0.6463893],[29.4828066,-0.6465247],[29.4828549,-0.646683],[29.4829059,-0.6472998],[29.4830668,-0.6478899],[29.4832921,-0.6482224],[29.4839358,-0.6486516],[29.484719,-0.6488769],[29.48547,-0.6490056],[29.4860494,-0.6489734],[29.4866395,-0.6488661],[29.4872188,-0.6485765],[29.4878411,-0.6482117],[29.4884848,-0.6476538],[29.4894075,-0.6470423],[29.4903409,-0.646463],[29.49121,-0.6460017],[29.4920254,-0.6458301],[29.4925511,-0.6458193],[29.4938922,-0.645814],[29.4959092,-0.6457335],[29.4966495,-0.645653],[29.4975293,-0.6455297],[29.4978994,-0.6454921],[29.4982481,-0.6454814],[29.4984761,-0.6454894],[29.4986933,-0.6454921],[29.4991708,-0.6453902],[29.4995677,-0.6451756],[29.4999433,-0.6450308],[29.4999891,-0.6450031],[29.5004046,-0.6447519],[29.5009464,-0.6443335],[29.5014775,-0.6437327],[29.5016813,-0.6433572],[29.5019227,-0.6429656],[29.5020461,-0.6427189],[29.5022607,-0.642381],[29.5025986,-0.641984],[29.5028937,-0.6416702],[29.5032236,-0.6413993],[29.5038861,-0.6409005],[29.5044923,-0.6404874],[29.5055813,-0.6397204],[29.5060587,-0.6393073],[29.5066166,-0.638905],[29.5073891,-0.6384115],[29.5080328,-0.6380334],[29.5087784,-0.6375586],[29.5093632,-0.6371295],[29.5098084,-0.6367111],[29.5102966,-0.6362069],[29.5107686,-0.6357241],[29.5114124,-0.6353057],[29.511981,-0.6350053],[29.5125899,-0.634654],[29.5133489,-0.6342919],[29.5139444,-0.6339486],[29.5143172,-0.633718],[29.5145532,-0.6336134],[29.5148027,-0.6335329],[29.5150763,-0.633439],[29.5155913,-0.6332647],[29.5159855,-0.633034],[29.5164388,-0.6327202],[29.5165327,-0.6326586],[29.51664,-0.6325674],[29.516699,-0.6324842],[29.5167312,-0.6324145],[29.5167795,-0.6323206],[29.5168653,-0.6322133],[29.5169833,-0.6321329],[29.5171738,-0.6320041],[29.5172998,-0.6319344],[29.51745,-0.6318486],[29.5177022,-0.6316582],[29.5179141,-0.6314972],[29.5180348,-0.6314463],[29.5181259,-0.6314248],[29.518193,-0.6314007],[29.5182359,-0.631347],[29.5182466,-0.6312934],[29.5182815,-0.6312478],[29.5183378,-0.6312049],[29.5183928,-0.6312009],[29.5184465,-0.6312424],[29.5184961,-0.6312733],[29.518539,-0.6312934],[29.5185873,-0.631288],[29.5186396,-0.6312585],[29.5186342,-0.6311848],[29.5186315,-0.6311164],[29.518649,-0.6310547],[29.5186865,-0.6309863],[29.5188582,-0.6308267],[29.5189548,-0.6307865],[29.5190459,-0.6307919],[29.5191371,-0.6307865],[29.5193034,-0.6307194],[29.5194751,-0.6306148],[29.5195636,-0.6305357],[29.5196736,-0.6304646],[29.5197581,-0.630403],[29.5198251,-0.6303372],[29.5198908,-0.6301991],[29.5199056,-0.630128],[29.5199458,-0.6300623],[29.5199981,-0.6300261],[29.5200759,-0.6299913],[29.520143,-0.629947],[29.5201819,-0.6298652],[29.5201899,-0.6298142],[29.5202167,-0.6297673],[29.5202892,-0.6297137],[29.5203535,-0.6296547],[29.5204233,-0.6295943],[29.5204675,-0.6295688],[29.5205185,-0.629534],[29.5205373,-0.6295018],[29.5205601,-0.6294347],[29.5205896,-0.6293838],[29.5206271,-0.6293503],[29.5206633,-0.6293033],[29.5206781,-0.6292711],[29.5206781,-0.6292215],[29.5206754,-0.6291303],[29.5206553,-0.6290861],[29.520611,-0.6290566],[29.5205896,-0.6290284],[29.5205373,-0.6289426],[29.5205265,-0.6288071],[29.5205171,-0.6286543],[29.5205131,-0.6285604],[29.5204943,-0.6284853],[29.5204689,-0.62837],[29.5204326,-0.6282439],[29.5204112,-0.6281661],[29.5204112,-0.6280883],[29.5204407,-0.6280079],[29.5204461,-0.6279221],[29.5203951,-0.6277397],[29.5203575,-0.6275895],[29.5203173,-0.6274795],[29.5202395,-0.6274393],[29.5201376,-0.6273883],[29.5200384,-0.6272891],[29.5199364,-0.6270879],[29.5198587,-0.6268492],[29.5198452,-0.6267205],[29.5198667,-0.6266119],[29.5199123,-0.6265328],[29.5199552,-0.6264402],[29.5199579,-0.6263893],[29.5199311,-0.6263584],[29.5198868,-0.6263437],[29.5198238,-0.6263544],[29.5197245,-0.6264174],[29.5195904,-0.6265033],[29.519341,-0.6266132],[29.5191908,-0.6266642],[29.5190459,-0.626691],[29.5189494,-0.6266843],[29.5188434,-0.6266535],[29.5187697,-0.6266146],[29.5187013,-0.6265287],[29.5186047,-0.6264563],[29.5185108,-0.6264416],[29.5183942,-0.6264536],[29.5182842,-0.6264805],[29.5181501,-0.6264858],[29.5179865,-0.6264335],[29.5178443,-0.6263477],[29.5177692,-0.6262565],[29.517678,-0.6261492],[29.5176029,-0.6260205],[29.51756,-0.6259105],[29.5175439,-0.6258086],[29.5175131,-0.6257268],[29.5174675,-0.6256919],[29.5173991,-0.6256705],[29.5172971,-0.625637],[29.517214,-0.625578],[29.5171832,-0.6255069],[29.5171845,-0.6254398],[29.5172073,-0.6253607],[29.5172368,-0.6253165],[29.5172918,-0.625287],[29.5173159,-0.6252467],[29.5173025,-0.6252051],[29.517269,-0.6251877],[29.517222,-0.6251743],[29.5171791,-0.6251555],[29.5171563,-0.625126],[29.5171309,-0.6250952],[29.5171148,-0.625063],[29.5170705,-0.6250255],[29.5170236,-0.6250201],[29.5169719,-0.6250315],[29.5168935,-0.6250456],[29.5168123,-0.625055],[29.5167406,-0.6250503],[29.51664,-0.6250482],[29.5164898,-0.6250362],[29.5164134,-0.6250187],[29.5163637,-0.6249959],[29.5162967,-0.624953],[29.5162162,-0.6249141],[29.5161492,-0.6248954],[29.5160754,-0.6248967],[29.5159587,-0.62489],[29.51583,-0.6248726],[29.5156717,-0.6248458],[29.5155188,-0.6248109],[29.5151675,-0.6247666],[29.5150749,-0.624764],[29.5149422,-0.6247398],[29.5148684,-0.6247546],[29.5148188,-0.624768],[29.5147611,-0.6247867],[29.5147155,-0.6247787],[29.5146699,-0.6247344],[29.5145841,-0.6247103],[29.514403,-0.6246902],[29.5142515,-0.6246513],[29.5141228,-0.624599],[29.5139967,-0.6245118],[29.5138948,-0.6243858],[29.5138022,-0.6242624],[29.5136829,-0.6241913],[29.5136373,-0.6241283],[29.5135716,-0.6241028],[29.5134978,-0.6240385],[29.5134777,-0.6239151],[29.5134656,-0.6238118],[29.5135166,-0.6236697],[29.5135702,-0.6235503],[29.5135984,-0.6234444],[29.5136319,-0.6233907],[29.5136815,-0.6233559],[29.5137861,-0.6233143],[29.5138773,-0.6232352],[29.5139511,-0.6231105],[29.5139685,-0.6230568],[29.5139658,-0.6229603],[29.513994,-0.6228919],[29.5140356,-0.6228101],[29.5140316,-0.6227403],[29.5140128,-0.6226612],[29.5139819,-0.6226129],[29.513998,-0.6225767],[29.5140691,-0.6225151],[29.5141093,-0.6224775],[29.5141791,-0.6224587],[29.514218,-0.6224628],[29.5142689,-0.6224547],[29.5143239,-0.6223863],[29.5143494,-0.6222965],[29.5143883,-0.6222093],[29.5144366,-0.6220417],[29.5144969,-0.6219639],[29.5145546,-0.6218982],[29.5146391,-0.6218445],[29.5147517,-0.6218606],[29.5148858,-0.6218472],[29.5150897,-0.6218016],[29.5152023,-0.6217533],[29.5152882,-0.6216997],[29.5153445,-0.6216032],[29.5153445,-0.62152],[29.5153284,-0.6214369],[29.5153123,-0.6212411],[29.5153539,-0.6210453],[29.5153619,-0.6209729],[29.5153807,-0.6209165],[29.5154357,-0.6208817],[29.5155483,-0.6208455],[29.5156811,-0.6207918],[29.516058,-0.6205974],[29.5163383,-0.6203989],[29.5165206,-0.6203131],[29.5166561,-0.6202715],[29.5167232,-0.6202755],[29.5168117,-0.6203252],[29.5169605,-0.6204539],[29.5170128,-0.6205062],[29.5170678,-0.6205209],[29.5171349,-0.6205102],[29.5172019,-0.6204472],[29.5172475,-0.6203935],[29.5172985,-0.6203654],[29.5173669,-0.6203721],[29.5175305,-0.6204686],[29.5175694,-0.6204901],[29.5176324,-0.6204888],[29.5178068,-0.6204029],[29.5179529,-0.6203386],[29.5180294,-0.6203144],[29.518075,-0.6203292],[29.5181085,-0.6203761],[29.5181434,-0.620478],[29.5181555,-0.6205746],[29.5181635,-0.6206698],[29.5182131,-0.6208052],[29.5184612,-0.6212008],[29.5185819,-0.6213752],[29.5187858,-0.6215924],[29.5190902,-0.6217936],[29.5193075,-0.621925],[29.5195368,-0.6220591],[29.519797,-0.6221798],[29.5202851,-0.62233],[29.5214653,-0.6226947],[29.5222324,-0.6229254],[29.5229968,-0.6230997],[29.5245659,-0.6235128],[29.5257354,-0.6237971],[29.5266192,-0.6239701],[29.5284632,-0.6243228],[29.5292625,-0.6244086],[29.5305499,-0.6245722],[29.5313841,-0.6246956],[29.5332295,-0.6248833],[29.534238,-0.6250549],[29.5356274,-0.6252105],[29.5365715,-0.6253339],[29.5373332,-0.6253822],[29.5379555,-0.6254573],[29.5391947,-0.6256075],[29.541142,-0.6257737],[29.5424724,-0.6258381],[29.5432824,-0.6258917],[29.5439261,-0.6259019],[29.5446396,-0.6259132],[29.5457393,-0.6259052],[29.546544,-0.6259481],[29.5476651,-0.6260017],[29.5490733,-0.6260554],[29.5498082,-0.62605],[29.5499986,-0.6260496],[29.5510125,-0.6260473],[29.5513102,-0.6260661],[29.5517608,-0.6260527],[29.5530349,-0.6260098],[29.5531261,-0.625999],[29.5531878,-0.6259508],[29.5532361,-0.625881],[29.5532683,-0.6257952],[29.5533353,-0.6257737],[29.553389,-0.6257657],[29.5537215,-0.6257416],[29.5543599,-0.6257147],[29.5547864,-0.6257067],[29.5551726,-0.6256584],[29.555591,-0.6255887],[29.5558459,-0.625535],[29.5561275,-0.6254546],[29.5562965,-0.6253527],[29.5564386,-0.6252534],[29.5565137,-0.6251703],[29.5568436,-0.6250174],[29.5575598,-0.624776],[29.5579125,-0.6246298],[29.5583108,-0.624489],[29.558799,-0.6242557],[29.5589492,-0.6240948],[29.5590457,-0.6240063],[29.5591825,-0.623958],[29.5594749,-0.6238105],[29.559727,-0.6236683],[29.5599443,-0.6234994],[29.56036,-0.6232151],[29.5606121,-0.6229603],[29.5612425,-0.6224319],[29.5614651,-0.6222281],[29.5615538,-0.6221473],[29.561677,-0.622035],[29.5619452,-0.6218579],[29.5621759,-0.621697],[29.5624763,-0.6214154],[29.5627713,-0.6210319],[29.5632836,-0.6204177],[29.563415,-0.6202702],[29.563525,-0.62012],[29.563643,-0.6199269],[29.5638469,-0.6197284],[29.5641232,-0.6194441],[29.5643163,-0.6192269],[29.5644584,-0.6190793],[29.5646596,-0.6189613],[29.5648232,-0.6188406],[29.5649466,-0.6187226],[29.5651156,-0.6185322],[29.5654535,-0.6182881],[29.5657191,-0.6180709],[29.5659175,-0.6179234],[29.5660973,-0.6177222],[29.5661563,-0.6176069],[29.566277,-0.6174433],[29.5665103,-0.6172341],[29.5667544,-0.6170973],[29.5669153,-0.6169525],[29.567028,-0.6168291],[29.567146,-0.6167299],[29.5672238,-0.6166065],[29.5673311,-0.6164536],[29.5674276,-0.616282],[29.5675617,-0.616121],[29.5676449,-0.6160138],[29.5677119,-0.6158931],[29.5677683,-0.6157697],[29.5677629,-0.615708],[29.5677307,-0.6156597],[29.5676529,-0.6155605],[29.5676127,-0.6154827],[29.5675832,-0.6153915],[29.5675939,-0.6153271],[29.5676449,-0.6152628],[29.5679319,-0.6151099],[29.5680928,-0.6150268],[29.5682403,-0.6149463],[29.5686775,-0.6147076],[29.5691174,-0.6143643],[29.5693642,-0.6141336],[29.5696753,-0.6137796],[29.5699704,-0.6134524],[29.5704424,-0.6130447],[29.5709789,-0.6125244],[29.5710996,-0.6123729],[29.5711277,-0.6122951],[29.5711251,-0.6121798],[29.5712055,-0.6120322],[29.5712967,-0.6119357],[29.5714174,-0.6118391],[29.5715395,-0.6117158],[29.5717232,-0.6114784],[29.5718291,-0.6112799],[29.5718667,-0.6110627],[29.571923,-0.6108562],[29.5720518,-0.6106791],[29.5721886,-0.6104968],[29.5722449,-0.610419],[29.5725185,-0.610124],[29.5726579,-0.6099362],[29.5727304,-0.6097404],[29.5728162,-0.6093837],[29.5728859,-0.6091182],[29.5730308,-0.6089653],[29.5731461,-0.6088312],[29.5732614,-0.6086542],[29.5733473,-0.6083833],[29.5734277,-0.6082009],[29.5735216,-0.608032],[29.5736718,-0.6078388],[29.5738113,-0.6076484],[29.5738837,-0.6075264],[29.5738918,-0.607407],[29.5738918,-0.6073427],[29.5739293,-0.6072595],[29.5740071,-0.6071871],[29.5742673,-0.606994],[29.5745516,-0.6067928],[29.574742,-0.6066078],[29.5748842,-0.6064831],[29.5748962,-0.6064603],[29.5749137,-0.60642],[29.574907,-0.6063543],[29.5748842,-0.6062859],[29.5748882,-0.6062377],[29.5749137,-0.6062001],[29.57508,-0.6061089],[29.5751819,-0.6060177],[29.5753321,-0.6057334],[29.5754984,-0.605374],[29.5757076,-0.6050012],[29.5757559,-0.6049208],[29.5757814,-0.6048269],[29.5757988,-0.6047303],[29.5758337,-0.6046123],[29.5758887,-0.6044595],[29.5759664,-0.6042932],[29.5760778,-0.6041671],[29.5761918,-0.6041215],[29.5762669,-0.6040746],[29.5763057,-0.6039955],[29.5763299,-0.6039056],[29.5763795,-0.6037876],[29.5765042,-0.6035744],[29.5767014,-0.6031922],[29.5767523,-0.6030675],[29.5768073,-0.6029669],[29.5768623,-0.6029025],[29.576932,-0.6028529],[29.5771198,-0.6027134],[29.5772123,-0.6026316],[29.5773089,-0.6025002],[29.577435,-0.6022977],[29.5775945,-0.602051],[29.5777528,-0.6018565],[29.5778628,-0.6017144],[29.5779231,-0.6016178],[29.5779593,-0.6015065],[29.578072,-0.6011847],[29.5782007,-0.6008561],[29.5782289,-0.6007636],[29.578245,-0.6006643],[29.5782731,-0.6005772],[29.5783161,-0.6004967],[29.5783442,-0.6004337],[29.578359,-0.6003505],[29.5783563,-0.6002858],[29.5783509,-0.6002325],[29.5783563,-0.6001869],[29.5783757,-0.6001434],[29.5784039,-0.6001011],[29.5784408,-0.6000642],[29.5785156,-0.5999999],[29.5786192,-0.5999248],[29.5787687,-0.5998188],[29.5788344,-0.5997504],[29.5789162,-0.5996579],[29.5790671,-0.5994453],[29.5791677,-0.5993206],[29.5792709,-0.5992254],[29.5794761,-0.5990766],[29.5797282,-0.5989237],[29.5801051,-0.5986642],[29.5803612,-0.5984838],[29.5804605,-0.5984114],[29.5804927,-0.5983645],[29.5805101,-0.5982961],[29.5805302,-0.5982371],[29.5805705,-0.5981807],[29.5806268,-0.5981378],[29.5807368,-0.5980896],[29.5808829,-0.5980024],[29.5810117,-0.5979099],[29.5811176,-0.597812],[29.5812008,-0.5976805],[29.581292,-0.5974941],[29.5813698,-0.5972957],[29.5814261,-0.5971093],[29.581465,-0.5969537],[29.5815414,-0.5966144],[29.5815924,-0.5964039],[29.5816648,-0.5961585],[29.5817225,-0.5960002],[29.5818472,-0.595728],[29.5819263,-0.5955604],[29.5820363,-0.5954021],[29.5821744,-0.595264],[29.5822589,-0.5951245],[29.5823219,-0.594969],[29.582389,-0.5948402],[29.5825231,-0.5946404],[29.5828664,-0.5941094],[29.5830086,-0.5938707],[29.5831615,-0.5936588],[29.5833117,-0.5934737],[29.5834565,-0.5933584],[29.5836738,-0.5932055],[29.5839071,-0.5930366],[29.5840493,-0.5928515],[29.5841727,-0.5926181],[29.5843095,-0.5922453],[29.5844221,-0.5920093],[29.5845079,-0.591776],[29.5846152,-0.5914595],[29.5847547,-0.5912181],[29.5848259,-0.5911399],[29.5849746,-0.5909767],[29.585216,-0.5907568],[29.5858437,-0.5902579],[29.5863372,-0.5899254],[29.5867449,-0.5896652],[29.5870078,-0.5894667],[29.5871875,-0.5892548],[29.5873243,-0.5890242],[29.5875496,-0.5887935],[29.5876864,-0.5885763],[29.5878205,-0.5883429],[29.5879894,-0.5881498],[29.5881772,-0.5880077],[29.5883435,-0.5878494],[29.5885044,-0.5876966],[29.5887083,-0.5875437],[29.5888799,-0.5873988],[29.5889872,-0.5872594],[29.5890865,-0.5871199],[29.5892394,-0.5869509],[29.5894271,-0.5867766],[29.5897356,-0.586503],[29.5900467,-0.5862992],[29.5903954,-0.5860954],[29.5909265,-0.5858701],[29.5914334,-0.5855992],[29.5918947,-0.5852425],[29.5921522,-0.5849823],[29.5924768,-0.5847168],[29.592855,-0.5843762],[29.5931098,-0.5840811],[29.5933083,-0.5838773],[29.5934933,-0.5837378],[29.5936811,-0.5835903],[29.5938125,-0.5834187],[29.5939305,-0.5831129],[29.5939949,-0.582952],[29.5941049,-0.5828179],[29.5942605,-0.5826435],[29.5944133,-0.5824451],[29.594593,-0.5822332],[29.5946628,-0.5820883],[29.594703,-0.5819516],[29.5947728,-0.5817129],[29.5949391,-0.5813079],[29.5951295,-0.5810155],[29.5953521,-0.5807473],[29.595556,-0.5804845],[29.5957437,-0.5802431],[29.5959797,-0.5800902],[29.5964116,-0.5797764],[29.5965108,-0.5796798],[29.5965511,-0.5796155],[29.5965886,-0.5795592],[29.5966235,-0.5795002],[29.596653,-0.579409],[29.5966583,-0.5793312],[29.5966637,-0.5792333],[29.5966892,-0.5791394],[29.5967308,-0.5790308],[29.5968541,-0.5788269],[29.5969909,-0.5785882],[29.5971304,-0.5784246],[29.5973638,-0.5782449],[29.5975944,-0.5780787],[29.5977929,-0.5778748],[29.5979807,-0.5776763],[29.598147,-0.5773894],[29.598324,-0.5769522],[29.5984393,-0.5766491],[29.5985252,-0.5763916],[29.59856,-0.5761851],[29.5985386,-0.5759544],[29.598552,-0.5756997],[29.5985909,-0.5755388],[29.5986083,-0.5753617],[29.598607,-0.5752893],[29.5985895,-0.5752008],[29.5985506,-0.5750694],[29.5985332,-0.5749138],[29.5985198,-0.5747395],[29.5985171,-0.574549],[29.5984997,-0.5743935],[29.5984715,-0.5742862],[29.5984286,-0.5741521],[29.598375,-0.5740676],[29.5983562,-0.5740274],[29.5983401,-0.573908],[29.5983428,-0.5738276],[29.5983508,-0.5737337],[29.5983736,-0.5735044],[29.5984098,-0.5733689],[29.5984648,-0.5732657],[29.5985346,-0.5731624],[29.598619,-0.5729733],[29.5986392,-0.5728593],[29.5986271,-0.5727789],[29.5986217,-0.5727145],[29.5986284,-0.5726233],[29.5986606,-0.5725321],[29.5987464,-0.5724329],[29.5987988,-0.5723578],[29.5989007,-0.5722505],[29.5989624,-0.5721244],[29.5990428,-0.5720158],[29.5991649,-0.5719005],[29.5992681,-0.5718294],[29.5993969,-0.5717087],[29.5995055,-0.5715854],[29.5995887,-0.5714298],[29.5996195,-0.5713265],[29.599649,-0.5712233],[29.5996785,-0.5711509],[29.5997268,-0.5710516],[29.5997831,-0.5709551],[29.5999843,-0.5707351],[29.6001238,-0.5706171],[29.6002632,-0.5704696],[29.6004014,-0.5703167],[29.6005797,-0.570129],[29.6008936,-0.5697186],[29.6009955,-0.5695684],[29.601151,-0.5693378],[29.6014246,-0.5689086],[29.6015829,-0.5686619],[29.6017465,-0.568399],[29.601894,-0.5681657],[29.602012,-0.5679726],[29.6021381,-0.5677017],[29.6022239,-0.5675381],[29.6022695,-0.5674013],[29.6022776,-0.5673021],[29.6022628,-0.5672404],[29.6022481,-0.5672189],[29.6022461,-0.567205],[29.6022481,-0.5671908],[29.6022709,-0.5671613],[29.6023312,-0.5670996],[29.6023983,-0.5670124],[29.6024519,-0.5669293],[29.602468,-0.5668542],[29.6024975,-0.5667576],[29.6025243,-0.5666584],[29.6025485,-0.5666094],[29.6026048,-0.5665565],[29.6027403,-0.5664519],[29.6028703,-0.5663419],[29.6030581,-0.5661059],[29.6031761,-0.565953],[29.6034631,-0.5654863],[29.6036535,-0.5651484],[29.6037219,-0.5650102],[29.6038131,-0.5648775],[29.6039164,-0.5647729],[29.6040505,-0.5646602],[29.6041793,-0.5645261],[29.6042865,-0.5643947],[29.6043375,-0.5643196],[29.6043617,-0.5642204],[29.6043724,-0.5640594],[29.6043992,-0.5639709],[29.6044448,-0.5638637],[29.6044954,-0.5637939],[29.604544,-0.5637349],[29.6047345,-0.5635686],[29.6048753,-0.5634761],[29.6049839,-0.5634131],[29.6051073,-0.563338],[29.6052119,-0.5632709],[29.6053741,-0.5631153],[29.6054788,-0.5629866],[29.6055565,-0.5628284],[29.6055928,-0.5627412],[29.6056156,-0.5626648],[29.6056464,-0.5624717],[29.6056974,-0.5623322],[29.6057644,-0.5622356],[29.6058342,-0.5621444],[29.6059683,-0.562013],[29.6062043,-0.5618065],[29.6063438,-0.5616563],[29.606486,-0.5615141],[29.6066791,-0.5612674],[29.6069044,-0.5609321],[29.6070519,-0.5606452],[29.607123,-0.5605097],[29.6071619,-0.5604038],[29.6071887,-0.5603259],[29.6072128,-0.5602348],[29.6072424,-0.5601275],[29.6072665,-0.5599908],[29.6072692,-0.5598915],[29.6072879,-0.5598271],[29.6073362,-0.5597467],[29.6073925,-0.559626],[29.6074623,-0.5594677],[29.6075052,-0.5593765],[29.6075642,-0.5592317],[29.6076447,-0.5591217],[29.60776,-0.5589152],[29.6078405,-0.5588026],[29.6079236,-0.5586846],[29.6080577,-0.5585558],[29.6082267,-0.558411],[29.6084279,-0.5582661],[29.6086478,-0.5580328],[29.6089375,-0.557778],[29.6090931,-0.5576171],[29.6092272,-0.5574267],[29.6093667,-0.557255],[29.6095812,-0.5569948],[29.6097073,-0.5568232],[29.6098226,-0.5566381],[29.609887,-0.5564718],[29.6099728,-0.5563055],[29.6100721,-0.5561339],[29.6102008,-0.5559274],[29.6102867,-0.5558094],[29.6104744,-0.5555787],[29.6107212,-0.5552622],[29.6109492,-0.5550423],[29.6111852,-0.5547499],[29.6113354,-0.5545461],[29.6114159,-0.5543986],[29.6114802,-0.5541572],[29.6115553,-0.5539534],[29.6116626,-0.5536905],[29.6118236,-0.5534491],[29.6122581,-0.5529932],[29.6127516,-0.5523656],[29.6130305,-0.551974],[29.6131539,-0.5517594],[29.6134007,-0.5513839],[29.6135563,-0.5510943],[29.6138138,-0.5507107],[29.6139881,-0.5503433],[29.6140807,-0.5499996],[29.61409,-0.5499651],[29.6141946,-0.5495386],[29.614267,-0.5490398],[29.6142617,-0.5484256],[29.6142322,-0.548085],[29.6142322,-0.5477309],[29.6142,-0.5474171],[29.6141383,-0.5471784],[29.6141008,-0.5470604],[29.6140283,-0.5468834],[29.6138781,-0.5464703],[29.6136904,-0.5459715],[29.6135509,-0.5456389],[29.6132183,-0.5449898],[29.6128964,-0.5443944],[29.6126175,-0.5438097],[29.6125317,-0.5434986],[29.612478,-0.5431177],[29.6123975,-0.5426671],[29.6122849,-0.5420851],[29.6123868,-0.5417069],[29.61236,-0.5415433],[29.6123251,-0.5414092],[29.6123278,-0.5412778],[29.6123439,-0.5412014],[29.6123748,-0.5411209],[29.6125156,-0.540897],[29.6127248,-0.5405537],[29.6130144,-0.5400387],[29.613229,-0.5395881],[29.6134973,-0.5388921],[29.6135817,-0.5387352],[29.6138071,-0.538463],[29.6140069,-0.5381934],[29.6142724,-0.5377294],[29.6143207,-0.5376288],[29.6143556,-0.5375309],[29.6143663,-0.5373968],[29.6143535,-0.5372728],[29.6143261,-0.5371608],[29.6142966,-0.5369248],[29.6142878,-0.5368571],[29.6142852,-0.5367706],[29.6142952,-0.5367397],[29.614312,-0.5367095],[29.614369,-0.5366485],[29.6145782,-0.5364983],[29.6148692,-0.536214],[29.6150476,-0.5360196],[29.6152621,-0.5357769],[29.6154794,-0.5355194],[29.6156564,-0.5351895],[29.6158522,-0.5348623],[29.6160132,-0.5344894],[29.6162277,-0.5340576],[29.6165496,-0.5334381],[29.6166435,-0.5331752],[29.6167213,-0.5329419],[29.616842,-0.5326898],[29.616909,-0.532553],[29.6170297,-0.5323465],[29.617137,-0.5321507],[29.6172845,-0.5318181],[29.6173422,-0.531637],[29.6174066,-0.5314708],[29.617542,-0.5311543],[29.6175957,-0.531],[29.6177378,-0.5305736],[29.6178733,-0.5302276],[29.6179256,-0.5299782],[29.6179765,-0.5297019],[29.6180087,-0.5294712],[29.6180034,-0.529313],[29.6180034,-0.5291199],[29.618049,-0.5288892],[29.6180329,-0.5287015],[29.6180348,-0.5286918],[29.6180302,-0.5286291],[29.6180516,-0.5284976],[29.6181536,-0.5282321],[29.6182877,-0.5279934],[29.6183923,-0.5277279],[29.6184888,-0.5274758],[29.6185398,-0.5272666],[29.6185639,-0.5271351],[29.6185639,-0.5269769],[29.6185806,-0.526804],[29.6186551,-0.5265424],[29.6187222,-0.5263278],[29.618749,-0.5261133],[29.6187651,-0.5259336],[29.6187839,-0.5257405],[29.6188295,-0.5254106],[29.6188858,-0.5251048],[29.6189287,-0.5247266],[29.6188885,-0.524504],[29.6188483,-0.5243216],[29.618859,-0.5241527],[29.6188939,-0.5239971],[29.6189529,-0.5238603],[29.6190602,-0.5236994],[29.6191674,-0.5235116],[29.6192238,-0.5233158],[29.6192721,-0.5229967],[29.619315,-0.522699],[29.6193203,-0.5224576],[29.6193042,-0.5222698],[29.6192855,-0.5220204],[29.6192184,-0.5214974],[29.619095,-0.5210146],[29.6190092,-0.5207303],[29.6188912,-0.5204835],[29.6188214,-0.5203441],[29.6186981,-0.5201376],[29.6185935,-0.5200276],[29.6184486,-0.5198935],[29.6183252,-0.5197862],[29.6182126,-0.5196628],[29.6179846,-0.5194831],[29.6178371,-0.5192498],[29.6177486,-0.5190084],[29.6176399,-0.5188434],[29.6175192,-0.5186812],[29.61742,-0.5185846],[29.617361,-0.5184881],[29.6173221,-0.5183888],[29.6172953,-0.5182923],[29.6173087,-0.5182051],[29.6173556,-0.5181381],[29.6174656,-0.5180066],[29.6176077,-0.5178631],[29.617825,-0.5176311],[29.6181093,-0.5173254],[29.6182032,-0.5171805],[29.6182246,-0.5170961],[29.6182595,-0.5169888],[29.618289,-0.5169351],[29.6183225,-0.5168936],[29.6185224,-0.5167702],[29.6186914,-0.516679],[29.6188188,-0.5165999],[29.6190226,-0.5164577],[29.6191862,-0.5163075],[29.6193337,-0.5161439],[29.6195188,-0.5159776],[29.619728,-0.5158596],[29.6200097,-0.5156853],[29.6201934,-0.5155673],[29.6204536,-0.515413],[29.6207111,-0.5152239],[29.6208894,-0.5150644],[29.6210316,-0.5149262],[29.6212327,-0.5147264],[29.6213078,-0.514595],[29.6213695,-0.5145293],[29.6214755,-0.5144408],[29.6217571,-0.5142892],[29.6223244,-0.5140331],[29.622767,-0.5138695],[29.6232042,-0.5136844],[29.6235153,-0.5134269],[29.6238452,-0.5131668],[29.6240893,-0.5129924],[29.6244085,-0.5126974],[29.6245775,-0.5125284],[29.6247599,-0.5123139],[29.6248671,-0.5121771],[29.6250576,-0.5119679],[29.6252775,-0.5116916],[29.6254438,-0.5114502],[29.6256691,-0.5111391],[29.6258193,-0.510887],[29.6259025,-0.5106671],[29.6260875,-0.510246],[29.6262485,-0.5098383],[29.6263343,-0.5095272],[29.6265328,-0.5089156],[29.6266454,-0.5084865],[29.6267635,-0.5081807],[29.6268761,-0.5079715],[29.6269137,-0.5078428],[29.6269458,-0.5076068],[29.6269968,-0.5075049],[29.6270853,-0.5073761],[29.6271497,-0.507242],[29.6272784,-0.5069255],[29.6274354,-0.5065219],[29.6275373,-0.5062952],[29.6276218,-0.5061182],[29.627662,-0.5060056],[29.6277103,-0.5058741],[29.6277344,-0.5057239],[29.6277344,-0.5056569],[29.6277291,-0.5055737],[29.6277076,-0.5054799],[29.6277156,-0.5053994],[29.6277291,-0.5053565],[29.6277599,-0.505335],[29.6278216,-0.5053109],[29.6279074,-0.5052693],[29.6279973,-0.5052237],[29.6281743,-0.5050668],[29.628531,-0.5047772],[29.6287376,-0.5046189],[29.6288931,-0.5044687],[29.6290997,-0.504289],[29.6293196,-0.5040812],[29.6295543,-0.5038867],[29.6297058,-0.5037633],[29.6298882,-0.5036118],[29.6299821,-0.503526],[29.6300639,-0.5034334],[29.6301337,-0.5033704],[29.6302114,-0.503298],[29.6302986,-0.503243],[29.6304059,-0.5031746],[29.6305078,-0.5030848],[29.6307398,-0.5029091],[29.6308739,-0.5028085],[29.6309692,-0.5027146],[29.6310523,-0.5026516],[29.6311194,-0.5026047],[29.6311931,-0.5025658],[29.6312615,-0.5025027],[29.6313567,-0.5023861],[29.631519,-0.5022144],[29.631625,-0.5021098],[29.6318556,-0.501906],[29.6319991,-0.5017665],[29.6323907,-0.5013561],[29.6325181,-0.5012006],[29.6327019,-0.5009739],[29.6328869,-0.5007701],[29.6330868,-0.5005622],[29.6333416,-0.5002994],[29.6335199,-0.5000955],[29.6336165,-0.5000057],[29.6336461,-0.4999803],[29.6337412,-0.4998984],[29.6338646,-0.4997978],[29.6339343,-0.4997214],[29.6339799,-0.4996449],[29.6340792,-0.4995377],[29.6341757,-0.4994465],[29.6342938,-0.4993325],[29.6344346,-0.4991863],[29.6345767,-0.4990482],[29.6346599,-0.4989436],[29.6347632,-0.498851],[29.6348584,-0.4987558],[29.634975,-0.4986526],[29.635085,-0.4985171],[29.6353814,-0.4981953],[29.6356899,-0.497809],[29.635824,-0.4976025],[29.6359152,-0.4974067],[29.6359929,-0.4972217],[29.6361351,-0.4968676],[29.6362719,-0.4964975],[29.6363416,-0.4962695],[29.6364462,-0.4959343],[29.6364945,-0.4956017],[29.6365508,-0.4952664],[29.6366206,-0.4948869],[29.6366769,-0.4944645],[29.6366984,-0.494207],[29.6366447,-0.4939656],[29.6365616,-0.4937161],[29.6365026,-0.49357],[29.6362477,-0.4929625],[29.6359903,-0.4925119],[29.6357328,-0.4921417],[29.635486,-0.4917984],[29.635368,-0.4915034],[29.6352822,-0.4911923],[29.6352661,-0.4908114],[29.6352902,-0.4898646],[29.6353197,-0.4895079],[29.6353492,-0.4892504],[29.635372,-0.489009],[29.635376,-0.4888186],[29.6354002,-0.4883117],[29.6354619,-0.4879818],[29.6355209,-0.4874051],[29.6355209,-0.4871825],[29.6355423,-0.4869063],[29.6355396,-0.4867158],[29.6355021,-0.4865737],[29.6354887,-0.4863833],[29.6354833,-0.486225],[29.6354833,-0.4860453],[29.6354994,-0.4857691],[29.6355477,-0.4855947],[29.6355866,-0.4853882],[29.6356027,-0.4852514],[29.635596,-0.4851334],[29.6355866,-0.4850476],[29.6355866,-0.4849456],[29.6356148,-0.4848303],[29.6356952,-0.484664],[29.635714,-0.4845514],[29.6357381,-0.4843985],[29.6357354,-0.4841222],[29.6357623,-0.4839747],[29.6358213,-0.4837843],[29.6358615,-0.4836502],[29.6358843,-0.483555],[29.6358803,-0.4835241],[29.6358669,-0.4834866],[29.6358334,-0.4834437],[29.6358038,-0.4833981],[29.6358052,-0.4833283],[29.6358173,-0.4832505],[29.635828,-0.4831835],[29.6358776,-0.4831057],[29.6359983,-0.4829166],[29.6361633,-0.4826176],[29.6362598,-0.4824312],[29.6363269,-0.4822676],[29.6363617,-0.4821817],[29.6363671,-0.4821415],[29.6363644,-0.4820972],[29.6363644,-0.4820356],[29.6363778,-0.48199],[29.6364301,-0.4819242],[29.6364583,-0.4818894],[29.6364784,-0.4818639],[29.6364999,-0.481825],[29.6365347,-0.4817875],[29.6365374,-0.4817512],[29.6365294,-0.4817284],[29.6365079,-0.4816654],[29.6365066,-0.4815917],[29.6365254,-0.4815367],[29.6365911,-0.4814321],[29.6366823,-0.4812953],[29.6368647,-0.4811049],[29.6369693,-0.4809949],[29.6370685,-0.4808608],[29.6371999,-0.4806596],[29.6373019,-0.4805148],[29.637377,-0.4803458],[29.6374011,-0.4802466],[29.6374507,-0.4801581],[29.6375097,-0.4801017],[29.6376438,-0.4799998],[29.637727,-0.479918],[29.6378919,-0.4797558],[29.63801,-0.4796069],[29.6380743,-0.4795211],[29.638136,-0.4794768],[29.6382031,-0.4794098],[29.6382567,-0.4793025],[29.6382715,-0.4792314],[29.6382675,-0.4791711],[29.638246,-0.4790986],[29.6382031,-0.4790396],[29.6381843,-0.4789672],[29.6382111,-0.4788867],[29.6382621,-0.478809],[29.6383747,-0.4787017],[29.638643,-0.4785247],[29.6387798,-0.4784549],[29.6388817,-0.4783959],[29.6389984,-0.4783316],[29.6390775,-0.4782645],[29.6392304,-0.4781371],[29.6393082,-0.4780338],[29.6393739,-0.4779158],[29.6394704,-0.4778005],[29.6395777,-0.4777026],[29.6397038,-0.477606],[29.6397869,-0.477543],[29.6400243,-0.4773754],[29.6402737,-0.4771769],[29.6404923,-0.4770254],[29.6406345,-0.4769154],[29.640947,-0.4766767],[29.6411991,-0.476446],[29.6416792,-0.4760571],[29.6420628,-0.4757192],[29.6424182,-0.4754362],[29.6426241,-0.4752397],[29.6428447,-0.475003],[29.6430967,-0.4747302],[29.6432497,-0.4745699],[29.6433422,-0.4744613],[29.6434898,-0.4742373],[29.6437043,-0.4740455],[29.643884,-0.4738993],[29.6440114,-0.473772],[29.6441066,-0.4736814],[29.6442266,-0.4735534],[29.6443487,-0.4734172],[29.6444459,-0.473318],[29.6445143,-0.4732268],[29.644627,-0.4730947],[29.6447336,-0.4729982],[29.644971,-0.4728198],[29.6450642,-0.4727414],[29.6451769,-0.472628],[29.6452727,-0.4725724],[29.6453927,-0.4725335],[29.6455127,-0.472455],[29.6456837,-0.4723565],[29.6458615,-0.4722458],[29.6460224,-0.4721218],[29.6461598,-0.4720112],[29.6463738,-0.4718637],[29.6466044,-0.4717255],[29.6467164,-0.471649],[29.6468331,-0.4715565],[29.6470718,-0.4713567],[29.6474728,-0.4710523],[29.6477813,-0.4708297],[29.647965,-0.4706795],[29.6482211,-0.4704662],[29.648429,-0.4702396],[29.6485323,-0.4700947],[29.6486463,-0.4699473],[29.6487683,-0.4698346],[29.6488836,-0.4697488],[29.6490607,-0.4695959],[29.6492001,-0.4694269],[29.649294,-0.4692311],[29.6494389,-0.4689897],[29.6495837,-0.4688288],[29.6497714,-0.468625],[29.6499109,-0.4684989],[29.6499726,-0.4684319],[29.650041,-0.4683178],[29.6501805,-0.4681476],[29.6503133,-0.4679571],[29.6504152,-0.4678016],[29.6505305,-0.4676835],[29.6507559,-0.4674771],[29.6509328,-0.467249],[29.6510053,-0.4671176],[29.6510911,-0.4670345],[29.6511823,-0.4669674],[29.6513405,-0.466887],[29.65148,-0.4667931],[29.6517643,-0.4666],[29.6520124,-0.4664229],[29.6521063,-0.4663371],[29.6522176,-0.4662634],[29.6524322,-0.4660998],[29.6526414,-0.4659817],[29.6528305,-0.4658745],[29.6529888,-0.4657739],[29.6531349,-0.4656706],[29.6534032,-0.465499],[29.6536446,-0.465334],[29.6536953,-0.4653039],[29.6537505,-0.4652763],[29.6538752,-0.46522],[29.6540093,-0.4651476],[29.6541582,-0.4650846],[29.6542789,-0.4650376],[29.6544667,-0.4649652],[29.6546584,-0.4648807],[29.6548033,-0.4648003],[29.6549521,-0.4647252],[29.6551251,-0.4646246],[29.6552833,-0.4645414],[29.6554296,-0.4644435],[29.6557126,-0.4643094],[29.6559888,-0.464186],[29.6563576,-0.4640345],[29.6569705,-0.4637301],[29.6573836,-0.4635022],[29.6577377,-0.4633546],[29.6581078,-0.463191],[29.6588963,-0.4627645],[29.6594435,-0.4624292],[29.6599183,-0.4621289],[29.6603742,-0.4618526],[29.6606988,-0.4616085],[29.660967,-0.4613081],[29.661085,-0.4611258],[29.6611293,-0.4609769],[29.661144,-0.460879],[29.6611574,-0.4607583],[29.6611963,-0.460698],[29.661262,-0.4606698],[29.6614055,-0.4606524],[29.66148,-0.4606409],[29.6615276,-0.4606336],[29.6617314,-0.4605451],[29.6619218,-0.4604392],[29.662174,-0.4603479],[29.6624529,-0.4602594],[29.663035,-0.4601226],[29.6633032,-0.4600744],[29.6636492,-0.4599483],[29.6637806,-0.4599027],[29.6639925,-0.4598276],[29.6642312,-0.4597257],[29.6645907,-0.4595889],[29.6647677,-0.4594763],[29.6650091,-0.459377],[29.6652666,-0.4592483],[29.665634,-0.4590927],[29.6659318,-0.4589666],[29.6662108,-0.4588298],[29.6664051,-0.4587708],[29.6666439,-0.4586462],[29.6668611,-0.4584731],[29.6669644,-0.4583927],[29.6670287,-0.4583296],[29.667128,-0.4582773],[29.6672353,-0.4582545],[29.6673252,-0.4582264],[29.667415,-0.4582022],[29.6676511,-0.4581057],[29.667867,-0.4580024],[29.6680628,-0.4579514],[29.6682479,-0.4579032],[29.6684168,-0.4578321],[29.6685496,-0.4577678],[29.6687253,-0.4576363],[29.6689438,-0.4574969],[29.669137,-0.4573869],[29.6693784,-0.457285],[29.6695903,-0.4572206],[29.6702702,-0.45693],[29.6705371,-0.4567888],[29.6707946,-0.4566412],[29.6709904,-0.4564991],[29.6712399,-0.456306],[29.6714813,-0.4561128],[29.6717495,-0.4559198],[29.6719829,-0.455791],[29.6722779,-0.4555925],[29.6725032,-0.4554343],[29.6726641,-0.4553484],[29.6728304,-0.4552733],[29.6730584,-0.4551607],[29.6735439,-0.4549891],[29.6738523,-0.4547718],[29.6747079,-0.4542676],[29.6749815,-0.4541066],[29.6752444,-0.4539484],[29.6754134,-0.4538384],[29.6755797,-0.4537472],[29.6757406,-0.4536534],[29.6759525,-0.4535729],[29.6760866,-0.4535032],[29.6762073,-0.453412],[29.6763173,-0.4532859],[29.676387,-0.4531759],[29.6764192,-0.4530848],[29.6764594,-0.4529909],[29.6765023,-0.4529265],[29.6765935,-0.4528863],[29.6766821,-0.4528943],[29.6767437,-0.4529158],[29.6767893,-0.4529104],[29.6768483,-0.4528729],[29.6769395,-0.4527951],[29.6771917,-0.4526637],[29.6777093,-0.4523981],[29.6785006,-0.4521138],[29.6788546,-0.4519448],[29.6801716,-0.4514755],[29.6812123,-0.4511027],[29.6817031,-0.4508935],[29.6821028,-0.4507567],[29.6822557,-0.450703],[29.6824059,-0.450644],[29.6825829,-0.4505126],[29.6828136,-0.4503758],[29.6831837,-0.4501907],[29.6835069,-0.4500781],[29.6838436,-0.4499426],[29.684101,-0.449834],[29.6843827,-0.4497468],[29.6845195,-0.449716],[29.6847716,-0.4496516],[29.6850049,-0.4495792],[29.6852142,-0.4495256],[29.6854395,-0.4494961],[29.6856594,-0.4494666],[29.6857882,-0.4494558],[29.6860309,-0.4494464],[29.6863192,-0.4494505],[29.686507,-0.4494666],[29.6866921,-0.4494639],[29.6869308,-0.4494692],[29.6870971,-0.4494666],[29.6871373,-0.4494746],[29.6871735,-0.4494813],[29.687321,-0.4495242],[29.687372,-0.4495336],[29.6875074,-0.4495497],[29.6876684,-0.4495631],[29.687773,-0.4495712],[29.6878172,-0.4495859],[29.6878655,-0.4496127],[29.6879165,-0.4496288],[29.6879929,-0.4496382],[29.688119,-0.4496409],[29.6882129,-0.4496623],[29.6883001,-0.4497053],[29.6883818,-0.4497884],[29.6884556,-0.4498394],[29.6885321,-0.4498608],[29.6886058,-0.4498689],[29.688697,-0.4498608],[29.688752,-0.4498528],[29.6887963,-0.4498622],[29.6888808,-0.4498876],[29.6890189,-0.4498957],[29.6890685,-0.4499091],[29.6891007,-0.4499306],[29.6891168,-0.4499574],[29.689149,-0.4499735],[29.6892361,-0.449999],[29.6893501,-0.4500271],[29.6896639,-0.4500593],[29.6899563,-0.4500942],[29.6902969,-0.4501103],[29.690592,-0.4501237],[29.6907181,-0.4501317],[29.6908066,-0.4501586],[29.6909326,-0.4501934],[29.6912464,-0.4501961],[29.6917909,-0.4502176],[29.692027,-0.4502337],[29.6922201,-0.4502551],[29.6924856,-0.4502873],[29.692778,-0.4503034],[29.6932071,-0.4502712],[29.6937141,-0.450231],[29.6945873,-0.4501988],[29.6950927,-0.450172],[29.6955031,-0.4501532],[29.6960771,-0.4500888],[29.6970078,-0.4500513],[29.6973968,-0.4500084],[29.6979198,-0.4499601],[29.6984911,-0.4498742],[29.6991187,-0.4497965],[29.6995908,-0.4497348],[29.700551,-0.4496221],[29.7012001,-0.4495068],[29.7017285,-0.4493941],[29.7023039,-0.4492493],[29.7025801,-0.4491702],[29.7028872,-0.4491139],[29.7032453,-0.4490629],[29.7037281,-0.4489945],[29.7039977,-0.4489422],[29.7042069,-0.448902],[29.7045355,-0.4488685],[29.7049552,-0.4488041],[29.7056365,-0.4487236],[29.7062615,-0.4485976],[29.7067188,-0.4485064],[29.7070058,-0.4484447],[29.707447,-0.4483709],[29.7079553,-0.4482677],[29.7083415,-0.448159],[29.7088283,-0.4480424],[29.7092709,-0.4479136],[29.7096558,-0.4478157],[29.7101279,-0.4476669],[29.7103679,-0.4475757],[29.7115427,-0.4472592],[29.7126049,-0.4468676],[29.7142732,-0.4461702],[29.7154909,-0.4456123],[29.7162956,-0.4451966],[29.7170949,-0.4447648],[29.717795,-0.4444268],[29.7183314,-0.4442123],[29.7198844,-0.4433915],[29.7203779,-0.4431126],[29.7206891,-0.4428927],[29.7209251,-0.4427264],[29.7212054,-0.4425199],[29.7214951,-0.4422664],[29.72177,-0.4420317],[29.7219269,-0.441856],[29.7220355,-0.4417326],[29.7220556,-0.4416522],[29.722065,-0.4415516],[29.7220758,-0.441447],[29.7221254,-0.4413679],[29.722183,-0.4413263],[29.7223064,-0.4412579],[29.7224405,-0.4412043],[29.7226712,-0.4410728],[29.7228496,-0.440983],[29.7229743,-0.4408677],[29.7230038,-0.44081],[29.7230186,-0.4407282],[29.7230306,-0.4406343],[29.7230602,-0.4405713],[29.7231124,-0.4404989],[29.7232425,-0.4404332],[29.7233592,-0.4403218],[29.7233847,-0.4402414],[29.7234088,-0.4401757],[29.7234437,-0.4401368],[29.7235765,-0.4400563],[29.7237615,-0.4399343],[29.7239104,-0.4398283],[29.724188,-0.4396647],[29.7243154,-0.4395829],[29.7244173,-0.4395078],[29.7245037,-0.439415],[29.7246614,-0.4392664],[29.7247607,-0.439194],[29.7248304,-0.4391524],[29.7249082,-0.4391243],[29.7249766,-0.4391042],[29.7252576,-0.4390016],[29.7255385,-0.438899],[29.7256002,-0.4388668],[29.7256552,-0.4388225],[29.7257946,-0.4387501],[29.7262439,-0.4385999],[29.7264451,-0.4385315],[29.7268152,-0.4384537],[29.7271197,-0.4383786],[29.7273906,-0.4382942],[29.7275273,-0.4382472],[29.7279417,-0.4381373],[29.7280866,-0.4380809],[29.7281939,-0.43803],[29.7283414,-0.4380139],[29.728438,-0.4380729],[29.7284782,-0.4381399],[29.7284594,-0.438215],[29.7284272,-0.4382499],[29.7283749,-0.4382928],[29.7283468,-0.4383143],[29.7283106,-0.4383411],[29.7282837,-0.438376],[29.7282435,-0.4384309],[29.728218,-0.4384752],[29.7281899,-0.4385288],[29.7281831,-0.4385905],[29.7282207,-0.4386227],[29.7283079,-0.43862],[29.7284044,-0.4385838],[29.7285412,-0.4385087],[29.7286378,-0.4384511],[29.7287384,-0.4383719],[29.7288617,-0.4383183],[29.7290334,-0.4382633],[29.7292694,-0.4381748],[29.7299293,-0.4380273],[29.7306186,-0.4377966],[29.7314823,-0.437346],[29.7321114,-0.4369062],[29.7327268,-0.4365146],[29.7332418,-0.4361552],[29.7336656,-0.4359084],[29.7339365,-0.4357796],[29.7341913,-0.4356482],[29.7344837,-0.4355356],[29.7347787,-0.4354551],[29.7349933,-0.4354042],[29.7351864,-0.4353773],[29.7353929,-0.4353478],[29.7356853,-0.4352861],[29.7360018,-0.435254],[29.7362807,-0.4352298],[29.7366562,-0.4352164],[29.7370156,-0.4351521],[29.7372892,-0.4350769],[29.7376648,-0.4349535],[29.7381717,-0.4347497],[29.738751,-0.4345083],[29.7397558,-0.434106],[29.7401002,-0.4340014],[29.7404113,-0.4339424],[29.7406018,-0.4338861],[29.7408029,-0.4338351],[29.741165,-0.4337279],[29.7417298,-0.4335589],[29.7422755,-0.4334114],[29.7430131,-0.4331592],[29.7435898,-0.4329741],[29.7439519,-0.4328535],[29.744271,-0.4327301],[29.744955,-0.4324189],[29.7453842,-0.432203],[29.7458737,-0.4319563],[29.7464812,-0.4316827],[29.7467387,-0.4315566],[29.7470444,-0.4314038],[29.7473288,-0.4312415],[29.7475487,-0.4311034],[29.7481227,-0.4307372],[29.7486471,-0.4303872],[29.7490239,-0.4301257],[29.7492948,-0.4299527],[29.7494423,-0.4298521],[29.74961,-0.4296993],[29.7498152,-0.4294901],[29.7500136,-0.4293023],[29.7501826,-0.4291038],[29.7503462,-0.4288986],[29.750483,-0.4287216],[29.7506225,-0.4285848],[29.7507647,-0.4284427],[29.7508384,-0.4283515],[29.7509605,-0.4281825],[29.7510463,-0.4280591],[29.7511496,-0.4278902],[29.7512019,-0.4277373],[29.7512837,-0.4275562],[29.7513682,-0.4273725],[29.7515573,-0.4269943],[29.751745,-0.4267087],[29.7518308,-0.4265826],[29.7518805,-0.4264874],[29.7519033,-0.4263855],[29.7519207,-0.4262661],[29.7519315,-0.426195],[29.7519341,-0.4260797],[29.7519408,-0.4259738],[29.7519314,-0.425896],[29.7519167,-0.4258169],[29.751914,-0.4257391],[29.7519247,-0.4256747],[29.7519582,-0.4254762],[29.7519971,-0.4252416],[29.752028,-0.4250565],[29.7520494,-0.4248956],[29.7520508,-0.4247936],[29.7520334,-0.424732],[29.7520119,-0.4246448],[29.7520145,-0.4245656],[29.7520293,-0.4244986],[29.7520629,-0.424272],[29.7521044,-0.4240574],[29.7521017,-0.4239018],[29.7521138,-0.423749],[29.7521688,-0.4235183],[29.7522104,-0.4233708],[29.7522318,-0.4232501],[29.7522131,-0.4230811],[29.7521715,-0.4229336],[29.7521366,-0.4227874],[29.7521192,-0.422652],[29.7521326,-0.4225152],[29.7522131,-0.4223194],[29.7522855,-0.4221222],[29.7523847,-0.421854],[29.752437,-0.4216314],[29.7524947,-0.4213873],[29.7525094,-0.4212707],[29.7524866,-0.4212023],[29.752484,-0.4211003],[29.7525081,-0.4209917],[29.7525269,-0.4209166],[29.7526154,-0.4207235],[29.752661,-0.4205948],[29.7526704,-0.4204311],[29.7526275,-0.4202877],[29.7525282,-0.4201495],[29.7525001,-0.4200972],[29.7524706,-0.4200047],[29.7524612,-0.4199256],[29.7524612,-0.4198773],[29.7524866,-0.4197807],[29.7525725,-0.419601],[29.7525886,-0.4194857],[29.7525685,-0.4194079],[29.7525081,-0.4193596],[29.752429,-0.4193167],[29.7523499,-0.4192443],[29.7522908,-0.4191558],[29.7522908,-0.4191209],[29.7523167,-0.4190968],[29.7523613,-0.4191082],[29.7524296,-0.4191528],[29.7525175,-0.4192322],[29.7526154,-0.4192792],[29.7526811,-0.4192939],[29.75272,-0.4192926],[29.7527347,-0.4192591],[29.7527254,-0.4192228],[29.7526892,-0.4191357],[29.7526449,-0.4190217],[29.7525269,-0.4188782],[29.7525081,-0.4188058],[29.7525068,-0.4187461],[29.7524907,-0.4186844],[29.7524518,-0.4186214],[29.7523991,-0.418562],[29.7523304,-0.4185168],[29.7522801,-0.4185121],[29.7522238,-0.4185047],[29.7521913,-0.418498],[29.7521768,-0.4184739],[29.7521802,-0.4184551],[29.752201,-0.418445],[29.7522412,-0.4184383],[29.7522868,-0.4183941],[29.7523713,-0.418276],[29.7525161,-0.4180749],[29.7526596,-0.4179569],[29.7527803,-0.4178751],[29.7529024,-0.4178187],[29.7529668,-0.4177999],[29.7530217,-0.4177892],[29.75307,-0.4177973],[29.7532403,-0.4177906],[29.7533637,-0.4177584],[29.7534549,-0.4177289],[29.7535247,-0.4176592],[29.7535622,-0.4175733],[29.7535622,-0.4175264],[29.7535475,-0.4174909],[29.7535186,-0.4174546],[29.7534817,-0.4174265],[29.7534744,-0.4173923],[29.7534878,-0.4173661],[29.7535602,-0.4173279],[29.753695,-0.4172528],[29.753809,-0.4171576],[29.7539793,-0.4170328],[29.7541228,-0.4169377],[29.7543374,-0.416825],[29.754568,-0.4166668],[29.7549731,-0.4163208],[29.755138,-0.4161142],[29.7551997,-0.4160365],[29.75526,-0.4159681],[29.7553821,-0.4158903],[29.7555014,-0.4158152],[29.7556141,-0.4157428],[29.7557992,-0.4155993],[29.7558595,-0.415547],[29.7559333,-0.4154316],[29.755999,-0.4153096],[29.7560325,-0.4152372],[29.7560513,-0.4151782],[29.7560513,-0.4150924],[29.7560378,-0.4150146],[29.7560232,-0.414973],[29.756007,-0.4149643],[29.7559829,-0.4149629],[29.7559534,-0.4149676],[29.7559376,-0.4149623],[29.7559286,-0.4149549],[29.7559212,-0.4149274],[29.7559259,-0.4148999],[29.7559608,-0.4148536],[29.7560754,-0.4147866],[29.7562498,-0.4146646],[29.756349,-0.4146096],[29.7564617,-0.414564],[29.7565904,-0.4145103],[29.7567017,-0.4144674],[29.7567675,-0.4144419],[29.7569203,-0.4143829],[29.757214,-0.4142153],[29.7573897,-0.4141013],[29.7575024,-0.4140182],[29.7575842,-0.413927],[29.7577076,-0.4137781],[29.757792,-0.4137084],[29.7579771,-0.4136038],[29.7583258,-0.4133758],[29.7586389,-0.4131634],[29.7587603,-0.413062],[29.7587885,-0.413007],[29.7588073,-0.4129601],[29.7588421,-0.4129078],[29.7589239,-0.4128327],[29.7590151,-0.4127897],[29.759113,-0.4127213],[29.7594416,-0.4124786],[29.7595516,-0.4123941],[29.7596414,-0.4123432],[29.759734,-0.4122828],[29.7597876,-0.4122466],[29.759848,-0.4121554],[29.7598842,-0.4121085],[29.7599781,-0.4120401],[29.7600625,-0.4119757],[29.7601256,-0.4119167],[29.7601819,-0.4118724],[29.7602731,-0.4118201],[29.760363,-0.4117652],[29.7605239,-0.4116458],[29.7606929,-0.4115412],[29.7610617,-0.4112649],[29.7616893,-0.4108707],[29.7620192,-0.4106695],[29.7624055,-0.4104067],[29.7626857,-0.4102202],[29.7629647,-0.4100553],[29.7631685,-0.4099279],[29.7632986,-0.4098474],[29.7634542,-0.4097629],[29.7635816,-0.4096731],[29.7637103,-0.4095846],[29.7640134,-0.4094357],[29.7643702,-0.4092252],[29.7646143,-0.4090951],[29.7650461,-0.4088483],[29.7652446,-0.4087209],[29.7653706,-0.4086633],[29.7655088,-0.4086123],[29.7657542,-0.4084755],[29.765895,-0.408395],[29.7660291,-0.4083106],[29.7660895,-0.4082395],[29.7661458,-0.4081899],[29.7662142,-0.4081402],[29.7663885,-0.4080491],[29.766646,-0.4079284],[29.7668445,-0.4078077],[29.7670604,-0.4076655],[29.767224,-0.4075341],[29.7673796,-0.4074415],[29.7674896,-0.4073691],[29.7675768,-0.4073141],[29.767735,-0.4072337],[29.7678262,-0.4071894],[29.7679804,-0.4070982],[29.7681347,-0.406995],[29.7682634,-0.4069199],[29.7684056,-0.4068461],[29.7684994,-0.4068112],[29.7686496,-0.4067348],[29.7688843,-0.4065994],[29.7690319,-0.4064827],[29.7691418,-0.4064009],[29.7692679,-0.4063177],[29.7696273,-0.4061246],[29.7703005,-0.4057531],[29.7705138,-0.4056499],[29.7706452,-0.4055909],[29.7708236,-0.4055305],[29.7709966,-0.405442],[29.771132,-0.4053414],[29.7712715,-0.4052757],[29.7713546,-0.4052449],[29.7714874,-0.405159],[29.7716001,-0.4050719],[29.7718079,-0.4049472],[29.7719541,-0.4048546],[29.7720426,-0.4047742],[29.7720842,-0.4047232],[29.772103,-0.4046903],[29.7721258,-0.4046689],[29.7721539,-0.4046515],[29.772213,-0.404638],[29.7722539,-0.40463],[29.772386,-0.4046018],[29.7724503,-0.404569],[29.7725288,-0.4045435],[29.7726622,-0.4044449],[29.7728097,-0.4043645],[29.7729043,-0.4043249],[29.7729834,-0.404284],[29.7731578,-0.4041841],[29.7732905,-0.404103],[29.7733992,-0.4040466],[29.7734627,-0.4040042],[29.773607,-0.4038998],[29.7739758,-0.4036832],[29.7742957,-0.4035028],[29.7745237,-0.4033687],[29.7747061,-0.4032628],[29.7748724,-0.4031595],[29.7750024,-0.4030804],[29.77516,-0.4029771],[29.7754236,-0.4028236],[29.7755724,-0.4027223],[29.7760773,-0.4024253],[29.776186,-0.4023609],[29.7762731,-0.4023039],[29.7770141,-0.4019297],[29.7776189,-0.4016133],[29.7779475,-0.4014134],[29.7786637,-0.4009829],[29.7789493,-0.4008113],[29.7791196,-0.4007053],[29.7791854,-0.400653],[29.7792779,-0.4005887],[29.7793543,-0.4005565],[29.7794428,-0.400523],[29.7796024,-0.400421],[29.7800826,-0.40013],[29.780556,-0.3998337],[29.7809422,-0.3996124],[29.7813231,-0.3993938],[29.7819239,-0.3990907],[29.7822565,-0.3989164],[29.7827071,-0.3986884],[29.7829418,-0.3985851],[29.7834045,-0.3983531],[29.783611,-0.3982445],[29.7839771,-0.3980594],[29.7840925,-0.3980058],[29.7841421,-0.3979816],[29.7842024,-0.3979642],[29.7842842,-0.3979159],[29.7843915,-0.3978408],[29.7845176,-0.3977711],[29.784594,-0.3977241],[29.7846825,-0.3976812],[29.784769,-0.397647],[29.7848938,-0.39758],[29.7850192,-0.3974794],[29.7850674,-0.39746],[29.7852089,-0.3973822],[29.7852733,-0.3973433],[29.7853256,-0.3973037],[29.7854383,-0.3972172],[29.7856133,-0.3970938],[29.7859432,-0.3969074],[29.7863871,-0.3966486],[29.7871019,-0.3962181],[29.7875512,-0.3959553],[29.7876678,-0.3958802],[29.7877939,-0.3957943],[29.7878918,-0.3957568],[29.7880018,-0.3957259],[29.7881412,-0.3956817],[29.7883303,-0.3956066],[29.7884577,-0.3955288],[29.7885489,-0.3954725],[29.7887555,-0.3953786],[29.788962,-0.3952593],[29.7891015,-0.3951935],[29.7892342,-0.3951372],[29.7893898,-0.3950769],[29.7897774,-0.3949253],[29.7900067,-0.3948328],[29.7901636,-0.3947845],[29.7904184,-0.3947228],[29.7905526,-0.3946947],[29.7906652,-0.3946665],[29.7907832,-0.3946169],[29.7908758,-0.3945807],[29.7909683,-0.3945552],[29.791038,-0.3945445],[29.7911721,-0.3944962],[29.7914752,-0.3943835],[29.7916254,-0.3943285],[29.7917609,-0.3942816],[29.7919151,-0.3942092],[29.7919728,-0.3941985],[29.7920164,-0.3942025],[29.7920767,-0.3942186],[29.7921994,-0.3942199],[29.7922504,-0.3942079],[29.7922933,-0.3941897],[29.7923718,-0.3941636],[29.792467,-0.3941348],[29.7926735,-0.3940684],[29.7928418,-0.3940268],[29.7929612,-0.394006],[29.7931389,-0.3939658],[29.7937256,-0.3937908],[29.7939067,-0.3937345],[29.7940944,-0.3936929],[29.794191,-0.3936875],[29.7943264,-0.3936433],[29.7944404,-0.3936084],[29.7947583,-0.3934649],[29.7952183,-0.3932329],[29.7958003,-0.3929982],[29.7961758,-0.3928225],[29.7963529,-0.3927702],[29.7964843,-0.3927501],[29.7965715,-0.392726],[29.796617,-0.3927032],[29.7966908,-0.3926616],[29.7967498,-0.392612],[29.7968665,-0.3925436],[29.7969872,-0.3924765],[29.7971025,-0.3923961],[29.7972715,-0.3922888],[29.7973654,-0.3922043],[29.7974539,-0.3921547],[29.7975504,-0.3921091],[29.7980158,-0.3918368],[29.7983658,-0.3916236],[29.7985522,-0.3914935],[29.798917,-0.391295],[29.7991061,-0.3912146],[29.7992603,-0.3911462],[29.7995983,-0.3909853],[29.7997338,-0.3909155],[29.7998887,-0.3908458],[29.7999309,-0.390882],[29.7999912,-0.3909383],[29.8000677,-0.3909678],[29.800124,-0.390992],[29.8001696,-0.3910443],[29.8002072,-0.3911234],[29.80023,-0.3911998],[29.8002353,-0.3912588],[29.8002528,-0.3913085],[29.800285,-0.391346],[29.8003319,-0.3913956],[29.8003882,-0.391511],[29.8004258,-0.3916558],[29.8004633,-0.3918301],[29.8004982,-0.3919897],[29.8004982,-0.3921225],[29.8004472,-0.3922164],[29.8003265,-0.3923505],[29.8002166,-0.3924068],[29.8001495,-0.3924658],[29.7998089,-0.3926938],[29.7996399,-0.3927742],[29.7994923,-0.3928547],[29.7993502,-0.3929727],[29.7992402,-0.393029],[29.7990766,-0.3930559],[29.798964,-0.3930666],[29.7988835,-0.3931256],[29.7988352,-0.3931819],[29.7987708,-0.3932704],[29.798575,-0.3933536],[29.7983471,-0.3934206],[29.7981968,-0.3934662],[29.7980198,-0.3935467],[29.7978803,-0.3935896],[29.7977141,-0.3935896],[29.7976175,-0.3936272],[29.7975504,-0.3936996],[29.7974646,-0.3937425],[29.797368,-0.393831],[29.797242,-0.3939142],[29.7970006,-0.3940456],[29.7968611,-0.3941287],[29.7966278,-0.3942548],[29.7964641,-0.3943648],[29.7963542,-0.3944452],[29.7962174,-0.3945069],[29.7960189,-0.3945364],[29.7958419,-0.3945471],[29.7957426,-0.3945713],[29.7956622,-0.3946196],[29.7955415,-0.3947134],[29.7954288,-0.3947966],[29.7952276,-0.394869],[29.7949997,-0.3949307],[29.7948307,-0.3949575],[29.7946671,-0.3949897],[29.794482,-0.3949951],[29.7943532,-0.395046],[29.794254,-0.3951319],[29.7941199,-0.3952418],[29.7939509,-0.3953759],[29.7937176,-0.3955261],[29.793511,-0.395628],[29.7933152,-0.3956656],[29.7931302,-0.3956871],[29.7930658,-0.3956763],[29.7929907,-0.3956388],[29.7928619,-0.3955047],[29.7927144,-0.3953196],[29.7925964,-0.3951614],[29.7924837,-0.3950326],[29.7924093,-0.3949139],[29.7924019,-0.394875],[29.7923858,-0.3948529],[29.7923624,-0.3948268],[29.7923322,-0.394808],[29.7923128,-0.3947745],[29.7922812,-0.3947456],[29.7922491,-0.3947376],[29.7922102,-0.3947034],[29.7921907,-0.3946786],[29.7921907,-0.3946484],[29.7921974,-0.3946162],[29.7922041,-0.3945921],[29.7922008,-0.3945813],[29.7921867,-0.3945686],[29.7921693,-0.3945532],[29.7921478,-0.3945324],[29.7921351,-0.3944935],[29.7921223,-0.3944385],[29.7920955,-0.3943762],[29.7920754,-0.394354],[29.7920398,-0.3943185],[29.7920264,-0.3943088],[29.7920184,-0.3943088],[29.7920113,-0.3943118],[29.792009,-0.3943232],[29.792009,-0.394348],[29.7920097,-0.3943835],[29.7920083,-0.3944271],[29.792011,-0.3944506],[29.7920385,-0.3944788],[29.7920667,-0.3945062],[29.7920915,-0.3945619],[29.7920881,-0.3945914],[29.792068,-0.3946055],[29.7920512,-0.3946102],[29.7920211,-0.3946068],[29.7919882,-0.3945954],[29.7919567,-0.3945545],[29.7919346,-0.394517],[29.7919151,-0.3944821],[29.7918836,-0.3944392],[29.7918575,-0.3944325],[29.791836,-0.3944358],[29.7918219,-0.3944452],[29.7918206,-0.39446],[29.7918279,-0.3944848],[29.7918461,-0.3945143],[29.7918588,-0.3945465],[29.7918682,-0.3945646],[29.7918722,-0.3945815],[29.7918729,-0.3945958],[29.7918707,-0.3946072],[29.791863,-0.3946179],[29.7918551,-0.3946206],[29.7918472,-0.3946209],[29.7918363,-0.3946162],[29.7918222,-0.3946048],[29.7918119,-0.3945927],[29.7917981,-0.394582],[29.7917803,-0.3945619],[29.7917495,-0.3945465],[29.7916965,-0.3945324],[29.7916536,-0.394519],[29.7916174,-0.3945042],[29.7915912,-0.3944848],[29.7915664,-0.3944653],[29.7915503,-0.3944546],[29.7915329,-0.394458],[29.7915215,-0.3944653],[29.7915175,-0.3944834],[29.7915269,-0.3944989],[29.7915329,-0.3945223],[29.7915296,-0.3945357],[29.7915101,-0.3945451],[29.791496,-0.3945458],[29.7914833,-0.3945398],[29.7914417,-0.394529],[29.7914243,-0.3945378],[29.7914169,-0.3945525],[29.7914216,-0.3945699],[29.7914377,-0.394586],[29.7914565,-0.3946142],[29.7914726,-0.3946692],[29.7914954,-0.3947255],[29.7915309,-0.3947651],[29.7915631,-0.3947912],[29.7916127,-0.3948214],[29.7916798,-0.3948589],[29.7917441,-0.3948884],[29.7918051,-0.3949059],[29.7918575,-0.394918],[29.7919064,-0.3949267],[29.7919627,-0.3949361],[29.7919916,-0.3949508],[29.792017,-0.3949843],[29.7920398,-0.3950293],[29.7920586,-0.3950836],[29.7921002,-0.3952204],[29.7921297,-0.3953263],[29.792131,-0.3953759],[29.7921109,-0.3954175],[29.7920693,-0.3954685],[29.7919983,-0.3955047],[29.7919245,-0.3955194],[29.7917743,-0.3955932],[29.7916187,-0.3956736],[29.7915222,-0.3957487],[29.791494,-0.3958131],[29.791486,-0.3958869],[29.7914806,-0.3960371],[29.7914886,-0.3961296],[29.7914913,-0.3962275],[29.791498,-0.396316],[29.7915463,-0.3963428],[29.7916482,-0.396363],[29.7917072,-0.3963428],[29.7917528,-0.3963455],[29.7917797,-0.3963683],[29.7917797,-0.3963978],[29.7917783,-0.3964904],[29.7917998,-0.3965507],[29.7918306,-0.3965802],[29.7918628,-0.3965923],[29.7919902,-0.3965708],[29.7921364,-0.3965306],[29.7922035,-0.3965145],[29.7922584,-0.3964997],[29.7922853,-0.396481],[29.7923161,-0.3964568],[29.7923456,-0.3964139],[29.7923416,-0.3963294],[29.7923402,-0.3962865],[29.7923496,-0.3962248],[29.7923778,-0.3961886],[29.7924046,-0.3961725],[29.792473,-0.3961658],[29.79252,-0.3961564],[29.7925696,-0.3961149],[29.7926179,-0.3960411],[29.7926527,-0.3960277],[29.792697,-0.3960371],[29.7928163,-0.3960813],[29.7929035,-0.3961122],[29.7930229,-0.3961672],[29.793161,-0.3962584],[29.7932656,-0.39632],[29.7932991,-0.3963375],[29.7933179,-0.3963563],[29.7933353,-0.3964233],[29.7933421,-0.3964877],[29.7933823,-0.3965722],[29.7934359,-0.3966258],[29.7934842,-0.3966298],[29.7935043,-0.3966137],[29.793511,-0.3965775],[29.7934668,-0.3965306],[29.7934239,-0.3964756],[29.7934212,-0.396434],[29.7934453,-0.3964018],[29.7934788,-0.3963683],[29.7935379,-0.3962838],[29.7935928,-0.3962087],[29.7936492,-0.3961725],[29.7936894,-0.3961417],[29.7937632,-0.3961323],[29.7938517,-0.3961323],[29.7939268,-0.3961564],[29.7939925,-0.396198],[29.7940743,-0.3962476],[29.7941279,-0.3963066],[29.7941923,-0.396363],[29.7942781,-0.396363],[29.7943559,-0.396363],[29.7945249,-0.3963388],[29.7948897,-0.3962557],[29.7952437,-0.3961886],[29.7955173,-0.3961564],[29.7958285,-0.396143],[29.7960377,-0.3961779],[29.7962067,-0.3961913],[29.7963649,-0.3961833],[29.7966385,-0.3961591],[29.7969362,-0.3960491],[29.7971508,-0.3959767],[29.7974297,-0.3959338],[29.7977167,-0.3958802],[29.7979286,-0.3958319],[29.7982827,-0.3957514],[29.7984517,-0.3956924],[29.7985321,-0.3956307],[29.7985965,-0.3955315],[29.7986636,-0.3953732],[29.7987413,-0.3952472],[29.7988808,-0.3951292],[29.7990632,-0.3949843],[29.799251,-0.3948878],[29.7994897,-0.3947832],[29.7997928,-0.3946973],[29.8000556,-0.3946383],[29.8002514,-0.3945927],[29.8004714,-0.3945525],[29.800812,-0.3944533],[29.8010588,-0.3944318],[29.8013028,-0.3943916],[29.8015872,-0.3942736],[29.8017266,-0.3942092],[29.8018312,-0.3941046],[29.8019305,-0.3939437],[29.8020096,-0.3938605],[29.8020619,-0.3938391],[29.8022309,-0.3937184],[29.8023368,-0.393591],[29.8024079,-0.3935306],[29.8024642,-0.3934837],[29.8024991,-0.3934126],[29.8025447,-0.3932906],[29.8026212,-0.3930277],[29.8026574,-0.3928882],[29.8026828,-0.392844],[29.8026989,-0.3928145],[29.8026976,-0.392738],[29.8027003,-0.392675],[29.8027727,-0.3925717],[29.8028652,-0.3924779],[29.802943,-0.3923733],[29.8030154,-0.392278],[29.8030892,-0.3921734],[29.8031643,-0.3920514],[29.8032354,-0.3919575],[29.8033065,-0.3918771],[29.8034017,-0.3918047],[29.8034446,-0.3917886],[29.8034862,-0.3917684],[29.803509,-0.3917282],[29.8035371,-0.3917081],[29.8035921,-0.3916772],[29.8036686,-0.3915874],[29.8037329,-0.3914774],[29.8037598,-0.3914131],[29.8037799,-0.3913581],[29.8037906,-0.3913125],[29.8038174,-0.3912629],[29.8038818,-0.3911851],[29.8039824,-0.3910845],[29.8041071,-0.3909812],[29.8042224,-0.3908887],[29.8043512,-0.3908082],[29.8044786,-0.3907412],[29.8046409,-0.3906929],[29.8048098,-0.3906446],[29.8049895,-0.3906071],[29.8051263,-0.3905789],[29.8053208,-0.3905695],[29.8055434,-0.3905494],[29.8056614,-0.3905293],[29.805927,-0.3904998],[29.80599,-0.390477],[29.8060262,-0.3904461],[29.8060624,-0.3903871],[29.8061201,-0.3903268],[29.8061617,-0.3902892],[29.8061952,-0.3902061],[29.8062046,-0.3901283],[29.806226,-0.3899996],[29.8062448,-0.3898976],[29.806269,-0.3898239],[29.8063481,-0.3897059],[29.8064393,-0.3895999],[29.806505,-0.3895329],[29.8065855,-0.3894833],[29.8066512,-0.3894403],[29.806737,-0.3893813],[29.806847,-0.3892821],[29.8068818,-0.3892338],[29.8069288,-0.3891694],[29.8069288,-0.3891238],[29.8069207,-0.3890984],[29.8068885,-0.3890541],[29.8068885,-0.3889978],[29.8069181,-0.3889508],[29.8069864,-0.3889388],[29.8070186,-0.388912],[29.807024,-0.3888851],[29.8070106,-0.3888503],[29.8069757,-0.3888355],[29.8069127,-0.3888395],[29.8068362,-0.3888824],[29.8067303,-0.3889844],[29.8066284,-0.3890662],[29.8065265,-0.3891024],[29.8064406,-0.3891279],[29.8063441,-0.3891721],[29.806214,-0.3892419],[29.806041,-0.3893344],[29.8059417,-0.3894028],[29.8058693,-0.3894484],[29.8058251,-0.3894564],[29.8057486,-0.3894833],[29.8056561,-0.389494],[29.8056547,-0.3894953],[29.8056038,-0.3895128],[29.805581,-0.3895329],[29.8055689,-0.3895624],[29.8055474,-0.3896053],[29.8055005,-0.3896697],[29.8054576,-0.3896844],[29.8054066,-0.389667],[29.8053651,-0.3896522],[29.8052765,-0.3896777],[29.8051599,-0.3897287],[29.8051143,-0.3897354],[29.805074,-0.3897837],[29.8050539,-0.3898252],[29.8050244,-0.3898561],[29.8049708,-0.3898976],[29.8049359,-0.3899057],[29.8049024,-0.389907],[29.8048487,-0.389907],[29.8047468,-0.3899097],[29.8046932,-0.3899124],[29.8046288,-0.3899298],[29.8045953,-0.389962],[29.8045188,-0.3900626],[29.8044585,-0.3901739],[29.8043954,-0.3902611],[29.8043445,-0.3903],[29.8042439,-0.390367],[29.8040776,-0.390481],[29.8039059,-0.3906245],[29.8037919,-0.390705],[29.8036095,-0.390819],[29.8034097,-0.3909718],[29.8033735,-0.3910469],[29.8033118,-0.3911381],[29.8032528,-0.3911757],[29.8031723,-0.3912682],[29.8031013,-0.3913058],[29.8030074,-0.3913487],[29.8029578,-0.3913621],[29.8028719,-0.3913527],[29.8028317,-0.391342],[29.8027888,-0.391338],[29.8027056,-0.3913487],[29.8026024,-0.3913795],[29.8024414,-0.3914037],[29.8023489,-0.391405],[29.8022912,-0.3913943],[29.8022228,-0.3913755],[29.8021826,-0.3913768],[29.8021625,-0.3913996],[29.8021893,-0.3914546],[29.8022591,-0.3915619],[29.802302,-0.3915981],[29.8023409,-0.3916585],[29.8024026,-0.3917121],[29.802475,-0.3917711],[29.8024803,-0.3918261],[29.8024763,-0.3918918],[29.802428,-0.3919575],[29.8023878,-0.3919683],[29.8023288,-0.3919656],[29.8022926,-0.3919294],[29.8022363,-0.39192],[29.8022,-0.3919227],[29.8021705,-0.3919253],[29.8021343,-0.3919616],[29.8020834,-0.3920071],[29.8020579,-0.3920514],[29.8020472,-0.3921064],[29.8020458,-0.3921466],[29.8020418,-0.3922378],[29.8020498,-0.3923035],[29.8020633,-0.3923746],[29.8020606,-0.3924309],[29.8020364,-0.3924953],[29.8019452,-0.3926294],[29.8018916,-0.3927139],[29.80185,-0.3927957],[29.8018353,-0.3928614],[29.8018299,-0.3929352],[29.8018433,-0.3930076],[29.8018688,-0.3930612],[29.8018903,-0.3931041],[29.8018607,-0.3931672],[29.8018245,-0.3932007],[29.8017736,-0.3932061],[29.8016945,-0.39319],[29.8014691,-0.3931363],[29.8013243,-0.3930907],[29.8010387,-0.3929432],[29.8008804,-0.3928131],[29.800753,-0.3927421],[29.8006833,-0.3926924],[29.8006296,-0.3926281],[29.800631,-0.3925771],[29.8006497,-0.3925221],[29.8006712,-0.3924698],[29.8007248,-0.3924282],[29.8007651,-0.3923987],[29.8008066,-0.3922915],[29.8008308,-0.3922392],[29.8008563,-0.3921922],[29.8008656,-0.3921131],[29.8008844,-0.3920662],[29.8009461,-0.3919321],[29.8009682,-0.3918288],[29.8009736,-0.3918033],[29.8009642,-0.3917832],[29.8009501,-0.3917698],[29.8009444,-0.3917544],[29.8009448,-0.391747],[29.8009485,-0.3917369],[29.8009582,-0.3917302],[29.8009823,-0.3917188],[29.8010085,-0.3917125],[29.8010286,-0.3917202],[29.8010534,-0.3917222],[29.8010916,-0.3917195],[29.8011366,-0.3917269],[29.8011801,-0.3917302],[29.8012284,-0.3917269],[29.8012935,-0.3917175],[29.8013746,-0.3917114],[29.8014182,-0.3916974],[29.8014624,-0.3916779],[29.8014785,-0.3916558],[29.8014805,-0.3916223],[29.8014604,-0.3915988],[29.8014303,-0.3915827],[29.8013934,-0.391576],[29.8013458,-0.39157],[29.80127,-0.391568],[29.8011855,-0.3915747],[29.8011158,-0.3915887],[29.801044,-0.3915975],[29.8010091,-0.3916001],[29.8009555,-0.3915907],[29.800932,-0.391578],[29.8009052,-0.3915485],[29.8008998,-0.3915277],[29.8009032,-0.3914908],[29.8009186,-0.3914318],[29.8009374,-0.3914017],[29.8010051,-0.3913527],[29.8010594,-0.3912997],[29.8011285,-0.3912327],[29.8011661,-0.3911515],[29.8012338,-0.3910369],[29.8012995,-0.3909685],[29.8013444,-0.3909162],[29.8014235,-0.3908015],[29.8014453,-0.390762],[29.8014537,-0.3907385],[29.8014517,-0.3907224],[29.8014299,-0.3907123],[29.8014138,-0.3907087],[29.8013873,-0.3907077],[29.8013122,-0.3907197],[29.8011942,-0.3907385],[29.8011124,-0.3907707],[29.8010266,-0.3908163],[29.8009005,-0.3909115],[29.8008107,-0.3909544],[29.8007101,-0.390992],[29.8006149,-0.3910657],[29.8005223,-0.3910805],[29.8004217,-0.3910496],[29.8003373,-0.3910228],[29.8002689,-0.3909625],[29.8002152,-0.3909048],[29.800175,-0.3908364],[29.8001428,-0.3907761],[29.800171,-0.3907687],[29.8002105,-0.3907439],[29.8002635,-0.3906929],[29.8003828,-0.390599],[29.8005773,-0.3904904],[29.8007986,-0.3903603],[29.8009971,-0.3902477],[29.8011419,-0.3901899],[29.8012318,-0.3901685],[29.8012733,-0.3901444],[29.8013069,-0.3901095],[29.8013324,-0.3900733],[29.801445,-0.3899902],[29.8018312,-0.3897568],[29.8021719,-0.3895289],[29.802644,-0.3892392],[29.8030329,-0.3889736],[29.8031884,-0.3888261],[29.8034245,-0.3886491],[29.8038644,-0.3884023],[29.804205,-0.3881824],[29.8046449,-0.3879222],[29.8051304,-0.3875843],[29.8058358,-0.387115],[29.8062811,-0.3868078],[29.8066109,-0.386608],[29.8069046,-0.3864296],[29.8073391,-0.3861641],[29.807771,-0.3858986],[29.8080701,-0.3857296],[29.808404,-0.3855244],[29.8085126,-0.3854587],[29.8086226,-0.3853634],[29.8087285,-0.3852548],[29.8087661,-0.3852227],[29.8088117,-0.3852039],[29.8088734,-0.3851878],[29.8089847,-0.3851529],[29.8091282,-0.3850564],[29.8093092,-0.3849048],[29.8094273,-0.3847774],[29.8095654,-0.384638],[29.8097666,-0.3845038],[29.8099208,-0.3844113],[29.8101206,-0.3843241],[29.8103392,-0.3841927],[29.8104961,-0.3840962],[29.8106396,-0.3839634],[29.8106852,-0.383899],[29.8107094,-0.3838601],[29.810755,-0.3838172],[29.8108086,-0.3837743],[29.8108609,-0.3837515],[29.8109306,-0.3837381],[29.8110031,-0.3837113],[29.8111117,-0.3836536],[29.8112431,-0.3835731],[29.8113544,-0.383494],[29.8114483,-0.383431],[29.8115677,-0.3833344],[29.8117635,-0.3831386],[29.8118547,-0.383026],[29.8119459,-0.3829482],[29.812088,-0.3828436],[29.8122114,-0.3827819],[29.8123281,-0.382743],[29.8124635,-0.3826746],[29.8126325,-0.3825714],[29.812886,-0.3823742],[29.8131247,-0.3821838],[29.8132991,-0.3820832],[29.8134559,-0.3820121],[29.8135203,-0.3819759],[29.8135565,-0.3819504],[29.8138368,-0.3817171],[29.8138811,-0.3816822],[29.81394,-0.3816554],[29.8139937,-0.3816433],[29.8140836,-0.3816044],[29.8141587,-0.3815548],[29.8142552,-0.3814784],[29.8143867,-0.3813765],[29.8144953,-0.3812973],[29.8145449,-0.3812397],[29.8145986,-0.3811646],[29.8146562,-0.3810922],[29.8147085,-0.3810385],[29.8147488,-0.3810184],[29.8147944,-0.3809996],[29.8148561,-0.3809715],[29.8150076,-0.3808789],[29.8151457,-0.3807529],[29.8153268,-0.3805785],[29.8153791,-0.3805008],[29.8154796,-0.3804229],[29.8156043,-0.3803478],[29.8158029,-0.3802164],[29.8159397,-0.3801011],[29.8161435,-0.3799402],[29.8163688,-0.3797122],[29.81657,-0.379511],[29.8168033,-0.3791865],[29.8169804,-0.3789719],[29.8172218,-0.3787278],[29.8174578,-0.3784918],[29.817616,-0.3783362],[29.8178274,-0.3780879],[29.8182678,-0.3776577],[29.8184234,-0.3775249],[29.818587,-0.3774136],[29.8188177,-0.37725],[29.8189303,-0.3771239],[29.819,-0.3770274],[29.8192348,-0.3767793],[29.8193018,-0.3767377],[29.819444,-0.3766974],[29.8195727,-0.3766505],[29.8197108,-0.376566],[29.8197752,-0.3765338],[29.8198168,-0.3765057],[29.8198584,-0.3764413],[29.8198812,-0.3762951],[29.8199053,-0.3761999],[29.819967,-0.3760645],[29.82003,-0.3759759],[29.8201105,-0.3759022],[29.8201977,-0.3758298],[29.8203398,-0.3756876],[29.820482,-0.3755106],[29.8205852,-0.3753886],[29.8206764,-0.3752665],[29.8207395,-0.3750908],[29.820824,-0.3749205],[29.820942,-0.3747127],[29.8210828,-0.3744954],[29.8211807,-0.3742929],[29.8212089,-0.3742004],[29.8211955,-0.37414],[29.8211874,-0.3740435],[29.8212276,-0.3739724],[29.8212612,-0.3739362],[29.8214154,-0.3737846],[29.8215361,-0.3736881],[29.8216689,-0.3735915],[29.8217842,-0.373436],[29.8218445,-0.3733555],[29.821929,-0.3732656],[29.8220028,-0.3732241],[29.8221462,-0.373098],[29.8222791,-0.3729652],[29.8224051,-0.3728298],[29.8224387,-0.3727735],[29.8225164,-0.3726863],[29.8226264,-0.3725964],[29.8227404,-0.3725147],[29.8227967,-0.3724355],[29.822845,-0.3723577],[29.8228745,-0.3722893],[29.8229429,-0.3721646],[29.8230502,-0.3720493],[29.8231602,-0.3719098],[29.8232675,-0.3717542],[29.8233479,-0.3715424],[29.8233721,-0.3713895],[29.8233935,-0.3713117],[29.823423,-0.3711937],[29.8234633,-0.3710354],[29.823525,-0.3708289],[29.8235974,-0.3706948],[29.8236698,-0.3706224],[29.8237503,-0.3705097],[29.8238012,-0.3703622],[29.8238951,-0.3701986],[29.823989,-0.370035],[29.8240265,-0.3699143],[29.8240668,-0.3697534],[29.8240855,-0.3696032],[29.8240882,-0.3694664],[29.8240453,-0.3693725],[29.8239729,-0.3693242],[29.8239273,-0.3692572],[29.8238897,-0.3691847],[29.8238817,-0.369115],[29.8238897,-0.3690426],[29.8239058,-0.3688361],[29.8239917,-0.3684954],[29.8241365,-0.3680126],[29.8242974,-0.367664],[29.824394,-0.3674869],[29.8244557,-0.3672402],[29.8245335,-0.3670363],[29.8246086,-0.3668835],[29.8247775,-0.3665616],[29.824858,-0.3664274],[29.8249009,-0.3662746],[29.8249143,-0.3661351],[29.8249733,-0.366001],[29.8251155,-0.3657999],[29.8253408,-0.3655826],[29.8256305,-0.3652742],[29.8258772,-0.3650542],[29.8260596,-0.3648745],[29.8262984,-0.3647216],[29.8264298,-0.3646465],[29.8265156,-0.3645768],[29.8265907,-0.3644802],[29.8267248,-0.3643274],[29.8269206,-0.3641423],[29.8271754,-0.3639492],[29.8274423,-0.3637038],[29.827563,-0.3636005],[29.8276542,-0.3635187],[29.8277079,-0.3634315],[29.8277414,-0.363339],[29.8278688,-0.3630453],[29.8280659,-0.3627207],[29.8283315,-0.3623855],[29.8287445,-0.3618973],[29.8292086,-0.3613233],[29.8294955,-0.3609586],[29.8297316,-0.3606233],[29.8299837,-0.36028],[29.8302305,-0.3599018],[29.8304933,-0.3595102],[29.8306677,-0.3592715],[29.8309037,-0.3589201],[29.8311505,-0.3584561],[29.8313677,-0.358086],[29.8316225,-0.3576542],[29.8317513,-0.357394],[29.831872,-0.3571311],[29.8319498,-0.3569729],[29.8321483,-0.356525],[29.8322716,-0.3561977],[29.8323897,-0.3559429],[29.8324943,-0.3556881],[29.8325479,-0.3554601],[29.8326471,-0.3550545],[29.8326632,-0.3548084],[29.8326578,-0.3545321],[29.8326391,-0.3542961],[29.8326874,-0.3540547],[29.8328108,-0.3538079],[29.8330897,-0.3534539],[29.8333365,-0.3532125],[29.8335215,-0.3529952],[29.8337227,-0.3528102],[29.8340231,-0.3526063],[29.834345,-0.3523488],[29.8345461,-0.3521557],[29.8346695,-0.3520753],[29.8348278,-0.3520055],[29.8351201,-0.3518366],[29.8352784,-0.3517507],[29.8353776,-0.3517132],[29.8354299,-0.3517239],[29.8354702,-0.3517762],[29.8354541,-0.3518473],[29.8354688,-0.3518969],[29.835497,-0.3519197],[29.8355721,-0.3519277],[29.8356472,-0.3519103],[29.8357263,-0.3518661],[29.8359168,-0.3517963],[29.8361126,-0.35174],[29.8362493,-0.3517239],[29.8364693,-0.3517132],[29.836641,-0.3517051],[29.8367563,-0.3517239],[29.8368327,-0.3517373],[29.8369199,-0.3517319],[29.8369668,-0.3517118],[29.8370124,-0.3516796],[29.8370755,-0.3516166],[29.8371452,-0.3515066],[29.8371935,-0.351457],[29.8372471,-0.3514289],[29.8373947,-0.3513645],[29.8375207,-0.3513296],[29.8376213,-0.3513162],[29.8377514,-0.3512626],[29.8379566,-0.3511754],[29.8381966,-0.3510963],[29.8384152,-0.3509944],[29.8385695,-0.3509058],[29.8388135,-0.3507114],[29.8390026,-0.3505491],[29.8392816,-0.3503345],[29.8395512,-0.3501193],[29.8396021,-0.3500905],[29.8396383,-0.3500777],[29.8396598,-0.3500771],[29.8397128,-0.3500529],[29.8397892,-0.3499906],[29.8398475,-0.3499336],[29.8400313,-0.3497726],[29.8400903,-0.3497244],[29.8401104,-0.3496922],[29.8401278,-0.3496586],[29.8401801,-0.349597],[29.8402311,-0.3495527],[29.8403236,-0.349487],[29.840392,-0.3494575],[29.84051,-0.3494213],[29.8405878,-0.3493784],[29.8406965,-0.3493019],[29.8409231,-0.3491061],[29.8409794,-0.349078],[29.8411202,-0.3490096],[29.8412195,-0.3489586],[29.8413898,-0.348854],[29.8415722,-0.3487427],[29.8418176,-0.348563],[29.8420845,-0.3483873],[29.8422843,-0.3482304],[29.8425338,-0.3480359],[29.842802,-0.3477717],[29.8428476,-0.3477449],[29.8429187,-0.3477127],[29.8430675,-0.3475853],[29.84327,-0.3473641],[29.84349,-0.3470958],[29.8436227,-0.3469456],[29.8438306,-0.3467807],[29.8440063,-0.346609],[29.8441525,-0.3465125],[29.8442933,-0.3464146],[29.8444757,-0.3462228],[29.8446245,-0.346082],[29.8447359,-0.3460203],[29.8448552,-0.3459532],[29.8450792,-0.3457655],[29.8451114,-0.3457615],[29.8451771,-0.3457239],[29.8452361,-0.3456622],[29.8452669,-0.3456153],[29.8452938,-0.3455603],[29.8454601,-0.3454074],[29.8456411,-0.3452197],[29.846018,-0.3449354],[29.8464203,-0.3445491],[29.8467743,-0.3442916],[29.8470318,-0.3441843],[29.8473322,-0.3440932],[29.8476541,-0.3440342],[29.8480672,-0.3438223],[29.848558,-0.3434629],[29.8491722,-0.3428755],[29.8497355,-0.3423927],[29.849993,-0.3420762],[29.8501003,-0.3418723],[29.850288,-0.3415773],[29.8505562,-0.341293],[29.8508567,-0.3409228],[29.8511249,-0.3407136],[29.8512912,-0.3404722],[29.851369,-0.3403462],[29.8513958,-0.340255],[29.8513716,-0.3402067],[29.851318,-0.3402094],[29.8512644,-0.3402255],[29.8511893,-0.340263],[29.8510283,-0.3403918],[29.8509371,-0.3404669],[29.8508084,-0.3405312],[29.8507065,-0.3405795],[29.850567,-0.3405795],[29.8504758,-0.3404508],[29.8505026,-0.3402952],[29.8507333,-0.3400002],[29.8512724,-0.339386],[29.851656,-0.3390587],[29.8518544,-0.3389273],[29.8519912,-0.3388388],[29.8522943,-0.3384848],[29.8527127,-0.3380315],[29.8535603,-0.3371517],[29.854306,-0.3363819],[29.8547566,-0.335985],[29.8550248,-0.3357114],[29.8551938,-0.3355102],[29.8552528,-0.335462],[29.8553064,-0.3354459],[29.8553762,-0.3354217],[29.8555237,-0.3352957],[29.8556578,-0.3351562],[29.8558187,-0.3349416],[29.8560226,-0.334668],[29.856331,-0.3343194],[29.8565537,-0.3340699],[29.8567414,-0.3338849],[29.8568863,-0.3336864],[29.8572189,-0.3333082],[29.8574415,-0.3329488],[29.8578706,-0.3324392],[29.8582247,-0.3319778],[29.8585492,-0.3313851],[29.8587343,-0.3310793],[29.8588443,-0.3308245],[29.8589811,-0.3305053],[29.8591179,-0.3301674],[29.8592466,-0.329816],[29.8593727,-0.329419],[29.8595014,-0.3290623],[29.8596007,-0.3285339],[29.8598742,-0.3277856],[29.8600781,-0.3273565],[29.8604053,-0.326879],[29.8607755,-0.3261978],[29.8611027,-0.3253019],[29.8612797,-0.3244758],[29.8613334,-0.3241915],[29.8614246,-0.3241379],[29.8615318,-0.3240038],[29.8616016,-0.3238965],[29.8617196,-0.3238106],[29.8618913,-0.3238428],[29.8620093,-0.3238589],[29.8621541,-0.3239233],[29.8623365,-0.3240306],[29.8624277,-0.3241593],[29.8624545,-0.3243363],[29.8623794,-0.3244597],[29.8623311,-0.3246046],[29.8623204,-0.3248567],[29.8623902,-0.3249747],[29.8624921,-0.3251356],[29.862712,-0.3253341],[29.8629814,-0.3256776],[29.8629802,-0.3258705],[29.8629588,-0.3260154],[29.8629481,-0.3262139],[29.8629481,-0.3264016],[29.8629159,-0.3265786],[29.8628461,-0.3267932],[29.8627925,-0.3269166],[29.8627227,-0.3269702],[29.8625404,-0.3269541],[29.8623258,-0.3269702],[29.862197,-0.3270185],[29.8619664,-0.3271312],[29.8618269,-0.3272089],[29.8617786,-0.3272465],[29.8617357,-0.3273323],[29.8616633,-0.3274637],[29.8615345,-0.3275228],[29.8613816,-0.3275388],[29.8611885,-0.3275442],[29.8610303,-0.3275388],[29.860864,-0.3275362],[29.8607433,-0.3275549],[29.860687,-0.3276381],[29.8606709,-0.32774],[29.8606092,-0.3279439],[29.8605636,-0.3280753],[29.8604375,-0.3281772],[29.8603222,-0.3282604],[29.8602551,-0.3283945],[29.8602068,-0.3285393],[29.8601693,-0.3286707],[29.8601505,-0.3288424],[29.8601881,-0.3290194],[29.8602176,-0.3291026],[29.8602015,-0.3292072],[29.8601398,-0.3292635],[29.8600003,-0.3293279],[29.8598635,-0.3293627],[29.8597509,-0.3293681],[29.8596194,-0.329419],[29.8594853,-0.3295237],[29.8594397,-0.3296068],[29.8593459,-0.3297999],[29.8592788,-0.3299877],[29.8591474,-0.3303498],[29.8589972,-0.3306823],[29.8589435,-0.3308299],[29.8589623,-0.3309157],[29.8590723,-0.3309398],[29.8591366,-0.3309318],[29.8592573,-0.3309211],[29.8593807,-0.3309184],[29.8594478,-0.3309237],[29.8595229,-0.330964],[29.8595685,-0.3310686],[29.8595577,-0.3313287],[29.8595417,-0.3314521],[29.8594987,-0.3315299],[29.85937,-0.3315836],[29.8591205,-0.3316747],[29.8590213,-0.3317445],[29.8589838,-0.3318089],[29.8589569,-0.331884],[29.8589301,-0.3321575],[29.8588872,-0.3323185],[29.8587531,-0.3324633],[29.8585707,-0.3325223],[29.8584419,-0.3326189],[29.8583883,-0.3328013],[29.8583561,-0.3329622],[29.8583829,-0.3330641],[29.858501,-0.3331821],[29.858619,-0.333284],[29.8587102,-0.3334074],[29.8587638,-0.3335147],[29.8587799,-0.3336274],[29.8587048,-0.33374],[29.8585653,-0.3339009],[29.8584259,-0.3340672],[29.8581927,-0.3342241],[29.858112,-0.3342952],[29.8579967,-0.3343408],[29.8579136,-0.3343596],[29.8578224,-0.334373],[29.8577526,-0.3344159],[29.8577177,-0.3344454],[29.8576641,-0.3345044],[29.8576078,-0.33455],[29.8575273,-0.3346305],[29.8574227,-0.3346975],[29.8572457,-0.3347378],[29.8570687,-0.3348021],[29.8570043,-0.3349363],[29.8569453,-0.3350838],[29.8569265,-0.3351696],[29.856905,-0.3354325],[29.8568326,-0.3357168],[29.8568058,-0.3358562],[29.8567763,-0.3359903],[29.8567682,-0.3360547],[29.856779,-0.3361352],[29.8568648,-0.336221],[29.8569533,-0.3363229],[29.8570338,-0.3364114],[29.857243,-0.3364785],[29.8574468,-0.3365912],[29.8577017,-0.336685],[29.8579296,-0.3367655],[29.8581281,-0.3368352],[29.8582301,-0.3368567],[29.8583253,-0.3368835],[29.8583534,-0.3369157],[29.858387,-0.3369278],[29.8584205,-0.3369278],[29.8584366,-0.336909],[29.8584366,-0.3368647],[29.858458,-0.3368057],[29.8585224,-0.336744],[29.8586136,-0.3366917],[29.8586579,-0.3366515],[29.8587075,-0.3365402],[29.8588523,-0.3363551],[29.8590159,-0.3361942],[29.8591045,-0.336111],[29.8592171,-0.3360628],[29.859488,-0.3359635],[29.8596489,-0.3359206],[29.8599333,-0.3358589],[29.8600191,-0.3357946],[29.8600969,-0.3356926],[29.8601881,-0.3355183],[29.8603061,-0.3353359],[29.8604348,-0.3351964],[29.8606735,-0.3350462],[29.8608318,-0.334896],[29.8609257,-0.334829],[29.8610222,-0.3347861],[29.8610973,-0.3347485],[29.8612449,-0.334719],[29.8614728,-0.3347297],[29.8619254,-0.3347662],[29.8620039,-0.334778],[29.8621729,-0.3347753],[29.8622587,-0.334778],[29.8623553,-0.334719],[29.8624143,-0.3346493],[29.8624814,-0.3345554],[29.8625323,-0.3344991],[29.8625913,-0.3344293],[29.8626235,-0.3343596],[29.8626369,-0.3342684],[29.8626772,-0.3342174],[29.8627549,-0.3341987],[29.8628354,-0.3341987],[29.8629373,-0.3341692],[29.8630339,-0.3341182],[29.863113,-0.3340485],[29.8632096,-0.3339291],[29.863278,-0.3337923],[29.8633155,-0.3337279],[29.8633423,-0.333681],[29.8633812,-0.3336636],[29.8634335,-0.3336542],[29.8635408,-0.3336542],[29.863809,-0.3336676],[29.8638453,-0.3336461],[29.8639056,-0.3336059],[29.8639646,-0.3335415],[29.8640437,-0.3334517],[29.8640746,-0.3333913],[29.8641054,-0.3332854],[29.864147,-0.3331419],[29.8641631,-0.3330561],[29.8641604,-0.3330024],[29.8641282,-0.3328978],[29.8641309,-0.3328227],[29.8641497,-0.3327798],[29.8642194,-0.3326806],[29.8642543,-0.3325518],[29.864265,-0.3324016],[29.8642811,-0.3322434],[29.8642999,-0.3320422],[29.8643616,-0.3319349],[29.8644581,-0.3318437],[29.8645949,-0.3317606],[29.8646861,-0.3316721],[29.8647451,-0.3315728],[29.8648068,-0.3314494],[29.8648819,-0.3313824],[29.8649731,-0.3313287],[29.8650938,-0.3312912],[29.8651662,-0.3312376],[29.8652923,-0.3312161],[29.8653513,-0.3311598],[29.8654023,-0.3310605],[29.8654613,-0.3309345],[29.8655257,-0.3307548],[29.8655927,-0.3306367],[29.8656464,-0.3305563],[29.8656812,-0.3304517],[29.8656812,-0.3303632],[29.8656464,-0.3302666],[29.8655659,-0.3302076],[29.8654881,-0.3301191],[29.8654157,-0.3299984],[29.8653755,-0.3298348],[29.8653835,-0.3297007],[29.865472,-0.3294137],[29.8655069,-0.3292983],[29.8655203,-0.3292152],[29.8654559,-0.3291294],[29.8653996,-0.3290838],[29.8653567,-0.329014],[29.865346,-0.3289389],[29.8653781,-0.3287646],[29.8654774,-0.3285447],[29.8656115,-0.3283086],[29.8656759,-0.3282255],[29.8657563,-0.3281128],[29.8658127,-0.3279653],[29.8658556,-0.327732],[29.8658717,-0.3275281],[29.8659199,-0.3272116],[29.8659843,-0.3270185],[29.8660648,-0.3267986],[29.8661667,-0.3265411],[29.866156,-0.3263802],[29.8661238,-0.3261602],[29.8660997,-0.3259483],[29.8661238,-0.3257472],[29.8661104,-0.3256104],[29.866046,-0.3255192],[29.8659548,-0.325377],[29.865818,-0.3251169],[29.8657805,-0.3250176],[29.8657992,-0.3249559],[29.8658529,-0.3248674],[29.8659173,-0.3247601],[29.865928,-0.3246984],[29.8659253,-0.3246448],[29.8659039,-0.3246099],[29.8658207,-0.3245831],[29.8657107,-0.324559],[29.865354,-0.3244919],[29.8652413,-0.3244865],[29.8651475,-0.3244973],[29.8650777,-0.3245241],[29.8649839,-0.3244973],[29.8646539,-0.3243685],[29.8644957,-0.324339],[29.8643294,-0.324339],[29.8642114,-0.3243658],[29.8640665,-0.3243471],[29.8639405,-0.3242961],[29.8637125,-0.3241754],[29.8635891,-0.324103],[29.8635221,-0.3240413],[29.8634255,-0.3239233],[29.863396,-0.323824],[29.8633826,-0.3237114],[29.8633423,-0.3233091],[29.8633102,-0.3231267],[29.8632619,-0.3229818],[29.8632082,-0.322837],[29.8631519,-0.3227217],[29.8630929,-0.3226546],[29.8630151,-0.3226063],[29.8629373,-0.3225849],[29.862822,-0.322542],[29.8626584,-0.3224803],[29.862527,-0.322365],[29.8623177,-0.3221812],[29.8621367,-0.3220927],[29.8620522,-0.3220511],[29.8619248,-0.3220109],[29.8616874,-0.3219962],[29.8616163,-0.3219774],[29.861552,-0.3219385],[29.8614446,-0.321842],[29.8613173,-0.3217936],[29.8612207,-0.3217118],[29.861033,-0.3215898],[29.8608372,-0.3214316],[29.860703,-0.3213779],[29.8604107,-0.3213189],[29.8601934,-0.3212921],[29.8600405,-0.3212116],[29.8599708,-0.3211097],[29.8599413,-0.3209729],[29.8599011,-0.3207476],[29.8598903,-0.3205733],[29.8598394,-0.3204284],[29.8597187,-0.3202487],[29.8596463,-0.3201508],[29.8595953,-0.3200637],[29.859551,-0.3200181],[29.8595189,-0.3200046],[29.8594639,-0.320002],[29.8594263,-0.3200073],[29.8594049,-0.3200194],[29.8593807,-0.3200315],[29.8593271,-0.3200583],[29.8593056,-0.3200637],[29.8592788,-0.3200797],[29.8592453,-0.3200985],[29.8592225,-0.3201052],[29.8591956,-0.3200972],[29.8591809,-0.3200891],[29.8591648,-0.3200623],[29.8591366,-0.3200462],[29.8591138,-0.3200234],[29.8591071,-0.3199953],[29.8591205,-0.3199711],[29.8591447,-0.3199416],[29.8591796,-0.3199188],[29.859205,-0.3198974],[29.8592238,-0.3198933],[29.8592506,-0.3198759],[29.8592627,-0.3198544],[29.859264,-0.3198196],[29.859264,-0.3197914],[29.8592788,-0.3197606],[29.8593485,-0.3197069],[29.8593767,-0.3196747],[29.8593955,-0.3196439],[29.8594069,-0.3195835],[29.8594028,-0.3195641],[29.8593881,-0.3195379],[29.8593539,-0.3195058],[29.8593298,-0.3194783],[29.859307,-0.3194628],[29.8592922,-0.3194568],[29.8592748,-0.3194468],[29.8592667,-0.319432],[29.8592647,-0.3194112],[29.8592667,-0.3193703],[29.8592654,-0.3193334],[29.8592506,-0.3192972],[29.8592372,-0.3192758],[29.8592258,-0.3192697],[29.8592024,-0.319259],[29.8591983,-0.3192362],[29.8592024,-0.3192174],[29.8592117,-0.3192094],[29.8592319,-0.3192027],[29.8592399,-0.3191913],[29.8592426,-0.3191665],[29.8592359,-0.3191396],[29.8592171,-0.3191236],[29.8591997,-0.3191168],[29.8591728,-0.3191061],[29.8591581,-0.3190941],[29.8591501,-0.3190713],[29.8591527,-0.3190552],[29.8591621,-0.319035],[29.8591728,-0.3190149],[29.8591728,-0.3189975],[29.859142,-0.3189506],[29.8591219,-0.3189331],[29.8591004,-0.3189264],[29.8590669,-0.3189197],[29.8590039,-0.3189009],[29.8589744,-0.3188889],[29.8589636,-0.3188875],[29.8589368,-0.3188795],[29.8589261,-0.3188714],[29.8589127,-0.3188527],[29.8589113,-0.3188272],[29.8589288,-0.3188004],[29.8589449,-0.3187802],[29.858965,-0.3187588],[29.8589972,-0.3187279],[29.8590159,-0.3186984],[29.859028,-0.3186729],[29.8590294,-0.318626],[29.8590025,-0.3185402],[29.8589462,-0.3184061],[29.8589234,-0.3183484],[29.8588952,-0.3182988],[29.8588027,-0.3181995],[29.8587705,-0.3181754],[29.8587209,-0.3181674],[29.8586941,-0.3181687],[29.8586632,-0.3181526],[29.8586512,-0.3181258],[29.8586431,-0.3180949],[29.8586297,-0.3180225],[29.8586082,-0.3178965],[29.8585492,-0.3177382],[29.858458,-0.3175746],[29.8584044,-0.3174029],[29.8583829,-0.317234],[29.8583454,-0.317132],[29.8583025,-0.3170891],[29.8582488,-0.3170113],[29.8582005,-0.3169014],[29.8581523,-0.316668],[29.8581094,-0.3165232],[29.8580664,-0.3163676],[29.8580477,-0.3162979],[29.8580557,-0.3158285],[29.8581549,-0.3152411],[29.8582944,-0.3148066],[29.8583642,-0.3144901],[29.8583722,-0.3144284],[29.858399,-0.3143855],[29.8584232,-0.3143506],[29.8585519,-0.3141414],[29.8588765,-0.3134253],[29.8589569,-0.3131973],[29.8590615,-0.3129103],[29.8591782,-0.3127742],[29.859266,-0.3125824],[29.8593586,-0.3124269],[29.859386,-0.3123595],[29.8595256,-0.3120854],[29.8596946,-0.3117998],[29.8598985,-0.3115155],[29.8599333,-0.3114591],[29.8600057,-0.3113679],[29.8601691,-0.3111689],[29.8609579,-0.3101691],[29.8611295,-0.3099841],[29.8612824,-0.3098473],[29.8615962,-0.3094476],[29.8620012,-0.3089702],[29.8624679,-0.3083748],[29.862543,-0.3082809],[29.863624,-0.3069572],[29.8637192,-0.3068218],[29.8637889,-0.3067427],[29.863852,-0.3066622],[29.8639458,-0.3065039],[29.8640022,-0.3064302],[29.8640719,-0.3063739],[29.8643187,-0.3061217],[29.8643911,-0.3060238],[29.8644796,-0.3058857],[29.8646352,-0.3056899],[29.8650375,-0.3052795],[29.8651327,-0.3051427],[29.8651877,-0.3050435],[29.8652333,-0.3049738],[29.8652628,-0.3049496],[29.8653325,-0.3049335],[29.8653862,-0.304904],[29.8654827,-0.3047941],[29.8659267,-0.3042737],[29.8662445,-0.3039036],[29.866451,-0.3036863],[29.8665181,-0.3036139],[29.866569,-0.3035764],[29.8666173,-0.3035629],[29.866671,-0.3035549],[29.8667273,-0.3035281],[29.8667984,-0.3034892],[29.86697,-0.3033269],[29.8671618,-0.3031472],[29.8672557,-0.3030346],[29.8673201,-0.3029447],[29.8673549,-0.3028978],[29.8674998,-0.3027073],[29.8677935,-0.3023949],[29.8680724,-0.3020395],[29.8681261,-0.3019791],[29.8681596,-0.3019469],[29.8682146,-0.3019054],[29.868287,-0.3018343],[29.8684815,-0.3016023],[29.8686853,-0.3013555],[29.8690152,-0.3010363],[29.8693639,-0.3006582],[29.8694926,-0.3004731],[29.8695986,-0.3003403],[29.8696697,-0.3002666],[29.8697461,-0.3001982],[29.8697931,-0.3001512],[29.8698628,-0.3000734],[29.8699003,-0.3000198],[29.8700398,-0.2998843],[29.8700908,-0.2998186],[29.8701592,-0.2997315],[29.8702584,-0.299592],[29.8703255,-0.2994673],[29.8703456,-0.2994337],[29.8703603,-0.299419],[29.8703939,-0.2994109],[29.8704368,-0.2993881],[29.8704703,-0.2993667],[29.8705092,-0.2993198],[29.8705307,-0.2992701],[29.8705427,-0.2992366],[29.8705508,-0.2992178],[29.8705696,-0.2992017],[29.8707868,-0.2989684],[29.8708525,-0.2988826],[29.8709276,-0.2988048],[29.8709719,-0.2987699],[29.8710537,-0.2987029],[29.8710939,-0.2986117],[29.8711047,-0.298558],[29.87111,-0.2985486],[29.8711191,-0.2985402],[29.8711275,-0.2985356],[29.8711395,-0.2985339],[29.8711563,-0.2985376],[29.8711694,-0.2985396],[29.8711881,-0.2985382],[29.8712012,-0.2985356],[29.8712173,-0.2985285],[29.8712532,-0.298491],[29.8712978,-0.2984266],[29.8713461,-0.2983408],[29.8714332,-0.2981892],[29.8714533,-0.298153],[29.8714721,-0.2981342],[29.8715016,-0.2981155],[29.8716116,-0.2980457],[29.8718047,-0.2978969],[29.8718771,-0.2978285],[29.8719227,-0.2977909],[29.8719911,-0.2977346],[29.8720676,-0.2976514],[29.8721105,-0.2975683],[29.8721252,-0.2975509],[29.872144,-0.2975442],[29.8721601,-0.2975442],[29.8721802,-0.2975602],[29.8721869,-0.297579],[29.8722137,-0.2976501],[29.8722111,-0.2976863],[29.8721829,-0.2977547],[29.8721373,-0.2978553],[29.8721212,-0.2978754],[29.8721185,-0.2978888],[29.8721279,-0.2979076],[29.8721467,-0.2979183],[29.8721896,-0.2979344],[29.8722741,-0.2979599],[29.8723117,-0.2979827],[29.8723412,-0.298035],[29.8723586,-0.2980792],[29.8723586,-0.2980994],[29.8723479,-0.2981195],[29.8723371,-0.2981329],[29.872317,-0.2981342],[29.8723023,-0.2981222],[29.8722808,-0.2981181],[29.8722687,-0.2981329],[29.8722647,-0.298157],[29.8722607,-0.2981892],[29.8722553,-0.2982375],[29.8722674,-0.2983555],[29.8722862,-0.2985285],[29.8723009,-0.2986425],[29.8723049,-0.2986666],[29.8723291,-0.2986868],[29.8723546,-0.2986948],[29.8723854,-0.2986961],[29.8724069,-0.2986894],[29.8724377,-0.298672],[29.8724712,-0.2986613],[29.8725048,-0.2986506],[29.8725665,-0.2986345],[29.8726898,-0.2985929],[29.8727676,-0.2985634],[29.8728226,-0.2985419],[29.8728494,-0.2985245],[29.8728789,-0.298495],[29.8728991,-0.2984722],[29.8729312,-0.2984199],[29.8729554,-0.2983957],[29.8729742,-0.2983797],[29.8729916,-0.2983756],[29.873006,-0.298374],[29.8730147,-0.2983723],[29.8730224,-0.2983689],[29.8730305,-0.2983555],[29.8730332,-0.298332],[29.8730318,-0.2983126],[29.8730265,-0.2982871],[29.8730144,-0.2982549],[29.8730127,-0.2982385],[29.8730147,-0.2982174],[29.8730184,-0.2981999],[29.8730358,-0.2981463],[29.8730426,-0.2981312],[29.8730519,-0.2981195],[29.8730664,-0.2981131],[29.8730841,-0.2981101],[29.873112,-0.2981121],[29.8731348,-0.2981165],[29.8731532,-0.2981191],[29.873171,-0.2981195],[29.873179,-0.2981165],[29.8732062,-0.2980967],[29.8732343,-0.2980578],[29.8732531,-0.2980283],[29.8732772,-0.2979881],[29.8732836,-0.2979438],[29.8732893,-0.297925],[29.8733,-0.2978995],[29.8733171,-0.2978757],[29.8733346,-0.2978667],[29.8733466,-0.2978633],[29.8733805,-0.297858],[29.8734073,-0.2978516],[29.8734234,-0.2978446],[29.8734368,-0.2978325],[29.8734556,-0.2978003],[29.873473,-0.2977748],[29.8734811,-0.2977668],[29.8735227,-0.2977346],[29.8735723,-0.297685],[29.8736192,-0.29763],[29.8736407,-0.2975884],[29.8736756,-0.2975401],[29.8737212,-0.2975079],[29.8737533,-0.2974865],[29.8737815,-0.297465],[29.8737956,-0.297455],[29.873807,-0.2974496],[29.8738244,-0.2974409],[29.8738351,-0.2974342],[29.8738539,-0.2974174],[29.8738613,-0.2974087],[29.8738834,-0.297396],[29.8739257,-0.2973866],[29.8739371,-0.2973792],[29.8739384,-0.2973718],[29.8739344,-0.2973665],[29.8739277,-0.2973651],[29.8739082,-0.2973678],[29.8738432,-0.2973772],[29.873807,-0.2973832],[29.8737735,-0.2973805],[29.8737453,-0.2973725],[29.8737252,-0.2973598],[29.8737051,-0.2973363],[29.8736896,-0.2973088],[29.8736903,-0.2972893],[29.8736916,-0.2972786],[29.873699,-0.2972585],[29.8737104,-0.2972417],[29.8737191,-0.297229],[29.8737258,-0.2972136],[29.8737258,-0.2972055],[29.8737212,-0.2971968],[29.8737118,-0.2971935],[29.8737051,-0.2971935],[29.873695,-0.2971988],[29.8736809,-0.2972042],[29.8736628,-0.2972136],[29.8736447,-0.2972203],[29.8736219,-0.2972344],[29.8736145,-0.2972458],[29.8736132,-0.2972625],[29.8736139,-0.2972914],[29.8736085,-0.2973108],[29.8735984,-0.2973296],[29.8735891,-0.2973537],[29.873587,-0.2973752],[29.8735844,-0.297398],[29.8735823,-0.2974241],[29.8735783,-0.2974422],[29.8735709,-0.2974603],[29.8735602,-0.2974677],[29.8735334,-0.2974744],[29.8734932,-0.2974784],[29.8734637,-0.2974851],[29.8734469,-0.2974939],[29.8734419,-0.2975022],[29.8734388,-0.2975073],[29.8734345,-0.297512],[29.8734321,-0.297514],[29.8734264,-0.2975157],[29.8734164,-0.2975143],[29.873408,-0.297516],[29.8734033,-0.2975197],[29.8733983,-0.2975297],[29.8733979,-0.2975374],[29.8733986,-0.2975509],[29.8733959,-0.2975569],[29.8733899,-0.2975609],[29.8733832,-0.2975609],[29.8733637,-0.2975589],[29.8732873,-0.2975529],[29.8732732,-0.2975502],[29.8732625,-0.2975415],[29.8732578,-0.2975281],[29.8732591,-0.2975066],[29.8732558,-0.2974744],[29.8732471,-0.2974543],[29.8732296,-0.2974228],[29.8732142,-0.2973966],[29.8732062,-0.2973758],[29.8732042,-0.2973598],[29.8732068,-0.297345],[29.8731988,-0.2973189],[29.8731867,-0.2973021],[29.8731726,-0.2972927],[29.8731378,-0.2972699],[29.873125,-0.2972598],[29.873115,-0.2972592],[29.8731123,-0.2972612],[29.8731103,-0.2972726],[29.8731116,-0.2972853],[29.8731103,-0.2973075],[29.8731056,-0.2973282],[29.8730935,-0.2973396],[29.8730781,-0.2973443],[29.8730573,-0.2973443],[29.8730379,-0.2973497],[29.8730305,-0.297353],[29.8730198,-0.2973604],[29.8730077,-0.2973624],[29.8729882,-0.297349],[29.8729695,-0.2973356],[29.8729299,-0.2973101],[29.8729051,-0.2972967],[29.8728997,-0.2972826],[29.872895,-0.2972344],[29.8728937,-0.297223],[29.872887,-0.2972142],[29.8728803,-0.2972136],[29.8728742,-0.2972156],[29.8728689,-0.2972236],[29.8728582,-0.2972451],[29.8728481,-0.2972672],[29.8728474,-0.297288],[29.8728501,-0.2973068],[29.8728555,-0.2973229],[29.8728514,-0.2973329],[29.8728434,-0.297343],[29.8728327,-0.2973504],[29.8728206,-0.2973577],[29.8727743,-0.2973738],[29.8727462,-0.2973826],[29.872724,-0.2973933],[29.8726992,-0.2974194],[29.8726778,-0.2974335],[29.872657,-0.2974422],[29.8726161,-0.2974489],[29.8725872,-0.297453],[29.8725772,-0.2974489],[29.8725678,-0.2974315],[29.8725611,-0.2973953],[29.8725718,-0.2973537],[29.872608,-0.2972518],[29.8726322,-0.2971955],[29.8726711,-0.2971391],[29.8728615,-0.2969098],[29.8729232,-0.2968186],[29.8729554,-0.2967569],[29.8729849,-0.2966805],[29.8730365,-0.2965806],[29.8730405,-0.2965598],[29.8730459,-0.2965464],[29.8730546,-0.296543],[29.8730687,-0.2965404],[29.8731009,-0.2965283],[29.8731297,-0.2965176],[29.8731767,-0.2964874],[29.8732209,-0.2964485],[29.8732799,-0.2963935],[29.8733363,-0.296305],[29.8733711,-0.2962487],[29.873414,-0.2962111],[29.873473,-0.2961467],[29.8735079,-0.2961306],[29.8735321,-0.2961011],[29.8735455,-0.2960475],[29.8735723,-0.2960019],[29.8736072,-0.2959536],[29.8736501,-0.2958678],[29.8736715,-0.2958249],[29.8737077,-0.2957981],[29.8737466,-0.2957793],[29.8737949,-0.2957364],[29.8738553,-0.2956787],[29.8739223,-0.2955835],[29.8739907,-0.2953904],[29.8740175,-0.2953555],[29.8740444,-0.2953421],[29.8741436,-0.2953179],[29.8741919,-0.2952938],[29.8742133,-0.295267],[29.8742321,-0.2951946],[29.8742643,-0.2951007],[29.8742992,-0.2950015],[29.8743153,-0.2949451],[29.8743635,-0.2948727],[29.8744306,-0.2947949],[29.874503,-0.2947064],[29.8745567,-0.2946219],[29.8745835,-0.2945508],[29.8746049,-0.2944838],[29.8746318,-0.2944328],[29.8747766,-0.294178],[29.8749523,-0.2938575],[29.8749845,-0.2937663],[29.8750073,-0.2937127],[29.8751079,-0.293545],[29.8752044,-0.2933506],[29.8752969,-0.2931695],[29.8753828,-0.2930099],[29.8754834,-0.2928289],[29.8756309,-0.2925982],[29.8757274,-0.2924065],[29.8758937,-0.2920564],[29.8760493,-0.2917118],[29.876162,-0.2915173],[29.8762625,-0.2913175],[29.8763752,-0.2911043],[29.8766059,-0.2906228],[29.877208,-0.2894118],[29.8774253,-0.2889786],[29.8777217,-0.2883349],[29.8779671,-0.2877837],[29.8780905,-0.2874981],[29.8782045,-0.2872258],[29.8783627,-0.2868222],[29.8785236,-0.2864641],[29.8786497,-0.2862227],[29.8789448,-0.2854449],[29.8794275,-0.2841896],[29.8801839,-0.2820063],[29.8806989,-0.2805767],[29.8814124,-0.2787528],[29.8816055,-0.2782459],[29.8819274,-0.2773796],[29.8820427,-0.2770899],[29.8824048,-0.2762772],[29.8826355,-0.2757086],[29.8828876,-0.2751614],[29.8829976,-0.2747457],[29.8830874,-0.2744801],[29.8832229,-0.2740872],[29.8832551,-0.2739947],[29.883294,-0.273886],[29.8833221,-0.2737935],[29.8833328,-0.2737533],[29.883353,-0.2737117],[29.8833704,-0.2736956],[29.8834093,-0.2736862],[29.8834549,-0.2736849],[29.8835313,-0.2736983],[29.8835528,-0.2737036],[29.8835756,-0.2736983],[29.8835944,-0.2736862],[29.8836574,-0.2735937],[29.8838559,-0.2732007],[29.8839739,-0.2729929],[29.8840933,-0.2728172],[29.8841831,-0.2726616],[29.8842663,-0.2724873],[29.8843226,-0.2723438],[29.8843588,-0.2722553],[29.8843896,-0.2721721],[29.8844098,-0.2721238],[29.8844218,-0.2720943],[29.88445,-0.2720554],[29.8844969,-0.2720112],[29.8845653,-0.2719119],[29.8848724,-0.271338],[29.8850173,-0.2710282],[29.885079,-0.2709088],[29.8851004,-0.2708753],[29.8851272,-0.2708471],[29.8851621,-0.2708257],[29.885197,-0.2708122],[29.8852238,-0.2707908],[29.8852989,-0.2706486],[29.8853217,-0.2706151],[29.8853526,-0.2705829],[29.8854049,-0.2705239],[29.8855229,-0.2703335],[29.8858769,-0.2696549],[29.8861639,-0.2691493],[29.8863249,-0.2688288],[29.8865475,-0.2683125],[29.8866105,-0.2681542],[29.8867553,-0.2678498],[29.8868117,-0.2676902],[29.8870356,-0.2671296],[29.8870598,-0.2670706],[29.887104,-0.2669633],[29.8872019,-0.2667058],[29.8872596,-0.2665838],[29.8873065,-0.2664738],[29.8873548,-0.2663303],[29.8874809,-0.2659655],[29.8876807,-0.2653782],[29.8876941,-0.2653406],[29.8877142,-0.265303],[29.8877639,-0.2652467],[29.8877934,-0.2651891],[29.8878269,-0.2651166],[29.887902,-0.2649047],[29.8879221,-0.2648457],[29.8879436,-0.2647894],[29.8880026,-0.2646969],[29.8880884,-0.2645735],[29.8882306,-0.2643026],[29.8883043,-0.2641215],[29.888429,-0.2638118],[29.8886047,-0.2633477],[29.8887603,-0.2628743],[29.8887952,-0.2627134],[29.888885,-0.262354],[29.88894,-0.2620536],[29.8889641,-0.2618699],[29.8889749,-0.2617384],[29.8890111,-0.2614917],[29.8890513,-0.2612503],[29.8890741,-0.2611202],[29.8891291,-0.2609003],[29.8892458,-0.2605301],[29.8893893,-0.2601224],[29.889485,-0.2598976],[29.8895931,-0.2596195],[29.889691,-0.2593245],[29.8897594,-0.2591086],[29.8898077,-0.258835],[29.8898801,-0.2585292],[29.8899123,-0.2583254],[29.8899633,-0.2580759],[29.8899874,-0.2578372],[29.8900303,-0.2573276],[29.8900169,-0.2568823],[29.8900089,-0.2567321],[29.8899928,-0.2566302],[29.8899713,-0.2564532],[29.8899633,-0.2561394],[29.8899713,-0.2557826],[29.8899928,-0.2555547],[29.8900062,-0.2551604],[29.8900196,-0.254868],[29.8900035,-0.2546239],[29.8899874,-0.2544442],[29.8899338,-0.2539158],[29.8898748,-0.2535242],[29.8898533,-0.2533767],[29.8898238,-0.2531756],[29.8896521,-0.252682],[29.8894912,-0.2522609],[29.8894027,-0.2520437],[29.8893517,-0.2519686],[29.8892176,-0.2517674],[29.8891345,-0.2515663],[29.8890567,-0.2513141],[29.8889628,-0.2509279],[29.8888904,-0.2505202],[29.8888072,-0.2501903],[29.8887482,-0.2499435],[29.8886543,-0.2497477],[29.888598,-0.2496485],[29.8885336,-0.2495707],[29.8884612,-0.249501],[29.8883942,-0.2494259],[29.8883566,-0.2493669],[29.8883244,-0.2492569],[29.8882842,-0.2491469],[29.8882198,-0.249053],[29.8881876,-0.2490021],[29.8881581,-0.2489216],[29.8881501,-0.2488277],[29.8880133,-0.2482538],[29.8878443,-0.2475939],[29.8876378,-0.2466337],[29.8875684,-0.2462527],[29.8874661,-0.2459283],[29.8872086,-0.2451478],[29.8871362,-0.2449278],[29.8871013,-0.2447911],[29.8870504,-0.2445926],[29.8869216,-0.2441715],[29.8867956,-0.2438335],[29.8867634,-0.2437262],[29.8866722,-0.2435787],[29.8866078,-0.2434902],[29.886581,-0.2434366],[29.8865461,-0.2433132],[29.8864925,-0.2431013],[29.8862591,-0.2422671],[29.8861639,-0.2419654],[29.8859775,-0.2413149],[29.8858461,-0.2408026],[29.8856583,-0.2402421],[29.8854893,-0.2397794],[29.8853626,-0.2394785],[29.8853244,-0.2393958],[29.8852667,-0.2392926],[29.8851836,-0.2391826],[29.8850387,-0.2389452],[29.8849314,-0.2387843],[29.8848604,-0.2387012],[29.8848174,-0.238673],[29.8847906,-0.2386623],[29.8847651,-0.2386489],[29.8847222,-0.2386113],[29.8847008,-0.2385939],[29.8846874,-0.238563],[29.884674,-0.2384691],[29.8846686,-0.2383619],[29.8846391,-0.2381754],[29.8845801,-0.2378549],[29.8845345,-0.2375572],[29.884513,-0.2374338],[29.8844352,-0.2370959],[29.8843789,-0.2369403],[29.8843253,-0.2368223],[29.8842622,-0.2366895],[29.8842019,-0.2365889],[29.8841831,-0.2365588],[29.8841744,-0.2365212],[29.8841657,-0.2364756],[29.8841529,-0.2364347],[29.8841301,-0.2363542],[29.8841147,-0.236308],[29.8841047,-0.2362778],[29.8840912,-0.2362396],[29.8840785,-0.2361812],[29.884053,-0.2360552],[29.8839954,-0.2358098],[29.8839578,-0.2356529],[29.8837432,-0.2348402],[29.8834965,-0.2341294],[29.8832899,-0.2334481],[29.8831236,-0.2329948],[29.8830593,-0.2327829],[29.8830324,-0.2327507],[29.8830083,-0.2327051],[29.8830003,-0.2326354],[29.8829895,-0.2325683],[29.8828742,-0.2321285],[29.8828232,-0.231879],[29.8827159,-0.2315196],[29.8825845,-0.2312004],[29.8825201,-0.2310556],[29.882445,-0.2308678],[29.8824021,-0.2307418],[29.8823833,-0.2306559],[29.8822854,-0.2304266],[29.8822144,-0.2302724],[29.8820615,-0.2298727],[29.8820239,-0.2297842],[29.8820025,-0.2295884],[29.8818845,-0.2291325],[29.8816645,-0.2283841],[29.8816538,-0.2283063],[29.8816055,-0.22814],[29.8815116,-0.2278289],[29.8812649,-0.2273113],[29.8811871,-0.2271798],[29.8811361,-0.2270833],[29.8810825,-0.2269545],[29.881053,-0.2268928],[29.8810315,-0.2268097],[29.8810371,-0.2267577],[29.8810798,-0.2265897],[29.8810986,-0.2264637],[29.8810959,-0.2261686],[29.8810583,-0.2249026],[29.8810931,-0.2241392],[29.8810101,-0.2231914],[29.8809725,-0.2226979],[29.8809242,-0.2224458],[29.8808008,-0.2221346],[29.8807365,-0.2219469],[29.8806935,-0.2217752],[29.8807257,-0.2216357],[29.8808116,-0.2215016],[29.8809564,-0.2213729],[29.8810047,-0.2211905],[29.881013,-0.2209521],[29.8810369,-0.2203537],[29.8810422,-0.2197689],[29.8810744,-0.2195812],[29.8811334,-0.2193183],[29.8812032,-0.2184922],[29.8812139,-0.218224],[29.8812193,-0.2181543],[29.8812783,-0.2180684],[29.8813426,-0.217709],[29.8813963,-0.2175266],[29.8814553,-0.2171028],[29.8815358,-0.2167649],[29.8816431,-0.216502],[29.8818952,-0.2159388],[29.8819823,-0.215653],[29.8821151,-0.2151395],[29.8822122,-0.2147439],[29.8822975,-0.2145065],[29.8824423,-0.2142275],[29.8826998,-0.2138252],[29.8830593,-0.2131976],[29.8833597,-0.2127255],[29.8835742,-0.212468],[29.8838961,-0.2120281],[29.8840409,-0.2118887],[29.8842233,-0.2117331],[29.8844272,-0.2116151],[29.8847115,-0.211422],[29.8850334,-0.2112396],[29.8852962,-0.2111216],[29.8857254,-0.2109231],[29.8859346,-0.2107836],[29.8862189,-0.210628],[29.8864496,-0.209126],[29.8866373,-0.2072699],[29.886552,-0.2071944],[29.8864657,-0.206991],[29.8863798,-0.2067389],[29.8863047,-0.2065082],[29.8862082,-0.2062507],[29.8861706,-0.2060683],[29.8861492,-0.2058484],[29.8861545,-0.2056499],[29.8861813,-0.2053334],[29.8861974,-0.2051295],[29.8862028,-0.2048077],[29.8861787,-0.2045502],[29.8861706,-0.2044456],[29.8861465,-0.2042712],[29.8861358,-0.2041425],[29.8861062,-0.2038716],[29.8860902,-0.2036597],[29.8861009,-0.2032145],[29.8861304,-0.203083],[29.8861277,-0.2028765],[29.8860875,-0.2026566],[29.8860607,-0.2024286],[29.8860365,-0.2022167],[29.8860311,-0.2019538],[29.8860097,-0.2017044],[29.8860124,-0.2015569],[29.8860285,-0.2013342],[29.8860311,-0.2010258],[29.8860764,-0.2007189],[29.8860979,-0.2005794],[29.8861277,-0.2004303],[29.8861492,-0.2001407],[29.8861974,-0.1995559],[29.8862672,-0.199218],[29.8863155,-0.1990356],[29.8863262,-0.1988747],[29.8863959,-0.1986118],[29.886412,-0.1984133],[29.8864818,-0.197952],[29.886471,-0.1972332],[29.8864496,-0.196745],[29.8864603,-0.1965948],[29.8864978,-0.1963427],[29.8865515,-0.1961871],[29.886573,-0.1961013],[29.8865837,-0.1959672],[29.886589,-0.1957043],[29.8865676,-0.1950981],[29.8865944,-0.1949426],[29.8865944,-0.1946636],[29.8864818,-0.1944061],[29.8863906,-0.1941111],[29.886353,-0.1939126],[29.8863316,-0.1936176],[29.8863262,-0.1933064],[29.8862565,-0.19277],[29.8862296,-0.192534],[29.8862296,-0.1924267],[29.8862243,-0.1922604],[29.8862136,-0.1919816],[29.8861653,-0.1916168],[29.8861546,-0.1912199],[29.8861117,-0.1909463],[29.885956,-0.190533],[29.8859078,-0.1903346],[29.8858756,-0.19012],[29.8858434,-0.1898571],[29.8858005,-0.1895567],[29.8857307,-0.1892992],[29.8857093,-0.1890149],[29.8856771,-0.1887145],[29.8856986,-0.1885321],[29.8857093,-0.1882371],[29.8857039,-0.1878938],[29.8856664,-0.1876631],[29.8856825,-0.1875343],[29.8857951,-0.1873198],[29.8858273,-0.1871588],[29.8859829,-0.1867994],[29.8860902,-0.1864722],[29.8861921,-0.1861933],[29.8863047,-0.1858821],[29.8863906,-0.1856246],[29.8865354,-0.1853403],[29.8866856,-0.1850721],[29.8869431,-0.1847502],[29.8871577,-0.1845517],[29.8873883,-0.1843264],[29.8875064,-0.1841172],[29.8875546,-0.1839563],[29.8876458,-0.1837471],[29.8877907,-0.1835486],[29.8878711,-0.1834306],[29.8880696,-0.1832589],[29.8882306,-0.1831624],[29.8884076,-0.1830873],[29.8885269,-0.1830663],[29.8887134,-0.1829532],[29.8889065,-0.18276],[29.8890153,-0.1825495],[29.8893571,-0.1818964],[29.8896253,-0.1814297],[29.889738,-0.1811722],[29.8898184,-0.1810327],[29.8900491,-0.1807269],[29.8901832,-0.1805928],[29.890328,-0.1804694],[29.8905963,-0.1800886],[29.8907518,-0.1799169],[29.8909771,-0.1796541],[29.8911703,-0.1794609],[29.8913044,-0.1793322],[29.8920768,-0.178667],[29.8921519,-0.1786026],[29.8924363,-0.1783988],[29.8925704,-0.1782808],[29.8927313,-0.178152],[29.8929244,-0.1780018],[29.8931444,-0.1777282],[29.8932302,-0.1775459],[29.8934126,-0.1773527],[29.8935252,-0.1772347],[29.8936272,-0.1771596],[29.8937613,-0.177165],[29.8939007,-0.1772186],[29.8940992,-0.177393],[29.894287,-0.177621],[29.8945016,-0.1778382],[29.8947242,-0.1780313],[29.8948771,-0.1781145],[29.89503,-0.1781815],[29.895274,-0.1783371],[29.8955101,-0.1785222],[29.8956495,-0.1786241],[29.8959151,-0.1788467],[29.8961055,-0.1789835],[29.8962423,-0.1791176],[29.896304,-0.1792088],[29.8963281,-0.1793295],[29.8964113,-0.1797238],[29.8964649,-0.179992],[29.8964864,-0.1805124],[29.8964488,-0.180904],[29.8964006,-0.1811346],[29.8962718,-0.1816335],[29.8961136,-0.1820412],[29.8960277,-0.1822397],[29.8959017,-0.1826313],[29.8958158,-0.1831275],[29.8957971,-0.183326],[29.8957917,-0.1834789],[29.8957944,-0.1836371],[29.8958046,-0.1837487],[29.8957971,-0.1840287],[29.8958856,-0.1846027],[29.8959124,-0.1847663],[29.8959446,-0.1849273],[29.8960197,-0.1851526],[29.8961404,-0.1853403],[29.8961887,-0.1853779],[29.8962611,-0.1854557],[29.8963898,-0.1855951],[29.8965052,-0.18574],[29.8966017,-0.1857829],[29.8966929,-0.1858017],[29.8969585,-0.1858258],[29.8974091,-0.1858446],[29.8976585,-0.1858338],[29.8977262,-0.1858086],[29.8979314,-0.1856905],[29.8981154,-0.1855915],[29.8982406,-0.1854987],[29.8983277,-0.1854288],[29.8983908,-0.1853698],[29.8984498,-0.1853296],[29.8985061,-0.1853014],[29.8985772,-0.1852545],[29.8986121,-0.1852049],[29.8986523,-0.1851606],[29.8986965,-0.1850654],[29.8987515,-0.1849809],[29.8987985,-0.1849273],[29.8988467,-0.184887],[29.8989406,-0.1848066],[29.8990291,-0.1847355],[29.8991431,-0.1846094],[29.8991847,-0.184545],[29.8992008,-0.1845048],[29.8992236,-0.1844552],[29.8992679,-0.1844083],[29.8993309,-0.1843425],[29.8994128,-0.1842167],[29.8994865,-0.1841306],[29.8995441,-0.184069],[29.8995964,-0.1840167],[29.8996125,-0.183967],[29.8996112,-0.1839308],[29.8996098,-0.1839147],[29.8996139,-0.1838933],[29.8996219,-0.1838812],[29.8996447,-0.1838745],[29.8996823,-0.1838571],[29.8997386,-0.183786],[29.8997802,-0.1837122],[29.8998365,-0.1835982],[29.8998579,-0.1835446],[29.8998928,-0.1834775],[29.899925,-0.1833917],[29.8999853,-0.1832925],[29.9000108,-0.1832254],[29.900043,-0.1831262],[29.9000671,-0.1830698],[29.9000953,-0.1830149],[29.9001449,-0.1829451],[29.9001999,-0.1828284],[29.9002375,-0.1827265],[29.9002402,-0.1826528],[29.9002697,-0.1825629],[29.9003179,-0.1824784],[29.9003461,-0.1824127],[29.9003649,-0.1823644],[29.9003997,-0.1822732],[29.9004333,-0.182182],[29.9004802,-0.1821002],[29.9005097,-0.1819943],[29.9005258,-0.1819098],[29.9005446,-0.1818548],[29.9005741,-0.1818173],[29.9006116,-0.1817609],[29.9006318,-0.1817167],[29.9006291,-0.1816617],[29.9006438,-0.1815987],[29.9006586,-0.1815303],[29.9006747,-0.1814404],[29.9007176,-0.1812956],[29.9007377,-0.1811883],[29.9007189,-0.1811105],[29.9007216,-0.1810555],[29.9007337,-0.1809831],[29.9008155,-0.180735],[29.9008906,-0.1805647],[29.9010019,-0.1803635],[29.9010395,-0.1802629],[29.901085,-0.1801462],[29.9012272,-0.1798847],[29.9012607,-0.1798096],[29.9012728,-0.1797506],[29.9012768,-0.17965],[29.9012782,-0.1796058],[29.9013077,-0.1795347],[29.9013774,-0.1793161],[29.9013881,-0.1791431],[29.9013908,-0.1790734],[29.9013989,-0.1790372],[29.9014096,-0.1790103],[29.9014445,-0.1789554],[29.9014994,-0.1788843],[29.9015705,-0.1787703],[29.9016161,-0.1786804],[29.9016953,-0.1784484],[29.9017449,-0.1783224],[29.9017422,-0.1782821],[29.9017355,-0.1782258],[29.9017408,-0.1781762],[29.9017502,-0.1781306],[29.9017569,-0.1780903],[29.9017771,-0.1780421],[29.9017891,-0.1780126],[29.90182,-0.1779804],[29.9018307,-0.1779442],[29.901824,-0.1779053],[29.9018066,-0.1778758],[29.9018025,-0.1778342],[29.9018119,-0.177806],[29.9018307,-0.1777806],[29.9018548,-0.1777457],[29.9018817,-0.177692],[29.9018924,-0.1776317],[29.9018991,-0.1775566],[29.9019125,-0.1774413],[29.9019232,-0.177397],[29.9019487,-0.1773313],[29.9019688,-0.1772522],[29.9019702,-0.1772092],[29.9019809,-0.1771596],[29.9020131,-0.1770376],[29.9020426,-0.1769638],[29.902052,-0.1769115],[29.9020667,-0.1768498],[29.9020801,-0.1767962],[29.902115,-0.1767104],[29.9022103,-0.1764981],[29.9022505,-0.1764126],[29.9023497,-0.1761632],[29.9024018,-0.1759938],[29.9023926,-0.1759151],[29.9023806,-0.1758333],[29.9023832,-0.1757582],[29.9024771,-0.1755288],[29.9025267,-0.1753371],[29.9025589,-0.1752271],[29.9026032,-0.175148],[29.9027306,-0.174979],[29.9027695,-0.1749254],[29.902799,-0.1748744],[29.9028218,-0.1747751],[29.9028419,-0.1746732],[29.9028607,-0.1745861],[29.9028821,-0.1745297],[29.902968,-0.174397],[29.9030793,-0.1742159],[29.9032255,-0.1739061],[29.9034145,-0.1735547],[29.9035044,-0.1733455],[29.9035621,-0.173198],[29.9036908,-0.172911],[29.9037512,-0.1727823],[29.9039108,-0.1724698],[29.904014,-0.1722619],[29.9041495,-0.1719642],[29.9041991,-0.1718676],[29.9042822,-0.1717215],[29.9043198,-0.171633],[29.9043587,-0.1715297],[29.9044096,-0.1713808],[29.9044915,-0.1711891],[29.9045545,-0.1710496],[29.9046805,-0.1707827],[29.904706,-0.1706875],[29.9047181,-0.1705882],[29.9047275,-0.1705118],[29.9047557,-0.1704219],[29.904824,-0.170265],[29.9048764,-0.1701457],[29.9049461,-0.1700344],[29.9050453,-0.1698265],[29.9051204,-0.1696803],[29.9051902,-0.1695489],[29.9052465,-0.1694604],[29.9053189,-0.1693866],[29.9053967,-0.1693169],[29.9054477,-0.1692565],[29.9055026,-0.1691559],[29.9055456,-0.1690822],[29.9056153,-0.1689078],[29.9057065,-0.1686933],[29.9057762,-0.1685525],[29.9058017,-0.1684411],[29.9058259,-0.1683553],[29.9058661,-0.1682494],[29.905901,-0.1681407],[29.905968,-0.1679597],[29.9060324,-0.167839],[29.9061263,-0.1676901],[29.9061839,-0.1676056],[29.9063556,-0.1673763],[29.9064481,-0.1672556],[29.9064656,-0.1672234],[29.9064749,-0.1671644],[29.9064951,-0.1671],[29.9065313,-0.1669968],[29.9065661,-0.1668949],[29.9066399,-0.1667661],[29.9066842,-0.1666763],[29.9067552,-0.1665649],[29.9068049,-0.1665086],[29.906837,-0.166455],[29.9068558,-0.166396],[29.9068706,-0.1663329],[29.9068961,-0.1662766],[29.9069282,-0.1662243],[29.9070168,-0.1661184],[29.9071147,-0.1659547],[29.9072595,-0.165763],[29.9073185,-0.1656329],[29.9073574,-0.1655457],[29.9074057,-0.1654693],[29.9074982,-0.1653606],[29.9076927,-0.1652078],[29.9078,-0.1650884],[29.9079072,-0.1649851],[29.907981,-0.1649087],[29.9080588,-0.1648376],[29.9081191,-0.1648041],[29.9082358,-0.1647652],[29.9083726,-0.1647075],[29.9085174,-0.1646472],[29.9086288,-0.1645721],[29.9086945,-0.1645104],[29.9087709,-0.1644152],[29.9088514,-0.1642985],[29.9089386,-0.1641939],[29.9089707,-0.1641389],[29.9090029,-0.1640732],[29.9090807,-0.1639659],[29.909125,-0.1638801],[29.9091947,-0.1637862],[29.9092309,-0.1637339],[29.9092443,-0.1636869],[29.9092658,-0.1636333],[29.9092939,-0.1635917],[29.9094374,-0.163404],[29.9095099,-0.1633088],[29.9095434,-0.1632699],[29.9095863,-0.163239],[29.9096413,-0.1631948],[29.9096882,-0.1631264],[29.9097231,-0.1630808],[29.9097687,-0.1630405],[29.9098237,-0.1630057],[29.9099162,-0.1629762],[29.9100088,-0.1629252],[29.910112,-0.1628501],[29.9101885,-0.1627442],[29.9102542,-0.1626382],[29.9103065,-0.1625202],[29.9103521,-0.162429],[29.9103963,-0.1623579],[29.9104352,-0.1623137],[29.9105009,-0.1622439],[29.9105331,-0.162193],[29.9105747,-0.1621112],[29.9105988,-0.1620347],[29.9106324,-0.1619435],[29.910678,-0.1618644],[29.9107531,-0.1617826],[29.9108228,-0.1617008],[29.9108818,-0.1616163],[29.9109435,-0.161513],[29.9110253,-0.1613735],[29.9110883,-0.1612716],[29.9111219,-0.1612126],[29.9111675,-0.1611509],[29.911197,-0.1610933],[29.9112117,-0.1610249],[29.911209,-0.1608894],[29.9111889,-0.1607191],[29.9111742,-0.1606239],[29.9111702,-0.1605434],[29.9111876,-0.160467],[29.9112225,-0.1603865],[29.9112493,-0.1603141],[29.911264,-0.1602645],[29.9112868,-0.1602202],[29.911323,-0.1601813],[29.9113807,-0.1601438],[29.9114397,-0.1601277],[29.911492,-0.1601236],[29.9115926,-0.1601478],[29.9116449,-0.1601679],[29.9116999,-0.1601813],[29.9117562,-0.1601813],[29.9118005,-0.1601706],[29.9118595,-0.1601223],[29.9119346,-0.1600351],[29.9120539,-0.1599198],[29.9121626,-0.1598018],[29.912235,-0.1596529],[29.9122994,-0.1594786],[29.9123195,-0.159327],[29.9123302,-0.1592667],[29.9123543,-0.159209],[29.9124107,-0.1590749],[29.9124831,-0.1589287],[29.9125502,-0.1587624],[29.912585,-0.1586337],[29.9126427,-0.1584728],[29.9126963,-0.158285],[29.9127044,-0.1581254],[29.9127164,-0.1580503],[29.9127352,-0.1579806],[29.9127594,-0.1578907],[29.9127607,-0.157829],[29.9127781,-0.1576949],[29.9127983,-0.1575782],[29.9128063,-0.157471],[29.9128184,-0.15742],[29.9128492,-0.1573154],[29.9128626,-0.1572416],[29.9128827,-0.1571545],[29.9128868,-0.1570633],[29.912864,-0.1569265],[29.9128304,-0.1567535],[29.9127996,-0.1566019],[29.9127889,-0.1564249],[29.9127714,-0.1563485],[29.9127567,-0.1562465],[29.912746,-0.1561392],[29.91275,-0.1560092],[29.912754,-0.1558885],[29.9127339,-0.1557919],[29.9127138,-0.1557047],[29.9127044,-0.1556377],[29.912699,-0.1554553],[29.9126963,-0.1553104],[29.9126936,-0.1551804],[29.912703,-0.1550597],[29.9126936,-0.1549349],[29.9126789,-0.1547767],[29.9126682,-0.1546184],[29.9126534,-0.1545433],[29.9126427,-0.154479],[29.9126507,-0.1544253],[29.9126655,-0.1543542],[29.9126722,-0.1542845],[29.912703,-0.1540699],[29.9127352,-0.1538607],[29.9127513,-0.1538097],[29.9127741,-0.1537467],[29.9127875,-0.153681],[29.9127969,-0.153504],[29.9128063,-0.1533739],[29.9128532,-0.1530842],[29.9129337,-0.1526175],[29.9130249,-0.1521293],[29.9131697,-0.151609],[29.9132448,-0.1513408],[29.913269,-0.1512268],[29.9132797,-0.1511691],[29.9132891,-0.1511074],[29.9132945,-0.1510739],[29.9133092,-0.1510256],[29.9133293,-0.1509586],[29.9133521,-0.1508526],[29.9133588,-0.1507923],[29.9133602,-0.1507467],[29.9133682,-0.1507078],[29.9133897,-0.1506541],[29.9134353,-0.1505066],[29.9134447,-0.150457],[29.9134581,-0.1503953],[29.9134634,-0.1503323],[29.9134675,-0.1502491],[29.9134728,-0.1501955],[29.9134862,-0.150119],[29.9135157,-0.1499568],[29.9135318,-0.1498522],[29.9135332,-0.1497717],[29.9135546,-0.1494995],[29.9135573,-0.1493399],[29.913556,-0.1492916],[29.913552,-0.1492366],[29.9135493,-0.1491762],[29.9135345,-0.1489657],[29.9135238,-0.1488866],[29.9135171,-0.1488302],[29.9135211,-0.1487525],[29.9135144,-0.148613],[29.9135037,-0.1485044],[29.9134903,-0.1484011],[29.9134809,-0.1482898],[29.9134648,-0.1481677],[29.9134608,-0.1481262],[29.91345,-0.1480967],[29.9134353,-0.1480712],[29.9134313,-0.148035],[29.9134313,-0.1479961],[29.9134299,-0.1479344],[29.9134192,-0.14787],[29.9133924,-0.1477802],[29.9133749,-0.1477399],[29.9133562,-0.1476849],[29.913328,-0.1476152],[29.9133199,-0.1475884],[29.9133079,-0.1475227],[29.9132918,-0.147402],[29.9132837,-0.1473443],[29.9132717,-0.1472853],[29.9132609,-0.1472196],[29.9132381,-0.1471673],[29.913218,-0.1471338],[29.9132073,-0.1471002],[29.9132046,-0.1470734],[29.9131912,-0.1470077],[29.9131697,-0.1468964],[29.9131322,-0.1467341],[29.9131215,-0.1466644],[29.9131107,-0.1466147],[29.913096,-0.1465624],[29.9130705,-0.1465075],[29.9130289,-0.1464055],[29.9129874,-0.1463117],[29.9129632,-0.1462634],[29.9129418,-0.1462325],[29.912927,-0.1462084],[29.9128814,-0.1461051],[29.912864,-0.1460636],[29.9128345,-0.1459965],[29.9127728,-0.145802],[29.9127379,-0.1457444],[29.9127164,-0.1457001],[29.912695,-0.1456559],[29.9126876,-0.1456264],[29.9126836,-0.1456022],[29.9126702,-0.1455653],[29.9126534,-0.1455311],[29.9126373,-0.1455063],[29.9126206,-0.1454802],[29.9126078,-0.1454587],[29.9125991,-0.1454285],[29.9125984,-0.1454118],[29.9125904,-0.1453595],[29.912587,-0.1453273],[29.9125729,-0.1452757],[29.9125401,-0.1452126],[29.9125146,-0.145169],[29.9124945,-0.1451456],[29.912471,-0.1451074],[29.9124482,-0.1450812],[29.9124281,-0.1450618],[29.9124174,-0.1450483],[29.9123919,-0.1450215],[29.9123745,-0.1450034],[29.9123678,-0.1449907],[29.9123617,-0.1449732],[29.9123584,-0.1449545],[29.912353,-0.1449116],[29.9123503,-0.1448767],[29.9123396,-0.1448512],[29.9123202,-0.1448076],[29.9122967,-0.1447727],[29.9122605,-0.1446943],[29.9122323,-0.1446614],[29.9121874,-0.1446152],[29.9121552,-0.1445883],[29.9120928,-0.1445515],[29.912056,-0.144536],[29.9120057,-0.1445126],[29.9119627,-0.1445012],[29.9119239,-0.1444938],[29.9118803,-0.1444884],[29.9118467,-0.1444797],[29.9118152,-0.1444623],[29.9117897,-0.1444482],[29.9117643,-0.1444288],[29.9117549,-0.1444113],[29.9117468,-0.1443925],[29.9117421,-0.1443697],[29.9117435,-0.1443396],[29.9117475,-0.1443174],[29.9117455,-0.1443],[29.9117388,-0.14429],[29.9117254,-0.1442826],[29.9117012,-0.1442692],[29.91161,-0.1442014],[29.9115551,-0.1441713],[29.9115276,-0.1441612],[29.9114893,-0.1441438],[29.9114572,-0.144129],[29.911439,-0.1441169],[29.9114236,-0.1441022],[29.9114149,-0.1440901],[29.9113995,-0.1440807],[29.9113881,-0.1440767],[29.9113713,-0.1440747],[29.9113559,-0.1440754],[29.9113398,-0.1440807],[29.9113277,-0.1440888],[29.9113183,-0.1440942],[29.9113023,-0.1440988],[29.9112801,-0.1440948],[29.9112707,-0.1440868],[29.9112674,-0.1440807],[29.9112647,-0.1440734],[29.9112647,-0.144064],[29.9112546,-0.1440512],[29.9112251,-0.1440385],[29.911197,-0.1440331],[29.9111581,-0.1440318],[29.9111474,-0.1440258],[29.9111393,-0.1440164],[29.9111266,-0.1440083],[29.9111118,-0.1440076],[29.9110997,-0.1440144],[29.9110964,-0.1440298],[29.9110937,-0.1440439],[29.9110897,-0.1440559],[29.9110769,-0.1440687],[29.9110615,-0.1440747],[29.9110394,-0.1440754],[29.911022,-0.1440707],[29.9109958,-0.1440646],[29.9106552,-0.1439621],[29.9106203,-0.1439379],[29.9103051,-0.1437153],[29.9099806,-0.1435329],[29.9098009,-0.1434444],[29.9095917,-0.1433639],[29.909369,-0.1432942],[29.9091947,-0.1432285],[29.9091518,-0.143211],[29.9090981,-0.1431976],[29.9089667,-0.1431923],[29.9088782,-0.1431963],[29.908842,-0.143203],[29.908791,-0.143211],[29.9087186,-0.1432285],[29.9086663,-0.143262],[29.9085832,-0.1433089],[29.9085282,-0.1433425],[29.9084719,-0.1433894],[29.9084397,-0.1434135],[29.9083807,-0.1434417],[29.9083243,-0.1434524],[29.9082948,-0.1434632],[29.9082157,-0.1435061],[29.9081728,-0.1435356],[29.9081191,-0.1435651],[29.9080279,-0.1436402],[29.9079689,-0.1436885],[29.9078938,-0.1437394],[29.9077544,-0.1438279],[29.9076363,-0.1438896],[29.9073815,-0.1439835],[29.9071884,-0.1440532],[29.906947,-0.1441686],[29.9067163,-0.1442946],[29.9064749,-0.1444824],[29.9063113,-0.1446514],[29.9062228,-0.1447748],[29.9061692,-0.1448552],[29.9060968,-0.1450296],[29.9060619,-0.1450832],[29.9059519,-0.1452066],[29.9058419,-0.1453192],[29.9057829,-0.1454158],[29.9057266,-0.1454882],[29.9054155,-0.1458289],[29.9052653,-0.1459978],[29.9051017,-0.1461561],[29.9049783,-0.146258],[29.9049166,-0.1463573],[29.9048629,-0.1464055],[29.9048227,-0.1464377],[29.9047315,-0.1465316],[29.9046564,-0.1466013],[29.9046162,-0.1466577],[29.9045867,-0.1467408],[29.9045813,-0.1468374],[29.9045733,-0.1469044],[29.9045089,-0.1470144],[29.904466,-0.1470707],[29.9044096,-0.1471539],[29.9043426,-0.1472853],[29.9042782,-0.1474301],[29.9042482,-0.1475255],[29.9042031,-0.1476608],[29.9040878,-0.1479076],[29.9040046,-0.1480551],[29.9039081,-0.1481865],[29.9038383,-0.1482804],[29.9037793,-0.1483179],[29.9037176,-0.148326],[29.9036935,-0.1482884],[29.903672,-0.1482402],[29.9036613,-0.148149],[29.9036586,-0.1480605],[29.9036318,-0.1479558],[29.9035943,-0.1478834],[29.9035782,-0.1477654],[29.9035674,-0.1476098],[29.9035674,-0.1475267],[29.9035755,-0.1474033],[29.9035701,-0.1473255],[29.9035594,-0.1472746],[29.9035728,-0.1470788],[29.9035621,-0.1469554],[29.9035433,-0.1469017],[29.9035165,-0.1468535],[29.9033931,-0.1467194],[29.9031195,-0.146435],[29.9029157,-0.14625],[29.9028593,-0.1461829],[29.9028352,-0.1461132],[29.902752,-0.1459898],[29.9026072,-0.1458691],[29.9025227,-0.1457819],[29.9024637,-0.1457404],[29.9024114,-0.1457256],[29.9023899,-0.1457055],[29.9023645,-0.1456505],[29.9023376,-0.1456049],[29.9022947,-0.1455499],[29.9022478,-0.1455124],[29.9021968,-0.1454855],[29.9021499,-0.1454762],[29.9020895,-0.1454735],[29.9020493,-0.1454721],[29.9020278,-0.1454654],[29.9020185,-0.145448],[29.9020077,-0.145397],[29.901993,-0.1453206],[29.9019796,-0.1452938],[29.901942,-0.1452683],[29.9018991,-0.1452307],[29.9017771,-0.1450725],[29.9016899,-0.1449478],[29.9016121,-0.1448499],[29.9015115,-0.1447265],[29.9014659,-0.1446634],[29.9014404,-0.1446138],[29.9013694,-0.1445186],[29.9012782,-0.1443872],[29.9012339,-0.1443349],[29.9011481,-0.1442692],[29.9010904,-0.1442276],[29.901073,-0.1442195],[29.9010582,-0.1442008],[29.9010408,-0.1441686],[29.9010287,-0.1441431],[29.9009965,-0.144123],[29.9008718,-0.1440532],[29.9008343,-0.1440358],[29.9008182,-0.1440157],[29.9007981,-0.1439822],[29.9007659,-0.1439553],[29.9006747,-0.1439312],[29.9006237,-0.1439245],[29.9006116,-0.1439171],[29.9005982,-0.1439071],[29.9005687,-0.143895],[29.9005459,-0.1438829],[29.9005178,-0.1438789],[29.9004601,-0.1438843],[29.9004239,-0.143887],[29.900379,-0.1438796],[29.9003099,-0.1438655],[29.9002489,-0.1438467],[29.9001657,-0.1438159],[29.9001201,-0.1438072],[29.9000692,-0.1437964],[29.9000162,-0.1437924],[29.8999853,-0.1437964],[29.8999639,-0.1437971],[29.8999404,-0.1437904],[29.8999203,-0.1437837],[29.8999015,-0.1437837],[29.8998734,-0.1437937],[29.8998459,-0.1438085],[29.8997929,-0.1438346],[29.8997755,-0.1438481],[29.899754,-0.1438675],[29.8997426,-0.1438876],[29.8997091,-0.1439634],[29.8996729,-0.144019],[29.8996534,-0.1440358],[29.899636,-0.1440432],[29.8996092,-0.1440499],[29.8995803,-0.1440492],[29.8995676,-0.1440553],[29.8995528,-0.14407],[29.8994938,-0.1442028],[29.8994764,-0.1442484],[29.899471,-0.1442698],[29.8994549,-0.144302],[29.8994254,-0.1443376],[29.8992819,-0.14452],[29.8991304,-0.1446909],[29.8989594,-0.1449102],[29.8988843,-0.1450068],[29.8988307,-0.1450644],[29.8988025,-0.145098],[29.8987448,-0.1451261],[29.8986737,-0.1451261],[29.8985115,-0.1451248],[29.8983827,-0.1451167],[29.898262,-0.1451234],[29.8981976,-0.1451355],[29.8981534,-0.1451489],[29.8981145,-0.145165],[29.8980877,-0.1451878],[29.898022,-0.1452804],[29.8980005,-0.14533],[29.8979804,-0.1453796],[29.8979174,-0.145499],[29.897849,-0.1455928],[29.897743,-0.1456787],[29.8976411,-0.1457591],[29.8973863,-0.1459388],[29.8971811,-0.1460676],[29.8970725,-0.1461159],[29.8969987,-0.1461387],[29.8968472,-0.146148],[29.8966312,-0.1461252],[29.8963845,-0.1460823],[29.8962571,-0.1460408],[29.8960894,-0.1459657],[29.8959969,-0.145912],[29.8959513,-0.1458637],[29.8958789,-0.1458061],[29.8958091,-0.1457631],[29.8957488,-0.1457041],[29.8956938,-0.1456197],[29.8955919,-0.1454855],[29.8955409,-0.1454225],[29.8954765,-0.1453233],[29.8954484,-0.1452522],[29.895431,-0.1451932],[29.8954283,-0.1451422],[29.8954269,-0.145039],[29.8954256,-0.1449585],[29.8954202,-0.1449223],[29.8953827,-0.1448539],[29.8953357,-0.1447868],[29.8952875,-0.1446514],[29.8952298,-0.1445307],[29.8951909,-0.1444395],[29.8951641,-0.144414],[29.895148,-0.1443939],[29.8951466,-0.1443697],[29.8951507,-0.1443402],[29.8951507,-0.1443228],[29.8951466,-0.144296],[29.8951292,-0.1442705],[29.8950863,-0.1442504],[29.8949642,-0.1442008],[29.8948851,-0.1441713],[29.8948328,-0.1441713],[29.8947926,-0.1441954],[29.8947631,-0.1442423],[29.8947282,-0.1442598],[29.8946585,-0.1442544],[29.8946156,-0.144233],[29.8945847,-0.1442061],[29.8945445,-0.1441874],[29.8944989,-0.144178],[29.8943621,-0.1442008],[29.8940697,-0.1442034],[29.8938324,-0.1442155],[29.8935977,-0.144233],[29.8933938,-0.1442665],[29.8929915,-0.1443644],[29.8928855,-0.1443858],[29.8928426,-0.1444033],[29.8928037,-0.1444368],[29.8927313,-0.1444797],[29.8925154,-0.1446192],[29.8923706,-0.1446903],[29.8923317,-0.1447064],[29.8923075,-0.1447278],[29.8922713,-0.1447935],[29.8922297,-0.1448284],[29.8921345,-0.1448914],[29.8917536,-0.1451033],[29.8916088,-0.1451771],[29.8915364,-0.1452173],[29.8914251,-0.1452508],[29.8912226,-0.1453233],[29.8910522,-0.1453783],[29.8909356,-0.1454239],[29.8908028,-0.1454386],[29.8906338,-0.1454815],[29.8904273,-0.1455378],[29.8902825,-0.1455982],[29.8901752,-0.1456639],[29.8900424,-0.1457739],[29.8899177,-0.1458758],[29.8898506,-0.1459268],[29.8898037,-0.1459952],[29.8897044,-0.1461708],[29.889565,-0.146364],[29.8895086,-0.1464417],[29.8894215,-0.1465544],[29.889341,-0.1466456],[29.8892538,-0.1468494],[29.8891452,-0.1470533],[29.8890004,-0.1473886],[29.8889521,-0.1474905],[29.8889011,-0.147575],[29.8887321,-0.1477171],[29.8886517,-0.1477976],[29.8885417,-0.1479371],[29.8884478,-0.1480068],[29.8883244,-0.1480712],[29.8881528,-0.1481248],[29.8879167,-0.1481892],[29.887839,-0.1481892],[29.8877853,-0.1481919],[29.8876512,-0.1482267],[29.8874903,-0.1482616],[29.8873267,-0.1482723],[29.8871979,-0.1482348],[29.8869833,-0.1481275],[29.8868197,-0.1480444],[29.8866561,-0.1479505],[29.8865139,-0.1478834],[29.8864201,-0.1478593],[29.886286,-0.1478378],[29.8861974,-0.1478083],[29.8861009,-0.1477252],[29.8859158,-0.1475884],[29.885661,-0.1474704],[29.8852077,-0.1472933],[29.884918,-0.1471136],[29.8847759,-0.1470519],[29.8846203,-0.147001],[29.8845372,-0.1469795],[29.8845036,-0.1469755],[29.8844795,-0.1469822],[29.8844647,-0.1469916],[29.8844554,-0.147009],[29.8844513,-0.1470291],[29.8844413,-0.1470382],[29.8844322,-0.1470389],[29.8844245,-0.1470375],[29.8844165,-0.1470345],[29.8843937,-0.1470157],[29.8843521,-0.1470077],[29.8843226,-0.1470117],[29.8842153,-0.1470238],[29.8840946,-0.1470452],[29.8840463,-0.1470734],[29.8839846,-0.1471136],[29.8838867,-0.1472223],[29.8835262,-0.1475363],[29.8835179,-0.1475475],[29.8834133,-0.1476796],[29.8831853,-0.1479076],[29.8831022,-0.1479961],[29.8830284,-0.1480792],[29.8828702,-0.148271],[29.8827253,-0.1484614],[29.8825966,-0.1485607],[29.8824491,-0.1486197],[29.8823391,-0.1486479],[29.8822626,-0.1486479],[29.8821849,-0.148617],[29.8820736,-0.1485352],[29.8820588,-0.1485218],[29.8820239,-0.148499],[29.8819408,-0.1484011],[29.8818254,-0.1483153],[29.8817584,-0.1482402],[29.8817101,-0.1481852],[29.8816323,-0.1480993],[29.8815492,-0.1480149],[29.8814607,-0.1479277],[29.8814446,-0.1478928],[29.8814419,-0.1478673],[29.8814419,-0.1478553],[29.8814526,-0.1478338],[29.8814593,-0.147811],[29.8814607,-0.1477922],[29.8814526,-0.1477654],[29.8814271,-0.1477305],[29.8813842,-0.1476984],[29.8813118,-0.1476514],[29.8812903,-0.1476393],[29.8812608,-0.1476367],[29.8812407,-0.1476273],[29.8812193,-0.1476005],[29.8811442,-0.147465],[29.8810972,-0.1474033],[29.8810932,-0.1473765],[29.8810972,-0.147355],[29.8810972,-0.1473282],[29.8810852,-0.1472732],[29.8810624,-0.1472129],[29.8809738,-0.1470774],[29.8809631,-0.1470573],[29.8809484,-0.147005],[29.8809095,-0.1469326],[29.8808813,-0.1468682],[29.8808746,-0.1468437],[29.8808666,-0.1468276],[29.8808592,-0.1468173],[29.8808518,-0.1468139],[29.8808384,-0.1468119],[29.880821,-0.1468102],[29.8808022,-0.1467978],[29.880597,-0.1464873],[29.8804173,-0.1462164],[29.8803449,-0.1461011],[29.8802845,-0.1460113],[29.8802175,-0.1458919],[29.880192,-0.1458222],[29.8801517,-0.1457618],[29.8801088,-0.1457336],[29.8800324,-0.1456746],[29.8799855,-0.1456492],[29.87996,-0.1456183],[29.8799117,-0.1455378],[29.8797601,-0.1453903],[29.8797387,-0.1453715],[29.8797239,-0.145338],[29.8797199,-0.1453032],[29.8797105,-0.1452669],[29.8796891,-0.1452441],[29.8796555,-0.1452227],[29.8796301,-0.1452254],[29.8796086,-0.1452334],[29.8795778,-0.1452388],[29.8795281,-0.1452415],[29.8794731,-0.1452294],[29.8793779,-0.1451744],[29.8792157,-0.1450671],[29.8791727,-0.1450349],[29.879158,-0.1450135],[29.879158,-0.1449934],[29.8791593,-0.1449773],[29.8791593,-0.1449478],[29.8791553,-0.144929],[29.8791432,-0.1449116],[29.8791271,-0.1449089],[29.8791111,-0.1449156],[29.8790815,-0.1449437],[29.8790534,-0.1449464],[29.8789944,-0.1449317],[29.8788536,-0.14487],[29.8785934,-0.1447037],[29.8785304,-0.1446675],[29.8784512,-0.1446085],[29.878419,-0.1445897],[29.8783869,-0.1445816],[29.8782313,-0.1445173],[29.878128,-0.1444757],[29.8780516,-0.1444247],[29.8780248,-0.1444046],[29.8780181,-0.1443845],[29.8780073,-0.1443657],[29.8779778,-0.1443443],[29.8777512,-0.1442008],[29.8774011,-0.1439621],[29.8771276,-0.1437864],[29.8770873,-0.1437488],[29.8770431,-0.1436885],[29.8769814,-0.1436134],[29.8769452,-0.1435865],[29.8768996,-0.1435611],[29.8768634,-0.1435463],[29.8768271,-0.1435329],[29.8767936,-0.1435316],[29.8767588,-0.143545],[29.8766837,-0.1435342],[29.876579,-0.1435034],[29.8765455,-0.1434846],[29.8764972,-0.1434685],[29.8764436,-0.1434645],[29.8763229,-0.1434672],[29.8763055,-0.1434752],[29.8762786,-0.1435007],[29.8762317,-0.1435289],[29.8761874,-0.1435275],[29.8760989,-0.1435047],[29.8760265,-0.1434766],[29.8759755,-0.1434471],[29.875942,-0.1434256],[29.8759004,-0.1434149],[29.8758468,-0.1434162],[29.8758066,-0.1434055],[29.8757462,-0.1433666],[29.8757114,-0.1433411],[29.8756738,-0.143325],[29.8756255,-0.1433009],[29.8755585,-0.1432513],[29.8755196,-0.143199],[29.8755048,-0.1431507],[29.875478,-0.1430756],[29.8754472,-0.1430286],[29.875419,-0.1429978],[29.8753774,-0.1429656],[29.8752728,-0.1428556],[29.8751669,-0.1427497],[29.8751159,-0.1427095],[29.8750971,-0.1426746],[29.8750851,-0.1426451],[29.8750556,-0.1426102],[29.8749697,-0.1425365],[29.8748772,-0.142456],[29.8748249,-0.1424265],[29.8747471,-0.1423997],[29.8746666,-0.1423876],[29.8745365,-0.1423876],[29.8744078,-0.1424037],[29.874322,-0.1424345],[29.8742871,-0.1424667],[29.8742469,-0.1424775],[29.8742053,-0.1424815],[29.874157,-0.1424654],[29.8740886,-0.1424265],[29.8740578,-0.1423889],[29.8740269,-0.1423487],[29.8740095,-0.1422696],[29.8739988,-0.1422374],[29.8739719,-0.1422039],[29.8739223,-0.142165],[29.8738499,-0.1421435],[29.8738003,-0.1421341],[29.8737144,-0.1421435],[29.8735937,-0.1421221],[29.8733926,-0.1420604],[29.8732303,-0.1419826],[29.8731378,-0.1419531],[29.873001,-0.1419289],[29.8728964,-0.1419129],[29.8728119,-0.1418941],[29.8727663,-0.1418874],[29.8726442,-0.1418793],[29.8725571,-0.1418659],[29.8724645,-0.1418485],[29.8723532,-0.1418123],[29.8722513,-0.1417761],[29.8720488,-0.1417117],[29.8719362,-0.1416554],[29.8718128,-0.141587],[29.8717108,-0.141544],[29.871515,-0.1414582],[29.8714761,-0.1414381],[29.8714091,-0.1414073],[29.8713313,-0.1413576],[29.8712897,-0.1413214],[29.8711932,-0.1412664],[29.8710188,-0.1411444],[29.8708726,-0.1410425],[29.8707037,-0.1409191],[29.8705977,-0.140848],[29.870581,-0.1408393],[29.8705595,-0.1408259],[29.8705494,-0.1408131],[29.8705333,-0.1407964],[29.8704824,-0.1407582],[29.8704663,-0.1407427],[29.8704234,-0.1407045],[29.8703724,-0.1406616],[29.8703456,-0.1406227],[29.8703121,-0.1405583],[29.8702772,-0.1405275],[29.8702383,-0.1405141],[29.87019,-0.1405101],[29.8701216,-0.1405101],[29.8700277,-0.1405248],[29.8699902,-0.1405382],[29.8699433,-0.1405369],[29.869907,-0.1405235],[29.8698722,-0.1404792],[29.8698601,-0.1404484],[29.8698373,-0.1404055],[29.8697796,-0.1402432],[29.869734,-0.140148],[29.8696871,-0.1401091],[29.8696442,-0.140093],[29.8695892,-0.1400742],[29.8695597,-0.1400782],[29.8695047,-0.140089],[29.8694511,-0.140089],[29.8693626,-0.1400755],[29.8692982,-0.1400621],[29.8692365,-0.1400447],[29.8692083,-0.1400192],[29.8691829,-0.1399911],[29.8691587,-0.139979],[29.8691252,-0.1399696],[29.869089,-0.1399723],[29.8690514,-0.1399629],[29.8690367,-0.1399522],[29.8690045,-0.1399347],[29.8688932,-0.13992],[29.8688382,-0.1399173],[29.8687443,-0.1399253],[29.8686451,-0.1399267],[29.8685727,-0.1399173],[29.8684801,-0.1399347],[29.8683058,-0.1399723],[29.8682642,-0.1399723],[29.8682414,-0.1399669],[29.8682132,-0.1399535],[29.8681422,-0.1399522],[29.8680523,-0.1399629],[29.867937,-0.1399683],[29.8677747,-0.1399736],[29.8676969,-0.1399911],[29.8676741,-0.1400071],[29.8676459,-0.1400326],[29.8676071,-0.1400541],[29.8675668,-0.1400608],[29.8675333,-0.1400755],[29.8674756,-0.1401091],[29.8674448,-0.1401238],[29.8674045,-0.1401573],[29.867375,-0.1401788],[29.8672825,-0.1401936],[29.867194,-0.1402016],[29.8671243,-0.1401976],[29.8670505,-0.1401734],[29.8670103,-0.1401614],[29.8669727,-0.1401761],[29.8669513,-0.1401949],[29.8669231,-0.140219],[29.8668708,-0.1402418],[29.8667219,-0.1402861],[29.8666763,-0.1402915],[29.8666146,-0.1402807],[29.8665556,-0.1402848],[29.8664993,-0.1403089],[29.8664631,-0.1403317],[29.8664443,-0.1403545],[29.8664188,-0.1403894],[29.8663974,-0.1404122],[29.8663156,-0.1404443],[29.8662204,-0.1404511],[29.866152,-0.1404524],[29.8660997,-0.1404417],[29.8660567,-0.1404148],[29.8660246,-0.1404028],[29.8659883,-0.140392],[29.8659414,-0.1403907],[29.8658878,-0.1403733],[29.8658046,-0.1403008],[29.8657523,-0.1402378],[29.8657201,-0.1401949],[29.8656973,-0.1401882],[29.8656732,-0.1401962],[29.8656678,-0.1402043],[29.8656464,-0.1402231],[29.8656102,-0.1402432],[29.8655565,-0.140266],[29.8655176,-0.1402727],[29.8654908,-0.1402646],[29.8654425,-0.1402512],[29.865409,-0.1402606],[29.8653875,-0.1402794],[29.865362,-0.1402955],[29.8652749,-0.140333],[29.8652011,-0.1403692],[29.8651434,-0.1403987],[29.8650978,-0.1404269],[29.8650509,-0.1404712],[29.865016,-0.1405074],[29.8649906,-0.1405355],[29.8649651,-0.140553],[29.8649101,-0.1405771],[29.8648846,-0.1405945],[29.8648497,-0.140608],[29.8648337,-0.1406173],[29.8648283,-0.1406334],[29.8648256,-0.1406536],[29.8648283,-0.140667],[29.8648444,-0.1407018],[29.8648524,-0.1407354],[29.8648538,-0.1407649],[29.8648377,-0.1408131],[29.8648109,-0.1408574],[29.8647867,-0.1408909],[29.8647706,-0.140907],[29.8647451,-0.1409607],[29.8647036,-0.1409888],[29.8646593,-0.141017],[29.8646379,-0.1410317],[29.8645976,-0.1410411],[29.8645399,-0.1410492],[29.8644997,-0.1410653],[29.8644555,-0.1410894],[29.8643723,-0.1411578],[29.8643307,-0.1412088],[29.864265,-0.1413201],[29.8642315,-0.1414046],[29.86421,-0.141481],[29.864206,-0.1415078],[29.8642074,-0.1415481],[29.8642047,-0.1416124],[29.8641872,-0.1416674],[29.8641604,-0.1417063],[29.8641524,-0.1417372],[29.8641551,-0.1417694],[29.8641604,-0.1418123],[29.8641631,-0.1418807],[29.8641537,-0.141992],[29.864143,-0.1420255],[29.8641255,-0.1420456],[29.8641041,-0.1420644],[29.864092,-0.1420952],[29.8640639,-0.1421797],[29.864025,-0.1422749],[29.8640129,-0.1422964],[29.8640129,-0.1423581],[29.8640263,-0.1424144],[29.8640357,-0.1424372],[29.8640464,-0.142464],[29.8640464,-0.1424788],[29.8640344,-0.1425056],[29.8640263,-0.1425257],[29.8640263,-0.1425633],[29.8640236,-0.1426102],[29.8640129,-0.1426518],[29.8640022,-0.1427041],[29.8640022,-0.1427792],[29.8640035,-0.1428637],[29.864033,-0.1429938],[29.8640518,-0.143038],[29.8640706,-0.1430984],[29.8641242,-0.1432419],[29.8641913,-0.143435],[29.8642221,-0.1435342],[29.8642382,-0.1435986],[29.8642637,-0.143667],[29.8642851,-0.1437126],[29.8642945,-0.1437542],[29.8642986,-0.1437864],[29.864316,-0.143844],[29.8643441,-0.1439299],[29.8643683,-0.1440009],[29.8644225,-0.1441476],[29.864434,-0.1442048],[29.8644474,-0.144296],[29.8644836,-0.1444609],[29.8645011,-0.144697],[29.8644903,-0.1448888],[29.8644957,-0.1449397],[29.8645037,-0.144992],[29.8645198,-0.1450363],[29.8645306,-0.1450859],[29.8645306,-0.1451141],[29.8645239,-0.1451382],[29.8645091,-0.145157],[29.8645078,-0.1451838],[29.8645078,-0.1452079],[29.8645158,-0.1452455],[29.8645198,-0.1453541],[29.8645064,-0.1454936],[29.8645064,-0.145558],[29.8645185,-0.1456129],[29.8645239,-0.1456384],[29.8645198,-0.145676],[29.8645172,-0.1457256],[29.8645237,-0.1458096],[29.8645399,-0.1458785],[29.8645654,-0.1459898],[29.8646124,-0.1461628],[29.8647197,-0.1464364],[29.8648041,-0.1466],[29.8648538,-0.1466858],[29.8648953,-0.1467422],[29.864945,-0.1467985],[29.8650657,-0.14695],[29.865181,-0.1470949],[29.8652413,-0.1471418],[29.8652695,-0.1471566],[29.8652923,-0.1471673],[29.8653258,-0.1471954],[29.8653956,-0.1472813],[29.8654452,-0.1473215],[29.8654988,-0.1473671],[29.8655511,-0.1474288],[29.8655713,-0.1474663],[29.8656061,-0.1474999],[29.865641,-0.1475267],[29.8656826,-0.1475388],[29.8658127,-0.1475763],[29.8659065,-0.1476072],[29.8659446,-0.1476254],[29.8659564,-0.1476324],[29.8659883,-0.1476689],[29.8660366,-0.1477118],[29.8660527,-0.1477158],[29.8660634,-0.1477118],[29.8660889,-0.1476849],[29.8660983,-0.1476635],[29.8661184,-0.1476554],[29.8661439,-0.1476595],[29.866223,-0.1476863],[29.8664564,-0.14775],[29.8665415,-0.1477607],[29.8665905,-0.1477513],[29.8666106,-0.1477446],[29.8666394,-0.1477379],[29.8667119,-0.1477346],[29.8667642,-0.1477265],[29.866785,-0.1477151],[29.8668104,-0.147687],[29.8668353,-0.1476756],[29.8668661,-0.1476682],[29.8669083,-0.1476709],[29.8669325,-0.1476762],[29.8669526,-0.1476943],[29.866966,-0.1477131],[29.8670022,-0.1477265],[29.8670237,-0.1477279],[29.8670632,-0.1477258],[29.8671149,-0.1477185],[29.8671471,-0.1477131],[29.8671752,-0.1477044],[29.8672034,-0.147701],[29.8672222,-0.1477057],[29.8672812,-0.1477171],[29.8672986,-0.1477131],[29.867312,-0.147697],[29.8673375,-0.1476689],[29.8674247,-0.1476179],[29.86754,-0.1475482],[29.8675588,-0.1475388],[29.8675963,-0.1475428],[29.8676111,-0.1475495],[29.8676352,-0.1475468],[29.867662,-0.1475321],[29.8676915,-0.1474959],[29.8677385,-0.1474409],[29.8678082,-0.1473819],[29.8679088,-0.1473068],[29.8679638,-0.1472665],[29.8680241,-0.1472451],[29.8680751,-0.1472504],[29.8681046,-0.1472692],[29.868165,-0.1472866],[29.8681904,-0.1472826],[29.868224,-0.1472638],[29.8682508,-0.1472343],[29.8682696,-0.1472169],[29.8683286,-0.1471767],[29.8684064,-0.1471338],[29.8684935,-0.147064],[29.8685431,-0.147009],[29.8685606,-0.1469876],[29.8685995,-0.1469675],[29.8687483,-0.1468857],[29.86892,-0.1467408],[29.8689562,-0.1467194],[29.8689736,-0.1467194],[29.8690018,-0.1467301],[29.8690152,-0.1467448],[29.8690474,-0.1467636],[29.8690984,-0.1468065],[29.8691721,-0.1468629],[29.8693411,-0.1469715],[29.8693787,-0.1470291],[29.8694135,-0.1470895],[29.869443,-0.1471431],[29.8694631,-0.1471968],[29.8694725,-0.1472384],[29.8694672,-0.1472746],[29.8694618,-0.1473161],[29.8694766,-0.1473497],[29.8694994,-0.1473765],[29.8695248,-0.1473872],[29.8695745,-0.1473899],[29.8696254,-0.1473899],[29.8696563,-0.1473899],[29.8696791,-0.1474047],[29.8697193,-0.1474462],[29.869833,-0.1476088],[29.869848,-0.1476253],[29.8698715,-0.1476477],[29.8698789,-0.1476581],[29.8698963,-0.1477198],[29.8699138,-0.1478298],[29.8699272,-0.1479035],[29.8699567,-0.1479639],[29.8700277,-0.1480323],[29.8700868,-0.1480819],[29.8701458,-0.1481342],[29.8702182,-0.1481751],[29.8702591,-0.1481972],[29.8702913,-0.1482133],[29.8703161,-0.148218],[29.8703261,-0.1482167],[29.8703315,-0.148204],[29.8703268,-0.1481919],[29.8703248,-0.1481677],[29.8703275,-0.1481516],[29.8703362,-0.1481423],[29.8703483,-0.1481382],[29.8703697,-0.1481369],[29.8704066,-0.1481369],[29.8704375,-0.1481443],[29.8704663,-0.1481543],[29.8704918,-0.1481785],[29.8705199,-0.1482227],[29.8705427,-0.148263],[29.870587,-0.1482938],[29.8707546,-0.148377],[29.8708834,-0.1484105],[29.8709531,-0.1484386],[29.8710483,-0.1485044],[29.8711181,-0.1485902],[29.8711838,-0.1486505],[29.87122,-0.148672],[29.8712508,-0.1486975],[29.8712777,-0.1487444],[29.8712817,-0.1487927],[29.8712669,-0.1488477],[29.8712669,-0.1488799],[29.8712803,-0.1489067],[29.8714024,-0.1490086],[29.8714936,-0.1490837],[29.8715405,-0.1491025],[29.8715834,-0.1491172],[29.8716035,-0.1491172],[29.8716451,-0.1491508],[29.8716961,-0.1492098],[29.8717095,-0.1492514],[29.8717122,-0.1492768],[29.8717082,-0.1492983],[29.8717028,-0.1493204],[29.8716961,-0.1493452],[29.8716961,-0.1493573],[29.8717095,-0.1493734],[29.8717377,-0.1493908],[29.8717584,-0.1493935],[29.8717665,-0.1494029],[29.8717732,-0.1494176],[29.8717745,-0.1494297],[29.8717786,-0.1494391],[29.871796,-0.1494438],[29.8718289,-0.1494358],[29.8718436,-0.1494364],[29.8718671,-0.1494404],[29.8719187,-0.1494592],[29.8719643,-0.1494726],[29.8719817,-0.149486],[29.8720622,-0.1495477],[29.8721132,-0.149592],[29.8721655,-0.1496041],[29.872207,-0.1496027],[29.8722828,-0.1496322],[29.8723452,-0.1496725],[29.8723881,-0.1497033],[29.8724324,-0.1497442],[29.8724699,-0.1497784],[29.8726295,-0.1498502],[29.8727126,-0.1498897],[29.8727542,-0.1499152],[29.8727656,-0.1499273],[29.8727743,-0.1499568],[29.8727723,-0.1499735],[29.8727596,-0.1500004],[29.8727455,-0.1500164],[29.8727287,-0.150048],[29.8727073,-0.1501003],[29.8726831,-0.1501673],[29.8726617,-0.1502223],[29.8726429,-0.150235],[29.872596,-0.1502384],[29.8725772,-0.1502397],[29.8725718,-0.1502464],[29.8725738,-0.1502652],[29.8725752,-0.1502874],[29.8725792,-0.1503095],[29.8725799,-0.1503256],[29.8725725,-0.1503356],[29.8725463,-0.1503557],[29.8725202,-0.1503732],[29.87248,-0.1503879],[29.8724525,-0.1503879],[29.8724337,-0.1503792],[29.8724243,-0.1503685],[29.8724163,-0.1503544],[29.8724096,-0.1503356],[29.8724035,-0.1503242],[29.8723988,-0.1503195],[29.87237,-0.1503195],[29.8723532,-0.1503229],[29.8723492,-0.1503276],[29.8723479,-0.1503363],[29.8723532,-0.1503537],[29.872364,-0.1503819],[29.872366,-0.1503967],[29.8723626,-0.150408],[29.8723458,-0.1504221],[29.8723237,-0.1504342],[29.872311,-0.1504349],[29.8722922,-0.1504248],[29.8722728,-0.1503993],[29.8722479,-0.1503692],[29.8722392,-0.1503638],[29.8722278,-0.1503645],[29.8722151,-0.1503759],[29.8722138,-0.1503826],[29.8722111,-0.1503993],[29.8721983,-0.1504101],[29.8721816,-0.1504114],[29.8721574,-0.1504074],[29.8721185,-0.1504087],[29.8721011,-0.1504208],[29.8720756,-0.1504476],[29.8720381,-0.1504771],[29.8719884,-0.1505013],[29.871967,-0.1505227],[29.8719576,-0.1505415],[29.8719254,-0.1506032],[29.8718181,-0.1507587],[29.8717645,-0.1508553],[29.871743,-0.1509465],[29.8717725,-0.1510431],[29.8718208,-0.1511074],[29.8718503,-0.1511343],[29.8718852,-0.1511718],[29.8718905,-0.1512201],[29.8718744,-0.1512818],[29.8718074,-0.151381],[29.8717135,-0.151491],[29.8716223,-0.151617],[29.8715982,-0.1517082],[29.8715901,-0.1518397],[29.8715687,-0.1519899],[29.8715472,-0.1521589],[29.871515,-0.1522822],[29.8714346,-0.1524432],[29.8713139,-0.1525746],[29.8711824,-0.1526872],[29.8711181,-0.1527302],[29.8710483,-0.1527758],[29.8710054,-0.1528616],[29.8709813,-0.1529313],[29.8709276,-0.1529903],[29.8708713,-0.1530306],[29.8708123,-0.1530359],[29.8707372,-0.1530172],[29.8706809,-0.1529984],[29.8706058,-0.152993],[29.8705333,-0.1530198],[29.87041,-0.153052],[29.8702249,-0.1531003],[29.8699808,-0.1532237],[29.8699245,-0.1532881],[29.8698816,-0.1533739],[29.8698413,-0.1534865],[29.8697501,-0.1536046],[29.8696697,-0.1536689],[29.8696026,-0.1537145],[29.8695248,-0.1537521],[29.8694819,-0.153803],[29.8693988,-0.1539157],[29.8693317,-0.1540498],[29.869262,-0.154133],[29.8691815,-0.1542402],[29.8690984,-0.1544226],[29.8690528,-0.1545594],[29.8690501,-0.1546399],[29.8690367,-0.1546935],[29.8689991,-0.1547418],[29.8689052,-0.1548115],[29.8688516,-0.1548625],[29.8688033,-0.1549242],[29.8687845,-0.1550208],[29.8687765,-0.1551146],[29.8687819,-0.1552568],[29.8688167,-0.155458],[29.8688167,-0.1556108],[29.8687627,-0.1557808],[29.8687282,-0.1558388],[29.868688,-0.1558657],[29.8685834,-0.1559139],[29.8684975,-0.1559542],[29.86835,-0.1560078],[29.8681596,-0.1560668],[29.8680818,-0.1561071],[29.8679557,-0.1561929],[29.8677492,-0.1563726],[29.8676071,-0.156504],[29.8675534,-0.1565791],[29.8674622,-0.156681],[29.8673764,-0.156724],[29.8673227,-0.1567266],[29.8672691,-0.1567213],[29.867202,-0.156681],[29.8670948,-0.1566247],[29.8669901,-0.1565684],[29.8668252,-0.1564531],[29.8666093,-0.1563552],[29.8665288,-0.156323],[29.8664711,-0.1563096],[29.8663142,-0.1563002],[29.8661681,-0.1562961],[29.8660862,-0.1563122],[29.8660004,-0.1563377],[29.865928,-0.1563686],[29.8658703,-0.1564034],[29.8658314,-0.1564329],[29.8657939,-0.1564665],[29.8657697,-0.1564946],[29.8657201,-0.1565375],[29.8656075,-0.1565684],[29.8655283,-0.1565898],[29.8654076,-0.1566006],[29.8652011,-0.156614],[29.8651032,-0.1566247],[29.8650429,-0.1566167],[29.864953,-0.1566046],[29.8648766,-0.1566073],[29.8647438,-0.1566354],[29.8647223,-0.1566502],[29.864713,-0.1566636],[29.864713,-0.1566918],[29.8647089,-0.1567213],[29.8647022,-0.1567414],[29.8646674,-0.1567588],[29.8646271,-0.1567682],[29.8645936,-0.1567749],[29.8645748,-0.1567722],[29.8645614,-0.1567548],[29.8645654,-0.1566998],[29.8645641,-0.1566676],[29.8645453,-0.1566529],[29.8645292,-0.1566529],[29.8645145,-0.1566569],[29.864493,-0.1566757],[29.8644769,-0.1567025],[29.8644488,-0.156724],[29.8643723,-0.1567575],[29.8643428,-0.1567977],[29.8643321,-0.156838],[29.8643307,-0.1568768],[29.8643267,-0.1569117],[29.864316,-0.1569251],[29.8642838,-0.1569426],[29.8642489,-0.1569573],[29.8642074,-0.1569922],[29.8641913,-0.1570083],[29.8641698,-0.1570203],[29.8641363,-0.1570217],[29.8641162,-0.1570244],[29.864096,-0.1570297],[29.8640746,-0.1570391],[29.8640464,-0.1570552],[29.8640035,-0.1571142],[29.8639606,-0.1571813],[29.8639244,-0.1572497],[29.8638949,-0.1573154],[29.8638437,-0.1574205],[29.8638064,-0.1575206],[29.8637916,-0.1575474],[29.8637822,-0.1575863],[29.8637822,-0.1576158],[29.8637956,-0.1576453],[29.8638064,-0.1576748],[29.8637983,-0.1576976],[29.8637634,-0.1577486],[29.8636696,-0.1578371],[29.8636159,-0.1578585],[29.8635516,-0.1578746],[29.8634791,-0.1578934],[29.8634282,-0.1579202],[29.8634014,-0.1579792],[29.8633987,-0.158057],[29.8633906,-0.1581053],[29.8633611,-0.158171],[29.8633142,-0.1583856],[29.8633008,-0.1584835],[29.8633075,-0.1585385],[29.8633182,-0.1585908],[29.863349,-0.1586458],[29.8633477,-0.1586739],[29.8633316,-0.1587088],[29.8633102,-0.1587302],[29.8632793,-0.1587611],[29.8632632,-0.1587839],[29.8632216,-0.1588563],[29.8631801,-0.1589475],[29.8631385,-0.1590065],[29.863058,-0.1591138],[29.8630084,-0.1592117],[29.8629762,-0.1592452],[29.8629574,-0.1592841],[29.8629373,-0.1593243],[29.8629212,-0.1593619],[29.8628998,-0.1593847],[29.8628689,-0.1593981],[29.8628394,-0.1594223],[29.8628126,-0.1594571],[29.8627751,-0.1595349],[29.8627616,-0.1595577],[29.8627429,-0.1595832],[29.862712,-0.1596154],[29.8626906,-0.159665],[29.8626839,-0.1597025],[29.8626839,-0.1597441],[29.8626825,-0.159787],[29.8626664,-0.1598594],[29.8626208,-0.1600043],[29.862586,-0.1600888],[29.8625511,-0.1601371],[29.862476,-0.1601827],[29.8624063,-0.1602189],[29.8623338,-0.1602537],[29.8622775,-0.1602671],[29.862197,-0.1602645],[29.8620978,-0.1602323],[29.8619798,-0.1602215],[29.8618832,-0.1602296],[29.8617893,-0.1602376],[29.8616794,-0.1602484],[29.8615587,-0.160243],[29.8613977,-0.1602537],[29.8613039,-0.1602618],[29.8612127,-0.1602859],[29.8611402,-0.1603127],[29.8610491,-0.1603664],[29.8610035,-0.1604415],[29.8609391,-0.1605488],[29.8608988,-0.1605997],[29.8608345,-0.1606426],[29.8607567,-0.1606829],[29.8607111,-0.1607151],[29.860644,-0.1607794],[29.8605207,-0.1608492],[29.8604536,-0.160884],[29.8603892,-0.1609484],[29.8603624,-0.1610289],[29.8603624,-0.1611228],[29.8603705,-0.1611549],[29.8603892,-0.1612032],[29.8604214,-0.1612542],[29.8604321,-0.1613078],[29.8604053,-0.161391],[29.8603705,-0.1614661],[29.8602766,-0.1615707],[29.8602203,-0.1616096],[29.860184,-0.161623],[29.8601545,-0.161619],[29.8601317,-0.1616029],[29.8601116,-0.1615828],[29.8600848,-0.161568],[29.8600352,-0.161572],[29.8600137,-0.1615787],[29.8599856,-0.1615962],[29.8599561,-0.1616002],[29.8599105,-0.1616082],[29.8598635,-0.1616109],[29.8598286,-0.1616176],[29.8597495,-0.161627],[29.8596959,-0.1616431],[29.8596436,-0.1616699],[29.8595356,-0.1617115],[29.8595235,-0.1617182],[29.8595142,-0.1617316],[29.8595014,-0.1617584],[29.859486,-0.1617846],[29.8594645,-0.161798],[29.8594324,-0.1618047],[29.8594129,-0.1618094],[29.8593754,-0.1618335],[29.8593526,-0.1618456],[29.8593291,-0.161851],[29.8593043,-0.1618483],[29.8592734,-0.1618376],[29.8592198,-0.1618027],[29.8591648,-0.1617786],[29.8591004,-0.1617786],[29.8590589,-0.1617799],[29.8589958,-0.1617866],[29.8589288,-0.1618],[29.8588751,-0.1618107],[29.8588376,-0.1618148],[29.8586766,-0.1618188],[29.8586525,-0.1618242],[29.8586324,-0.1618476],[29.8586317,-0.1618563],[29.858631,-0.1618698],[29.858631,-0.1618812],[29.8586324,-0.1618912],[29.8586297,-0.1618986],[29.8586223,-0.1619019],[29.8586116,-0.1619019],[29.8585989,-0.1618993],[29.8585848,-0.1618932],[29.8585667,-0.1618671],[29.85856,-0.1618503],[29.8585553,-0.1618215],[29.8585512,-0.1617953],[29.8585546,-0.1617772],[29.8585573,-0.1617544],[29.8585499,-0.1617356],[29.8585345,-0.1617209],[29.858517,-0.1617075],[29.8584607,-0.1617035],[29.8584339,-0.1617115],[29.8584004,-0.1617303],[29.858395,-0.161741],[29.858395,-0.1617544],[29.8584044,-0.1617638],[29.8584198,-0.1617739],[29.858444,-0.161792],[29.8584621,-0.1618128],[29.8584768,-0.1618577],[29.8584855,-0.1618859],[29.8584949,-0.1619254],[29.858501,-0.161963],[29.8584956,-0.1619905],[29.8584849,-0.1620025],[29.8584728,-0.16202],[29.8584694,-0.1620441],[29.8584748,-0.1620682],[29.8584755,-0.1620877],[29.8584554,-0.1621259],[29.8584406,-0.1621487],[29.8584131,-0.1621655],[29.8584004,-0.1621822],[29.8583709,-0.1622057],[29.8583501,-0.1622205],[29.8583246,-0.1622359],[29.8583159,-0.1622526],[29.8583125,-0.1622734],[29.8583172,-0.1622949],[29.8583233,-0.1623438],[29.8583212,-0.1623753],[29.8582864,-0.1624692],[29.8582046,-0.1625745],[29.858155,-0.1626302],[29.8581362,-0.1626556],[29.8581167,-0.1626724],[29.8580959,-0.1626898],[29.8580537,-0.1627019],[29.858045,-0.1627126],[29.8580423,-0.1627274],[29.858045,-0.1627468],[29.8580483,-0.162769],[29.8580557,-0.1627911],[29.8580725,-0.1628863],[29.8580852,-0.1629332],[29.8580959,-0.1629876],[29.858106,-0.1630714],[29.8581073,-0.1630975],[29.8581107,-0.1631197],[29.8581208,-0.1631364],[29.8581348,-0.1631619],[29.8581523,-0.163233],[29.8581657,-0.1633061],[29.8581737,-0.163345],[29.858197,-0.1635138],[29.8581952,-0.1635461],[29.8582005,-0.1635783],[29.858218,-0.1636038],[29.8582555,-0.1636078],[29.8582743,-0.1636118],[29.8582891,-0.1636239],[29.8582931,-0.1636494],[29.858285,-0.1636843],[29.8582716,-0.1637097],[29.8582555,-0.1637433],[29.8582636,-0.1637942],[29.8583092,-0.163931],[29.8583521,-0.1640544],[29.8584098,-0.1641805],[29.8585224,-0.1643763],[29.8585573,-0.1644433],[29.8585841,-0.1644943],[29.8586324,-0.1645627],[29.8587021,-0.1647035],[29.858733,-0.1647518],[29.8587383,-0.1647866],[29.8587598,-0.1648255],[29.8587853,-0.1648644],[29.8587839,-0.1648939],[29.8587732,-0.1649181],[29.8587611,-0.1649731],[29.8587491,-0.1650361],[29.8587571,-0.1650978],[29.8587437,-0.1651648],[29.8586968,-0.1652238],[29.8586123,-0.1652641],[29.8585412,-0.1652815],[29.8584795,-0.1652922],[29.8584346,-0.1652929],[29.8584051,-0.1652708],[29.8583883,-0.1652453],[29.8583461,-0.1651896],[29.8582897,-0.1651474],[29.8582187,-0.1651347],[29.8581824,-0.1651327],[29.8581563,-0.1651313],[29.8581335,-0.165128],[29.8580685,-0.1651132],[29.8580477,-0.1651112],[29.8579873,-0.1651233],[29.8579531,-0.1651239],[29.857937,-0.1651306],[29.857925,-0.165142],[29.8578465,-0.1651917],[29.8577607,-0.1652225],[29.8576882,-0.1652265],[29.8576078,-0.1652238],[29.857585,-0.1652145],[29.8575702,-0.1651809],[29.857538,-0.1651622],[29.8574992,-0.1651474],[29.857475,-0.1651474],[29.8574214,-0.1651635],[29.8573664,-0.165197],[29.857306,-0.1652399],[29.8572792,-0.1652721],[29.857247,-0.1653271],[29.8572215,-0.165374],[29.8571961,-0.1654183],[29.8571371,-0.1655082],[29.8570968,-0.1655658],[29.8570029,-0.1656396],[29.8569493,-0.1656812],[29.8569144,-0.1657093],[29.856893,-0.1657227],[29.8568487,-0.1657402],[29.8568366,-0.1657522],[29.8568219,-0.1657884],[29.856783,-0.1659145],[29.8567689,-0.1659742],[29.8567562,-0.166001],[29.8567508,-0.1660325],[29.8567555,-0.1660721],[29.8567609,-0.166115],[29.8567736,-0.1661968],[29.8567884,-0.1662779],[29.8568004,-0.1663108],[29.8568132,-0.1663343],[29.8568105,-0.1663537],[29.8568051,-0.1663705],[29.8568031,-0.1663893],[29.8568045,-0.1664067],[29.8568071,-0.1664168],[29.8568219,-0.1664268],[29.856836,-0.1664449],[29.8568427,-0.1664731],[29.8568447,-0.1665006],[29.8568353,-0.1665348],[29.8568226,-0.166573],[29.856791,-0.1666481],[29.8567703,-0.1667044],[29.8567602,-0.1667447],[29.8567434,-0.1668043],[29.8567186,-0.1668861],[29.8567079,-0.1669512],[29.8566972,-0.1669914],[29.8566817,-0.1670243],[29.8566576,-0.167037],[29.8566442,-0.167041],[29.8566274,-0.1670417],[29.8566174,-0.1670357],[29.8566006,-0.1670236],[29.8565906,-0.1670115],[29.8565778,-0.166974],[29.8565631,-0.1669217],[29.8565403,-0.1668479],[29.8565014,-0.166805],[29.8564598,-0.1667688],[29.8563579,-0.1667232],[29.8562908,-0.1667017],[29.8562533,-0.1666736],[29.8561936,-0.1666038],[29.8561198,-0.1665576],[29.8560521,-0.1665307],[29.8560306,-0.1665261],[29.8559696,-0.1665281],[29.8559301,-0.1665341],[29.8559099,-0.1665421],[29.8558905,-0.1665401],[29.8558798,-0.1665314],[29.8558751,-0.1665126],[29.855867,-0.1664965],[29.855855,-0.1664711],[29.8558409,-0.166459],[29.8558281,-0.1664496],[29.8557973,-0.1664369],[29.8557785,-0.1664201],[29.8557638,-0.1663893],[29.855753,-0.166349],[29.8557276,-0.1663088],[29.8556605,-0.1662686],[29.8555344,-0.1661894],[29.8554057,-0.1661318],[29.8553507,-0.1660942],[29.8552662,-0.166062],[29.8552072,-0.1660459],[29.8551321,-0.1660406],[29.8550637,-0.1660245],[29.8550235,-0.1660164],[29.8549631,-0.1659816],[29.854888,-0.1659547],[29.8548089,-0.1659266],[29.8546386,-0.1658984],[29.8545367,-0.1658998],[29.8543878,-0.1659132],[29.8543281,-0.1659252],[29.8542657,-0.1659534],[29.8542322,-0.1659762],[29.8542108,-0.1660003],[29.8541906,-0.1660332],[29.8541732,-0.1660459],[29.8541558,-0.1660459],[29.8541397,-0.1660433],[29.8541276,-0.1660312],[29.8541222,-0.1660124],[29.8541169,-0.1659829],[29.8540874,-0.16594],[29.8540659,-0.1658957],[29.8540512,-0.1658367],[29.8540324,-0.1657965],[29.8540069,-0.1657871],[29.8539573,-0.1657791],[29.8539144,-0.1657777],[29.8538983,-0.1657616],[29.8538809,-0.1657361],[29.8538567,-0.1657147],[29.8538178,-0.1657053],[29.8537132,-0.1656852],[29.8535053,-0.1656436],[29.8534128,-0.1656463],[29.8533498,-0.1656517],[29.8531875,-0.1656745],[29.8531352,-0.1656946],[29.8531111,-0.1657073],[29.853101,-0.1657368],[29.8531097,-0.1657838],[29.8531124,-0.1658112],[29.853107,-0.1658354],[29.853095,-0.1658568],[29.8530695,-0.1658716],[29.8530185,-0.1658977],[29.852985,-0.1659239],[29.8529642,-0.165938],[29.8529461,-0.165944],[29.8529045,-0.165944],[29.8528589,-0.1659373],[29.8527865,-0.1659279],[29.8527342,-0.1659346],[29.8526497,-0.1659413],[29.8526001,-0.1659413],[29.8525143,-0.1659387],[29.8524606,-0.165948],[29.8524164,-0.1659655],[29.8523144,-0.1660151],[29.852179,-0.1660795],[29.8519228,-0.1662069],[29.8518424,-0.1662592],[29.851727,-0.1663088],[29.8516385,-0.1663504],[29.8515849,-0.1663785],[29.8515353,-0.1664067],[29.8515192,-0.1664295],[29.8515151,-0.166459],[29.8515058,-0.1665234],[29.851495,-0.1665918],[29.8514763,-0.1666695],[29.8514307,-0.1667996],[29.8513958,-0.166864],[29.851326,-0.1669391],[29.8512818,-0.1669767],[29.8512442,-0.1670008],[29.8512255,-0.1670209],[29.8512174,-0.1670772],[29.8512134,-0.1671175],[29.8511718,-0.1671818],[29.8511168,-0.167269],[29.8511061,-0.1672905],[29.8511074,-0.1673106],[29.8511235,-0.167328],[29.8511517,-0.1673656],[29.8511678,-0.1674098],[29.8511933,-0.1674702],[29.8511973,-0.1675305],[29.8511825,-0.1675855],[29.8511209,-0.1676767],[29.8510887,-0.1676995],[29.8510525,-0.1677035],[29.8510256,-0.1677049],[29.8509935,-0.1677156],[29.8509666,-0.1677545],[29.8509385,-0.1678229],[29.8509157,-0.1678672],[29.8508781,-0.167898],[29.8508392,-0.1679275],[29.850807,-0.1679677],[29.8507789,-0.1679878],[29.8507011,-0.1680241],[29.8505911,-0.168063],[29.8505187,-0.1680764],[29.850453,-0.1681018],[29.8504047,-0.168134],[29.8503377,-0.1681609],[29.8502733,-0.1681689],[29.8501928,-0.1681783],[29.850107,-0.1681796],[29.8499688,-0.1682051],[29.8498669,-0.168248],[29.8498321,-0.1682681],[29.8498186,-0.1682842],[29.8497958,-0.1683218],[29.8497583,-0.1683875],[29.8497288,-0.1684143],[29.8496953,-0.168421],[29.8496564,-0.1684237],[29.8496282,-0.1684358],[29.8496081,-0.1684572],[29.8495799,-0.1684787],[29.849533,-0.1685042],[29.8494565,-0.1685015],[29.8494297,-0.1684908],[29.8493747,-0.1684572],[29.8493037,-0.1684331],[29.8490314,-0.1683821],[29.8489831,-0.1683795],[29.8489603,-0.1683969],[29.8489456,-0.1684224],[29.8489121,-0.1684519],[29.8488705,-0.1684733],[29.8488209,-0.1684894],[29.848735,-0.1685015],[29.8486707,-0.1684841],[29.8486304,-0.1684586],[29.8485889,-0.1684063],[29.8485593,-0.168354],[29.8484722,-0.1682923],[29.8484091,-0.1682641],[29.8483367,-0.168252],[29.8482992,-0.1682547],[29.848267,-0.1682695],[29.8482522,-0.1682869],[29.8482335,-0.1683271],[29.8482227,-0.1683513],[29.84822,-0.1683996],[29.8482321,-0.1684666],[29.8482268,-0.168535],[29.8481905,-0.1685846],[29.8481275,-0.1686128],[29.8480698,-0.1686235],[29.8480122,-0.1686329],[29.8479921,-0.1686477],[29.847976,-0.1686664],[29.8479344,-0.168712],[29.8479116,-0.1687389],[29.847811,-0.1688032],[29.8477855,-0.1688247],[29.8477305,-0.1688448],[29.8476863,-0.1688529],[29.847638,-0.1688649],[29.8475294,-0.1688985],[29.8474824,-0.1689025],[29.8474047,-0.1689306],[29.8473349,-0.1689803],[29.8473135,-0.1690165],[29.8473081,-0.1690554],[29.8473215,-0.169101],[29.8473202,-0.169164],[29.8473094,-0.1692069],[29.8472759,-0.1692565],[29.8471941,-0.1693115],[29.847115,-0.1693491],[29.8470211,-0.1693987],[29.8469688,-0.1694201],[29.8468696,-0.1694617],[29.8468052,-0.1694952],[29.8467556,-0.1695395],[29.8466805,-0.1696012],[29.8466375,-0.1696535],[29.8465839,-0.1697045],[29.8465195,-0.1697782],[29.8464927,-0.1698225],[29.8464766,-0.1698654],[29.8464699,-0.1699056],[29.8464592,-0.1699499],[29.8464283,-0.1700089],[29.8463747,-0.1700746],[29.8463103,-0.1701189],[29.8462674,-0.1701336],[29.8462071,-0.1701349],[29.8461467,-0.1701336],[29.8460957,-0.1701309],[29.8460555,-0.1701095],[29.8460233,-0.1700692],[29.8459925,-0.1700531],[29.8459563,-0.1700438],[29.8458919,-0.1700008],[29.845853,-0.169974],[29.8458087,-0.1699606],[29.845735,-0.1699505],[29.8456974,-0.1699519],[29.8456438,-0.1699499],[29.8455794,-0.1699452],[29.8455405,-0.1699512],[29.8455144,-0.1699573],[29.8454681,-0.1699633],[29.8454104,-0.169966],[29.8452535,-0.1699754],[29.8451543,-0.1699928],[29.84511,-0.1700075],[29.845098,-0.1700236],[29.8450832,-0.1700424],[29.8450631,-0.1700545],[29.8450027,-0.1700558],[29.8449491,-0.1700639],[29.8448874,-0.1700907],[29.8448458,-0.1701068],[29.8447721,-0.1700961],[29.8447037,-0.1700706],[29.8445347,-0.1699847],[29.8444475,-0.1699633],[29.844418,-0.1699687],[29.8443925,-0.1699861],[29.844355,-0.1700062],[29.8443134,-0.1700049],[29.8442611,-0.1700008],[29.8441659,-0.1700035],[29.8441069,-0.170029],[29.8440506,-0.1700639],[29.844005,-0.1701014],[29.8439459,-0.1701363],[29.8439151,-0.1701738],[29.8438601,-0.1702315],[29.8437944,-0.1702825],[29.8437455,-0.1703073],[29.8437092,-0.1703274],[29.8436757,-0.1703616],[29.8436496,-0.1703898],[29.8436268,-0.170424],[29.8436127,-0.1704602],[29.8435953,-0.1705024],[29.8435721,-0.1705379],[29.8435617,-0.1705467],[29.8435517,-0.1705577],[29.8435476,-0.1705685],[29.8435476,-0.1705799],[29.843551,-0.1705872],[29.84356,-0.1705949],[29.8435785,-0.1706067],[29.8435899,-0.170612],[29.8436043,-0.1706124],[29.843616,-0.1706154],[29.8436187,-0.1706164],[29.8436227,-0.1706211],[29.8436237,-0.1706268],[29.8436221,-0.1706422],[29.8436194,-0.1706509],[29.8436117,-0.1706563],[29.8436023,-0.1706597],[29.8435919,-0.1706617],[29.8435785,-0.1706623],[29.8435691,-0.170657],[29.8435577,-0.1706489],[29.8435369,-0.1706352],[29.843494,-0.1706298],[29.8434457,-0.1706365],[29.8433934,-0.1706754],[29.8433425,-0.1707089],[29.8432942,-0.1707264],[29.8432627,-0.1707156],[29.8432211,-0.1706969],[29.8431855,-0.1706835],[29.8431627,-0.1706841],[29.8431426,-0.1706942],[29.8431225,-0.1707069],[29.8430823,-0.1707136],[29.8430327,-0.1707224],[29.8429569,-0.1707451],[29.8429421,-0.1707552],[29.8429234,-0.1707807],[29.8429019,-0.1708055],[29.8428449,-0.1708612],[29.8428214,-0.1708994],[29.8428087,-0.1709409],[29.8428053,-0.1709698],[29.8428114,-0.1709966],[29.8428208,-0.1710167],[29.8428322,-0.1710422],[29.8428308,-0.1710616],[29.8428181,-0.1710878],[29.842802,-0.1711213],[29.842796,-0.1711401],[29.8427819,-0.1711676],[29.8427678,-0.1711931],[29.8427631,-0.1712239],[29.8427477,-0.1712595],[29.8427302,-0.1712816],[29.8427269,-0.1712863],[29.8427255,-0.1712963],[29.8427269,-0.1713057],[29.8427343,-0.1713185],[29.842747,-0.1713279],[29.8427832,-0.1713835],[29.8427913,-0.171405],[29.8427886,-0.1714251],[29.8427772,-0.1714432],[29.8427732,-0.1714646],[29.8427772,-0.1714848],[29.8427792,-0.1714988],[29.8427698,-0.171521],[29.842751,-0.1715625],[29.8427209,-0.1716088],[29.8427034,-0.171637],[29.8426873,-0.1716524],[29.8426491,-0.1716739],[29.8426162,-0.1716967],[29.8425572,-0.1717456],[29.8425029,-0.1717905],[29.8424734,-0.171816],[29.842462,-0.1718402],[29.8424466,-0.1718717],[29.8424298,-0.1718965],[29.8423997,-0.1719428],[29.8423688,-0.1720051],[29.8423634,-0.1720232],[29.8423661,-0.172042],[29.8423675,-0.1720594],[29.8423634,-0.1720782],[29.8423534,-0.1720963],[29.8423313,-0.1721117],[29.8423044,-0.1721198],[29.8422736,-0.1721278],[29.8422622,-0.1721339],[29.8422548,-0.1721506],[29.8422454,-0.1721774],[29.842228,-0.1721962],[29.8421958,-0.1722311],[29.8421717,-0.1722646],[29.8421516,-0.172337],[29.8421355,-0.1724282],[29.8421274,-0.1725194],[29.8421113,-0.1726093],[29.842106,-0.1726468],[29.842114,-0.1726951],[29.8421019,-0.1727474],[29.8420738,-0.1727863],[29.8420402,-0.1728037],[29.8420282,-0.1728252],[29.8420282,-0.1728466],[29.8420335,-0.1728681],[29.8420349,-0.172899],[29.8420241,-0.172962],[29.8419759,-0.1730854],[29.8419557,-0.1731229],[29.8419195,-0.1731511],[29.8418713,-0.1731645],[29.8418337,-0.1731846],[29.8418163,-0.1732114],[29.8417559,-0.173304],[29.8417264,-0.1733777],[29.8416983,-0.1734636],[29.8416889,-0.1734957],[29.8416661,-0.1735105],[29.8416433,-0.1735132],[29.8416165,-0.1735065],[29.8415802,-0.1735092],[29.8415427,-0.1735279],[29.8415239,-0.173544],[29.8414931,-0.1735615],[29.8414461,-0.1735869],[29.8413831,-0.1736151],[29.8413281,-0.1736379],[29.8412141,-0.1736687],[29.8411672,-0.1736915],[29.8411135,-0.1736982],[29.8410612,-0.1736942],[29.8410384,-0.1736902],[29.841025,-0.1736701],[29.841013,-0.1736473],[29.8409888,-0.1736299],[29.8409003,-0.1735883],[29.8408627,-0.1735735],[29.8408252,-0.1735521],[29.8407032,-0.1735038],[29.8405382,-0.17343],[29.840498,-0.1734153],[29.8404711,-0.1734193],[29.8404524,-0.1734314],[29.8404309,-0.1734448],[29.8404108,-0.1734475],[29.8403759,-0.1734327],[29.8403585,-0.1734032],[29.8403236,-0.1733817],[29.8402137,-0.1733362],[29.8401077,-0.1732852],[29.8400152,-0.1732476],[29.8399682,-0.1732275],[29.8398918,-0.1732047],[29.8398274,-0.1731779],[29.8397309,-0.1731296],[29.8396718,-0.1731015],[29.839519,-0.1730357],[29.8394358,-0.1730022],[29.8393272,-0.1729633],[29.8392574,-0.1729647],[29.8392011,-0.1729633],[29.8391341,-0.1729446],[29.8391072,-0.1729325],[29.8389839,-0.172899],[29.8389047,-0.1728842],[29.8386902,-0.1728614],[29.838607,-0.1728614],[29.838552,-0.1728614],[29.838489,-0.1728574],[29.838426,-0.1728668],[29.8383683,-0.172899],[29.8383428,-0.1729224],[29.8383133,-0.1729419],[29.8382342,-0.1729875],[29.8382127,-0.1730089],[29.838204,-0.1730243],[29.8382033,-0.1730384],[29.8382033,-0.1730632],[29.8382047,-0.1730854],[29.8382087,-0.1731202],[29.8382221,-0.1731524],[29.8382463,-0.1732248],[29.8382704,-0.1732932],[29.8382637,-0.1733362],[29.8382436,-0.1733831],[29.8381926,-0.17343],[29.8381068,-0.1734998],[29.8380102,-0.1735601],[29.8379432,-0.1735896],[29.8378775,-0.1736003],[29.8378426,-0.1735936],[29.8378104,-0.1735802],[29.8377541,-0.1735507],[29.8377112,-0.173544],[29.837691,-0.1735494],[29.8376682,-0.1735655],[29.8376521,-0.173599],[29.837632,-0.1736459],[29.8376106,-0.173705],[29.8376065,-0.1737586],[29.8376133,-0.1738283],[29.8376253,-0.1739088],[29.8376293,-0.1739356],[29.8376106,-0.1739678],[29.8375931,-0.1739799],[29.8375529,-0.1739866],[29.8374537,-0.1739933],[29.8374175,-0.1739933],[29.8373303,-0.1739933],[29.8372297,-0.1739933],[29.8371331,-0.1739759],[29.8370352,-0.1739477],[29.8368743,-0.1738391],[29.8366959,-0.1736982],[29.8365632,-0.1735695],[29.8365189,-0.1735132],[29.8364016,-0.1732885],[29.8363949,-0.1732651],[29.8363928,-0.1732409],[29.8363821,-0.1731618],[29.8363633,-0.1731001],[29.8363325,-0.1730331],[29.8362587,-0.1729177],[29.8362091,-0.1728654],[29.8360804,-0.1727327],[29.8359489,-0.1726026],[29.8358108,-0.172498],[29.8355412,-0.1723571],[29.8353817,-0.1722847],[29.8351483,-0.1722016],[29.8348305,-0.1721231],[29.8347976,-0.1721225],[29.8347835,-0.1721278],[29.8347735,-0.1721345],[29.8347661,-0.1721486],[29.8347587,-0.1721627],[29.8347466,-0.1721828],[29.8347386,-0.1721902],[29.8347198,-0.1721922],[29.8347064,-0.1721888],[29.8346943,-0.1721841],[29.8346715,-0.1721681],[29.8346447,-0.17216],[29.8346166,-0.1721567],[29.8345696,-0.1721593],[29.834524,-0.1721593],[29.8344932,-0.1721553],[29.8344717,-0.1721466],[29.834459,-0.1721406],[29.8344362,-0.1721285],[29.8344053,-0.1721204],[29.8343631,-0.1721137],[29.8343068,-0.1721064],[29.8342115,-0.172099],[29.834178,-0.1721037],[29.8341653,-0.1721097],[29.8341572,-0.1721285],[29.8341472,-0.1721386],[29.8341284,-0.1721386],[29.8341183,-0.1721312],[29.8341136,-0.1721238],[29.8340982,-0.1721064],[29.8340727,-0.172101],[29.8339815,-0.1720976],[29.8339091,-0.1721023],[29.833889,-0.1720963],[29.8338662,-0.1720849],[29.8338561,-0.1720849],[29.8338441,-0.1720889],[29.833834,-0.1720983],[29.83383,-0.1721211],[29.8338293,-0.1721372],[29.8338253,-0.1721479],[29.8338085,-0.1721573],[29.8337918,-0.1721593],[29.833773,-0.1721714],[29.8337656,-0.1721848],[29.8337596,-0.1722101],[29.8337569,-0.1722137],[29.8337502,-0.1722217],[29.8337428,-0.1722297],[29.8337386,-0.1722326],[29.8337308,-0.1722358],[29.8337267,-0.1722366],[29.8337214,-0.1722371],[29.8337019,-0.172223],[29.8336878,-0.1722116],[29.8336677,-0.1722076],[29.8336416,-0.1722137],[29.8336161,-0.172223],[29.8335819,-0.1722371],[29.8335423,-0.1722559],[29.8335021,-0.172268],[29.8334686,-0.1722673],[29.8334531,-0.1722666],[29.8334391,-0.1722566],[29.8334183,-0.1722425],[29.8333801,-0.1722204],[29.8333204,-0.1721882],[29.8332909,-0.1721707],[29.8332734,-0.172154],[29.833258,-0.1721399],[29.8332399,-0.1721265],[29.8332138,-0.1721251],[29.833201,-0.1721318],[29.8331977,-0.1721386],[29.8331977,-0.1721546],[29.8332084,-0.1721647],[29.8332211,-0.1721801],[29.8332205,-0.1721902],[29.8332077,-0.1721976],[29.833193,-0.1722043],[29.8331816,-0.1722063],[29.8331682,-0.1722069],[29.8331574,-0.1721982],[29.8331467,-0.1721808],[29.833134,-0.1721667],[29.833087,-0.1721453],[29.8330414,-0.1721198],[29.8328852,-0.1720071],[29.8327799,-0.1719421],[29.832741,-0.1719226],[29.832672,-0.1719018],[29.832625,-0.1718891],[29.832564,-0.171875],[29.8325405,-0.1718723],[29.8325201,-0.1718737],[29.832507,-0.1718764],[29.8325016,-0.1718801],[29.8324953,-0.1718868],[29.8324822,-0.1718918],[29.8324584,-0.1718958],[29.8324346,-0.1719018],[29.8324158,-0.1719132],[29.8323943,-0.171935],[29.8323689,-0.1719649],[29.8323581,-0.1719823],[29.8323534,-0.1720138],[29.83234,-0.1720695],[29.8323347,-0.1720769],[29.8323259,-0.1720822],[29.8323099,-0.1720789],[29.8322924,-0.1720789],[29.8322663,-0.1720836],[29.8322468,-0.172097],[29.8322354,-0.1721037],[29.83222,-0.1721037],[29.8322073,-0.1721003],[29.8321885,-0.1720936],[29.8321583,-0.1720715],[29.8320953,-0.1720232],[29.8319927,-0.1719689],[29.8319732,-0.1719642],[29.8319525,-0.1719669],[29.8319411,-0.1719749],[29.8319343,-0.1719904],[29.8319276,-0.1720091],[29.8319236,-0.1720192],[29.8318961,-0.1720299],[29.8318787,-0.1720339],[29.8318559,-0.1720319],[29.8318411,-0.1720239],[29.8318324,-0.1720118],[29.8318304,-0.1719957],[29.8318224,-0.1719763],[29.8318043,-0.1719441],[29.8317841,-0.1719099],[29.8317573,-0.1718663],[29.8317406,-0.1718462],[29.8316909,-0.1718153],[29.8316333,-0.1717765],[29.8315729,-0.1717429],[29.8315139,-0.1717107],[29.8314502,-0.1716739],[29.8313228,-0.171584],[29.8312095,-0.1715123],[29.8311652,-0.1714921],[29.8311263,-0.1714848],[29.8311009,-0.1714854],[29.8310774,-0.1714935],[29.8310606,-0.1715082],[29.8310459,-0.1715203],[29.8310237,-0.1715243],[29.8310003,-0.1715176],[29.8309104,-0.1715002],[29.8308735,-0.1715096],[29.8308481,-0.171523],[29.8308279,-0.1715619],[29.8308159,-0.1716035],[29.8308092,-0.1716309],[29.8307911,-0.1716591],[29.8307669,-0.1716779],[29.8307455,-0.1716786],[29.8307253,-0.1716712],[29.8307039,-0.1716645],[29.8306355,-0.1716504],[29.8305564,-0.1716222],[29.8305067,-0.1716068],[29.8304746,-0.1715867],[29.8304531,-0.1715672],[29.8304142,-0.1715163],[29.8303471,-0.1714117],[29.8302586,-0.1713124],[29.8302144,-0.1712682],[29.8301855,-0.1712454],[29.8301487,-0.1712239],[29.8301019,-0.1712093],[29.8300923,-0.1712078],[29.8300796,-0.1712098],[29.8300581,-0.1712145],[29.8300374,-0.1712186],[29.8300313,-0.1712169],[29.8300266,-0.1712145],[29.8300214,-0.1712103],[29.8300186,-0.1712065],[29.8300159,-0.1711783],[29.8300159,-0.1711528],[29.8300119,-0.1711193],[29.829977,-0.1710402],[29.8299341,-0.1709664],[29.8298831,-0.1709047],[29.8298281,-0.1708417],[29.8297665,-0.1707505],[29.8297182,-0.1706928],[29.8296806,-0.170662],[29.8296551,-0.1706365],[29.8296471,-0.1706137],[29.829627,-0.1705775],[29.8295894,-0.1705265],[29.8295023,-0.1704139],[29.8294164,-0.1702945],[29.8293628,-0.1702275],[29.8291965,-0.170029],[29.8290691,-0.1698895],[29.8290074,-0.1698171],[29.8289591,-0.1697782],[29.8289189,-0.1697581],[29.8289075,-0.1697494],[29.8289001,-0.1697353],[29.8288967,-0.1697152],[29.8288947,-0.1696978],[29.8288827,-0.1696723],[29.828766,-0.1695355],[29.8287003,-0.1694859],[29.828652,-0.1694403],[29.8286211,-0.1693987],[29.8285876,-0.169341],[29.8285608,-0.1692968],[29.8285112,-0.1692257],[29.8284146,-0.1690916],[29.8281571,-0.1687697],[29.8279077,-0.1685069],[29.8277561,-0.1683781],[29.8276623,-0.1683271],[29.8275442,-0.1683084],[29.8275151,-0.1683121],[29.8274986,-0.1683124],[29.8274909,-0.1683057],[29.8274799,-0.1682883],[29.8274564,-0.1682427],[29.8274128,-0.1681712],[29.8273712,-0.1681032],[29.827331,-0.1680093],[29.8273042,-0.167953],[29.8272639,-0.1678819],[29.8272277,-0.1677666],[29.8272049,-0.1676821],[29.82715,-0.1675882],[29.8270856,-0.1674702],[29.8270614,-0.1674266],[29.8270413,-0.1673911],[29.8269917,-0.1672999],[29.8269521,-0.1672355],[29.8269086,-0.1671738],[29.8268837,-0.1671356],[29.8268656,-0.1671121],[29.8267865,-0.1670276],[29.8267342,-0.1669807],[29.8266913,-0.1669364],[29.8266631,-0.1668908],[29.8266491,-0.1668633],[29.826639,-0.1668399],[29.8265867,-0.1667755],[29.826525,-0.1666984],[29.826466,-0.1666159],[29.8264137,-0.1665596],[29.8263453,-0.1664939],[29.8262608,-0.1664],[29.8261828,-0.1663239],[29.8261119,-0.1662444],[29.8258317,-0.1659293],[29.8256721,-0.1657603],[29.825487,-0.1655578],[29.8254333,-0.1655041],[29.8253636,-0.165421],[29.8252831,-0.1653405],[29.8252121,-0.1652815],[29.8251785,-0.1652587],[29.8251329,-0.1652171],[29.8250712,-0.1651595],[29.8249023,-0.1649905],[29.8247896,-0.1648792],[29.8246367,-0.1647558],[29.8244629,-0.1646305],[29.8243739,-0.1645466],[29.8242585,-0.1644594],[29.824048,-0.1642958],[29.8239005,-0.1641764],[29.8237288,-0.164049],[29.8236282,-0.1639874],[29.8235893,-0.1639646],[29.8235477,-0.1639605],[29.8235008,-0.1639766],[29.8234391,-0.1640343],[29.8233828,-0.1640785],[29.82336,-0.1640826],[29.8233359,-0.1640718],[29.8232688,-0.1640276],[29.8231991,-0.1639927],[29.823128,-0.1639605],[29.8230958,-0.1639431],[29.8230663,-0.163919],[29.8229818,-0.1638465],[29.8229013,-0.1637728],[29.8227766,-0.1636816],[29.8227297,-0.1636534],[29.8226063,-0.1635609],[29.8224896,-0.1634697],[29.8224145,-0.1634268],[29.8223448,-0.1634053],[29.8222616,-0.163408],[29.8221785,-0.1634295],[29.8221302,-0.1634751],[29.822098,-0.1635287],[29.8220524,-0.1635528],[29.8220108,-0.1635689],[29.8219599,-0.1635689],[29.8219129,-0.1635502],[29.8218137,-0.1634858],[29.8217171,-0.1633919],[29.821579,-0.1632725],[29.8215508,-0.1632618],[29.8214798,-0.1632216],[29.8213296,-0.1631076],[29.8211619,-0.1629829],[29.8210238,-0.1628984],[29.8209487,-0.1628649],[29.8208736,-0.1628273],[29.8208159,-0.1627991],[29.820714,-0.1627522],[29.8206376,-0.162716],[29.8205048,-0.1626664],[29.820431,-0.1626449],[29.8203532,-0.1626449],[29.8202822,-0.1626516],[29.8202205,-0.162653],[29.8201856,-0.1626516],[29.8201494,-0.1626328],[29.8201239,-0.1626154],[29.8200153,-0.1625604],[29.8199616,-0.1625524],[29.8199214,-0.1625604],[29.8198999,-0.1625698],[29.8198302,-0.1625712],[29.8196948,-0.1625792],[29.8196398,-0.1625832],[29.8196062,-0.1625752],[29.8195687,-0.1625457],[29.8195043,-0.1624733],[29.8194306,-0.1624075],[29.8193715,-0.1623499],[29.8193152,-0.1622976],[29.8192804,-0.1622882],[29.8192415,-0.1622895],[29.8192066,-0.1622842],[29.8191302,-0.162256],[29.8190671,-0.1622211],[29.8190242,-0.1621755],[29.8189625,-0.1621152],[29.8189263,-0.1620816],[29.8188914,-0.1620562],[29.8188069,-0.1620065],[29.8187184,-0.1619744],[29.8186876,-0.1619583],[29.8186769,-0.1619422],[29.8186393,-0.1618818],[29.8185615,-0.1617531],[29.8184918,-0.1616847],[29.8184489,-0.1616297],[29.8184033,-0.1615935],[29.8183832,-0.1615801],[29.8183604,-0.1615573],[29.8183443,-0.1615345],[29.8183349,-0.1615077],[29.8183161,-0.1614527],[29.818296,-0.1614218],[29.8182638,-0.1613856],[29.8182316,-0.1613494],[29.8182075,-0.1613052],[29.8181538,-0.161226],[29.8181082,-0.1611509],[29.8180626,-0.1610289],[29.818017,-0.1608988],[29.8179768,-0.1608063],[29.8179393,-0.1607392],[29.8179004,-0.1606668],[29.8178769,-0.1606192],[29.8178621,-0.1605883],[29.817846,-0.1605508],[29.8178145,-0.1604857],[29.8177461,-0.1603664],[29.8176885,-0.1602081],[29.8176422,-0.1600901],[29.8176046,-0.1600331],[29.8175845,-0.1599962],[29.8175738,-0.1599687],[29.8175664,-0.1599339],[29.817551,-0.1599017],[29.8175269,-0.1598554],[29.8175088,-0.1598045],[29.8174987,-0.159787],[29.8174497,-0.1597153],[29.8173874,-0.1596013],[29.8173049,-0.1594759],[29.8172721,-0.1594169],[29.8172197,-0.1593398],[29.8171762,-0.1592788],[29.817146,-0.1591876],[29.8171078,-0.1590635],[29.817034,-0.1589609],[29.8170005,-0.1588711],[29.8169804,-0.1587571],[29.8169616,-0.1586484],[29.8169267,-0.1584634],[29.8169187,-0.158403],[29.8169106,-0.1583708],[29.8168878,-0.1582971],[29.8168677,-0.1582407],[29.8168074,-0.1580812],[29.8167765,-0.1579967],[29.8167403,-0.1579028],[29.8166558,-0.1576922],[29.8165713,-0.1574964],[29.8165056,-0.1573784],[29.8164721,-0.1573033],[29.816405,-0.1571104],[29.8162937,-0.1569157],[29.8162253,-0.156791],[29.8161194,-0.1565952],[29.8160228,-0.1564021],[29.815937,-0.1562117],[29.815882,-0.1560735],[29.815776,-0.1558549],[29.8157365,-0.1557751],[29.8156359,-0.1555968],[29.815536,-0.1554767],[29.8154488,-0.1553225],[29.8153818,-0.155175],[29.8153496,-0.1550543],[29.8153549,-0.1549618],[29.8153777,-0.1548665],[29.8154515,-0.1547673],[29.8155454,-0.1546949],[29.8155963,-0.1546667],[29.8156258,-0.154652],[29.8156486,-0.1546345],[29.8156674,-0.1546064],[29.8156942,-0.1545165],[29.815705,-0.1543904],[29.8157009,-0.154251],[29.8156902,-0.1541598],[29.8156688,-0.1540458],[29.8156594,-0.1539626],[29.8156299,-0.1538258],[29.815595,-0.1536823],[29.8155709,-0.1535509],[29.8154944,-0.1532586],[29.8154394,-0.1530413],[29.8153791,-0.1528777],[29.8152503,-0.1525961],[29.8150653,-0.152183],[29.8149982,-0.1518155],[29.8149419,-0.1515205],[29.8149472,-0.1512576],[29.8150089,-0.1510672],[29.815025,-0.1509224],[29.8150304,-0.150748],[29.815013,-0.1506595],[29.8149875,-0.1505911],[29.814958,-0.1505173],[29.814958,-0.1504664],[29.81497,-0.1503966],[29.8149828,-0.150347],[29.8149962,-0.1503108],[29.8150156,-0.150284],[29.8150317,-0.1502699],[29.8150579,-0.1502599],[29.8152262,-0.1501955],[29.8155346,-0.1501526],[29.8157278,-0.1501311],[29.8159692,-0.1500694],[29.8161489,-0.1500104],[29.8163085,-0.1499179],[29.8164412,-0.1498173],[29.8167618,-0.149643],[29.8169965,-0.1495772],[29.8172204,-0.1495759],[29.8172808,-0.1495692],[29.8173344,-0.1495383],[29.8175007,-0.1494418],[29.8176885,-0.149254],[29.8177461,-0.1491749],[29.8178011,-0.1490824],[29.8179017,-0.1488732],[29.8180023,-0.1485178],[29.8181914,-0.1478579],[29.8182236,-0.1477386],[29.8182611,-0.1476568],[29.8183241,-0.1475106],[29.8183778,-0.1472933],[29.8184247,-0.1470546],[29.8184301,-0.146938],[29.8184489,-0.1468602],[29.8184784,-0.1468079],[29.8185347,-0.1466925],[29.8185487,-0.1466415],[29.8185562,-0.1465705],[29.8185816,-0.1465115],[29.8186246,-0.1464552],[29.8186567,-0.1463935],[29.8187265,-0.146254],[29.818764,-0.1461641],[29.8187788,-0.1460609],[29.8187962,-0.1459147],[29.8188123,-0.1457792],[29.8188257,-0.1457122],[29.8188472,-0.1456652],[29.8188673,-0.1455875],[29.8188847,-0.1455124],[29.8189089,-0.1454091],[29.8189367,-0.1453018],[29.8189367,-0.1452897],[29.8189323,-0.1452787],[29.8189276,-0.1452669],[29.8189092,-0.1452555],[29.8188934,-0.1452539],[29.8188733,-0.1452482],[29.8188649,-0.1452368],[29.8188613,-0.1452257],[29.8188589,-0.1452009],[29.8188566,-0.145098],[29.8188566,-0.1450363],[29.8188666,-0.1450014],[29.8188807,-0.1449813],[29.8189162,-0.1449424],[29.8189384,-0.1449062],[29.8189625,-0.1448385],[29.8189746,-0.1447721],[29.8189987,-0.1445776],[29.8190175,-0.1445146],[29.8190953,-0.144355],[29.8191449,-0.1442732],[29.8191851,-0.1441927],[29.8192227,-0.144119],[29.8192428,-0.1440358],[29.8192656,-0.1439419],[29.8192911,-0.1438642],[29.8193112,-0.1437958],[29.8193313,-0.1437381],[29.819452,-0.1435409],[29.81957,-0.1432915],[29.8197189,-0.1429723],[29.8197645,-0.1428637],[29.8198007,-0.1427899],[29.819845,-0.1427282],[29.8198852,-0.1426518],[29.8198932,-0.1425646],[29.8198879,-0.1424292],[29.8198691,-0.1423259],[29.8198409,-0.1422294],[29.81979,-0.1421127],[29.8197229,-0.1420268],[29.8196116,-0.1419558],[29.8195647,-0.1419129],[29.8195459,-0.1418646],[29.8195311,-0.1417452],[29.8195392,-0.1416621],[29.8195606,-0.1416312],[29.8195687,-0.1415964],[29.8195526,-0.1415494],[29.8194869,-0.1414703],[29.8194614,-0.1413804],[29.8194627,-0.1412799],[29.8194748,-0.1412182],[29.8194882,-0.1411699],[29.8194896,-0.1411424],[29.8194829,-0.1411203],[29.8194386,-0.1410867],[29.8194051,-0.1410572],[29.819391,-0.141013],[29.8193829,-0.1409607],[29.819393,-0.1409164],[29.8194118,-0.1408869],[29.8194359,-0.1408601],[29.8194587,-0.1408172],[29.8194634,-0.140791],[29.8194621,-0.1407769],[29.8194547,-0.1407541],[29.8194198,-0.1407347],[29.8193997,-0.1407253],[29.8193843,-0.1407072],[29.8193702,-0.1406348],[29.8193709,-0.1405744],[29.8193823,-0.1404443],[29.8194239,-0.1403008],[29.8194815,-0.1401909],[29.8195258,-0.1401144],[29.8195325,-0.1400273],[29.8195285,-0.1399589],[29.8195083,-0.1398985],[29.8194694,-0.1398368],[29.8194118,-0.1397993],[29.8193702,-0.1397765],[29.8192924,-0.1397483],[29.8192388,-0.1397134],[29.8192133,-0.1396638],[29.8192012,-0.1396102],[29.8192066,-0.1394975],[29.8192334,-0.139401],[29.8192468,-0.1393151],[29.819224,-0.1392199],[29.8191918,-0.1391824],[29.8191315,-0.139173],[29.8191114,-0.1391582],[29.8191047,-0.1391193],[29.8191181,-0.1390818],[29.8191369,-0.1390241],[29.8191395,-0.1389463],[29.8191248,-0.1389182],[29.8190832,-0.1388753],[29.8190215,-0.1388471],[29.8189987,-0.1388136],[29.818984,-0.1387747],[29.8189652,-0.1386754],[29.8189853,-0.138595],[29.8190269,-0.138489],[29.8190604,-0.1384139],[29.8191221,-0.138316],[29.8191315,-0.138249],[29.8191261,-0.1381672],[29.819102,-0.1381095],[29.8190618,-0.1380237],[29.8190081,-0.1378708],[29.8189437,-0.1377621],[29.8188378,-0.137628],[29.8187225,-0.137502],[29.8186661,-0.1374631],[29.8186192,-0.137447],[29.8185709,-0.1374403],[29.8185454,-0.1374121],[29.818528,-0.1373504],[29.8185132,-0.1372498],[29.8184931,-0.1369119],[29.8184784,-0.1367442],[29.8184663,-0.1366665],[29.8184475,-0.1366155],[29.8183818,-0.1365297],[29.8183107,-0.1363982],[29.8182692,-0.1362655],[29.8182517,-0.1361515],[29.8181941,-0.1360616],[29.8181109,-0.1359382],[29.8180036,-0.1357411],[29.8179366,-0.1356365],[29.8178226,-0.1354756],[29.8177622,-0.1353428],[29.8177059,-0.1352529],[29.817608,-0.1351336],[29.8175262,-0.1350545],[29.8174766,-0.1350402],[29.8174635,-0.1350369],[29.8174504,-0.1350342],[29.8174417,-0.1350303],[29.8174365,-0.1350246],[29.8174338,-0.1350169],[29.817431,-0.1350062],[29.8174337,-0.1349619],[29.817439,-0.1349043],[29.8174243,-0.1348412],[29.8173988,-0.1347943],[29.817258,-0.1346454],[29.817211,-0.1345703],[29.8171721,-0.1345019],[29.8171493,-0.1344362],[29.8171319,-0.1343772],[29.8170957,-0.1342833],[29.8170474,-0.1341854],[29.816971,-0.1340285],[29.8168261,-0.1338153],[29.8167014,-0.1336517],[29.8166317,-0.1335873],[29.8165968,-0.1335712],[29.8165753,-0.1335471],[29.8165485,-0.1334814],[29.8165123,-0.1334411],[29.8164828,-0.1333942],[29.8164493,-0.1333352],[29.8164225,-0.1332721],[29.8163433,-0.1331622],[29.8161972,-0.1329637],[29.8160188,-0.1327907],[29.8158807,-0.1326378],[29.8154059,-0.132163],[29.8150679,-0.131758],[29.8148024,-0.1315166],[29.8146602,-0.1313959],[29.8145342,-0.1311948],[29.8144135,-0.1309507],[29.8143518,-0.1307093],[29.8143411,-0.130551],[29.8143169,-0.1304491],[29.8142767,-0.1303526],[29.8141533,-0.1302171],[29.8140688,-0.1300991],[29.813987,-0.1299985],[29.8138985,-0.1298671],[29.8138019,-0.1297155],[29.8136625,-0.1295077],[29.8136182,-0.1294285],[29.8134989,-0.1292274],[29.8133594,-0.1290128],[29.8132709,-0.1288478],[29.813185,-0.1286842],[29.8131287,-0.1285515],[29.8130777,-0.1284576],[29.8129772,-0.1283248],[29.8129249,-0.1282618],[29.812839,-0.1281612],[29.8127063,-0.1280351],[29.8125789,-0.127948],[29.8125118,-0.1278675],[29.812438,-0.1277522],[29.8123696,-0.1276543],[29.8123133,-0.127555],[29.8122476,-0.1274048],[29.8122074,-0.127315],[29.8121336,-0.1272399],[29.8120639,-0.1271728],[29.8119928,-0.1271044],[29.8119378,-0.1269918],[29.811907,-0.126918],[29.8118775,-0.1268362],[29.8118278,-0.1267262],[29.8117299,-0.1266297],[29.8116468,-0.1265157],[29.8115127,-0.1263454],[29.8114657,-0.1262582],[29.8113812,-0.1261321],[29.8113303,-0.1260275],[29.8112753,-0.1259269],[29.8112183,-0.1257761],[29.8111955,-0.1256788],[29.8111821,-0.1256171],[29.811174,-0.1255903],[29.811162,-0.1255722],[29.8111385,-0.1255608],[29.8111224,-0.1255528],[29.8111057,-0.1255373],[29.8110989,-0.1255239],[29.8110969,-0.1255065],[29.8110983,-0.1254877],[29.8111036,-0.1254756],[29.8111258,-0.1254609],[29.8111479,-0.1254482],[29.8111566,-0.1254233],[29.8111492,-0.1253965],[29.8111197,-0.1253556],[29.8110795,-0.1252939],[29.8110339,-0.1252222],[29.8109923,-0.1251169],[29.8109293,-0.124968],[29.8108475,-0.1247776],[29.8107697,-0.1246261],[29.8107375,-0.1245516],[29.81071,-0.1245221],[29.8106839,-0.1244953],[29.8106483,-0.1244725],[29.8106262,-0.1244658],[29.8106108,-0.1244598],[29.8105907,-0.1244403],[29.8105739,-0.1244168],[29.8105726,-0.1243847],[29.8105799,-0.1243444],[29.8105759,-0.1243069],[29.8105726,-0.1242707],[29.8105444,-0.1242009],[29.8105263,-0.1241661],[29.8105068,-0.1241513],[29.8104908,-0.124152],[29.8104807,-0.124162],[29.8104566,-0.1241822],[29.8104317,-0.1241842],[29.810417,-0.1241748],[29.8104043,-0.1241527],[29.8104016,-0.1241164],[29.8103908,-0.1240695],[29.8103929,-0.1240527],[29.8103982,-0.1240333],[29.8104197,-0.1240051],[29.8104183,-0.123989],[29.8104143,-0.1239783],[29.8103989,-0.1239656],[29.8103748,-0.1239636],[29.8103406,-0.1239683],[29.810307,-0.1239602],[29.8102876,-0.1239387],[29.8102735,-0.1239106],[29.8102507,-0.1238878],[29.8102219,-0.1238657],[29.8101736,-0.1238033],[29.8101421,-0.1237738],[29.8101106,-0.1237537],[29.8100992,-0.1237429],[29.8100844,-0.1237222],[29.8100804,-0.1236967],[29.8100824,-0.1236799],[29.8100918,-0.1236605],[29.8100971,-0.1236357],[29.8100918,-0.1236115],[29.8100529,-0.1235713],[29.8100422,-0.1235324],[29.8100415,-0.1235015],[29.8100455,-0.1234586],[29.8100542,-0.1234365],[29.8100904,-0.1234124],[29.8101199,-0.1234077],[29.810134,-0.123401],[29.8101354,-0.1233808],[29.8101293,-0.1233674],[29.810124,-0.1233547],[29.8101079,-0.1233473],[29.8100596,-0.1233386],[29.8100368,-0.1233252],[29.8100127,-0.1233071],[29.8099966,-0.1232776],[29.8099939,-0.1232548],[29.8099992,-0.1232172],[29.8100046,-0.1231918],[29.8100073,-0.1231663],[29.8100013,-0.1231428],[29.8099858,-0.1231234],[29.8099677,-0.1231053],[29.8099624,-0.1230858],[29.8099657,-0.1230684],[29.809961,-0.1230395],[29.8099469,-0.1230127],[29.8099168,-0.1229973],[29.8098852,-0.1229953],[29.8098598,-0.1229953],[29.8098403,-0.1229866],[29.8098195,-0.1229698],[29.8098001,-0.1229369],[29.8097967,-0.1229115],[29.8097981,-0.12289],[29.8098115,-0.1228632],[29.8098383,-0.122835],[29.8098437,-0.1228122],[29.8098437,-0.1227867],[29.8098376,-0.1227686],[29.8098068,-0.1227338],[29.8097545,-0.1226989],[29.8097169,-0.1226875],[29.8097008,-0.1226788],[29.8096935,-0.122656],[29.8096935,-0.1226278],[29.8096962,-0.1226057],[29.8096888,-0.1225842],[29.8096693,-0.1225769],[29.8096519,-0.1225675],[29.8096445,-0.1225467],[29.8096479,-0.1225299],[29.8096626,-0.1225071],[29.8096734,-0.122487],[29.809676,-0.1224669],[29.809674,-0.1224481],[29.8095506,-0.1222496],[29.8093146,-0.1219009],[29.8091336,-0.121697],[29.8087701,-0.1213189],[29.8085609,-0.1211204],[29.8084536,-0.1210078],[29.808062,-0.120643],[29.8078474,-0.1204257],[29.8077321,-0.1203493],[29.8075792,-0.1202728],[29.8075122,-0.1202581],[29.8074692,-0.1202326],[29.8074558,-0.1201964],[29.8074451,-0.1201387],[29.807433,-0.1201079],[29.8074009,-0.1200918],[29.8073325,-0.1200757],[29.8072131,-0.1200489],[29.8071219,-0.12001],[29.8070401,-0.1199724],[29.807016,-0.1199483],[29.8069878,-0.1198933],[29.8068966,-0.1198276],[29.8068443,-0.1197914],[29.8067786,-0.1197726],[29.8066968,-0.1197686],[29.8066042,-0.1197324],[29.8064178,-0.1196291],[29.8063776,-0.1195983],[29.8063306,-0.1195902],[29.8062877,-0.1195902],[29.8062435,-0.1195862],[29.8062019,-0.1195688],[29.8061576,-0.1195379],[29.8059659,-0.1194293],[29.8058787,-0.1193944],[29.8057419,-0.1193783],[29.8056601,-0.1193542],[29.8056132,-0.1193193],[29.8055568,-0.1192871],[29.8054992,-0.1192871],[29.8054039,-0.1193166],[29.8051129,-0.1193059],[29.8050365,-0.1193073],[29.8049989,-0.1193005],[29.8049627,-0.1192818],[29.8048903,-0.1192321],[29.8048494,-0.119204],[29.8048253,-0.1191939],[29.8048072,-0.1191959],[29.8047904,-0.1192114],[29.8047622,-0.1192248],[29.8047253,-0.1192248],[29.8046891,-0.1192181],[29.8046643,-0.1192147],[29.8046422,-0.1192221],[29.804614,-0.1192415],[29.804602,-0.1192482],[29.8045751,-0.1192456],[29.8045175,-0.1192228],[29.8044786,-0.1192147],[29.8044504,-0.1192221],[29.804433,-0.1192389],[29.8044075,-0.1192503],[29.8043773,-0.1192536],[29.8042801,-0.1192301],[29.8042392,-0.1192114],[29.8042144,-0.1191966],[29.8041909,-0.1191772],[29.8041708,-0.1191718],[29.8041534,-0.1191745],[29.8041145,-0.1191939],[29.8040213,-0.1192415],[29.8039884,-0.1192697],[29.8039663,-0.1192731],[29.8039354,-0.1192684],[29.8039073,-0.119261],[29.8038778,-0.119259],[29.8038556,-0.119267],[29.803794,-0.1192871],[29.8036833,-0.1192737],[29.8035653,-0.119271],[29.8034875,-0.1192804],[29.8033909,-0.1192804],[29.8033386,-0.1192965],[29.803222,-0.1193461],[29.8031522,-0.1193555],[29.8030691,-0.1193837],[29.8030128,-0.1194347],[29.8029417,-0.1195031],[29.8028773,-0.1195647],[29.8027901,-0.119613],[29.802703,-0.1196586],[29.802538,-0.1197538],[29.8024294,-0.1198397],[29.8022604,-0.1199644],[29.8021571,-0.1200623],[29.8021062,-0.1201119],[29.8020418,-0.1201951],[29.8019935,-0.1202849],[29.8019613,-0.1203909],[29.8019345,-0.1205317],[29.8019224,-0.1206242],[29.8019157,-0.1207033],[29.8018929,-0.1207784],[29.8018728,-0.120812],[29.8018406,-0.1208415],[29.8017993,-0.1208512],[29.8016314,-0.1208763],[29.8014584,-0.1209005],[29.8012023,-0.1209447],[29.8010923,-0.1209689],[29.8009877,-0.120997],[29.800918,-0.1210011],[29.8008388,-0.1209997],[29.8007235,-0.1209662],[29.8006336,-0.1209233],[29.8005733,-0.1208911],[29.8005103,-0.120879],[29.8004539,-0.120879],[29.8003614,-0.1209058],[29.800297,-0.1209541],[29.8002635,-0.1210064],[29.8002407,-0.1210668],[29.80023,-0.1211177],[29.8002152,-0.1211285],[29.8001817,-0.1211285],[29.8001549,-0.1211097],[29.8001173,-0.1210681],[29.8000798,-0.1210145],[29.8000449,-0.120985],[29.7999752,-0.1209702],[29.7997968,-0.1209421],[29.7996587,-0.120926],[29.7994696,-0.1208991],[29.7993153,-0.1208884],[29.7991893,-0.1208911],[29.7991209,-0.1208951],[29.7990377,-0.1209058],[29.7989868,-0.1209219],[29.7989532,-0.1209421],[29.7989298,-0.1209716],[29.798907,-0.1209997],[29.7988848,-0.1210319],[29.7988527,-0.1210708],[29.7987977,-0.1211218],[29.7987749,-0.1211459],[29.7987185,-0.1212049],[29.7986796,-0.1212478],[29.7986542,-0.1212934],[29.7986233,-0.121343],[29.7985938,-0.1213927],[29.7985804,-0.1214128],[29.7985308,-0.1214624],[29.7985214,-0.1214785],[29.798508,-0.1215228],[29.7984892,-0.1215603],[29.7984181,-0.1216354],[29.7983377,-0.1217145],[29.7982773,-0.12174],[29.7982331,-0.1217628],[29.7981969,-0.1217829],[29.7981499,-0.1218245],[29.7981298,-0.1218419],[29.7981244,-0.121854],[29.7981231,-0.1218714],[29.7981365,-0.1218835],[29.7981419,-0.1218922],[29.7981419,-0.121905],[29.7981285,-0.1219271],[29.7981191,-0.1219304],[29.7981043,-0.1219278],[29.7980889,-0.1219284],[29.7980829,-0.1219325],[29.7980755,-0.1219486],[29.7980238,-0.1220511],[29.7979984,-0.1220907],[29.7979836,-0.1221162],[29.7979709,-0.1221611],[29.7979501,-0.1221873],[29.797881,-0.1222516],[29.7978495,-0.1222872],[29.7978274,-0.1223167],[29.7978012,-0.1223422],[29.7977798,-0.1223589],[29.7977342,-0.1223723],[29.7976993,-0.1223811],[29.7976664,-0.1223804],[29.797643,-0.122369],[29.7976208,-0.1223676],[29.7975974,-0.122371],[29.7975786,-0.1223844],[29.7975618,-0.1224039],[29.7975444,-0.1224427],[29.797527,-0.1224642],[29.7974177,-0.1225232],[29.7973748,-0.1225554],[29.7973426,-0.1225702],[29.7973278,-0.1225856],[29.7973178,-0.1225997],[29.797303,-0.1226171],[29.7972762,-0.1226278],[29.7972319,-0.1226352],[29.7972071,-0.1226352],[29.7971635,-0.1226365],[29.7971287,-0.1226399],[29.7971132,-0.1226473],[29.7971039,-0.1226613],[29.7970811,-0.1226808],[29.7970616,-0.1226915],[29.7970334,-0.1226915],[29.7969758,-0.1226902],[29.7969376,-0.1226982],[29.7969027,-0.1227197],[29.7968698,-0.1227586],[29.7968591,-0.1227753],[29.7968303,-0.1227874],[29.7968101,-0.1227874],[29.7967793,-0.1227928],[29.796723,-0.1228156],[29.7966801,-0.1228384],[29.7966465,-0.1228478],[29.7966143,-0.1228451],[29.7965862,-0.1228451],[29.796554,-0.1228665],[29.7964454,-0.1229497],[29.7963475,-0.1230047],[29.7962804,-0.1230597],[29.7962616,-0.1230865],[29.7962536,-0.12312],[29.7962375,-0.1231401],[29.7961999,-0.1231643],[29.7961611,-0.1231643],[29.7961074,-0.1231683],[29.7960283,-0.1232206],[29.7959988,-0.1232622],[29.7959666,-0.1233011],[29.7959103,-0.1233239],[29.7958057,-0.1233735],[29.7957185,-0.1234419],[29.7956863,-0.1234821],[29.7956488,-0.1235076],[29.7955991,-0.1235264],[29.7955562,-0.1235277],[29.7955026,-0.1235398],[29.7954623,-0.1235639],[29.7953899,-0.123639],[29.7953202,-0.123698],[29.7952893,-0.1237262],[29.7952665,-0.1237503],[29.7952236,-0.1237691],[29.7951807,-0.1237825],[29.7951418,-0.1238201],[29.7950828,-0.1238858],[29.7950211,-0.1239622],[29.7949527,-0.1240226],[29.794891,-0.1240588],[29.7948454,-0.1240655],[29.7947851,-0.1240789],[29.794706,-0.1241352],[29.7946255,-0.1241714],[29.7945423,-0.1242103],[29.794482,-0.1242358],[29.7944176,-0.1242734],[29.7943345,-0.1243498],[29.7942916,-0.1244048],[29.7942245,-0.1244745],[29.7942111,-0.1245147],[29.7942051,-0.1245322],[29.794199,-0.1245422],[29.7941869,-0.1245483],[29.7941682,-0.1245483],[29.794138,-0.1245456],[29.7941112,-0.1245483],[29.7940857,-0.1245597],[29.7940676,-0.1245738],[29.7940508,-0.1245905],[29.7940455,-0.1246066],[29.7940441,-0.1246247],[29.7940468,-0.1246569],[29.7940401,-0.1246777],[29.7940253,-0.1246998],[29.7940093,-0.1247139],[29.7939704,-0.124728],[29.7939335,-0.1247394],[29.7939026,-0.1247602],[29.7938597,-0.1247971],[29.7938242,-0.1248326],[29.793792,-0.1248755],[29.793743,-0.1249593],[29.7937115,-0.1249962],[29.7936686,-0.125025],[29.7936391,-0.1250478],[29.7936136,-0.1250646],[29.7935741,-0.1251001],[29.7935258,-0.1251551],[29.7934882,-0.1252061],[29.7934782,-0.1252289],[29.7934688,-0.1252376],[29.7934373,-0.1252564],[29.7933528,-0.1252939],[29.7932589,-0.1253851],[29.7932321,-0.1254575],[29.7931731,-0.1255514],[29.7931114,-0.1255943],[29.79298,-0.1256721],[29.792878,-0.1257499],[29.7927949,-0.1259055],[29.7927412,-0.1259913],[29.7926339,-0.1260946],[29.7925146,-0.1262206],[29.7924274,-0.1263091],[29.7923523,-0.1263842],[29.792304,-0.1264111],[29.7922397,-0.1264821],[29.7921941,-0.1265358],[29.7921605,-0.1266015],[29.7921284,-0.1266672],[29.7920023,-0.1268174],[29.7919446,-0.1269046],[29.7918709,-0.1270092],[29.7917689,-0.1271326],[29.7917166,-0.1271889],[29.7916402,-0.1272855],[29.7915369,-0.1274464],[29.7914256,-0.1275886],[29.7913626,-0.1276637],[29.7913036,-0.1277508],[29.7912633,-0.1277978],[29.791254,-0.1278206],[29.7912446,-0.1278675],[29.7912231,-0.1278957],[29.7911949,-0.1279131],[29.791148,-0.1279319],[29.7910997,-0.1279721],[29.7910608,-0.1280365],[29.791026,-0.1280566],[29.7909053,-0.1280995],[29.7907537,-0.1281451],[29.7907256,-0.1281599],[29.7907121,-0.128176],[29.7906826,-0.1282148],[29.7906464,-0.1282269],[29.7905552,-0.1282497],[29.7904949,-0.1282618],[29.7904252,-0.1283127],[29.7903192,-0.1284174],[29.7902481,-0.128463],[29.7902052,-0.1285126],[29.7901073,-0.1286185],[29.7900309,-0.1287003],[29.7898176,-0.1288519],[29.7897586,-0.1289149],[29.7897452,-0.1289565],[29.7897103,-0.1290061],[29.7896406,-0.1290839],[29.789591,-0.1291442],[29.7895387,-0.1291898],[29.7895159,-0.1292059],[29.7894837,-0.1292073],[29.7894569,-0.1292274],[29.7894394,-0.1292676],[29.7894207,-0.1292958],[29.7893791,-0.1293226],[29.7892544,-0.1293803],[29.7892262,-0.1294205],[29.7892155,-0.1294433],[29.7891846,-0.1294648],[29.7890934,-0.1295171],[29.7888842,-0.1297464],[29.7886911,-0.1300039],[29.788557,-0.1301863],[29.7885355,-0.1302171],[29.7885275,-0.1302386],[29.7885275,-0.1302721],[29.7885194,-0.1303043],[29.788498,-0.1303204],[29.7884577,-0.1303244],[29.7884242,-0.1303177],[29.7884028,-0.1303257],[29.7883679,-0.1303727],[29.7883049,-0.1305417],[29.7882512,-0.1306543],[29.7882164,-0.130724],[29.7881627,-0.1308018],[29.7881412,-0.1308461],[29.7881292,-0.1308743],[29.7881104,-0.130889],[29.7880849,-0.130897],[29.7880695,-0.1309051],[29.7880615,-0.1309165],[29.7880628,-0.1309326],[29.7880648,-0.1309507],[29.7880645,-0.1309591],[29.7880621,-0.1309668],[29.7880554,-0.1309742],[29.7880454,-0.1309802],[29.7880336,-0.1309846],[29.7880206,-0.1309869],[29.7880092,-0.1309879],[29.7879951,-0.1309869],[29.7879847,-0.1309839],[29.7879753,-0.1309772],[29.7879666,-0.1309695],[29.7879595,-0.1309681],[29.7879545,-0.1309706],[29.7879506,-0.1309735],[29.7879347,-0.1309916],[29.78792,-0.1310157],[29.7879066,-0.1310392],[29.7879019,-0.1310714],[29.7879119,-0.1311083],[29.7879119,-0.1311452],[29.7879059,-0.1311586],[29.7878898,-0.1311653],[29.7878234,-0.1311773],[29.7877503,-0.1312203],[29.7877215,-0.1312665],[29.7876973,-0.1313128],[29.7876947,-0.1313678],[29.7876933,-0.1313973],[29.7876732,-0.1314335],[29.7876196,-0.131459],[29.7875793,-0.1314697],[29.7875512,-0.1314563],[29.7875257,-0.1314308],[29.7875042,-0.1314281],[29.7874787,-0.1314415],[29.7874613,-0.1314831],[29.7874533,-0.1315502],[29.7874439,-0.1316038],[29.7874345,-0.1316494],[29.7874023,-0.1316843],[29.7873607,-0.1317031],[29.787299,-0.1317124],[29.7872575,-0.1317031],[29.7872172,-0.1316615],[29.787181,-0.1316025],[29.7871488,-0.1315421],[29.7871327,-0.1314791],[29.7871368,-0.1314241],[29.7871408,-0.1313879],[29.7871421,-0.1313195],[29.7871529,-0.1312645],[29.7871569,-0.131227],[29.7871462,-0.1311909],[29.7870979,-0.1311317],[29.7869919,-0.1310312],[29.7868605,-0.1309534],[29.7867572,-0.1309118],[29.7866312,-0.1308407],[29.7865789,-0.1308179],[29.7865359,-0.1308059],[29.7864863,-0.1307884],[29.7864313,-0.1307603],[29.7864045,-0.1307428],[29.7863804,-0.1306972],[29.7863026,-0.130535],[29.7862034,-0.1303593],[29.7861055,-0.1302091],[29.7859325,-0.1299905],[29.7856884,-0.1297343],[29.7856455,-0.129674],[29.7855717,-0.1295747],[29.785518,-0.1295144],[29.7854376,-0.1294205],[29.7854188,-0.1293762],[29.7853973,-0.129336],[29.7852042,-0.1290799],[29.7851586,-0.129045],[29.7851197,-0.1290235],[29.7850956,-0.1289873],[29.7850701,-0.1289417],[29.7850473,-0.1289042],[29.7849964,-0.1288505],[29.7849561,-0.1287848],[29.7849159,-0.1287271],[29.7848059,-0.1286185],[29.7846946,-0.1284522],[29.7846477,-0.1284053],[29.7846061,-0.128361],[29.7845645,-0.1283342],[29.784527,-0.1282967],[29.7844371,-0.1281625],[29.7843365,-0.1280231],[29.7843191,-0.1279828],[29.7842883,-0.1279171],[29.7842319,-0.1278621],[29.7842051,-0.1278279],[29.7841904,-0.1277991],[29.7841796,-0.1277548],[29.7841642,-0.1276616],[29.7841481,-0.1275718],[29.7841287,-0.1275215],[29.7840844,-0.1274652],[29.7839878,-0.127382],[29.7839315,-0.1273418],[29.783906,-0.1272975],[29.7838926,-0.1272399],[29.7838698,-0.1271634],[29.7838417,-0.1271192],[29.7836646,-0.1269247],[29.7835024,-0.1267544],[29.7834662,-0.1267088],[29.7834474,-0.1266659],[29.7834326,-0.1266136],[29.7834072,-0.1265613],[29.7833602,-0.1265264],[29.7833388,-0.126521],[29.783316,-0.1265217],[29.7833046,-0.1265163],[29.7832979,-0.1265029],[29.7832938,-0.1264647],[29.7832952,-0.1264292],[29.7832925,-0.1263755],[29.7832744,-0.1263138],[29.783214,-0.1261831],[29.7831483,-0.1261066],[29.7830652,-0.1260315],[29.7830236,-0.1259873],[29.7829914,-0.1259242],[29.7829579,-0.1258518],[29.7829083,-0.1257968],[29.7828748,-0.1257509],[29.7827835,-0.1256453],[29.7827272,-0.1255742],[29.7826253,-0.125471],[29.7825569,-0.1254093],[29.7825046,-0.1253771],[29.7824898,-0.125357],[29.7824898,-0.1253435],[29.7824992,-0.1253228],[29.7825086,-0.1253087],[29.7825086,-0.1252966],[29.7824979,-0.1252738],[29.7824107,-0.1251947],[29.7822699,-0.1250525],[29.7822323,-0.1250244],[29.7822176,-0.1250177],[29.7822131,-0.1250138],[29.7822119,-0.1250079],[29.7822122,-0.1250002],[29.7822136,-0.1249922],[29.7822136,-0.1249821],[29.7822127,-0.1249731],[29.7822095,-0.1249667],[29.7822007,-0.1249526],[29.7821943,-0.1249452],[29.7821854,-0.1249412],[29.7821358,-0.1249184],[29.7820902,-0.1248916],[29.7820231,-0.1248366],[29.7819507,-0.1247635],[29.7818709,-0.1246978],[29.781824,-0.1246401],[29.7817408,-0.1245597],[29.781659,-0.1244799],[29.7813942,-0.1242278],[29.7813472,-0.1241728],[29.7812614,-0.1240869],[29.781142,-0.123981],[29.7810066,-0.1238362],[29.7809328,-0.1237664],[29.7808631,-0.1237034],[29.7808121,-0.1236524],[29.7806686,-0.1235451],[29.7805989,-0.1234982],[29.7804943,-0.1234714],[29.7803172,-0.1234673],[29.7801657,-0.123466],[29.7801027,-0.1234513],[29.7800665,-0.1234097],[29.7800383,-0.1233386],[29.7800115,-0.1232729],[29.7799176,-0.1231267],[29.7797245,-0.1228773],[29.7794214,-0.1224883],[29.7792819,-0.1223676],[29.7791854,-0.1222818],[29.779129,-0.1222121],[29.7791183,-0.1221611],[29.779121,-0.1221195],[29.7791223,-0.1220659],[29.7791022,-0.1220109],[29.7790754,-0.121976],[29.7790459,-0.1219559],[29.7790137,-0.1219224],[29.7789855,-0.1218674],[29.7789574,-0.1217816],[29.7789332,-0.1216837],[29.7789305,-0.1216408],[29.7789413,-0.1215885],[29.778952,-0.1215429],[29.7789413,-0.1214731],[29.7788943,-0.1213256],[29.7788621,-0.1212451],[29.7788112,-0.1211459],[29.7787656,-0.1210923],[29.7786798,-0.121048],[29.7786516,-0.1210225],[29.7786181,-0.1209783],[29.77861,-0.1209434],[29.77861,-0.1209099],[29.7785926,-0.1208589],[29.7785349,-0.1207141],[29.7784826,-0.1205826],[29.7784585,-0.1205263],[29.7784343,-0.1204901],[29.7784075,-0.120466],[29.7783988,-0.1204458],[29.7783968,-0.1204257],[29.7784021,-0.120407],[29.7784169,-0.1203909],[29.778437,-0.1203372],[29.7784625,-0.1202313],[29.7784598,-0.1201079],[29.7784585,-0.1199912],[29.7784545,-0.1199268],[29.7784343,-0.1198638],[29.7784089,-0.1198182],[29.7783887,-0.1197646],[29.7783753,-0.1197297],[29.7783405,-0.1196975],[29.778323,-0.1196626],[29.778327,-0.119617],[29.7783284,-0.1195701],[29.7783042,-0.1195111],[29.77826,-0.1194561],[29.7782426,-0.1194065],[29.7782144,-0.1193099],[29.7781353,-0.1191651],[29.7780696,-0.1190323],[29.7780038,-0.1189438],[29.7778603,-0.1187239],[29.7777826,-0.1185951],[29.7776847,-0.1184744],[29.7776189,-0.1184087],[29.7775613,-0.118339],[29.7775465,-0.1182907],[29.7774996,-0.1182075],[29.7774379,-0.1181311],[29.7773802,-0.1180721],[29.7773212,-0.1180426],[29.7772857,-0.1180392],[29.7772669,-0.1180305],[29.7772582,-0.1180171],[29.7772528,-0.118001],[29.7772555,-0.1179715],[29.7772682,-0.1179474],[29.7772743,-0.1179219],[29.7772756,-0.1179058],[29.7772689,-0.117889],[29.7771791,-0.1177154],[29.7771589,-0.1176657],[29.7771227,-0.1175987],[29.7770785,-0.1175129],[29.7770382,-0.117478],[29.7770114,-0.1174431],[29.7769967,-0.1174364],[29.7769792,-0.1174391],[29.7769732,-0.1174538],[29.7769678,-0.117472],[29.7769517,-0.11748],[29.7769323,-0.11748],[29.7768934,-0.1174766],[29.7768746,-0.1174713],[29.7768652,-0.1174545],[29.7768612,-0.1174371],[29.7768652,-0.1174089],[29.7768726,-0.1173928],[29.7768921,-0.1173861],[29.7769162,-0.1173901],[29.776939,-0.1173861],[29.7769544,-0.1173801],[29.7769672,-0.1173673],[29.7769692,-0.1173533],[29.7769658,-0.117313],[29.7769383,-0.1172507],[29.7768927,-0.1171742],[29.7768116,-0.1170877],[29.7767687,-0.1170502],[29.7767539,-0.1170381],[29.7767378,-0.1170247],[29.7767274,-0.1170203],[29.7767177,-0.117022],[29.7766963,-0.1170314],[29.7766805,-0.1170324],[29.7766674,-0.1170327],[29.776657,-0.1170264],[29.776651,-0.1170153],[29.7766473,-0.1169999],[29.7766473,-0.1169721],[29.776647,-0.1169603],[29.7766393,-0.1169449],[29.7766279,-0.1169315],[29.776585,-0.1168926],[29.7765487,-0.1168544],[29.7765212,-0.1168403],[29.7764884,-0.116845],[29.7764616,-0.1168497],[29.7764233,-0.1168524],[29.7763959,-0.1168497],[29.7763824,-0.1168376],[29.7763798,-0.1168175],[29.7763851,-0.1168027],[29.7764032,-0.1167927],[29.7764294,-0.116784],[29.7764508,-0.1167806],[29.7764609,-0.1167732],[29.7764632,-0.1167628],[29.7764602,-0.1167478],[29.7764428,-0.1167075],[29.7764254,-0.1166854],[29.7764126,-0.1166774],[29.7764039,-0.1166753],[29.7763979,-0.1166794],[29.7763905,-0.1166988],[29.7763798,-0.1167162],[29.7763633,-0.1167243],[29.7763496,-0.116725],[29.7763332,-0.1167243],[29.7763161,-0.1167209],[29.7762983,-0.1167156],[29.7762845,-0.1167055],[29.7762738,-0.1166881],[29.7762621,-0.1166653],[29.7762597,-0.1166499],[29.7762584,-0.1166338],[29.7762587,-0.1166177],[29.7762664,-0.1166076],[29.7762825,-0.1165942],[29.7762906,-0.1165862],[29.7762946,-0.1165805],[29.7762946,-0.1165727],[29.7762852,-0.1165526],[29.7762591,-0.1165225],[29.7761612,-0.1164272],[29.7760975,-0.1163676],[29.7760733,-0.1163461],[29.7760586,-0.1163394],[29.7760502,-0.1163344],[29.7760391,-0.1163327],[29.7760297,-0.1163344],[29.7760244,-0.1163391],[29.7760069,-0.1163555],[29.7759831,-0.1163806],[29.7759687,-0.1163917],[29.7759546,-0.1163967],[29.7759315,-0.1163971],[29.7759157,-0.116393],[29.7758986,-0.116383],[29.7758846,-0.1163645],[29.7758799,-0.1163531],[29.7758799,-0.1163391],[29.7758866,-0.116329],[29.7758996,-0.1163159],[29.7759224,-0.1163005],[29.7759312,-0.1162948],[29.7759352,-0.1162878],[29.7759349,-0.1162764],[29.7759292,-0.1162549],[29.7759017,-0.1162328],[29.7758882,-0.11622],[29.7758668,-0.1161912],[29.7758353,-0.1161402],[29.7758232,-0.1161208],[29.7757964,-0.1161027],[29.7757649,-0.1160893],[29.7757387,-0.1160826],[29.7757159,-0.1160772],[29.7757038,-0.1160571],[29.7757032,-0.116037],[29.7757146,-0.1160115],[29.7757166,-0.1159981],[29.7757126,-0.11598],[29.7756924,-0.1159364],[29.7756254,-0.115819],[29.7755275,-0.1156876],[29.7755127,-0.1156735],[29.775505,-0.1156695],[29.7754943,-0.1156695],[29.7754869,-0.1156712],[29.7754742,-0.1156762],[29.7754581,-0.1156802],[29.7754457,-0.1156776],[29.7754343,-0.1156715],[29.7754296,-0.1156635],[29.7754272,-0.1156528],[29.7754282,-0.115642],[29.7754313,-0.115631],[29.775437,-0.1156239],[29.7754618,-0.1156051],[29.7754638,-0.1156011],[29.7754638,-0.1155904],[29.7754484,-0.1155649],[29.775435,-0.1155461],[29.7753713,-0.1154556],[29.7753485,-0.1154207],[29.7753283,-0.1153845],[29.7753176,-0.1153778],[29.7752935,-0.1153792],[29.775268,-0.1153738],[29.7752358,-0.115343],[29.7752304,-0.1153228],[29.7752358,-0.115296],[29.7752626,-0.1152699],[29.7752774,-0.1152464],[29.7752827,-0.1152276],[29.7752848,-0.1152062],[29.775278,-0.1151881],[29.7752539,-0.1151599],[29.7752351,-0.1151351],[29.7752294,-0.1151309],[29.7752234,-0.1151294],[29.7752143,-0.115129],[29.7752043,-0.1151324],[29.7751929,-0.1151465],[29.7751708,-0.1151572],[29.7751486,-0.1151572],[29.7751366,-0.1151512],[29.7751218,-0.1151371],[29.7751178,-0.1151257],[29.7751188,-0.115116],[29.7751228,-0.1151069],[29.7751265,-0.1150982],[29.7751372,-0.1150902],[29.7751527,-0.1150841],[29.7751594,-0.1150754],[29.77516,-0.1150566],[29.775154,-0.1150037],[29.7751345,-0.1149628],[29.7750668,-0.1148642],[29.7750252,-0.1148146],[29.7749783,-0.1147824],[29.7749501,-0.114771],[29.7749414,-0.1147703],[29.7749294,-0.1147757],[29.7749257,-0.1147891],[29.774929,-0.1148035],[29.7749327,-0.1148179],[29.77493,-0.1148296],[29.7749223,-0.1148384],[29.7749072,-0.1148461],[29.7748915,-0.1148488],[29.7748744,-0.1148481],[29.7748566,-0.11484],[29.7748509,-0.1148307],[29.7748435,-0.1148193],[29.7748402,-0.1148065],[29.7748402,-0.1147864],[29.7748455,-0.1147763],[29.7748459,-0.1147592],[29.7748462,-0.1147519],[29.7748419,-0.1147391],[29.7748345,-0.1147341],[29.7748254,-0.1147254],[29.7748174,-0.1146952],[29.7748248,-0.1146764],[29.7748382,-0.1146717],[29.7748563,-0.1146737],[29.7748704,-0.1146664],[29.7748824,-0.1146489],[29.7748771,-0.1146255],[29.774859,-0.1146074],[29.7748422,-0.1146074],[29.7748221,-0.1146134],[29.7747664,-0.1146281],[29.7747416,-0.1146248],[29.7747262,-0.1146167],[29.7747201,-0.1146027],[29.7747289,-0.1145832],[29.7747416,-0.1145678],[29.7747631,-0.1145544],[29.7748006,-0.1145175],[29.7748207,-0.1144531],[29.7748348,-0.1144075],[29.7748321,-0.1143599],[29.7748127,-0.1143271],[29.7747865,-0.1142842],[29.7747523,-0.1142419],[29.7747034,-0.1142137],[29.7746417,-0.1141842],[29.7745974,-0.1141655],[29.7745371,-0.1141574],[29.7744526,-0.1141655],[29.7743601,-0.1141547],[29.7742997,-0.1141386],[29.7742581,-0.1141091],[29.7742327,-0.1140729],[29.7742273,-0.1140153],[29.774242,-0.1139455],[29.7742474,-0.1138423],[29.774238,-0.113747],[29.7741884,-0.1135271],[29.7741562,-0.1133863],[29.7741495,-0.1133005],[29.7741535,-0.1132361],[29.774171,-0.113157],[29.7741857,-0.1130939],[29.7741918,-0.1130624],[29.7741964,-0.1130316],[29.7741897,-0.1130047],[29.7741823,-0.1129887],[29.774169,-0.1129752],[29.7741495,-0.1129665],[29.7741287,-0.1129538],[29.7741234,-0.1129317],[29.774128,-0.1129182],[29.7741495,-0.1129048],[29.774175,-0.1128968],[29.7742045,-0.1128874],[29.7742179,-0.1128753],[29.7742246,-0.1128445],[29.7742179,-0.1128123],[29.7741951,-0.1127935],[29.7741844,-0.112764],[29.7741804,-0.1127385],[29.7741844,-0.1126608],[29.7741998,-0.1126299],[29.7742394,-0.1125843],[29.7742608,-0.1125253],[29.7742581,-0.1124609],[29.774242,-0.1123925],[29.7741871,-0.1122611],[29.7741622,-0.1122108],[29.7741441,-0.1121531],[29.7741321,-0.1120908],[29.7741307,-0.1120499],[29.7741361,-0.1120063],[29.7741508,-0.1119594],[29.7741824,-0.1118682],[29.7742018,-0.1117971],[29.7742112,-0.1117153],[29.7742313,-0.1115986],[29.774242,-0.1115034],[29.7742353,-0.1114517],[29.7742072,-0.1113036],[29.7741891,-0.1112533],[29.7741656,-0.111203],[29.774128,-0.1111306],[29.7740677,-0.1109736],[29.7740033,-0.1108436],[29.7739879,-0.1108134],[29.7739644,-0.1107685],[29.773949,-0.1107463],[29.7739001,-0.1106739],[29.7738484,-0.1106209],[29.7738142,-0.1105941],[29.7737901,-0.1105686],[29.7737559,-0.1105257],[29.7737432,-0.1104908],[29.7737438,-0.110456],[29.7737626,-0.1104278],[29.7737854,-0.110409],[29.7737887,-0.110399],[29.7737834,-0.1103534],[29.7737713,-0.1103178],[29.7737673,-0.1103105],[29.7737624,-0.1103071],[29.7737579,-0.1103058],[29.7737535,-0.1103054],[29.7737489,-0.1103061],[29.7737401,-0.1103088],[29.7737253,-0.1103164],[29.7737083,-0.1103219],[29.7736959,-0.110323],[29.7736885,-0.1103229],[29.7736823,-0.1103212],[29.7736779,-0.1103177],[29.7736749,-0.1103143],[29.7736714,-0.1103091],[29.7736702,-0.1103031],[29.7736707,-0.1102974],[29.7736734,-0.1102917],[29.7736875,-0.1102716],[29.7737073,-0.1102511],[29.7737143,-0.1102401],[29.7737193,-0.110229],[29.7737214,-0.1102183],[29.7737204,-0.1102085],[29.7737076,-0.1101717],[29.7736721,-0.1100684],[29.7736479,-0.1099517],[29.7736332,-0.1098605],[29.7735943,-0.1097492],[29.7735581,-0.1096741],[29.7735018,-0.1095809],[29.773426,-0.1094723],[29.7733328,-0.1093536],[29.7732979,-0.109312],[29.7732624,-0.1092906],[29.7732034,-0.1092517],[29.7731256,-0.1091672],[29.7730377,-0.1090599],[29.7730015,-0.1089982],[29.772964,-0.1089674],[29.7728875,-0.1089124],[29.7728325,-0.1088628],[29.7727615,-0.1088024],[29.7726582,-0.1086857],[29.772622,-0.1086227],[29.7725871,-0.1085476],[29.7725724,-0.1084618],[29.772575,-0.1084001],[29.7725697,-0.1083518],[29.7725563,-0.1083102],[29.7725093,-0.108223],[29.7724383,-0.108156],[29.7723846,-0.1081131],[29.7723457,-0.1080232],[29.7722881,-0.1079334],[29.7722585,-0.1078837],[29.7722465,-0.1078381],[29.7722465,-0.1077993],[29.7722626,-0.1077684],[29.7722679,-0.1077161],[29.7722532,-0.1076719],[29.7722183,-0.1076303],[29.7721808,-0.1075672],[29.7721392,-0.1074707],[29.7719447,-0.1071542],[29.7717825,-0.1069262],[29.7716859,-0.1067975],[29.7716054,-0.1066996],[29.7715411,-0.1066218],[29.7714539,-0.1065467],[29.7713935,-0.1064729],[29.7712849,-0.1063039],[29.7711521,-0.1061282],[29.7711146,-0.1060652],[29.7710462,-0.1059713],[29.7709671,-0.1059083],[29.7708759,-0.1058399],[29.7708102,-0.1057742],[29.7707444,-0.1056629],[29.7705808,-0.1053893],[29.7705299,-0.1053061],[29.770444,-0.105164],[29.7702992,-0.1049601],[29.7702241,-0.1048475],[29.7701436,-0.1047],[29.7700605,-0.1045296],[29.7699907,-0.1044157],[29.7699478,-0.1043312],[29.7699063,-0.1042722],[29.7698721,-0.104238],[29.7698596,-0.1042252],[29.7698479,-0.1042185],[29.7698355,-0.1042175],[29.7698241,-0.1042195],[29.769813,-0.1042232],[29.769799,-0.1042316],[29.7697708,-0.1042494],[29.7697537,-0.1042581],[29.7697346,-0.1042628],[29.7697168,-0.1042651],[29.7697011,-0.1042628],[29.769684,-0.1042554],[29.7696783,-0.1042453],[29.7696769,-0.1042326],[29.7696776,-0.1042235],[29.7696823,-0.1042142],[29.7696957,-0.1042011],[29.7697115,-0.104192],[29.769742,-0.1041823],[29.7697788,-0.1041783],[29.7698124,-0.1041622],[29.7698238,-0.1041515],[29.7698325,-0.1041394],[29.7698399,-0.1041283],[29.7698439,-0.1041159],[29.7698459,-0.1040992],[29.7698338,-0.1040308],[29.7698271,-0.1040116],[29.7698043,-0.1039681],[29.7697745,-0.1039164],[29.7696327,-0.103725],[29.7695415,-0.1036003],[29.7693779,-0.1034273],[29.769288,-0.103316],[29.7692236,-0.1032234],[29.76917,-0.1031121],[29.7690909,-0.1030021],[29.7689567,-0.1028291],[29.768828,-0.1026548],[29.7687462,-0.1025649],[29.768706,-0.1025113],[29.7686751,-0.102455],[29.768655,-0.1023544],[29.7686228,-0.1022793],[29.7685893,-0.1022256],[29.7685115,-0.1020915],[29.7684672,-0.1020298],[29.768431,-0.1020084],[29.7684123,-0.1019735],[29.7684123,-0.1019158],[29.7684042,-0.1018434],[29.7683868,-0.1017871],[29.7683519,-0.1017415],[29.76825,-0.101594],[29.7681588,-0.1014558],[29.7681145,-0.1013915],[29.7680931,-0.1013606],[29.768081,-0.1013164],[29.7680596,-0.1012641],[29.7679858,-0.1011407],[29.767743,-0.1008483],[29.7676425,-0.1007048],[29.7674842,-0.1005358],[29.7672951,-0.1003079],[29.76711,-0.1000812],[29.7670403,-0.1000101],[29.7669746,-0.0999189],[29.766866,-0.0997218],[29.7667949,-0.0996118],[29.7667694,-0.0995448],[29.7667533,-0.0994522],[29.766748,-0.0993637],[29.7667198,-0.0992993],[29.7666232,-0.0991384],[29.7666045,-0.0990955],[29.766583,-0.0990727],[29.7665481,-0.0990539],[29.7664797,-0.0990258],[29.7664194,-0.099011],[29.7663966,-0.0989902],[29.7663899,-0.0989735],[29.7663899,-0.0989373],[29.7664019,-0.0989024],[29.7664475,-0.0988769],[29.7665039,-0.0988675],[29.7665428,-0.0988541],[29.7665629,-0.0988286],[29.766579,-0.0987656],[29.7665669,-0.0986972],[29.76652,-0.0986194],[29.766473,-0.0985577],[29.7664073,-0.098492],[29.766351,-0.0984263],[29.7662598,-0.0982895],[29.7661699,-0.098146],[29.7660841,-0.0980575],[29.7659916,-0.0979422],[29.765958,-0.0978764],[29.7659326,-0.0977745],[29.7659205,-0.097682],[29.7659124,-0.0976096],[29.7658937,-0.0975271],[29.7658762,-0.0974801],[29.7658528,-0.097456],[29.7658266,-0.0974439],[29.7658011,-0.0974399],[29.765781,-0.0974433],[29.7657401,-0.0974587],[29.7657005,-0.0974728],[29.7656751,-0.0974687],[29.765661,-0.0974573],[29.7656516,-0.0974339],[29.7656556,-0.0974158],[29.765663,-0.0974024],[29.7656717,-0.0973809],[29.7656722,-0.097371],[29.7656704,-0.0973645],[29.7656665,-0.0973613],[29.7656623,-0.0973581],[29.7656541,-0.0973578],[29.7656476,-0.0973599],[29.7656436,-0.097363],[29.7656397,-0.0973687],[29.7656342,-0.0973782],[29.7656258,-0.0973873],[29.765614,-0.0973963],[29.7656032,-0.0974014],[29.7655928,-0.0974019],[29.7655839,-0.097397],[29.7655658,-0.0973816],[29.7655584,-0.0973621],[29.765557,-0.0973427],[29.7655611,-0.0973145],[29.7655745,-0.0973024],[29.7655959,-0.0972703],[29.7656013,-0.0972528],[29.7656094,-0.097222],[29.7656053,-0.0971952],[29.7655872,-0.097169],[29.7655349,-0.0971073],[29.7655081,-0.0970845],[29.7654685,-0.0970718],[29.7654162,-0.0970637],[29.7653626,-0.0970396],[29.7653317,-0.0970114],[29.7652875,-0.0969725],[29.7652633,-0.096931],[29.7652493,-0.0969021],[29.7652285,-0.0968854],[29.7651386,-0.0968317],[29.7650769,-0.0967888],[29.764971,-0.0966815],[29.7649395,-0.096646],[29.7649059,-0.096593],[29.7648456,-0.0965394],[29.7647826,-0.0964985],[29.7647484,-0.0964723],[29.7646981,-0.0964334],[29.764578,-0.0963382],[29.7644962,-0.0962846],[29.7644506,-0.0962517],[29.7644376,-0.0962473],[29.7644221,-0.096249],[29.7644071,-0.0962524],[29.7643869,-0.0962658],[29.7643735,-0.0962825],[29.7643474,-0.096312],[29.7643239,-0.0963281],[29.7643018,-0.0963375],[29.7642341,-0.096355],[29.7642113,-0.0963583],[29.7641797,-0.0963556],[29.7641301,-0.0963509],[29.764114,-0.0963422],[29.7640792,-0.0963147],[29.7640624,-0.0962973],[29.7640322,-0.0962544],[29.7640128,-0.0962276],[29.763996,-0.0962101],[29.7639786,-0.0962001],[29.7639544,-0.0962001],[29.7639001,-0.0962356],[29.7638572,-0.0962477],[29.7638351,-0.0962436],[29.7638143,-0.0962262],[29.7638089,-0.0962027],[29.7638143,-0.0961867],[29.7638183,-0.0961726],[29.7638116,-0.0961364],[29.7637942,-0.0961062],[29.7637841,-0.0960807],[29.7637734,-0.0960525],[29.7637747,-0.0960284],[29.7637875,-0.0960163],[29.7638096,-0.096021],[29.7638391,-0.0960297],[29.7638686,-0.0960271],[29.7638954,-0.0960123],[29.7639243,-0.0959835],[29.7639276,-0.0959479],[29.7639155,-0.0958923],[29.7638787,-0.0958259],[29.7638156,-0.0957682],[29.7637667,-0.0957474],[29.7637204,-0.0957434],[29.7636889,-0.0957515],[29.7636661,-0.0957635],[29.76365,-0.0957763],[29.7636466,-0.0957991],[29.7636487,-0.0958494],[29.7636487,-0.0958715],[29.763646,-0.0958876],[29.7636285,-0.0959037],[29.763599,-0.0959064],[29.7635568,-0.0959017],[29.7635213,-0.0958956],[29.7635058,-0.0958822],[29.7634971,-0.0958668],[29.7634924,-0.0958326],[29.7635011,-0.0957649],[29.7635105,-0.0957119],[29.7635179,-0.0956992],[29.7635286,-0.0956797],[29.763534,-0.0956603],[29.7635306,-0.0956341],[29.7635179,-0.0955986],[29.7635186,-0.095563],[29.7635253,-0.0955329],[29.7635259,-0.0955081],[29.7635125,-0.0954645],[29.7634911,-0.0954484],[29.7634515,-0.0954309],[29.763424,-0.0954269],[29.7633818,-0.0954175],[29.7632939,-0.0954122],[29.7632054,-0.0954296],[29.7631746,-0.0954631],[29.7631531,-0.095502],[29.7631297,-0.0955335],[29.7631015,-0.095557],[29.7630398,-0.0955919],[29.7630103,-0.0955966],[29.7629915,-0.0955865],[29.7629821,-0.095555],[29.7629761,-0.0955201],[29.7629687,-0.095492],[29.762964,-0.0954692],[29.762964,-0.0954444],[29.7629748,-0.0954128],[29.7629801,-0.0953988],[29.7629882,-0.095386],[29.7629989,-0.0953652],[29.7630096,-0.0953283],[29.7630123,-0.0952827],[29.7630022,-0.0952298],[29.76296,-0.095158],[29.7628634,-0.095032],[29.7628118,-0.0949924],[29.7627729,-0.0949756],[29.7627488,-0.0949673],[29.7627277,-0.0949652],[29.7627152,-0.0949693],[29.7627015,-0.094978],[29.76268,-0.0949924],[29.7626616,-0.0950028],[29.7626475,-0.0950098],[29.7626287,-0.0950098],[29.7626187,-0.0950038],[29.7626093,-0.0949823],[29.7626106,-0.0949595],[29.762622,-0.0949414],[29.7626428,-0.094924],[29.7626509,-0.0949133],[29.7626522,-0.0948995],[29.7626462,-0.0948911],[29.7626334,-0.0948791],[29.7626274,-0.0948694],[29.7626274,-0.0948576],[29.7626314,-0.0948462],[29.7626388,-0.0948315],[29.7626951,-0.0947664],[29.7627139,-0.0947336],[29.7627313,-0.094696],[29.7627313,-0.0946605],[29.7627173,-0.0946095],[29.7627045,-0.0945679],[29.7626945,-0.0944995],[29.7626884,-0.0943929],[29.7626837,-0.0943259],[29.7626717,-0.0942615],[29.7626589,-0.0941609],[29.7626549,-0.0941066],[29.7626448,-0.0940523],[29.7626408,-0.0939738],[29.7626422,-0.0939504],[29.7626549,-0.0939061],[29.7626596,-0.0938846],[29.7626717,-0.0938558],[29.762673,-0.0937861],[29.7626375,-0.0936493],[29.7625905,-0.093544],[29.7625288,-0.0934186],[29.7624926,-0.0933757],[29.7624222,-0.0933026],[29.762386,-0.0932651],[29.7623746,-0.0932597],[29.7623578,-0.0932604],[29.7623431,-0.0932664],[29.7623203,-0.0932765],[29.7623049,-0.0932818],[29.7622935,-0.0932832],[29.7622834,-0.0932805],[29.7622754,-0.0932718],[29.7622687,-0.093259],[29.762264,-0.0932453],[29.7622616,-0.0932282],[29.7622633,-0.0932141],[29.7622556,-0.0932025],[29.7622541,-0.0931856],[29.7622581,-0.0931733],[29.7622935,-0.0931685],[29.7622827,-0.0931316],[29.762274,-0.0931068],[29.762219,-0.0930123],[29.7621359,-0.0928983],[29.7620702,-0.0928312],[29.7620152,-0.0927816],[29.7619387,-0.0927186],[29.7618972,-0.092673],[29.7618596,-0.09263],[29.7618489,-0.0926166],[29.7618476,-0.0925831],[29.761873,-0.0925402],[29.7618958,-0.0924865],[29.7618972,-0.092445],[29.7618824,-0.0923819],[29.7618623,-0.0923283],[29.7618489,-0.092284],[29.7618569,-0.0922519],[29.7619039,-0.0921902],[29.7619294,-0.0921338],[29.7619455,-0.0920225],[29.7619522,-0.0919072],[29.7619534,-0.0917751],[29.7619495,-0.0915585],[29.7619589,-0.0913587],[29.7620058,-0.0908947],[29.7620608,-0.0906117],[29.7621024,-0.0902657],[29.762101,-0.0901235],[29.7620796,-0.0900283],[29.7620568,-0.0899277],[29.7620367,-0.0898473],[29.7620004,-0.0896836],[29.7619629,-0.0896152],[29.7619253,-0.0895804],[29.7618878,-0.0895697],[29.7618556,-0.089516],[29.7618368,-0.0894557],[29.7618248,-0.0893725],[29.7617872,-0.0892907],[29.761747,-0.0892049],[29.7616933,-0.0891365],[29.7616383,-0.0890895],[29.7615726,-0.0890359],[29.7615351,-0.0889903],[29.7614935,-0.0889058],[29.7614533,-0.0888025],[29.7613902,-0.0886966],[29.7613473,-0.0886175],[29.761295,-0.0885263],[29.7612521,-0.0884485],[29.761059,-0.0880944],[29.7607291,-0.0875607],[29.7605842,-0.0873273],[29.7603884,-0.0869679],[29.7602919,-0.0867587],[29.7602449,-0.0865857],[29.7602248,-0.0864878],[29.7601712,-0.0863644],[29.759962,-0.0860104],[29.7597393,-0.0857515],[29.7595046,-0.0855007],[29.7594228,-0.0854176],[29.7593571,-0.0853452],[29.7592726,-0.0852272],[29.7592016,-0.0851091],[29.7591546,-0.0850166],[29.7591278,-0.0849549],[29.759105,-0.0849214],[29.7590755,-0.0848932],[29.7590487,-0.0848744],[29.7590044,-0.0848168],[29.7589722,-0.0847551],[29.7589655,-0.084731],[29.7589803,-0.0847082],[29.7590084,-0.0846813],[29.7590165,-0.0846572],[29.7590165,-0.0846357],[29.7589977,-0.0845915],[29.7589481,-0.0844828],[29.758932,-0.0844426],[29.7589374,-0.0844037],[29.7589709,-0.0843353],[29.7589977,-0.0843045],[29.7590259,-0.0842857],[29.7590446,-0.0842616],[29.7590527,-0.0842321],[29.7591157,-0.0841221],[29.7591546,-0.0840483],[29.7592056,-0.0839625],[29.759215,-0.0838887],[29.7591935,-0.083811],[29.7589427,-0.083524],[29.7588153,-0.0834153],[29.7587818,-0.0834019],[29.7587027,-0.0833402],[29.7586571,-0.0833147],[29.7586276,-0.0832812],[29.7586128,-0.0832115],[29.7586155,-0.0831739],[29.7586262,-0.0831431],[29.7586557,-0.0831216],[29.7586879,-0.0831163],[29.7587174,-0.0831042],[29.7587496,-0.0830787],[29.7587536,-0.0830512],[29.7587563,-0.0830083],[29.7587503,-0.0829822],[29.7587181,-0.0829412],[29.7586973,-0.0829151],[29.7586879,-0.0828883],[29.7586832,-0.082846],[29.7586872,-0.0828252],[29.7587154,-0.0827991],[29.7587375,-0.082781],[29.758755,-0.0827636],[29.758769,-0.0827454],[29.7587872,-0.0827079],[29.7587992,-0.0826636],[29.7588059,-0.0825932],[29.7588059,-0.0825208],[29.7587945,-0.0824826],[29.7587758,-0.0824457],[29.7587302,-0.0823639],[29.7586832,-0.0822955],[29.7586175,-0.0822432],[29.7585484,-0.0822164],[29.758533,-0.0822231],[29.7585136,-0.0822331],[29.7584941,-0.0822331],[29.7584747,-0.0822224],[29.7584673,-0.082207],[29.7584686,-0.0821869],[29.7584639,-0.0821641],[29.7584391,-0.0821386],[29.7584143,-0.0821339],[29.7584049,-0.0821446],[29.7584049,-0.0821648],[29.7583969,-0.0821802],[29.7583835,-0.0821882],[29.7583647,-0.0821909],[29.7583439,-0.0821842],[29.7583225,-0.0821688],[29.7583164,-0.0821466],[29.7583198,-0.0821292],[29.7583218,-0.0821158],[29.7583137,-0.0821091],[29.758293,-0.0820903],[29.7582393,-0.0820702],[29.7582205,-0.0820608],[29.7582018,-0.0820414],[29.7581917,-0.0820119],[29.758185,-0.0819958],[29.7581495,-0.0819381],[29.758132,-0.0819267],[29.7580992,-0.0819099],[29.7580831,-0.0819026],[29.7580737,-0.0818824],[29.758069,-0.081857],[29.7580824,-0.0818375],[29.7581052,-0.0818248],[29.7581146,-0.0818167],[29.7581186,-0.0818053],[29.7581106,-0.0817812],[29.7580898,-0.0817571],[29.758077,-0.0817343],[29.7580563,-0.0817041],[29.7580469,-0.0816645],[29.7580495,-0.0816364],[29.758063,-0.0816122],[29.7580791,-0.0815847],[29.7581025,-0.0815586],[29.75813,-0.0815364],[29.7581582,-0.0815244],[29.7582521,-0.0814895],[29.7583593,-0.0814077],[29.7584411,-0.0813245],[29.7584841,-0.0812749],[29.7585632,-0.0812266],[29.7587308,-0.0811609],[29.75881,-0.0811086],[29.7588582,-0.0810644],[29.7589011,-0.0810308],[29.7589414,-0.081008],[29.7589937,-0.0809987],[29.7590567,-0.0809987],[29.759105,-0.0810228],[29.7591479,-0.0810617],[29.7591774,-0.0810979],[29.7592083,-0.0811717],[29.7592592,-0.081228],[29.7593719,-0.0812655],[29.7594872,-0.0812629],[29.7595865,-0.0812494],[29.7596884,-0.0812173],[29.7597983,-0.0811797],[29.7599003,-0.0811287],[29.7599459,-0.0810845],[29.7599646,-0.0810322],[29.7600049,-0.0809088],[29.7600371,-0.0807264],[29.7600183,-0.0804233],[29.7600076,-0.0803241],[29.759962,-0.0802275],[29.7599083,-0.080139],[29.7598708,-0.0800746],[29.7598815,-0.0800237],[29.7599137,-0.0799593],[29.7599727,-0.0799003],[29.7600263,-0.0798359],[29.7600424,-0.0797823],[29.7600344,-0.0797099],[29.7599941,-0.0796669],[29.7599405,-0.0796509],[29.759852,-0.0796562],[29.7597769,-0.0796884],[29.7597098,-0.079683],[29.759632,-0.0796562],[29.7595865,-0.0795945],[29.7595033,-0.0793397],[29.7594658,-0.0792002],[29.7594631,-0.0791305],[29.759447,-0.0790755],[29.7594121,-0.0789937],[29.7593276,-0.0788904],[29.7593075,-0.0788529],[29.7592968,-0.0787952],[29.7592928,-0.0787711],[29.759286,-0.0787402],[29.7592525,-0.078704],[29.7591788,-0.0786786],[29.7591412,-0.0786571],[29.7590969,-0.0786236],[29.7590366,-0.0785216],[29.7589293,-0.078358],[29.7588978,-0.0783124],[29.7588696,-0.0782789],[29.7588542,-0.078254],[29.7588475,-0.078238],[29.7588462,-0.0782239],[29.758873,-0.0781917],[29.7589722,-0.0780791],[29.7590661,-0.0780228],[29.759168,-0.0779772],[29.7592673,-0.077945],[29.7595113,-0.077886],[29.7595784,-0.0778457],[29.7596428,-0.0778162],[29.7596676,-0.0777988],[29.759689,-0.0777726],[29.7596978,-0.0777317],[29.7597024,-0.0776814],[29.759675,-0.0776043],[29.7596616,-0.0775587],[29.7596374,-0.0775346],[29.7595113,-0.0774514],[29.7594014,-0.0773817],[29.7593075,-0.0773495],[29.7592029,-0.0773468],[29.759109,-0.0773468],[29.7590621,-0.0773281],[29.7590339,-0.0773093],[29.7590017,-0.0772717],[29.7590044,-0.0772328],[29.7590125,-0.077206],[29.7590125,-0.0771725],[29.758999,-0.0771269],[29.7589897,-0.0770867],[29.758999,-0.0770478],[29.7590232,-0.0770223],[29.7590406,-0.0770089],[29.7590527,-0.0769968],[29.7590571,-0.07698],[29.759054,-0.0769579],[29.7590406,-0.0769338],[29.7590312,-0.0768962],[29.7590393,-0.0768587],[29.7590473,-0.0768171],[29.7590473,-0.0767769],[29.7590339,-0.07675],[29.7590017,-0.0767286],[29.7589213,-0.0766642],[29.7588985,-0.0766374],[29.7588649,-0.0765878],[29.7588274,-0.0765556],[29.75881,-0.076518],[29.7587925,-0.0764751],[29.7587898,-0.0764335],[29.7587992,-0.0763558],[29.7587965,-0.0763102],[29.7587751,-0.0762847],[29.7587362,-0.0762404],[29.7587121,-0.0762163],[29.7587053,-0.0761895],[29.758702,-0.0761673],[29.7587053,-0.0761465],[29.7587335,-0.0761117],[29.7587442,-0.0760875],[29.7587496,-0.0760621],[29.7587442,-0.0760446],[29.7587288,-0.0760185],[29.7586879,-0.0759715],[29.7586705,-0.0759581],[29.7586618,-0.0759434],[29.7586597,-0.0759166],[29.7586678,-0.0758938],[29.7586772,-0.0758716],[29.7586758,-0.0758414],[29.7586571,-0.075769],[29.7586463,-0.0757134],[29.7586222,-0.0756155],[29.7585873,-0.0755779],[29.7585015,-0.0755082],[29.7584519,-0.0754921],[29.7584237,-0.0754639],[29.7584224,-0.0754291],[29.7584237,-0.0753727],[29.7584197,-0.0753258],[29.7583808,-0.0752842],[29.7582521,-0.0751917],[29.7581716,-0.0751112],[29.7581381,-0.0750871],[29.7580817,-0.0750831],[29.7580522,-0.0750965],[29.7579999,-0.0751246],[29.7579262,-0.0751756],[29.7579047,-0.0752292],[29.7578926,-0.0752815],[29.7578806,-0.0753446],[29.7578511,-0.0753647],[29.7578068,-0.0753687],[29.7577693,-0.0753593],[29.7577424,-0.0753553],[29.757729,-0.0753432],[29.7577223,-0.0752963],[29.7577398,-0.0752359],[29.7577438,-0.0751635],[29.7577371,-0.0751273],[29.757717,-0.0751005],[29.7576928,-0.075079],[29.7576459,-0.0750683],[29.7575976,-0.0750683],[29.7575587,-0.0750965],[29.7575118,-0.0751729],[29.7574742,-0.0752279],[29.7574353,-0.0752641],[29.7573817,-0.0752842],[29.7572838,-0.0753017],[29.7571899,-0.0753593],[29.7570974,-0.0754478],[29.756923,-0.0755431],[29.756797,-0.0755927],[29.756691,-0.0756557],[29.7566038,-0.0757268],[29.7565757,-0.0757912],[29.7565395,-0.075877],[29.7565126,-0.0759038],[29.7564228,-0.0759534],[29.7563517,-0.0759655],[29.7562753,-0.0759843],[29.7562015,-0.0760446],[29.7561063,-0.076101],[29.7560097,-0.0761479],[29.7559212,-0.0761948],[29.7558568,-0.0762632],[29.7558233,-0.0763732],[29.7557898,-0.0764309],[29.7557415,-0.0764523],[29.7556664,-0.0764617],[29.7555846,-0.076455],[29.7555323,-0.0764684],[29.7554317,-0.0765408],[29.7553593,-0.0765931],[29.7553137,-0.0766548],[29.7552828,-0.0767138],[29.7552413,-0.0767688],[29.7551957,-0.0767916],[29.7551125,-0.0768198],[29.7550347,-0.0768466],[29.7549891,-0.0768855],[29.7548805,-0.0770089],[29.7547813,-0.0771376],[29.7547276,-0.0772275],[29.7546901,-0.0773401],[29.7546257,-0.0774809],[29.7545506,-0.077599],[29.754438,-0.0777197],[29.7543213,-0.077835],[29.754269,-0.0778752],[29.7542314,-0.0778953],[29.7541603,-0.0779798],[29.7541161,-0.0780348],[29.7540665,-0.0781086],[29.754037,-0.0781689],[29.7539632,-0.0782615],[29.7538492,-0.0783929],[29.7537862,-0.0784532],[29.7537272,-0.0785149],[29.7535475,-0.078649],[29.7534791,-0.0786973],[29.7534356,-0.0787177],[29.7532618,-0.0787925],[29.7531438,-0.0788194],[29.7530365,-0.0789052],[29.7529587,-0.078991],[29.7529051,-0.0790474],[29.7527575,-0.0791037],[29.7525778,-0.0791466],[29.7523472,-0.0791868],[29.7521594,-0.0791895],[29.7519878,-0.0791761],[29.751918,-0.0791466],[29.7518402,-0.0791385],[29.7517705,-0.0791707],[29.7514567,-0.0792968],[29.7512421,-0.0793987],[29.7511321,-0.0794604],[29.7510731,-0.0795167],[29.7510329,-0.0795409],[29.7509605,-0.079565],[29.75088,-0.079565],[29.7508264,-0.0795597],[29.7507861,-0.0795704],[29.7507808,-0.0796053],[29.7508156,-0.0796589],[29.7509444,-0.0797662],[29.7510812,-0.0799432],[29.751167,-0.0800317],[29.7513145,-0.0801444],[29.7513816,-0.0802329],[29.7514459,-0.0803321],[29.7515264,-0.0804233],[29.7518349,-0.0806004],[29.7525188,-0.0809356],[29.7529748,-0.081169],[29.7534121,-0.0813913],[29.7536454,-0.0815338],[29.7537956,-0.0815847],[29.7540262,-0.081625],[29.7542113,-0.0816813],[29.7543883,-0.081751],[29.7546887,-0.0818315],[29.7548979,-0.0818744],[29.7551715,-0.0819388],[29.7553593,-0.0819736],[29.7554558,-0.0820166],[29.7555283,-0.0820702],[29.7555819,-0.082156],[29.7556141,-0.0822821],[29.7556651,-0.0823813],[29.7557652,-0.0824895],[29.7559065,-0.0826174],[29.7560674,-0.0827595],[29.7561023,-0.0828065],[29.7561586,-0.0828668],[29.756231,-0.082903],[29.7562927,-0.0829084],[29.7563718,-0.0828936],[29.7564697,-0.0828749],[29.7566012,-0.0828668],[29.7567165,-0.0828641],[29.7568935,-0.0828796],[29.7569244,-0.0828829],[29.7569398,-0.0828977],[29.7569512,-0.0829225],[29.7569519,-0.082952],[29.756925,-0.0829862],[29.7568935,-0.0830117],[29.7568298,-0.0830318],[29.756797,-0.0830573],[29.7567648,-0.0831243],[29.7567353,-0.0831994],[29.7567111,-0.0832564],[29.7566789,-0.083308],[29.7566159,-0.083367],[29.7565006,-0.0834542],[29.7563128,-0.0835481],[29.75618,-0.083587],[29.7560821,-0.0835924],[29.7560205,-0.083581],[29.7559494,-0.083532],[29.7558247,-0.0834596],[29.7556168,-0.0833295],[29.7553439,-0.0831552],[29.7552252,-0.083072],[29.7549851,-0.0829526],[29.7548926,-0.0829044],[29.7547893,-0.0828346],[29.7543977,-0.0825825],[29.7539069,-0.0822888],[29.7536816,-0.0821681],[29.7535153,-0.0820595],[29.7531867,-0.0818757],[29.7528179,-0.0816719],[29.7526972,-0.0816102],[29.7523123,-0.0814278],[29.7517571,-0.0811381],[29.7513159,-0.0809236],[29.7507593,-0.0806607],[29.7504428,-0.0805253],[29.7502363,-0.080426],[29.7500099,-0.0803301],[29.7495858,-0.0801524],[29.7490172,-0.0799218],[29.7483104,-0.0796737],[29.7479939,-0.0795704],[29.7475541,-0.0794255],[29.7473113,-0.0793572],[29.7472134,-0.079329],[29.7468245,-0.0792096],[29.7465482,-0.0791681],[29.7464074,-0.0791801],[29.7462666,-0.0791681],[29.746115,-0.079135],[29.7457986,-0.0790661],[29.7456148,-0.0790259],[29.7454633,-0.0790031],[29.7452299,-0.0789575],[29.7451213,-0.0789508],[29.745018,-0.0789508],[29.7449309,-0.0789441],[29.7447605,-0.0789267],[29.7446385,-0.0789132],[29.7444735,-0.0788703],[29.7442201,-0.0787912],[29.743516,-0.0785753],[29.7430989,-0.0784573],[29.7426403,-0.0783473],[29.7424941,-0.0783084],[29.7420555,-0.0782293],[29.7416934,-0.0781649],[29.7410148,-0.0780737],[29.7404663,-0.0780254],[29.7400801,-0.0780147],[29.7397059,-0.0779825],[29.7395222,-0.0779865],[29.7394156,-0.0779798],[29.7392245,-0.0779443],[29.73915,-0.0779336],[29.7390997,-0.0779316],[29.7390622,-0.0779363],[29.739036,-0.0779497],[29.7390186,-0.0779557],[29.7390032,-0.0779557],[29.7388872,-0.0779369],[29.7386464,-0.077898],[29.7383548,-0.0778618],[29.7381663,-0.077835],[29.7376728,-0.077776],[29.7374274,-0.0777451],[29.7369687,-0.0777063],[29.7367206,-0.0777143],[29.736207,-0.0776942],[29.7356947,-0.0777009],[29.7353446,-0.0777331],[29.7351462,-0.0777438],[29.7349316,-0.077772],[29.7346406,-0.0778149],[29.7345252,-0.0778484],[29.7343858,-0.0778967],[29.7342892,-0.0779222],[29.7341591,-0.0779718],[29.7340129,-0.0780482],[29.7339298,-0.0781139],[29.7338748,-0.0781797],[29.7338386,-0.0782534],[29.7338118,-0.0783191],[29.7337916,-0.0783916],[29.7337407,-0.0784452],[29.7336173,-0.0785136],[29.7334819,-0.0786383],[29.733341,-0.0787845],[29.7331828,-0.078991],[29.7330701,-0.0791788],[29.7329414,-0.0795221],[29.7328663,-0.079734],[29.7327322,-0.0799969],[29.7325444,-0.0802812],[29.7324646,-0.0803338],[29.7323513,-0.0803375],[29.7322145,-0.0803482],[29.7319704,-0.0803697],[29.7316338,-0.0804139],[29.7315279,-0.0804636],[29.7314769,-0.0805199],[29.7314206,-0.0806111],[29.7313696,-0.080654],[29.7312409,-0.0806728],[29.7310531,-0.0807023],[29.7307634,-0.0807693],[29.7299561,-0.081118],[29.7297187,-0.0812038],[29.7296222,-0.0812441],[29.7295672,-0.0812857],[29.7289462,-0.0819254],[29.7288698,-0.0819897],[29.7286874,-0.0821118],[29.7285949,-0.082144],[29.7285265,-0.0821574],[29.7284125,-0.0821534],[29.7283173,-0.082144],[29.727805,-0.0820501],[29.7275233,-0.0819964],[29.727357,-0.0819736],[29.7272618,-0.0819589],[29.7267897,-0.0818489],[29.7263217,-0.0816934],[29.7253159,-0.0814104],[29.7247567,-0.0812794],[29.7237642,-0.0810952],[29.7237052,-0.0810966],[29.723673,-0.08111],[29.7236449,-0.0811274],[29.7236167,-0.0811355],[29.7235858,-0.0811314],[29.723563,-0.081122],[29.7235215,-0.0810939],[29.7234866,-0.0810791],[29.7232345,-0.0810295],[29.7228093,-0.0809611],[29.7227302,-0.0809517],[29.7227061,-0.080941],[29.7226632,-0.0809128],[29.7226296,-0.0808873],[29.7224137,-0.0808458],[29.7223695,-0.0808283],[29.7223426,-0.0808055],[29.7222957,-0.0807023],[29.7222809,-0.0806594],[29.7222689,-0.0806191],[29.7222635,-0.0805896],[29.7222622,-0.08054],[29.7222568,-0.0804877],[29.7222501,-0.0804555],[29.7222367,-0.0804247],[29.7222179,-0.0803952],[29.7221965,-0.080367],[29.7221307,-0.0803295],[29.7220784,-0.0803201],[29.7210941,-0.0799566],[29.7209492,-0.0799083],[29.7208071,-0.0798695],[29.7206327,-0.0798158],[29.7197288,-0.0794644],[29.7195464,-0.0793987],[29.7194539,-0.0793679],[29.7193815,-0.0793437],[29.7193587,-0.0793464],[29.7193372,-0.0793679],[29.7193198,-0.0793813],[29.7192997,-0.0793826],[29.7192742,-0.0793706],[29.7192447,-0.0793598],[29.7192246,-0.0793397],[29.7192246,-0.0793022],[29.7192259,-0.0792365],[29.7192313,-0.0791506],[29.7192219,-0.0791104],[29.7191937,-0.0790795],[29.7190529,-0.0789803],[29.7190328,-0.0789588],[29.7190247,-0.0789334],[29.7190194,-0.0789092],[29.7189993,-0.0788864],[29.718947,-0.0788583],[29.7188826,-0.0788247],[29.7188383,-0.0788019],[29.7188142,-0.0787885],[29.7185647,-0.0786477],[29.7182643,-0.078578],[29.7179103,-0.0785082],[29.7177011,-0.0784385],[29.7166067,-0.0781166],[29.7161883,-0.0779611],[29.7159898,-0.0778591],[29.7158128,-0.077784],[29.7139621,-0.07721],[29.7139017,-0.0771953],[29.7138172,-0.0771752],[29.713726,-0.0771497],[29.7134753,-0.077092],[29.7133787,-0.0770665],[29.7132754,-0.0770344],[29.7131722,-0.0769955],[29.7131239,-0.0769727],[29.7130474,-0.0769499],[29.7128154,-0.0769137],[29.7126625,-0.076911],[29.712574,-0.076911],[29.7124694,-0.076907],[29.7123983,-0.0769123],[29.7123232,-0.076923],[29.7122455,-0.0769244],[29.7120671,-0.0769284],[29.7119625,-0.0769338],[29.7118807,-0.0769552],[29.7118016,-0.0769566],[29.7117318,-0.0769539],[29.7111095,-0.0768144],[29.7109808,-0.0767822],[29.7108681,-0.0767621],[29.7107743,-0.0767433],[29.7106764,-0.076734],[29.7105597,-0.0767433],[29.7104645,-0.0767487],[29.7104028,-0.0767568],[29.7103451,-0.0767594],[29.7100326,-0.0767313],[29.7099441,-0.0767219],[29.7098811,-0.0767152],[29.7098073,-0.0766991],[29.7097135,-0.0766736],[29.7095445,-0.0766065],[29.7094828,-0.0765851],[29.7093272,-0.0765046],[29.7092977,-0.0764858],[29.709283,-0.0764604],[29.709287,-0.0764228],[29.7092789,-0.0763799],[29.7092642,-0.0763517],[29.7092374,-0.076333],[29.7092038,-0.0763209],[29.7091448,-0.0763128],[29.7088538,-0.076286],[29.7086526,-0.0762887],[29.7085655,-0.0763035],[29.7085172,-0.0763182],[29.7084622,-0.0763544],[29.7084019,-0.0764161],[29.7083469,-0.0764926],[29.7083214,-0.0765542],[29.7082342,-0.0767769],[29.7081859,-0.076852],[29.708147,-0.0769499],[29.7080827,-0.0770826],[29.7080304,-0.0771685],[29.7079365,-0.0772905],[29.7078601,-0.0773884],[29.7078104,-0.0774488],[29.7077487,-0.0774997],[29.7075677,-0.0776432],[29.7074027,-0.0777693],[29.7073115,-0.0778699],[29.7072512,-0.0779611],[29.7071882,-0.0780348],[29.7071399,-0.0780657],[29.7070809,-0.0780751],[29.7069803,-0.078071],[29.706822,-0.0780456],[29.706531,-0.0780268],[29.7052972,-0.0779758],[29.7045006,-0.0780053],[29.7033767,-0.07813],[29.7030307,-0.0781917],[29.7025399,-0.0783017],[29.7020222,-0.0784586],[29.7014093,-0.0787282],[29.7010365,-0.0789293],[29.7009641,-0.0789749],[29.7008809,-0.07905],[29.7006328,-0.0792123],[29.7005074,-0.0793008],[29.7003633,-0.0793893],[29.6999435,-0.0797555],[29.699623,-0.0801162],[29.6994285,-0.0803469],[29.6993025,-0.0805534],[29.6992367,-0.0806755],[29.6991912,-0.0807908],[29.6991616,-0.0809155],[29.6991509,-0.0810241],[29.6991442,-0.0814761],[29.699163,-0.0818073],[29.6991737,-0.0820139],[29.6991992,-0.082215],[29.6991979,-0.0822217],[29.6992113,-0.0824323],[29.6992072,-0.0825879],[29.6991965,-0.0826791],[29.6991469,-0.0829526],[29.6991201,-0.0830988],[29.6990959,-0.0832598],[29.6990959,-0.0832571],[29.6990691,-0.0834046],[29.6990557,-0.0834623],[29.6990369,-0.0835186],[29.6990047,-0.0835789],[29.6989954,-0.0836111],[29.698994,-0.0836661],[29.6989927,-0.083709],[29.6990021,-0.083764],[29.6990074,-0.0838378],[29.6989954,-0.0839169],[29.6989726,-0.0840202],[29.698927,-0.0841462],[29.6988733,-0.0842817],[29.6988478,-0.0843595],[29.698813,-0.0844292],[29.6987741,-0.0844909],[29.6987204,-0.0845714],[29.6986681,-0.0846572],[29.69864,-0.0847417],[29.6986265,-0.0849308],[29.6986252,-0.0849925],[29.6986346,-0.0850394],[29.6986561,-0.0850635],[29.6986748,-0.085081],[29.6986775,-0.0851024],[29.6986547,-0.0851293],[29.6986252,-0.0851668],[29.6986078,-0.0851909],[29.6985582,-0.0853184],[29.6985273,-0.085372],[29.6983396,-0.0857234],[29.6982033,-0.0859629],[29.698194,-0.0860023],[29.6981986,-0.0860551],[29.6982057,-0.0861003],[29.6982189,-0.0861606],[29.6982108,-0.0862249],[29.6981974,-0.0862638],[29.6981598,-0.0863215],[29.6981075,-0.0863751],[29.698066,-0.0864181],[29.6980204,-0.086465],[29.6979707,-0.0865066],[29.6979319,-0.0865441],[29.6978755,-0.0866541],[29.6978353,-0.0867721],[29.6977977,-0.0868378],[29.6977535,-0.0869022],[29.6976878,-0.0869693],[29.697445,-0.0871449],[29.6970025,-0.0874065],[29.6967557,-0.0875714],[29.6966726,-0.0876371],[29.6965948,-0.0877082],[29.6964392,-0.0878638],[29.6963534,-0.087959],[29.6963051,-0.0880341],[29.6962649,-0.0881092],[29.6962421,-0.0881695],[29.6962193,-0.0882165],[29.6961133,-0.0883667],[29.6957083,-0.088832],[29.6953918,-0.0892371],[29.6953315,-0.0893283],[29.6952818,-0.0894248],[29.6952443,-0.0894986],[29.6952161,-0.0895924],[29.6951799,-0.0897051],[29.6951544,-0.0897802],[29.6951303,-0.0898392],[29.695074,-0.0899344],[29.6949667,-0.0901061],[29.6948433,-0.0903542],[29.6947306,-0.0905889],[29.6946435,-0.0908035],[29.6945845,-0.0909912],[29.6945657,-0.0910677],[29.6945469,-0.0911307],[29.6945013,-0.0912407],[29.6944275,-0.0914365],[29.6944208,-0.0915102],[29.6944275,-0.0915464],[29.6944343,-0.0915974],[29.6944383,-0.0916484],[29.6944222,-0.0917302],[29.6943887,-0.0918053],[29.6943457,-0.0918696],[29.694217,-0.0920024],[29.6939997,-0.0921982],[29.6938965,-0.0923001],[29.6938173,-0.092394],[29.693757,-0.0924758],[29.6935796,-0.0927343],[29.6935109,-0.0928329],[29.6934566,-0.0929358],[29.6934056,-0.0930404],[29.6933506,-0.0931464],[29.6933117,-0.0931933],[29.6932568,-0.0932872],[29.6932232,-0.0933328],[29.6931911,-0.093377],[29.692959,-0.093719],[29.6928625,-0.0939269],[29.6928316,-0.0939993],[29.6927968,-0.0940798],[29.6927699,-0.0941388],[29.6926399,-0.0944218],[29.692499,-0.0946739],[29.6923059,-0.0949917],[29.6922389,-0.0950843],[29.6921208,-0.0952211],[29.6919988,-0.0953578],[29.6917118,-0.0957602],[29.6916622,-0.095846],[29.6916381,-0.095901],[29.6916193,-0.0959989],[29.6915992,-0.0960619],[29.6915576,-0.0961276],[29.691339,-0.0964844],[29.6912169,-0.0968264],[29.6911794,-0.0969645],[29.691162,-0.0970637],[29.6911459,-0.0971402],[29.6911257,-0.0972099],[29.6911123,-0.097281],[29.6911016,-0.0973735],[29.6911043,-0.0974272],[29.6910989,-0.0974701],[29.6910842,-0.0975036],[29.691052,-0.0975358],[29.691005,-0.0975961],[29.6909635,-0.0976458],[29.6909206,-0.0976954],[29.6908884,-0.0977437],[29.6908642,-0.0977812],[29.6908508,-0.0978201],[29.6908495,-0.097859],[29.6908535,-0.0978979],[29.6908736,-0.0979743],[29.6908709,-0.0980106],[29.6908602,-0.0980414],[29.6908227,-0.0980924],[29.6907878,-0.098146],[29.6907489,-0.0981916],[29.69071,-0.0982318],[29.6906671,-0.098268],[29.6906134,-0.0983257],[29.6905759,-0.0983968],[29.690541,-0.0984853],[29.6905249,-0.0985416],[29.6905182,-0.0986234],[29.6905169,-0.0986878],[29.6905102,-0.0987388],[29.6904874,-0.0987777],[29.6904069,-0.0989118],[29.6903801,-0.0989587],[29.690305,-0.0990378],[29.6902406,-0.0990955],[29.6902058,-0.0991331],[29.6901762,-0.0991666],[29.6901038,-0.0992698],[29.6900676,-0.0993315],[29.6900381,-0.0993785],[29.69001,-0.0994241],[29.6899576,-0.0994683],[29.6898839,-0.0995193],[29.6898544,-0.0995568],[29.6898383,-0.0995957],[29.6898249,-0.0996561],[29.6898101,-0.099699],[29.6897887,-0.0997446],[29.6897659,-0.0997808],[29.6897431,-0.099813],[29.6895728,-0.1000048],[29.6894199,-0.1001965],[29.6892281,-0.1004232],[29.6891516,-0.1005305],[29.689094,-0.1006002],[29.6890511,-0.1006539],[29.6890149,-0.1006941],[29.6888392,-0.1008886],[29.6887627,-0.1010026],[29.6887453,-0.1010441],[29.6887346,-0.101079],[29.6887238,-0.1011675],[29.6887077,-0.1012359],[29.6886903,-0.1012989],[29.6886769,-0.1013405],[29.6886487,-0.1014625],[29.6886259,-0.1015752],[29.6886098,-0.1016235],[29.6885951,-0.1016691],[29.688587,-0.1017308],[29.6885911,-0.101771],[29.688587,-0.1018179],[29.6885709,-0.1018649],[29.6885535,-0.1018917],[29.6885414,-0.1019319],[29.6885267,-0.1020111],[29.6885213,-0.1021344],[29.6885066,-0.1022256],[29.6884958,-0.1023021],[29.6884811,-0.102349],[29.6884529,-0.1023986],[29.6884261,-0.1024335],[29.6883832,-0.1024657],[29.6881565,-0.1026333],[29.6879326,-0.1028211],[29.6877569,-0.1029793],[29.6876308,-0.1031215],[29.6875933,-0.1031778],[29.6875624,-0.1032234],[29.6874927,-0.1033495],[29.6873425,-0.1036043],[29.6870139,-0.1042574],[29.6867444,-0.1047778],[29.6866867,-0.1048971],[29.6866183,-0.1050621],[29.6865633,-0.105223],[29.6865298,-0.1053169],[29.686507,-0.1053812],[29.6864882,-0.1054336],[29.6864654,-0.1054805],[29.6864238,-0.1055757],[29.6863648,-0.1057326],[29.6862924,-0.1059029],[29.6862052,-0.1061108],[29.6861543,-0.1062101],[29.6860912,-0.1063039],[29.6857251,-0.1069114],[29.6856152,-0.107114],[29.6854649,-0.1073741],[29.6853925,-0.107531],[29.685355,-0.1076142],[29.6853268,-0.1076906],[29.6850948,-0.1081922],[29.6849446,-0.1085892],[29.6848467,-0.1088547],[29.6847408,-0.1091095],[29.6845704,-0.1094488],[29.6845289,-0.1094984],[29.6845235,-0.1095253],[29.6845396,-0.1095467],[29.684561,-0.1095628],[29.6845691,-0.1095963],[29.684561,-0.1096245],[29.6845436,-0.1096446],[29.6845128,-0.1096661],[29.6844994,-0.1096969],[29.6844913,-0.1097546],[29.6844645,-0.1097895],[29.6844323,-0.1098243],[29.6843344,-0.1099973],[29.684317,-0.1100671],[29.6843183,-0.1101301],[29.6843277,-0.1101784],[29.6843277,-0.1102213],[29.6843237,-0.1102602],[29.6843116,-0.1103004],[29.6842445,-0.110468],[29.6842137,-0.110519],[29.6841842,-0.1105485],[29.6841413,-0.1105767],[29.684042,-0.1106263],[29.683924,-0.1106934],[29.6838208,-0.1107591],[29.6836558,-0.110861],[29.6834412,-0.1110273],[29.6833031,-0.1111681],[29.6832374,-0.1112298],[29.6830429,-0.1114216],[29.6828324,-0.1116241],[29.6827197,-0.1117354],[29.6826151,-0.1118172],[29.6825521,-0.1118615],[29.6825239,-0.1119071],[29.6824864,-0.1119459],[29.6824475,-0.1119741],[29.6824139,-0.1119902],[29.6823871,-0.1120237],[29.6823683,-0.1120666],[29.6823509,-0.1121002],[29.6823241,-0.1121431],[29.6822543,-0.1122088],[29.6818708,-0.1124663],[29.681683,-0.1125897],[29.6816227,-0.1126205],[29.681565,-0.1126554],[29.6815315,-0.1126916],[29.6814819,-0.1127318],[29.6814081,-0.1127801],[29.6813437,-0.1128123],[29.6812901,-0.1128391],[29.6812378,-0.1128512],[29.6811828,-0.112882],[29.6810728,-0.1129357],[29.6808086,-0.1130993],[29.6805619,-0.1132656],[29.680354,-0.1134131],[29.6802977,-0.1134668],[29.6802641,-0.1135043],[29.6802373,-0.1135539],[29.6802226,-0.1135968],[29.6802038,-0.1136277],[29.6801582,-0.1136947],[29.6800469,-0.1138516],[29.6799409,-0.1139965],[29.6798015,-0.1141909],[29.6797197,-0.1142982],[29.6796459,-0.1144163],[29.6795198,-0.1146308],[29.6794273,-0.1147784],[29.6792932,-0.1149902],[29.6792503,-0.1150667],[29.67921,-0.1151498],[29.6791483,-0.1152209],[29.6790531,-0.1152947],[29.6789351,-0.1153403],[29.6786588,-0.115406],[29.6783705,-0.115465],[29.6779373,-0.115575],[29.6777254,-0.1156447],[29.6775766,-0.1157051],[29.6774384,-0.1157641],[29.6772225,-0.115866],[29.6770978,-0.1159277],[29.6769704,-0.1160202],[29.6768859,-0.1160913],[29.6768175,-0.1161436],[29.6766673,-0.11622],[29.6765064,-0.1162723],[29.6763857,-0.1163179],[29.6762489,-0.1163541],[29.6761483,-0.1164011],[29.6760772,-0.11644],[29.6758023,-0.1166398],[29.6757446,-0.1166921],[29.6756843,-0.1167256],[29.6756199,-0.1167578],[29.6755636,-0.1167793],[29.6754898,-0.1168155],[29.6753986,-0.1168584],[29.6752605,-0.1169456],[29.6752095,-0.1169858],[29.6751411,-0.1170301],[29.6750835,-0.1170931],[29.6749426,-0.1172125],[29.6748354,-0.1172808],[29.6746811,-0.1173653],[29.6745805,-0.117415],[29.674437,-0.1174793],[29.674319,-0.1175357],[29.6742815,-0.1175665],[29.6742117,-0.1176014],[29.6740334,-0.1176939],[29.6737853,-0.1178253],[29.6736217,-0.1179219],[29.6735801,-0.1179554],[29.6735479,-0.1179889],[29.673509,-0.1180345],[29.6734728,-0.1180681],[29.6733575,-0.1181231],[29.6732582,-0.118174],[29.6731254,-0.1182451],[29.6728814,-0.1183752],[29.6727982,-0.1184194],[29.6726909,-0.1184557],[29.6725354,-0.1185093],[29.6721558,-0.118634],[29.6718916,-0.1187306],[29.6718112,-0.1187654],[29.6717441,-0.1187923],[29.6716824,-0.118807],[29.6715242,-0.1188473],[29.671437,-0.1188821],[29.6711849,-0.1189693],[29.6710078,-0.1190001],[29.6709327,-0.1190122],[29.6708389,-0.1190363],[29.6707839,-0.1190444],[29.6707088,-0.1190498],[29.6705881,-0.1190484],[29.6705157,-0.1190632],[29.670411,-0.1191101],[29.6703601,-0.1191302],[29.6703118,-0.1191316],[29.6702608,-0.1191195],[29.6702166,-0.1191182],[29.6701589,-0.1191302],[29.6700369,-0.1191731],[29.6698304,-0.1192523],[29.669719,-0.1193166],[29.6696144,-0.1193609],[29.6694884,-0.1193958],[29.6693315,-0.119432],[29.669192,-0.1194373],[29.6690257,-0.1194306],[29.6688741,-0.1194467],[29.6684584,-0.119491],[29.6682908,-0.1195433],[29.6682371,-0.1195835],[29.6682049,-0.1196331],[29.6681781,-0.1196868],[29.6681392,-0.1197485],[29.668099,-0.119782],[29.6680507,-0.1198075],[29.6680024,-0.1198209],[29.6679407,-0.1198209],[29.6677825,-0.1198102],[29.6676564,-0.1198102],[29.6675853,-0.1198263],[29.6674915,-0.1198531],[29.6674231,-0.1198571],[29.6672179,-0.1198598],[29.6671508,-0.1198692],[29.6670704,-0.1198879],[29.6670274,-0.1198973],[29.666951,-0.1198906],[29.6668357,-0.1198853],[29.6667606,-0.1198866],[29.6666989,-0.1199027],[29.6666385,-0.1199282],[29.6665621,-0.1199644],[29.6665098,-0.1199885],[29.6664427,-0.1199979],[29.6663193,-0.1200167],[29.6660015,-0.1200623],[29.6656018,-0.1201642],[29.6651968,-0.1203359],[29.6646456,-0.1206014],[29.6645357,-0.1206671],[29.6644713,-0.1207181],[29.664415,-0.1207892],[29.6642661,-0.1209508],[29.6641856,-0.1210198],[29.6640582,-0.1211043],[29.6637699,-0.1212317],[29.6630846,-0.1215456],[29.6628714,-0.1216636],[29.6626045,-0.1218553],[29.6624127,-0.1220123],[29.6623819,-0.1220619],[29.6623604,-0.1221262],[29.6623617,-0.1221812],[29.6623591,-0.1222523],[29.6623443,-0.1223153],[29.6623068,-0.1223784],[29.6622477,-0.1224401],[29.6621874,-0.1224749],[29.6621338,-0.1224883],[29.6619406,-0.122538],[29.6618146,-0.1226023],[29.6615799,-0.1226828],[29.6614699,-0.1227418],[29.661372,-0.1228022],[29.6612996,-0.1228558],[29.6612124,-0.1228987],[29.66103,-0.1229846],[29.6608436,-0.1230878],[29.6603715,-0.1232863],[29.6598874,-0.1234633],[29.6596098,-0.1235867],[29.6590345,-0.1238442],[29.6588413,-0.1239548],[29.6581989,-0.1243525],[29.6576732,-0.1247441],[29.6573272,-0.1250498],[29.6572119,-0.1251679],[29.6571422,-0.1252752],[29.6570697,-0.1254388],[29.6569893,-0.1255809],[29.6568927,-0.1257177],[29.6567854,-0.125833],[29.6566433,-0.1259833],[29.6563784,-0.1263192],[29.6558654,-0.1268469],[29.655616,-0.1271232],[29.6555006,-0.1273217],[29.6551681,-0.1279466],[29.6550232,-0.1282819],[29.6548569,-0.1285555],[29.6548086,-0.1286386],[29.6546021,-0.1288398],[29.654519,-0.128872],[29.6544304,-0.1289095],[29.6543124,-0.1289685],[29.6540308,-0.129167],[29.6539852,-0.1292099],[29.6539503,-0.1292716],[29.6538994,-0.1293628],[29.6538618,-0.1294594],[29.6538162,-0.1295908],[29.6537867,-0.1297142],[29.6538082,-0.1298161],[29.653843,-0.1298912],[29.6538752,-0.1300629],[29.6538484,-0.1302158],[29.6538082,-0.1303016],[29.6536714,-0.1304143],[29.6535024,-0.1304813],[29.6532315,-0.1305671],[29.6525837,-0.1307388],[29.6522833,-0.1308246],[29.6521479,-0.1308783],[29.6520433,-0.1309467],[29.651991,-0.1309963],[29.6519507,-0.1310459],[29.6519065,-0.1310781],[29.6518622,-0.1311022],[29.6518032,-0.1311197],[29.6517429,-0.1311398],[29.6516477,-0.1311961],[29.6514009,-0.1313638],[29.6511635,-0.1315354],[29.6510133,-0.1316722],[29.6509436,-0.1317245],[29.6508886,-0.1317554],[29.6508457,-0.1317688],[29.6508095,-0.1318077],[29.6507813,-0.131868],[29.6507478,-0.1319351],[29.6507129,-0.13199],[29.6506593,-0.132041],[29.6505694,-0.1320987],[29.6504232,-0.1322019],[29.65032,-0.1322918],[29.6501228,-0.13245],[29.650033,-0.1325345],[29.6499941,-0.1325694],[29.649927,-0.1326298],[29.6498331,-0.1326981],[29.6496628,-0.1328081],[29.6494429,-0.1329597],[29.6493503,-0.1330093],[29.6493007,-0.1330522],[29.6489467,-0.133366],[29.6485269,-0.1336624],[29.6482037,-0.1339266],[29.6479435,-0.1342659],[29.6479006,-0.1343678],[29.647906,-0.1344255],[29.6479234,-0.1344952],[29.6479207,-0.1345435],[29.647902,-0.1345878],[29.6478684,-0.1346427],[29.6478041,-0.1347085],[29.6477276,-0.1347594],[29.647619,-0.1347929],[29.6475197,-0.1348198],[29.6474446,-0.1348439],[29.647387,-0.1348815],[29.6473441,-0.1349043],[29.6473065,-0.1349029],[29.6470182,-0.1349512],[29.6469685,-0.1349659],[29.6469136,-0.1350035],[29.6468478,-0.1350625],[29.6467862,-0.1350947],[29.646707,-0.1351349],[29.6466118,-0.1351698],[29.6465273,-0.135198],[29.6464455,-0.1352154],[29.6463758,-0.1352288],[29.6462953,-0.1352395],[29.6461652,-0.1352717],[29.6457401,-0.1354662],[29.645559,-0.1355534],[29.6454746,-0.1355896],[29.6454048,-0.1356137],[29.645327,-0.1356419],[29.6451755,-0.135662],[29.6450588,-0.1356687],[29.6449287,-0.1356915],[29.6447517,-0.1357612],[29.6445519,-0.1358229],[29.6438961,-0.1359758],[29.6437606,-0.136004],[29.6436855,-0.136016],[29.6436104,-0.1360308],[29.6434964,-0.136067],[29.6434052,-0.136118],[29.6432966,-0.1361662],[29.6431813,-0.1362185],[29.6430619,-0.1362735],[29.6425885,-0.1364345],[29.6424463,-0.1364599],[29.6418147,-0.1365283],[29.6416122,-0.136531],[29.6409926,-0.1364975],[29.6406358,-0.136476],[29.6405755,-0.1364841],[29.6405031,-0.1365069],[29.6404374,-0.1365176],[29.6403636,-0.1365042],[29.6403153,-0.1364935],[29.6399023,-0.1365377],[29.6397105,-0.1365712],[29.6395844,-0.1366209],[29.6395026,-0.1366745],[29.6394315,-0.1367308],[29.6393819,-0.1367563],[29.6393336,-0.1367711],[29.6392934,-0.1367778],[29.6392344,-0.1367738],[29.6391311,-0.1367845],[29.638938,-0.1368354],[29.6388991,-0.1368623],[29.638871,-0.1369105],[29.6388535,-0.1369615],[29.6388334,-0.1369924],[29.6388012,-0.1370219],[29.6386966,-0.1371117],[29.6386175,-0.1371721],[29.6385545,-0.1372096],[29.6384995,-0.1372297],[29.6384472,-0.1372364],[29.6383573,-0.1372311],[29.6382044,-0.1372284],[29.637782,-0.1372472],[29.6374159,-0.1372606],[29.6372429,-0.1372807],[29.6371302,-0.1372874],[29.6370417,-0.1372914],[29.6365213,-0.1373772],[29.6361619,-0.1374363],[29.6361016,-0.137455],[29.6360748,-0.1374819],[29.6360466,-0.1375275],[29.6360064,-0.1375382],[29.6359514,-0.1375382],[29.6358964,-0.1375382],[29.6358427,-0.1375543],[29.6357904,-0.1375905],[29.6357355,-0.1376052],[29.6356563,-0.137616],[29.635541,-0.1376495],[29.6352687,-0.1377139],[29.6350193,-0.1377367],[29.6348356,-0.1377393],[29.6346961,-0.1377461],[29.6346116,-0.1377487],[29.6345553,-0.1377554],[29.6344976,-0.1377688],[29.634444,-0.1377823],[29.6343796,-0.137797],[29.6343219,-0.1378024],[29.6342495,-0.1377957],[29.6341543,-0.137793],[29.6340309,-0.1378064],[29.6338579,-0.1378627],[29.6336715,-0.1378936],[29.6334368,-0.1379566],[29.6333791,-0.1379727],[29.6333402,-0.1379942],[29.633292,-0.1380035],[29.6332598,-0.1379995],[29.633135,-0.1379928],[29.6329969,-0.1380089],[29.6328078,-0.1380129],[29.632199,-0.1380357],[29.6314265,-0.138076],[29.6311757,-0.1381001],[29.631106,-0.1381135],[29.631051,-0.1381336],[29.6310014,-0.1381819],[29.630937,-0.1382315],[29.6308324,-0.1382744],[29.6306607,-0.1383187],[29.6305454,-0.1383227],[29.6302731,-0.1383884],[29.6298788,-0.138477],[29.6296133,-0.1385306],[29.6291399,-0.1386432],[29.6288234,-0.1387157],[29.6286075,-0.1387626],[29.6283889,-0.1387787],[29.6282186,-0.1387975],[29.6280348,-0.1388069],[29.6279021,-0.1388122],[29.6277344,-0.1388095],[29.6270759,-0.1388404],[29.6267568,-0.1388753],[29.6261318,-0.1389705],[29.6259347,-0.1390214],[29.625826,-0.1390603],[29.6256396,-0.1391502],[29.6256088,-0.139181],[29.625586,-0.1392146],[29.6255618,-0.1392561],[29.6255296,-0.1392897],[29.6254894,-0.1393151],[29.6254317,-0.1393674],[29.6253727,-0.1394171],[29.6253137,-0.1394546],[29.6252346,-0.139472],[29.6251461,-0.1394908],[29.6250227,-0.1395029],[29.6247639,-0.1395485],[29.6244997,-0.1395968],[29.6244434,-0.1396223],[29.6244219,-0.1396544],[29.6244031,-0.1397108],[29.624387,-0.139747],[29.6243696,-0.1397711],[29.6243347,-0.1397885],[29.6242838,-0.1398046],[29.6242087,-0.1398382],[29.6241,-0.1398851],[29.6239646,-0.1399267],[29.6239297,-0.1399548],[29.6239083,-0.1400031],[29.6238962,-0.1400487],[29.6238908,-0.1400809],[29.623868,-0.140101],[29.6238224,-0.1401104],[29.623758,-0.1401278],[29.6237071,-0.1401413],[29.6235783,-0.1401439],[29.6234858,-0.1401386],[29.6233986,-0.1401332],[29.6233182,-0.1401265],[29.6232471,-0.1401077],[29.6231827,-0.1400997],[29.6230942,-0.140105],[29.6230245,-0.1401265],[29.6228904,-0.1401627],[29.6227978,-0.1401855],[29.6227267,-0.140219],[29.6226557,-0.1402445],[29.622594,-0.1402646],[29.6225551,-0.140278],[29.6225135,-0.140278],[29.6224424,-0.1402365],[29.622374,-0.1402083],[29.6222869,-0.1401855],[29.6220843,-0.1401681],[29.6217759,-0.1401775],[29.6214876,-0.1401909],[29.6213803,-0.1401909],[29.6210155,-0.1401942],[29.6208713,-0.1402003],[29.6207815,-0.1402304],[29.6207412,-0.1402479],[29.6206869,-0.1402713],[29.6206487,-0.1402774],[29.6206058,-0.1402794],[29.6205354,-0.1402814],[29.6202779,-0.1402968],[29.6200499,-0.1403277],[29.6194839,-0.1404309],[29.6193632,-0.1404725],[29.6192667,-0.1405275],[29.6191607,-0.1406066],[29.6190454,-0.1407032],[29.6189623,-0.1407528],[29.6188737,-0.1407823],[29.6188027,-0.140789],[29.6186806,-0.1407971],[29.6183722,-0.1408333],[29.6182716,-0.1408494],[29.618171,-0.1408802],[29.6179256,-0.1409593],[29.6177526,-0.1410425],[29.617715,-0.1410733],[29.6176775,-0.1411176],[29.6176413,-0.1411364],[29.617593,-0.1411457],[29.6175139,-0.141135],[29.6174616,-0.1411444],[29.6173596,-0.1411954],[29.6172175,-0.1412799],[29.6161982,-0.1417278],[29.6159515,-0.1418297],[29.615525,-0.1419799],[29.6151119,-0.1421328],[29.6149966,-0.1421663],[29.614951,-0.1421958],[29.6149269,-0.1422226],[29.6149094,-0.1422763],[29.6148933,-0.1423232],[29.6148652,-0.1423608],[29.6148276,-0.1423769],[29.6147901,-0.1423728],[29.6146841,-0.1423138],[29.6146412,-0.1423125],[29.614601,-0.1423273],[29.6145232,-0.1423769],[29.614432,-0.1424225],[29.6142925,-0.142452],[29.6142536,-0.1424654],[29.6142147,-0.1425083],[29.6141691,-0.1425941],[29.6141383,-0.1426223],[29.6140967,-0.1426518],[29.6140471,-0.1426639],[29.613972,-0.1426692],[29.6139318,-0.1426826],[29.613905,-0.1427054],[29.6138741,-0.1427121],[29.6138057,-0.1427014],[29.6137413,-0.1427229],[29.6136984,-0.1427537],[29.6134825,-0.1429147],[29.6131901,-0.1431936],[29.6131419,-0.1432271],[29.6130842,-0.1432526],[29.6130212,-0.143266],[29.6124002,-0.1432553],[29.6123533,-0.1432727],[29.6123023,-0.1433049],[29.6122527,-0.1433371],[29.6121374,-0.1433881],[29.6121052,-0.1434082],[29.6120502,-0.1434243],[29.6118329,-0.1434511],[29.6117873,-0.1434846],[29.6117632,-0.1435208],[29.6117283,-0.1436308],[29.6117002,-0.1436643],[29.6116707,-0.1436777],[29.6115875,-0.1437099],[29.6115272,-0.1437488],[29.6115017,-0.1437783],[29.6114749,-0.1438266],[29.6114266,-0.1438789],[29.6113327,-0.1439419],[29.6112402,-0.1439621],[29.6111758,-0.1439728],[29.6111315,-0.1439929],[29.611094,-0.1440425],[29.6110524,-0.1440935],[29.6110202,-0.1441203],[29.6109867,-0.1441096],[29.6109612,-0.1440895],[29.6109197,-0.1440506],[29.6108526,-0.1440157],[29.6108137,-0.1440023],[29.6107654,-0.1439862],[29.6107225,-0.1439621],[29.6106984,-0.1439527],[29.6106729,-0.1439661],[29.6106461,-0.1440318],[29.6106219,-0.1440532],[29.6105938,-0.1440559],[29.6105696,-0.1440452],[29.6105589,-0.1440076],[29.6105549,-0.1439486],[29.6105388,-0.1438709],[29.6104985,-0.1437931],[29.6104436,-0.1437354],[29.6103631,-0.1436777],[29.6102987,-0.1436429],[29.6101834,-0.1436093],[29.6100117,-0.1435637],[29.6097945,-0.1435383],[29.6095484,-0.1435208],[29.6094934,-0.1435135],[29.609425,-0.1435],[29.6093351,-0.1434819],[29.6091688,-0.1434444],[29.6090911,-0.1434189],[29.6090441,-0.1434129],[29.6090052,-0.1434243],[29.6089844,-0.143437],[29.6089596,-0.1434464],[29.6089261,-0.1434444],[29.608906,-0.1434323],[29.6088772,-0.1433995],[29.6088718,-0.1433807],[29.6088704,-0.1433438],[29.6088611,-0.143313],[29.6088483,-0.1432908],[29.6088322,-0.1432721],[29.6088067,-0.1432533],[29.6087712,-0.1432358],[29.6087296,-0.1432124],[29.6086847,-0.1431889],[29.6086203,-0.1431433],[29.6085727,-0.1431091],[29.6085265,-0.1430816],[29.6084661,-0.1430582],[29.6083729,-0.1430313],[29.6082388,-0.1430018],[29.6079665,-0.1429576],[29.6076353,-0.1428791],[29.6074797,-0.1428422],[29.6073302,-0.1428154],[29.6073134,-0.1428107],[29.6072946,-0.1428],[29.6072819,-0.1427832],[29.6072618,-0.1427577],[29.6072229,-0.1427363],[29.6071465,-0.1427101],[29.6070854,-0.1426954],[29.6070385,-0.1426853],[29.6069989,-0.1426699],[29.6069775,-0.1426545],[29.6069594,-0.1426384],[29.6069312,-0.1426142],[29.6068963,-0.1425921],[29.6068038,-0.1425472],[29.6066932,-0.142515],[29.6066543,-0.1425003],[29.6066214,-0.1424889],[29.6065953,-0.142464],[29.6065772,-0.1424312],[29.6065537,-0.1423936],[29.6065443,-0.1423655],[29.606545,-0.1423319],[29.606549,-0.1422977],[29.606547,-0.1422709],[29.6065396,-0.1422521],[29.6065081,-0.1422193],[29.6064927,-0.1422032],[29.606486,-0.1421844],[29.6064719,-0.1421442],[29.6064571,-0.1421254],[29.6064276,-0.1421033],[29.6063881,-0.1420731],[29.6062955,-0.1420215],[29.6061929,-0.1419926],[29.606085,-0.141939],[29.6059944,-0.1418981],[29.6057765,-0.141819],[29.6056652,-0.1417801],[29.605539,-0.1417445],[29.6054935,-0.1417291],[29.6054627,-0.1417137],[29.6054365,-0.1416855],[29.6053849,-0.1416151],[29.6052977,-0.1415226],[29.6052374,-0.1414783],[29.6051717,-0.1414415],[29.6051214,-0.1414099],[29.6050154,-0.1413362],[29.6049356,-0.1412638],[29.6048424,-0.141192],[29.6047968,-0.1411638],[29.6047372,-0.1411323],[29.6046466,-0.1410894],[29.6044897,-0.1409982],[29.6044555,-0.1409828],[29.6044052,-0.1409647],[29.6043107,-0.1409265],[29.6042617,-0.1409037],[29.6042041,-0.1408695],[29.6041196,-0.1408272],[29.6039935,-0.1407555],[29.603968,-0.1407334],[29.6039466,-0.1407119],[29.6039057,-0.140667],[29.6038688,-0.1406214],[29.6038366,-0.1405919],[29.6037716,-0.1405543],[29.6036468,-0.1404685],[29.6035811,-0.1404283],[29.6035483,-0.1404041],[29.6035295,-0.140388],[29.6035094,-0.1403672],[29.6034926,-0.1403552],[29.6034598,-0.1403511],[29.6034108,-0.140335],[29.6033645,-0.1403163],[29.6032794,-0.1402854],[29.6031345,-0.1402251],[29.6029568,-0.140162],[29.60292,-0.1401446],[29.6028764,-0.1401191],[29.6028415,-0.1400903],[29.6027872,-0.1400581],[29.6027342,-0.140032],[29.6024546,-0.1399206],[29.6023292,-0.1398757],[29.6022823,-0.1398556],[29.6022501,-0.1398368],[29.6022078,-0.139814],[29.6021683,-0.1397959],[29.6021079,-0.1397758],[29.6020181,-0.1397543],[29.6019604,-0.1397403],[29.6019101,-0.1397215],[29.6018471,-0.139694],[29.6017794,-0.1396652],[29.6016781,-0.1396186],[29.6015485,-0.1395656],[29.6009471,-0.1397198],[29.6004607,-0.1398378],[29.6004376,-0.1399562],[29.6004228,-0.1400125],[29.6004027,-0.1401426],[29.6003393,-0.1405107],[29.6003226,-0.1407015],[29.6003233,-0.1407283],[29.6003293,-0.1407642],[29.6003507,-0.1408497],[29.6003665,-0.1409285],[29.6003712,-0.1409459],[29.6003806,-0.1409573],[29.6004292,-0.1409811],[29.6004627,-0.1410006],[29.6004718,-0.1410103],[29.6005117,-0.1410626],[29.6005341,-0.1411072],[29.6005388,-0.1411236],[29.6005395,-0.1411417],[29.6005341,-0.1411565],[29.6004228,-0.1412624],[29.600388,-0.14131],[29.6003672,-0.141361],[29.6003377,-0.1414301],[29.6003008,-0.1415139],[29.600276,-0.1415514],[29.6002418,-0.1415957],[29.6002056,-0.1416426],[29.6000822,-0.1417526],[29.5999467,-0.1419048],[29.5999159,-0.141943],[29.5998569,-0.1420765],[29.5998274,-0.1421697],[29.5998247,-0.1422153],[29.599818,-0.1422394],[29.5997905,-0.1422709],[29.5997147,-0.1423353],[29.5995471,-0.1424996],[29.5994237,-0.1426176],[29.5993587,-0.1427128],[29.5993211,-0.1428396],[29.5992919,-0.142919],[29.5992846,-0.1429378],[29.5992742,-0.1429495],[29.5992561,-0.1429629],[29.5991421,-0.1430514],[29.5991039,-0.1431004],[29.5990978,-0.1431507],[29.5991059,-0.1431882],[29.5991045,-0.1432077],[29.5990938,-0.1432285],[29.5989315,-0.1434008],[29.5988557,-0.1434813],[29.5987491,-0.1435879],[29.5986861,-0.1436577],[29.598615,-0.1437193],[29.5984973,-0.1438129],[29.5984185,-0.1438756],[29.5983894,-0.1439171],[29.5983616,-0.1439825],[29.5983039,-0.1441055],[29.598259,-0.1441706],[29.5982181,-0.1442148],[29.5981664,-0.1442484],[29.5980699,-0.1443007],[29.5979351,-0.1444046],[29.5978895,-0.1444589],[29.5977661,-0.1446728],[29.5977433,-0.1447104],[29.5977078,-0.1447426],[29.597572,-0.1448579],[29.5974677,-0.1449276],[29.5972632,-0.1450121],[29.5971881,-0.1450658],[29.5970325,-0.1452348],[29.596952,-0.1453018],[29.5969024,-0.1453501],[29.5968541,-0.1454037],[29.5967978,-0.1454426],[29.5966557,-0.1455097],[29.5964612,-0.1455875],[29.5961983,-0.1457041],[29.5959127,-0.1458289],[29.5956726,-0.145908],[29.5956163,-0.1459375],[29.5955358,-0.145971],[29.5954943,-0.1459965],[29.5953494,-0.1460394],[29.5951402,-0.146081],[29.5950611,-0.1461078],[29.5949699,-0.1461521],[29.5947882,-0.1462305],[29.5947533,-0.1462426],[29.5943235,-0.1463318],[29.5942041,-0.1463438],[29.5940244,-0.1463961],[29.5934772,-0.1465812],[29.5933539,-0.1466375],[29.5932573,-0.1466885],[29.5931795,-0.1467502],[29.5930226,-0.1468427],[29.5924996,-0.1470975],[29.5920181,-0.1473269],[29.5914589,-0.1475844],[29.5908648,-0.1477976],[29.5902961,-0.1479626],[29.5900413,-0.1480511],[29.5898388,-0.1481423],[29.5895827,-0.1482616],[29.5895243,-0.1482837],[29.5894358,-0.1483032],[29.5893708,-0.1483159],[29.5893326,-0.14833],[29.5892977,-0.1483495],[29.5890529,-0.1484239],[29.5887794,-0.1484936],[29.5885943,-0.1485285],[29.5881356,-0.1486277],[29.5879304,-0.1486827],[29.5876662,-0.1487525],[29.587343,-0.1488168],[29.5870762,-0.1488571],[29.5869085,-0.1488973],[29.5864056,-0.1490167],[29.5858759,-0.1491333],[29.5856519,-0.1491843],[29.5855379,-0.1491883],[29.5854413,-0.1491937],[29.5853662,-0.1492165],[29.585267,-0.1492648],[29.585039,-0.1493117],[29.5847815,-0.149368],[29.5844261,-0.1494552],[29.5842411,-0.1494767],[29.5840238,-0.149541],[29.5835973,-0.1497221],[29.5834404,-0.1497757],[29.5831373,-0.1498589],[29.5830367,-0.1499058],[29.5829576,-0.1499581],[29.5828544,-0.1500426],[29.5827699,-0.1500788],[29.5827082,-0.1501043],[29.5825633,-0.1502022],[29.5824909,-0.1502632],[29.5823944,-0.1503175],[29.5823219,-0.150349],[29.5822495,-0.1503692],[29.5821161,-0.1503953],[29.5816997,-0.1504999],[29.5815817,-0.1505254],[29.5814851,-0.1505241],[29.5814113,-0.1505361],[29.5813376,-0.1505723],[29.5812625,-0.1506099],[29.5811659,-0.1506515],[29.5800957,-0.1508231],[29.5787385,-0.1510994],[29.5784435,-0.1511772],[29.5778936,-0.1512469],[29.5749807,-0.1517404],[29.5738247,-0.151955],[29.5732373,-0.1520274],[29.572733,-0.152132],[29.5721215,-0.1521937],[29.5719096,-0.1522098],[29.5716843,-0.15225],[29.571349,-0.1523359],[29.57026,-0.152521],[29.5699704,-0.1525505],[29.5696914,-0.1525934],[29.5694366,-0.1526631],[29.5683986,-0.1528401],[29.5671433,-0.1530815],[29.5663628,-0.1532103],[29.5653436,-0.1533658],[29.5646689,-0.1534919],[29.5642693,-0.1535965],[29.5639797,-0.1536763],[29.5636464,-0.1537426],[29.5632756,-0.1537896],[29.5619251,-0.1539828],[29.5610762,-0.1541034],[29.5605062,-0.1541973],[29.5600153,-0.1542818],[29.559672,-0.1543153],[29.5590994,-0.1544159],[29.5586863,-0.1544977],[29.5583014,-0.1545903],[29.5576778,-0.1546989],[29.5572714,-0.1547727],[29.5571544,-0.1547949],[29.5571159,-0.1548022],[29.5565312,-0.1548813],[29.5562549,-0.1549229],[29.5561771,-0.1549376],[29.5558727,-0.1550087],[29.5553899,-0.1551133],[29.555001,-0.1551589],[29.5535445,-0.1553869],[29.5518266,-0.1557691],[29.5509709,-0.1559099],[29.5496111,-0.1561795],[29.5491229,-0.1562653],[29.5490035,-0.1562881],[29.5489043,-0.1563189],[29.5488211,-0.1563686],[29.5487541,-0.1564048],[29.5487072,-0.1564155],[29.5485409,-0.1564437],[29.5483638,-0.1564812],[29.5482673,-0.1565228],[29.5481881,-0.1565751],[29.5481399,-0.1565858],[29.5480527,-0.1566086],[29.547995,-0.1566435],[29.5479347,-0.1566877],[29.5475256,-0.1568326],[29.5471354,-0.1569211],[29.547012,-0.1569734],[29.5468028,-0.1570431],[29.5467317,-0.1570659],[29.5466673,-0.1570901],[29.5466056,-0.1570981],[29.5465305,-0.1571196],[29.5464635,-0.1571477],[29.5464045,-0.1571772],[29.5461376,-0.1572282],[29.5457648,-0.1573221],[29.5454805,-0.1573905],[29.5452028,-0.1574656],[29.5449024,-0.1575849],[29.5443124,-0.1577875],[29.5440213,-0.1579149],[29.5438068,-0.1580208],[29.5433293,-0.1582998],[29.5429619,-0.1585251],[29.5427218,-0.1586753],[29.5425689,-0.1587276],[29.5422685,-0.1588697],[29.5419614,-0.1590173],[29.5416234,-0.1591822],[29.5410414,-0.1595068],[29.5406726,-0.1597253],[29.540513,-0.1597977],[29.5404366,-0.1598246],[29.54023,-0.160015],[29.5400986,-0.1601156],[29.5399994,-0.1601773],[29.5398559,-0.1602698],[29.5396963,-0.160416],[29.5395273,-0.1605434],[29.5394307,-0.1606051],[29.5391994,-0.1607098],[29.5391424,-0.1607526],[29.5386958,-0.16099],[29.5362255,-0.1617558],[29.5353377,-0.1619677],[29.5344284,-0.1621393],[29.5335969,-0.1622493],[29.5326287,-0.1624183],[29.5317918,-0.1626248],[29.5313895,-0.162716],[29.5307726,-0.1628716],[29.5305473,-0.1629628],[29.5303166,-0.1630861],[29.5301744,-0.1632041],[29.5300859,-0.1633168],[29.5300215,-0.1634241],[29.5298652,-0.1636325],[29.5296675,-0.1638479],[29.5295656,-0.1639069],[29.5294288,-0.1639257],[29.5293134,-0.1639096],[29.529241,-0.1637781],[29.529174,-0.1636655],[29.5289755,-0.1634724],[29.5282888,-0.1633061],[29.527688,-0.1632658],[29.5272347,-0.1632524],[29.5270497,-0.163239],[29.5268539,-0.1632229],[29.5267466,-0.1632417],[29.5266125,-0.1632739],[29.5264837,-0.1632846],[29.5259768,-0.1632444],[29.5258132,-0.1632444],[29.5256281,-0.1632551],[29.5254672,-0.1632658],[29.5252579,-0.1633061],[29.5240992,-0.1634053],[29.5220281,-0.1636729],[29.5201559,-0.1639047],[29.5186061,-0.1641939],[29.5180777,-0.1643468],[29.5175332,-0.164556],[29.5168868,-0.1648725],[29.5159855,-0.165417],[29.5154786,-0.1656905],[29.5151621,-0.1659346],[29.5149153,-0.1660821],[29.5146337,-0.1662645],[29.5142099,-0.166522],[29.5137459,-0.1668251],[29.5133838,-0.1670558],[29.5132685,-0.1671818],[29.5132202,-0.1672677],[29.5131719,-0.167375],[29.5130888,-0.1674903],[29.5129305,-0.1676325],[29.5127642,-0.1676941],[29.5126435,-0.1677317],[29.5125403,-0.1677571],[29.5120856,-0.1677424],[29.5117879,-0.1677585],[29.5114124,-0.1678148],[29.5108116,-0.1678631],[29.5099801,-0.167898],[29.5095831,-0.1679329],[29.5093203,-0.1679221],[29.5090601,-0.1679597],[29.5089126,-0.1679919],[29.5086926,-0.1680321],[29.5084378,-0.1680321],[29.5083037,-0.1680321],[29.5078799,-0.1680884],[29.5072657,-0.1681877],[29.5066327,-0.1683218],[29.5059568,-0.168472],[29.5053989,-0.1686517],[29.5049697,-0.1688099],[29.5048715,-0.1688445],[29.5048007,-0.168869],[29.5046157,-0.1689387],[29.504436,-0.1690138],[29.504334,-0.1690272],[29.5041919,-0.1690218],[29.5039719,-0.1690165],[29.5037416,-0.1690399],[29.5035186,-0.1690701],[29.502883,-0.1692123],[29.5024323,-0.1693437],[29.5020595,-0.169451],[29.501735,-0.1695475],[29.5014158,-0.1696817],[29.5009571,-0.169864],[29.5004448,-0.1701108],[29.4997179,-0.1704166],[29.4988221,-0.1708001],[29.4979396,-0.1712373],[29.4972745,-0.1716906],[29.4969499,-0.1719588],[29.496628,-0.1723478],[29.4966203,-0.1723587],[29.4964135,-0.1726508],[29.4958717,-0.173536],[29.4957697,-0.1737854],[29.4957671,-0.1738873],[29.4958019,-0.1739866],[29.4958341,-0.1740241],[29.4958717,-0.1741073],[29.4958824,-0.1742092],[29.4958448,-0.174295],[29.4957617,-0.1744694],[29.4956785,-0.1747108],[29.495649,-0.1748154],[29.4956142,-0.1748932],[29.4955578,-0.174987],[29.4954452,-0.1751667],[29.4953996,-0.175274],[29.495362,-0.1754055],[29.4953325,-0.1754993],[29.4952601,-0.17562],[29.4951582,-0.1757541],[29.495067,-0.1758346],[29.4949248,-0.1759473],[29.4947532,-0.1760894],[29.4942838,-0.1763791],[29.4940719,-0.1765052],[29.4938895,-0.1765776],[29.4936722,-0.1766715],[29.4935542,-0.1767224],[29.4934818,-0.1767492],[29.4934201,-0.1767412],[29.4933665,-0.1767036],[29.4933182,-0.1766715],[29.4932699,-0.1766795],[29.4931921,-0.1766983],[29.4931117,-0.1767519],[29.4930285,-0.1768029],[29.4929293,-0.1768163],[29.4928569,-0.1768029],[29.4927925,-0.1768029],[29.4926959,-0.1768324],[29.4923928,-0.176937],[29.4913575,-0.1773152],[29.4907942,-0.1776585],[29.4901988,-0.1780903],[29.4898716,-0.1784229],[29.4896007,-0.1788038],[29.4891474,-0.1796836],[29.4889113,-0.1803085],[29.4888577,-0.1804265],[29.4888389,-0.180507],[29.4888443,-0.1805794],[29.4888657,-0.1806679],[29.4889113,-0.180735],[29.4889194,-0.1808181],[29.4889006,-0.1809093],[29.4888791,-0.1810005],[29.4888443,-0.1811105],[29.4888148,-0.1812097],[29.4886565,-0.1816791],[29.488517,-0.1819581],[29.4884473,-0.1820573],[29.4883642,-0.1821673],[29.4882998,-0.182237],[29.4881791,-0.1823416],[29.4880396,-0.1824167],[29.4879699,-0.182465],[29.4878679,-0.1825482],[29.4877955,-0.1825884],[29.4876695,-0.1826286],[29.487589,-0.1826554],[29.4874388,-0.1827466],[29.4869935,-0.1830256],[29.4867307,-0.1832214],[29.4861875,-0.1836586],[29.4859207,-0.1838973],[29.4857155,-0.1841226],[29.4853333,-0.1845853],[29.4851133,-0.1848522],[29.4847955,-0.1852303],[29.4845407,-0.18563],[29.4843744,-0.1859586],[29.4842188,-0.1863341],[29.4841544,-0.1865393],[29.4840793,-0.1868289],[29.4839855,-0.1871816],[29.4839439,-0.1873868],[29.4839144,-0.1876081],[29.4838849,-0.18793],[29.4838607,-0.1881419],[29.4838379,-0.1883377],[29.4838205,-0.1884383],[29.4836636,-0.1890645],[29.4836391,-0.1891672],[29.4835881,-0.1893805],[29.483571,-0.1894521],[29.4835335,-0.189664],[29.483512,-0.1899054],[29.483512,-0.1900261],[29.4834423,-0.190415],[29.4833833,-0.1907047],[29.4833887,-0.1908415],[29.483394,-0.1909729],[29.4833806,-0.191099],[29.4833297,-0.191276],[29.4832116,-0.1915925],[29.4831312,-0.1919466],[29.4830668,-0.1922309],[29.4830453,-0.1924213],[29.4830051,-0.1925179],[29.4829488,-0.1926198],[29.4828656,-0.1927083],[29.4826859,-0.1928263],[29.4825518,-0.1929363],[29.4821522,-0.1934513],[29.4820154,-0.1937007],[29.4819429,-0.1938563],[29.4815138,-0.1944866],[29.481369,-0.1947092],[29.4812268,-0.1949131],[29.4811463,-0.1950311],[29.4810364,-0.1951518],[29.4809613,-0.1952752],[29.4809237,-0.1953717],[29.4808727,-0.1955032],[29.4807976,-0.1956104],[29.4805992,-0.1957875],[29.4803899,-0.1959484],[29.4802585,-0.1960342],[29.4800654,-0.1961737],[29.4796979,-0.1964151],[29.4792768,-0.1967987],[29.4791642,-0.1969569],[29.4790649,-0.1970293],[29.4789389,-0.1970749],[29.4788182,-0.1970749],[29.4786707,-0.1971017],[29.4785687,-0.1971581],[29.478499,-0.1972278],[29.47844,-0.1973431],[29.4783783,-0.1975363],[29.4782308,-0.1981317],[29.4782147,-0.1982819],[29.4781637,-0.1989229],[29.4781798,-0.1990866],[29.4782308,-0.1991778],[29.4783193,-0.1992582],[29.4784561,-0.1993226],[29.478558,-0.1994326],[29.4786036,-0.1995318],[29.4786492,-0.1997169],[29.4786653,-0.1999261],[29.4786224,-0.200205],[29.4785768,-0.2004598],[29.4785446,-0.2005966],[29.4784883,-0.2007307],[29.4784105,-0.2009051],[29.4783863,-0.2010902],[29.4783702,-0.2012055],[29.4783542,-0.2012806],[29.4783032,-0.2014013],[29.4781718,-0.2016186],[29.4780162,-0.2018653],[29.477917,-0.2019994],[29.4778553,-0.202104],[29.4777989,-0.202163],[29.4776005,-0.2023266],[29.4774422,-0.2024608],[29.477343,-0.2025654],[29.4772866,-0.2026485],[29.4772437,-0.2027826],[29.4771793,-0.2028524],[29.4770828,-0.2028899],[29.4769943,-0.2029328],[29.4768923,-0.2029945],[29.4766134,-0.203134],[29.4764176,-0.2031313],[29.4762701,-0.2031045],[29.4761091,-0.2030696],[29.4759884,-0.2030589],[29.4757792,-0.203083],[29.4752857,-0.2032761],[29.4749022,-0.2035336],[29.4745481,-0.2039494],[29.4743523,-0.2043624],[29.4742799,-0.2045234],[29.4742316,-0.2046628],[29.474245,-0.2047889],[29.4742826,-0.2049203],[29.474304,-0.2051],[29.474296,-0.205202],[29.4742531,-0.2053307],[29.4741994,-0.2054353],[29.4741297,-0.2055667],[29.4739795,-0.2058135],[29.4738775,-0.2060817],[29.473781,-0.2063473],[29.4734591,-0.2074416],[29.4731829,-0.208375],[29.4730434,-0.2087532],[29.4728047,-0.2096008],[29.4726652,-0.2101533],[29.4725016,-0.2108346],[29.4724265,-0.2112664],[29.4723809,-0.2115695],[29.4723782,-0.2117116],[29.4723809,-0.2118109],[29.4723996,-0.211945],[29.4724292,-0.2120576],[29.4724372,-0.212181],[29.4724131,-0.2122856],[29.4723755,-0.2123902],[29.4723111,-0.2124895],[29.4721234,-0.2127148],[29.4719732,-0.2129267],[29.4718981,-0.2130259],[29.4718122,-0.2131466],[29.4716808,-0.2134765],[29.4715521,-0.2136938],[29.4714582,-0.213793],[29.4713348,-0.2138869],[29.4712114,-0.21397],[29.4710264,-0.2141846],[29.4708788,-0.2144958],[29.4706938,-0.2149732],[29.4706187,-0.2153487],[29.4705922,-0.215512],[29.4705382,-0.2158449],[29.4705114,-0.2161855],[29.4705114,-0.2165315],[29.4705221,-0.2174301],[29.4705382,-0.2176339],[29.4705731,-0.2178646],[29.4706213,-0.2183527],[29.4706535,-0.218519],[29.4706589,-0.2186907],[29.470624,-0.2188597],[29.4705436,-0.2190528],[29.4701841,-0.2199325],[29.4700366,-0.2202303],[29.4699374,-0.2203349],[29.4698247,-0.2204046],[29.4696692,-0.2204583],[29.4695619,-0.2204744],[29.4694519,-0.2204717],[29.4693232,-0.2204288],[29.4692641,-0.22041],[29.4692132,-0.2204288],[29.4691542,-0.2204529],[29.4690871,-0.2204609],[29.4689852,-0.2204475],[29.4689181,-0.2204288],[29.4688328,-0.2204441],[29.4687545,-0.2204797],[29.4685185,-0.2205924],[29.4683951,-0.2206487],[29.4682744,-0.2207211],[29.4680598,-0.2208525],[29.467738,-0.2210913],[29.4675636,-0.2212254],[29.4674054,-0.2213514],[29.4673088,-0.2213917],[29.4671425,-0.2214346],[29.4669682,-0.2214587],[29.4668475,-0.2214641],[29.4666758,-0.2214936],[29.4665283,-0.2215177],[29.4664183,-0.221574],[29.4656941,-0.2219549],[29.4656137,-0.2220139],[29.4655198,-0.2221185],[29.4653991,-0.2223331],[29.4653401,-0.2224619],[29.4652972,-0.2225584],[29.4652408,-0.2226308],[29.4651711,-0.2226898],[29.4651175,-0.2227435],[29.4647741,-0.223296],[29.4647071,-0.2234516],[29.4646534,-0.223634],[29.4646427,-0.22387],[29.4646186,-0.2240417],[29.4645837,-0.224157],[29.4645542,-0.2242401],[29.4644067,-0.2245218],[29.4642726,-0.2248839],[29.4642189,-0.2250743],[29.4641465,-0.2253613],[29.4641089,-0.2256242],[29.4640982,-0.2257583],[29.4641063,-0.2258548],[29.4641304,-0.2259648],[29.4641465,-0.2261713],[29.4641411,-0.2266353],[29.4641304,-0.2268258],[29.4641465,-0.2268928],[29.4641787,-0.2269411],[29.4642457,-0.2269679],[29.4643101,-0.2270162],[29.4643664,-0.2270779],[29.464404,-0.2271771],[29.4644335,-0.22744],[29.4644335,-0.227617],[29.4644013,-0.2281749],[29.4643718,-0.2286443],[29.4643155,-0.2291915],[29.4642404,-0.2296152],[29.464235,-0.2297976],[29.4642565,-0.2301571],[29.4642726,-0.2304735],[29.4642726,-0.2306291],[29.4642511,-0.230782],[29.4642511,-0.2308839],[29.4642699,-0.2309698],[29.4643021,-0.23112],[29.4642806,-0.2312675],[29.4642404,-0.2313748],[29.4641465,-0.2316779],[29.4640372,-0.2320755],[29.4640285,-0.2321378],[29.4640077,-0.232221],[29.4638944,-0.2324664],[29.4638354,-0.2326542],[29.4638085,-0.232791],[29.4637871,-0.2329787],[29.4637361,-0.2334052],[29.4636986,-0.2335554],[29.463653,-0.2337136],[29.4635537,-0.2340811],[29.4634035,-0.2346551],[29.4633338,-0.2351727],[29.4633298,-0.235276],[29.4633117,-0.2354537],[29.4632828,-0.235569],[29.463252,-0.2356461],[29.4632111,-0.2357427],[29.4631883,-0.2357883],[29.4631789,-0.2358225],[29.4631702,-0.2358715],[29.4631581,-0.2359425],[29.4631179,-0.2362014],[29.4630374,-0.2367821],[29.4630005,-0.2370382],[29.4629871,-0.2371227],[29.4629824,-0.237179],[29.4629824,-0.2372541],[29.4629844,-0.237299],[29.4629817,-0.2373155],[29.4629737,-0.2373272],[29.4629598,-0.2373425],[29.4629231,-0.2373916],[29.4628828,-0.237457],[29.4628372,-0.2375696],[29.4627739,-0.2377818],[29.4626699,-0.238044],[29.4625023,-0.2383652],[29.462448,-0.2384893],[29.4624232,-0.2385644],[29.4624064,-0.2386375],[29.4623923,-0.2387173],[29.4623769,-0.2387521],[29.4623494,-0.2387997],[29.4623353,-0.2388252],[29.4623259,-0.238854],[29.4623226,-0.2388876],[29.4623226,-0.2389224],[29.462344,-0.2389955],[29.4623541,-0.239027],[29.4623548,-0.2390596],[29.4623511,-0.2390911],[29.4623384,-0.2391263],[29.4623229,-0.2391544],[29.4622817,-0.239192],[29.4622542,-0.2392131],[29.4622193,-0.239251],[29.462098,-0.2394193],[29.4618968,-0.2396741],[29.4617566,-0.2398941],[29.4615937,-0.2401965],[29.4615206,-0.2403608],[29.4614871,-0.2404365],[29.4613959,-0.2406437],[29.4613845,-0.2406773],[29.4613771,-0.2407188],[29.4613697,-0.2407845],[29.4613624,-0.2408281],[29.4613416,-0.2408885],[29.4613047,-0.2409408],[29.4612591,-0.2409803],[29.461243,-0.2410025],[29.4612309,-0.2410226],[29.4612175,-0.2410648],[29.4612008,-0.2411399],[29.4611813,-0.2411741],[29.4611464,-0.2412137],[29.4611223,-0.2412452],[29.4611069,-0.2412781],[29.461076,-0.2413787],[29.4610204,-0.241504],[29.4609513,-0.2416234],[29.460846,-0.2417615],[29.4607709,-0.2418581],[29.4607032,-0.2419754],[29.4605805,-0.2422142],[29.4605315,-0.2423235],[29.4604853,-0.2424555],[29.4604464,-0.2425514],[29.4604129,-0.2426171],[29.4603337,-0.2427392],[29.4602318,-0.2428653],[29.4600642,-0.2429766],[29.4598912,-0.2431268],[29.4596551,-0.2432984],[29.4596162,-0.24334],[29.45958,-0.2433816],[29.459462,-0.2436035],[29.4593815,-0.2437598],[29.4592816,-0.2440065],[29.4592454,-0.2441138],[29.4592387,-0.2441701],[29.459179,-0.244486],[29.4591281,-0.2446878],[29.4590718,-0.2448876],[29.4590248,-0.2450405],[29.4589544,-0.2452081],[29.4589122,-0.2453074],[29.4587539,-0.2456212],[29.4585742,-0.2458727],[29.458542,-0.2459015],[29.4585112,-0.2459364],[29.458481,-0.2459866],[29.4584233,-0.2460711],[29.4583999,-0.246108],[29.4583928,-0.2461239],[29.4583871,-0.2461415],[29.4583858,-0.2461714],[29.4583828,-0.2461999],[29.4583757,-0.2462244],[29.4583586,-0.2462622],[29.4583425,-0.2462847],[29.4583033,-0.2463219],[29.4582805,-0.2463521],[29.4582349,-0.2464889],[29.4581987,-0.2466156],[29.4581819,-0.2466632],[29.4581591,-0.2467692],[29.4581571,-0.2468322],[29.4581524,-0.2469207],[29.4581404,-0.2470354],[29.4581229,-0.247136],[29.4581075,-0.2471695],[29.4580847,-0.247199],[29.4580726,-0.247209],[29.4580592,-0.2472178],[29.4580203,-0.247254],[29.4579989,-0.2472734],[29.4579781,-0.2472922],[29.4579593,-0.247311],[29.4577977,-0.2475021],[29.4577756,-0.2475309],[29.4577588,-0.2475638],[29.4577528,-0.2475892],[29.4577531,-0.2476144],[29.4577504,-0.2476243],[29.4577481,-0.2476315],[29.4577434,-0.2476369],[29.4577337,-0.2476399],[29.4576911,-0.2476375],[29.4576602,-0.2476416],[29.4576441,-0.2476503],[29.4576247,-0.2476684],[29.457612,-0.2476892],[29.4575804,-0.2477656],[29.4575,-0.2479574],[29.4574678,-0.2480204],[29.4574437,-0.2480942],[29.4574182,-0.2482243],[29.457392,-0.2483496],[29.4573679,-0.2484335],[29.4573404,-0.2485666],[29.457334,-0.2486091],[29.457327,-0.248706],[29.4573266,-0.2487188],[29.4573293,-0.2487278],[29.457336,-0.2487352],[29.4573444,-0.2487384],[29.4573498,-0.2487399],[29.4573526,-0.2487434],[29.4573535,-0.2487476],[29.457353,-0.2487525],[29.4573499,-0.2487578],[29.4573404,-0.2487637],[29.4573313,-0.2487734],[29.4573189,-0.2487919],[29.4572924,-0.2488351],[29.4572157,-0.2489753],[29.4571728,-0.2490517],[29.4571245,-0.2491523],[29.4570494,-0.24934],[29.456993,-0.2494688],[29.4569421,-0.249568],[29.4569233,-0.2496022],[29.4568884,-0.2496619],[29.456867,-0.2496887],[29.4568576,-0.2497062],[29.4568522,-0.2497223],[29.4568529,-0.2497746],[29.4568482,-0.2498054],[29.4568375,-0.2498242],[29.4568174,-0.249847],[29.4567718,-0.2498765],[29.4567583,-0.249902],[29.456755,-0.2499368],[29.4567617,-0.2499751],[29.456761,-0.2499952],[29.4567583,-0.2500079],[29.4567342,-0.2500401],[29.4567034,-0.250073],[29.4566913,-0.2500937],[29.4566779,-0.2501273],[29.4566336,-0.2503056],[29.4565693,-0.2505309],[29.4565035,-0.2506945],[29.4564888,-0.25072],[29.4564804,-0.2507418],[29.456474,-0.2507639],[29.4564707,-0.2507924],[29.4564687,-0.2508729],[29.456466,-0.2509058],[29.4564653,-0.2509229],[29.4564579,-0.250942],[29.4564432,-0.2509534],[29.4564258,-0.2509587],[29.4564016,-0.2509695],[29.4563828,-0.2509795],[29.4563198,-0.2510553],[29.4562655,-0.2511136],[29.4562206,-0.2511566],[29.4561783,-0.2512028],[29.4561535,-0.251241],[29.4560972,-0.2513215],[29.4560744,-0.2513638],[29.4560516,-0.251412],[29.4560355,-0.2514442],[29.4559919,-0.251524],[29.4559792,-0.2515502],[29.4559658,-0.2515756],[29.455947,-0.2516105],[29.4559269,-0.2516387],[29.4559181,-0.2516665],[29.4559175,-0.2516876],[29.4559148,-0.2517218],[29.4559088,-0.251748],[29.4558967,-0.2517721],[29.4558719,-0.2517956],[29.4558384,-0.2518117],[29.4558186,-0.2518261],[29.4558102,-0.2518439],[29.4558095,-0.2518754],[29.4558149,-0.2518962],[29.455831,-0.2519438],[29.4558296,-0.2519773],[29.4558102,-0.252045],[29.4557847,-0.252092],[29.455772,-0.2521128],[29.4557653,-0.2521218],[29.4557619,-0.2521322],[29.4557609,-0.252155],[29.4557604,-0.2521798],[29.4557582,-0.2522029],[29.4557519,-0.2522174],[29.4557304,-0.2522298],[29.455715,-0.2522341],[29.4556979,-0.2522448],[29.4556881,-0.2522562],[29.4556821,-0.2522777],[29.4556737,-0.2523042],[29.4556603,-0.2523746],[29.4556385,-0.2524601],[29.4556275,-0.252493],[29.4556117,-0.2525265],[29.4555963,-0.2525432],[29.4555259,-0.2525915],[29.4555011,-0.2526086],[29.4554856,-0.2526294],[29.4554709,-0.2526582],[29.4554635,-0.2526733],[29.4554581,-0.2526921],[29.4554597,-0.2527216],[29.4554593,-0.2527265],[29.4554595,-0.2527335],[29.4554588,-0.252737],[29.4554568,-0.2527409],[29.4554521,-0.2527436],[29.4554374,-0.2527449],[29.4554325,-0.252746],[29.455428,-0.2527504],[29.4554258,-0.2527588],[29.4554261,-0.252769],[29.4554236,-0.2528148],[29.4554216,-0.2528423],[29.4554206,-0.2529167],[29.4554149,-0.2529801],[29.4554105,-0.2530063],[29.4553944,-0.253085],[29.4553864,-0.2531367],[29.4553763,-0.2531782],[29.4553629,-0.2532373],[29.4553515,-0.2533707],[29.4553374,-0.2535497],[29.4553147,-0.2537623],[29.4552845,-0.2539534],[29.4552818,-0.2540419],[29.4552791,-0.2541344],[29.4552851,-0.2542102],[29.4552805,-0.2542404],[29.4552764,-0.2542739],[29.4552741,-0.2542857],[29.4552709,-0.2542917],[29.4552637,-0.2542981],[29.4552489,-0.2543074],[29.4552399,-0.2543148],[29.4552362,-0.2543215],[29.4552322,-0.2543323],[29.4552235,-0.2543711],[29.4552134,-0.2544288],[29.4552121,-0.2545582],[29.4552033,-0.254693],[29.4551966,-0.2547567],[29.4551732,-0.2548352],[29.4551564,-0.2548687],[29.4550947,-0.2549592],[29.4550598,-0.2550269],[29.4549841,-0.2551999],[29.4548915,-0.2553602],[29.4547936,-0.255501],[29.4547507,-0.2555413],[29.4547219,-0.2555674],[29.4546984,-0.2556003],[29.454689,-0.2556539],[29.4546836,-0.2557069],[29.4546723,-0.2557491],[29.4545924,-0.2559295],[29.4545864,-0.2559771],[29.4545878,-0.2560254],[29.4546025,-0.2560777],[29.4546018,-0.2561165],[29.4545952,-0.2562862],[29.454579,-0.2563922],[29.4545542,-0.2564364],[29.4545321,-0.2564646],[29.4544993,-0.2565202],[29.4544865,-0.2565665],[29.4544758,-0.2566108],[29.4544563,-0.2566577],[29.4544101,-0.2567509],[29.4543698,-0.2568019],[29.4543363,-0.2568763],[29.4543229,-0.2569407],[29.4543115,-0.2570205],[29.4542927,-0.2570909],[29.4542753,-0.25717],[29.4542465,-0.2572511],[29.4542263,-0.2572994],[29.454164,-0.2574074],[29.4541398,-0.2574443],[29.454109,-0.2574811],[29.4540486,-0.257522],[29.4540191,-0.2575395],[29.4540156,-0.2575442],[29.4540131,-0.2575512],[29.4540124,-0.257567],[29.4540124,-0.2575797],[29.4540104,-0.2575909],[29.4540077,-0.2575985],[29.4540047,-0.2576033],[29.4540004,-0.257606],[29.4539966,-0.2576064],[29.4539928,-0.257606],[29.4539879,-0.2576027],[29.4539825,-0.2575956],[29.4539762,-0.2575884],[29.4539718,-0.2575875],[29.4539675,-0.2575878],[29.4539637,-0.2575903],[29.4539606,-0.2575966],[29.4539595,-0.2576085],[29.4539568,-0.2576421],[29.4539554,-0.2576749],[29.4539575,-0.2577286],[29.4539494,-0.2577701],[29.453938,-0.257807],[29.4538656,-0.2579284],[29.4538012,-0.2580169],[29.4537362,-0.2581188],[29.4536805,-0.2581825],[29.4535699,-0.2582717],[29.453415,-0.2584045],[29.4533198,-0.2584943],[29.4532514,-0.2585782],[29.4532259,-0.2585936],[29.4531957,-0.2586207],[29.4531786,-0.2586439],[29.453126,-0.2586901],[29.4531085,-0.2587203],[29.453075,-0.2587746],[29.4530287,-0.2588202],[29.4529577,-0.2588873],[29.4529007,-0.2589268],[29.4528913,-0.2589362],[29.4528812,-0.2589503],[29.4528733,-0.2589639],[29.4528621,-0.258976],[29.452842,-0.2589853],[29.4528261,-0.2589858],[29.4528095,-0.2589905],[29.4527706,-0.2590127],[29.4527344,-0.2590341],[29.4526579,-0.2591132],[29.4525687,-0.2592279],[29.4524896,-0.2593466],[29.4524568,-0.2594137],[29.4524313,-0.2594619],[29.4524071,-0.2594988],[29.4523575,-0.2595732],[29.4523461,-0.2596014],[29.4523394,-0.2596178],[29.4523332,-0.2596255],[29.452326,-0.2596336],[29.452318,-0.2596423],[29.4523059,-0.259655],[29.4522965,-0.2596745],[29.4522851,-0.2597087],[29.4522744,-0.2597496],[29.4522623,-0.2597871],[29.4522522,-0.2598354],[29.4522375,-0.2600299],[29.4522227,-0.2601774],[29.4522133,-0.2602109],[29.4521382,-0.2604108],[29.4520551,-0.2605811],[29.4519693,-0.2607621],[29.4519491,-0.260856],[29.4519478,-0.2609566],[29.4519706,-0.2611564],[29.4520124,-0.2613034],[29.4520792,-0.2614742],[29.4521369,-0.26154],[29.4522053,-0.2615936],[29.4522536,-0.2616399],[29.4522616,-0.2616633],[29.4522811,-0.2618035],[29.4522784,-0.2618625],[29.4522623,-0.2619282],[29.4522435,-0.2619745],[29.4522019,-0.2620261],[29.4521007,-0.2621434],[29.4520377,-0.2622145],[29.4519612,-0.2622923],[29.4518875,-0.2623594],[29.4517721,-0.2624251],[29.451516,-0.2626075],[29.4514063,-0.2626903],[29.4513859,-0.2627067],[29.451241,-0.2628569],[29.4511002,-0.2630259],[29.4510332,-0.2631493],[29.4509621,-0.2632954],[29.4508977,-0.2634818],[29.4508518,-0.263671],[29.4507877,-0.2640153],[29.4507696,-0.2641195],[29.4507596,-0.2642208],[29.4507536,-0.2643663],[29.4507543,-0.2645158],[29.4507636,-0.2646198],[29.4507817,-0.2647465],[29.4508032,-0.2648538],[29.4508146,-0.2649208],[29.45083,-0.265061],[29.4508353,-0.2651683],[29.4508394,-0.2652414],[29.450832,-0.2653191],[29.450826,-0.2653668],[29.4508199,-0.2653936],[29.4507978,-0.2654465],[29.4507549,-0.2655833],[29.4507354,-0.2656309],[29.4506999,-0.2656993],[29.4506771,-0.2657309],[29.4506248,-0.2658375],[29.4506013,-0.265877],[29.4505363,-0.2659548],[29.4504941,-0.2659997],[29.4504612,-0.2660453],[29.4504239,-0.2661204],[29.45036,-0.2662847],[29.4503465,-0.266325],[29.4503298,-0.2664034],[29.4503184,-0.266569],[29.4503009,-0.2667675],[29.4503043,-0.2668312],[29.4503045,-0.2668522],[29.450306,-0.2668644],[29.4503088,-0.2668715],[29.4503135,-0.2668782],[29.4503214,-0.2668859],[29.4503252,-0.2668921],[29.4503269,-0.2668981],[29.4503261,-0.2669057],[29.4503247,-0.2669109],[29.450319,-0.2669181],[29.4503107,-0.2669338],[29.4503013,-0.2669539],[29.4502567,-0.267143],[29.4502413,-0.2672101],[29.4502218,-0.2672905],[29.450191,-0.267375],[29.4501621,-0.2674488],[29.4501534,-0.2674659],[29.4501504,-0.267485],[29.4501499,-0.2675024],[29.4501499,-0.2675117],[29.4501469,-0.2675237],[29.4501437,-0.2675309],[29.4501309,-0.2675457],[29.4501155,-0.2675705],[29.4500971,-0.2676211],[29.4500817,-0.2676694],[29.4500662,-0.267717],[29.4500394,-0.2678243],[29.4500086,-0.2678974],[29.4499945,-0.2679651],[29.4499838,-0.267998],[29.4499657,-0.2680349],[29.4499462,-0.2680838],[29.4499338,-0.2681354],[29.4499191,-0.2682011],[29.4499145,-0.2682454],[29.4499123,-0.2682561],[29.4499083,-0.2682655],[29.4499001,-0.2682736],[29.4498981,-0.2682808],[29.4498999,-0.2682871],[29.4499045,-0.2682918],[29.4499162,-0.2682984],[29.4499181,-0.2683016],[29.4499197,-0.2683044],[29.4499188,-0.2683097],[29.4499164,-0.2683143],[29.449912,-0.2683188],[29.44991,-0.2683237],[29.4499097,-0.2683272],[29.4499118,-0.2683345],[29.4499171,-0.2683447],[29.4499248,-0.2683544],[29.4499278,-0.2683624],[29.4499318,-0.2683889],[29.4499469,-0.2684734],[29.4499449,-0.2684861],[29.4499405,-0.2684972],[29.4499365,-0.2685069],[29.4499241,-0.26852],[29.4499083,-0.2685331],[29.4498872,-0.2685525],[29.4498778,-0.2685681],[29.4498741,-0.268583],[29.449875,-0.2686023],[29.4498818,-0.2686249],[29.4498855,-0.268638],[29.4498869,-0.2686437],[29.4498864,-0.2686481],[29.4498842,-0.2686521],[29.4498735,-0.2686608],[29.4498647,-0.2686672],[29.449851,-0.2686786],[29.449845,-0.2686896],[29.4498248,-0.2687537],[29.4498161,-0.2687718],[29.4497893,-0.268818],[29.4497725,-0.2688576],[29.4497578,-0.2688824],[29.4497363,-0.268928],[29.4497162,-0.2689736],[29.4497058,-0.2690038],[29.4496978,-0.269037],[29.4496936,-0.2690734],[29.449686,-0.2690993],[29.4496738,-0.2691146],[29.4496642,-0.2691242],[29.4496579,-0.2691335],[29.4496488,-0.269156],[29.4496455,-0.2691808],[29.4496435,-0.2692029],[29.4496495,-0.2692184],[29.4496575,-0.2692278],[29.4496616,-0.2692472],[29.4496627,-0.2692546],[29.4496602,-0.269271],[29.449653,-0.2692837],[29.4496495,-0.2692889],[29.4496476,-0.2692956],[29.4496485,-0.2693055],[29.4496505,-0.2693169],[29.4496546,-0.26933],[29.4496538,-0.2693362],[29.4496518,-0.2693402],[29.4496485,-0.2693421],[29.4496277,-0.2693431],[29.4496232,-0.2693448],[29.4496193,-0.2693481],[29.449616,-0.2693541],[29.449615,-0.2693602],[29.449614,-0.2693736],[29.4496223,-0.2694182],[29.449623,-0.2694282],[29.449622,-0.269441],[29.4496163,-0.269452],[29.4496083,-0.2694638],[29.4495982,-0.2694805],[29.4495828,-0.2695141],[29.4495727,-0.269561],[29.449566,-0.2695979],[29.4495707,-0.2696602],[29.4496062,-0.2698836],[29.4496277,-0.2700035],[29.4496424,-0.2701055],[29.4496512,-0.2701377],[29.4496659,-0.2701645],[29.4496934,-0.2702202],[29.4497082,-0.2702523],[29.4497216,-0.2703026],[29.4497269,-0.2703321],[29.4497269,-0.270359],[29.4497162,-0.2703858],[29.4496666,-0.2704428],[29.4496465,-0.270489],[29.4496398,-0.2705199],[29.4496384,-0.2705588],[29.4496357,-0.2706513],[29.4496431,-0.270827],[29.4496706,-0.2711891],[29.449676,-0.2712903],[29.4496834,-0.2713608],[29.4496894,-0.2714043],[29.4496941,-0.2714305],[29.4497115,-0.2714644],[29.449739,-0.2715049],[29.449794,-0.2715968],[29.4498114,-0.271629],[29.4498168,-0.2716638],[29.4498128,-0.2716846],[29.4497913,-0.2717108],[29.4497538,-0.271741],[29.4496585,-0.2718234],[29.4495888,-0.2719146],[29.4495499,-0.2720219],[29.4495097,-0.2721748],[29.4494963,-0.2722767],[29.4494902,-0.2724403],[29.4494902,-0.2724906],[29.4494963,-0.2725208],[29.4495117,-0.2725496],[29.4495412,-0.2725805],[29.4495563,-0.2725976],[29.449569,-0.2726029],[29.4495855,-0.2726003],[29.4495977,-0.2725929],[29.4496046,-0.272591],[29.4496103,-0.2725915],[29.4496178,-0.2725956],[29.449622,-0.2726019],[29.449626,-0.2726143],[29.4496243,-0.2726226],[29.4496188,-0.2726309],[29.4496103,-0.2726385],[29.4495824,-0.2726462],[29.4495725,-0.272649],[29.449564,-0.2726556],[29.4495575,-0.2726636],[29.4495561,-0.2726742],[29.4495573,-0.2726911],[29.449564,-0.272728],[29.4495727,-0.2727548],[29.4495881,-0.2727857],[29.4496022,-0.2728239],[29.4496123,-0.2728755],[29.4496136,-0.2729359],[29.4496123,-0.2729982],[29.4496069,-0.2730452],[29.4496015,-0.2730579],[29.4495922,-0.2730713],[29.4495868,-0.2730779],[29.4495821,-0.2730881],[29.4495811,-0.2731032],[29.4495754,-0.2731152],[29.449568,-0.2731229],[29.449559,-0.2731303],[29.4495392,-0.2731296],[29.4495134,-0.2731343],[29.4494966,-0.2731488],[29.4494842,-0.2731709],[29.4494762,-0.2731984],[29.4494547,-0.2732731],[29.4494272,-0.2733174],[29.4493984,-0.2733395],[29.4493786,-0.2733419],[29.4493588,-0.2733462],[29.449332,-0.273367],[29.4493058,-0.2733999],[29.4492622,-0.2734602],[29.4492307,-0.2735226],[29.4492166,-0.273587],[29.449212,-0.2736728],[29.4492019,-0.2737325],[29.4491818,-0.2737848],[29.4491462,-0.2738961],[29.4491204,-0.2739675],[29.4490976,-0.2740128],[29.4490711,-0.2740604],[29.4490524,-0.2740865],[29.4489595,-0.2741797],[29.448935,-0.2741945],[29.4489243,-0.2742032],[29.4489169,-0.2742173],[29.4489179,-0.2742605],[29.4489193,-0.2742733],[29.4489206,-0.2742806],[29.4489206,-0.2742884],[29.4489176,-0.274293],[29.4489126,-0.2742954],[29.4489018,-0.2742998],[29.4488968,-0.2743078],[29.4488968,-0.2743179],[29.4489022,-0.2743296],[29.4489119,-0.2743427],[29.4489126,-0.2743614],[29.4489102,-0.2743735],[29.4489038,-0.2743826],[29.4488901,-0.2743943],[29.4488817,-0.2744033],[29.4488706,-0.2744215],[29.4488579,-0.27446],[29.4488405,-0.274513],[29.4488264,-0.2745653],[29.4488204,-0.2746223],[29.4488244,-0.2747919],[29.4488398,-0.2749448],[29.4488458,-0.2750105],[29.4488586,-0.2750504],[29.4488767,-0.2751171],[29.4488874,-0.2751668],[29.4488955,-0.2752258],[29.4488948,-0.2752888],[29.4488834,-0.275329],[29.4488639,-0.2753726],[29.4488344,-0.2754175],[29.4488096,-0.2754591],[29.4487895,-0.275488],[29.4487748,-0.2755178],[29.448768,-0.2755332],[29.4487607,-0.2755476],[29.4487486,-0.275557],[29.4487302,-0.2755661],[29.4487077,-0.2755688],[29.448695,-0.2755724],[29.4486658,-0.2755969],[29.448646,-0.2756147],[29.4486192,-0.2756469],[29.4485763,-0.275718],[29.4484817,-0.2758661],[29.4484287,-0.2759768],[29.4483785,-0.2761095],[29.448351,-0.2762074],[29.4483402,-0.2763107],[29.4483322,-0.2763979],[29.4483208,-0.2764556],[29.4482953,-0.2766044],[29.4482779,-0.2768277],[29.4482651,-0.2768834],[29.4482356,-0.2769833],[29.4482122,-0.2770289],[29.4482021,-0.2770456],[29.4481907,-0.2770718],[29.4481847,-0.2771147],[29.4481813,-0.2772005],[29.4481525,-0.2773159],[29.4481501,-0.2773289],[29.4481505,-0.277339],[29.4481548,-0.2773511],[29.4481597,-0.2773566],[29.4481624,-0.2773615],[29.448163,-0.277367],[29.4481615,-0.2773708],[29.4481558,-0.2773739],[29.4481458,-0.2773772],[29.4481428,-0.2773806],[29.4481411,-0.2773839],[29.4481411,-0.2773916],[29.4481451,-0.2774047],[29.4481485,-0.2774285],[29.4481511,-0.2774801],[29.4481501,-0.277512],[29.4481468,-0.2775257],[29.4481371,-0.2775492],[29.4481176,-0.2776096],[29.4481045,-0.2776558],[29.4481022,-0.2776709],[29.4481022,-0.2776813],[29.4481089,-0.2777014],[29.4481161,-0.2777215],[29.4481169,-0.2777256],[29.4481164,-0.2777291],[29.4481144,-0.2777318],[29.4481025,-0.277737],[29.4480957,-0.2777385],[29.4480898,-0.2777423],[29.4480858,-0.2777497],[29.4480801,-0.2777646],[29.4480747,-0.2777678],[29.448066,-0.2777668],[29.4480559,-0.2777611],[29.4480432,-0.2777624],[29.4480311,-0.2777702],[29.4480217,-0.2777812],[29.4480167,-0.2777963],[29.4480075,-0.2778283],[29.4480036,-0.2778347],[29.4479947,-0.2778404],[29.4479815,-0.2778442],[29.4479577,-0.2778469],[29.4479369,-0.2778546],[29.4479141,-0.2778741],[29.4479047,-0.2778826],[29.447899,-0.2778925],[29.447897,-0.2778999],[29.447898,-0.2779063],[29.4479017,-0.2779116],[29.4479123,-0.2779147],[29.4479163,-0.2779215],[29.4479144,-0.2779267],[29.4479077,-0.2779296],[29.4478921,-0.2779336],[29.4478816,-0.2779401],[29.4478759,-0.2779532],[29.4478755,-0.2779717],[29.4478786,-0.27798],[29.4478821,-0.2779872],[29.4478883,-0.2779945],[29.447904,-0.2780005],[29.4479131,-0.2780053],[29.4479156,-0.278011],[29.4479158,-0.278026],[29.4479158,-0.2780332],[29.4479131,-0.2780427],[29.4478997,-0.2780618],[29.4478859,-0.2780803],[29.4478628,-0.2780984],[29.447845,-0.2781115],[29.4478393,-0.2781212],[29.4478367,-0.2781297],[29.447836,-0.278142],[29.447844,-0.2781721],[29.4478521,-0.278208],[29.4478524,-0.2782224],[29.4478481,-0.2782412],[29.447838,-0.2782586],[29.4478316,-0.2782707],[29.4478018,-0.2783485],[29.4477803,-0.2783921],[29.447728,-0.2784786],[29.4477206,-0.2784967],[29.4477166,-0.2785215],[29.4477099,-0.2785704],[29.4477032,-0.2786455],[29.4476972,-0.2786979],[29.4476885,-0.2787414],[29.4476781,-0.2787666],[29.447673,-0.2787884],[29.4476764,-0.2788266],[29.4476814,-0.2788937],[29.4476761,-0.2789275],[29.447664,-0.2789446],[29.4476516,-0.2789574],[29.4476231,-0.2789748],[29.4476147,-0.2789835],[29.447608,-0.2790016],[29.4476046,-0.2790371],[29.4476026,-0.2790747],[29.447602,-0.2791136],[29.4475842,-0.2791508],[29.4475721,-0.2791656],[29.4475503,-0.2791733],[29.4475235,-0.2791803],[29.4475156,-0.2791827],[29.4475101,-0.279188],[29.4475054,-0.2792075],[29.4475017,-0.2792195],[29.4474974,-0.2792296],[29.4474903,-0.279238],[29.4474766,-0.2792457],[29.4474662,-0.2792531],[29.447462,-0.2792576],[29.4474593,-0.2792626],[29.4474571,-0.2792712],[29.4474558,-0.2793],[29.4474618,-0.279359],[29.4474585,-0.2794294],[29.4474484,-0.2794817],[29.4474336,-0.279532],[29.4474263,-0.2795796],[29.447429,-0.2796775],[29.447435,-0.2797506],[29.447433,-0.2797694],[29.4474276,-0.2797841],[29.4474015,-0.279827],[29.4473639,-0.2798901],[29.4473445,-0.2799115],[29.4473022,-0.2799692],[29.4472459,-0.2800416],[29.4472271,-0.2800745],[29.4472137,-0.2801181],[29.4472124,-0.280165],[29.4472097,-0.2802441],[29.4472097,-0.2803628],[29.4472077,-0.2804091],[29.4472063,-0.2804339],[29.447211,-0.2804493],[29.4472197,-0.2804634],[29.4472338,-0.2804735],[29.4472479,-0.2804815],[29.4472531,-0.28049],[29.4472566,-0.2804986],[29.44726,-0.280513],[29.4472613,-0.2805372],[29.4472479,-0.2806351],[29.4472492,-0.2806793],[29.447258,-0.280745],[29.44727,-0.2808141],[29.4472774,-0.2808892],[29.4472767,-0.2809133],[29.44727,-0.2809348],[29.4472399,-0.2809918],[29.447199,-0.2810521],[29.4471614,-0.2811132],[29.4471467,-0.281144],[29.4471393,-0.2811809],[29.4471339,-0.2812245],[29.4471232,-0.2812862],[29.4471111,-0.2813331],[29.447083,-0.281425],[29.447034,-0.2815249],[29.4470139,-0.2815698],[29.4470005,-0.2815892],[29.446979,-0.2816254],[29.4469669,-0.2816469],[29.4469562,-0.281667],[29.4469455,-0.2816898],[29.4469388,-0.2817233],[29.4469388,-0.281777],[29.4469462,-0.2818561],[29.4469663,-0.2820144],[29.446983,-0.2821297],[29.4470105,-0.2822356],[29.4470803,-0.2824569],[29.4471326,-0.2826219],[29.447211,-0.2828478],[29.4472922,-0.283104],[29.4474813,-0.2836163],[29.4475765,-0.2838617],[29.4476603,-0.2840461],[29.4477823,-0.2843318],[29.4479527,-0.2847851],[29.4481464,-0.2852581],[29.4483476,-0.2857412],[29.4486058,-0.286397],[29.4488955,-0.2870756],[29.4490282,-0.287435],[29.4491382,-0.2877877],[29.4492669,-0.2881257],[29.4493964,-0.2884013],[29.4494252,-0.2884757],[29.4494909,-0.288705],[29.4495566,-0.2889102],[29.4496887,-0.2892683],[29.449737,-0.2893548],[29.4497819,-0.2894172],[29.4498041,-0.2894701],[29.4498141,-0.2895285],[29.449853,-0.2896995],[29.4498859,-0.2898597],[29.4499174,-0.2900247],[29.4499328,-0.2901058],[29.4499502,-0.290317],[29.4499697,-0.2904391],[29.4499911,-0.290545],[29.4500032,-0.2906376],[29.4500052,-0.2906946],[29.4500032,-0.2907529],[29.4499925,-0.2908407],[29.449975,-0.2909279],[29.449963,-0.2910144],[29.4499496,-0.2911244],[29.4499201,-0.2912786],[29.4498651,-0.2914127],[29.4498047,-0.2915616],[29.4497041,-0.2917372],[29.4496465,-0.2918311],[29.4496129,-0.2919237],[29.4495472,-0.2921288],[29.4495023,-0.2922241],[29.4494594,-0.2923079],[29.4494185,-0.292385],[29.4493206,-0.2925312],[29.449283,-0.2925855],[29.4492374,-0.2926733],[29.4491858,-0.2928195],[29.4491369,-0.2929107],[29.4491053,-0.2929496],[29.4490336,-0.2930039],[29.4489578,-0.2930348],[29.4489176,-0.2930401],[29.4488841,-0.2930488],[29.4488431,-0.2930649],[29.4487908,-0.2930998],[29.4487426,-0.2931347],[29.4486353,-0.2932037],[29.448593,-0.2932326],[29.4485414,-0.2932741],[29.4484817,-0.293315],[29.4483154,-0.2934196],[29.4482276,-0.2934793],[29.4481082,-0.2935698],[29.4480613,-0.2936094],[29.4479701,-0.2936899],[29.447901,-0.2937455],[29.447787,-0.2938253],[29.4476764,-0.2938816],[29.4475597,-0.2939541],[29.447435,-0.2940506],[29.4473518,-0.2941204],[29.4472513,-0.2942263],[29.4471292,-0.2943939],[29.4470206,-0.2945294],[29.446912,-0.2946474],[29.4467899,-0.2947842],[29.4466672,-0.294976],[29.4465955,-0.2951154],[29.4465123,-0.2953005],[29.4464104,-0.2956049],[29.4463889,-0.29568],[29.4463601,-0.295785],[29.4463339,-0.2959281],[29.4463239,-0.2960073],[29.4463158,-0.2961166],[29.4462984,-0.2962205],[29.4462642,-0.2963325],[29.4462293,-0.2964083],[29.4462106,-0.2964559],[29.4461891,-0.2965471],[29.4461616,-0.296655],[29.4461435,-0.2966939],[29.446114,-0.2967502],[29.4460577,-0.2968361],[29.4459651,-0.2969621],[29.445824,-0.2971311],[29.4457874,-0.297178],[29.4456745,-0.2973339],[29.4456205,-0.2974154],[29.4455635,-0.29751],[29.4455152,-0.2975951],[29.4454595,-0.2977011],[29.4453898,-0.2978982],[29.4452912,-0.2982053],[29.4452691,-0.2982509],[29.4452463,-0.2982952],[29.4452041,-0.2983649],[29.4451699,-0.2984366],[29.4451497,-0.2985017],[29.4451209,-0.2986009],[29.4450572,-0.2988624],[29.445021,-0.2990086],[29.4449895,-0.2991213],[29.4449244,-0.2993291],[29.444856,-0.2995129],[29.4448111,-0.299649],[29.4447139,-0.2999165],[29.4446059,-0.3001271],[29.4445751,-0.3001975],[29.4444993,-0.3003457],[29.4444068,-0.3005026],[29.4443129,-0.3006354],[29.4442593,-0.3007212],[29.4441721,-0.300913],[29.4441506,-0.3009733],[29.4441161,-0.3010283],[29.4440728,-0.301092],[29.4440259,-0.3011658],[29.443934,-0.3013227],[29.4438831,-0.3014253],[29.4438415,-0.3015151],[29.4438053,-0.3016063],[29.4437416,-0.3017592],[29.4436933,-0.3019067],[29.4436598,-0.3020334],[29.4436403,-0.3021025],[29.4436276,-0.3021602],[29.4436102,-0.302195],[29.4435605,-0.3022822],[29.4435049,-0.3024022],[29.4434801,-0.3024498],[29.4434211,-0.3025357],[29.4433607,-0.3025933],[29.4432306,-0.302757],[29.4431595,-0.3028535],[29.4430938,-0.3029635],[29.4430523,-0.3030453],[29.4429825,-0.3031667],[29.4429182,-0.3032491],[29.4428149,-0.3033698],[29.4427317,-0.303457],[29.4426271,-0.3035697],[29.4425453,-0.3036863],[29.4424789,-0.3038258],[29.4424387,-0.3039331],[29.4423951,-0.3040632],[29.442381,-0.3041135],[29.4423663,-0.3041443],[29.4423361,-0.3041852],[29.4422999,-0.3042295],[29.442204,-0.3043636],[29.442147,-0.3044588],[29.4420947,-0.3045714],[29.4420572,-0.30467],[29.4420303,-0.3047679],[29.4420089,-0.3048423],[29.4419807,-0.3050033],[29.4419606,-0.3051387],[29.4419499,-0.305246],[29.4419479,-0.3053459],[29.4419432,-0.3054009],[29.4419271,-0.3054599],[29.4418989,-0.3055048],[29.4418573,-0.3055491],[29.441793,-0.3056242],[29.4417574,-0.3056939],[29.441738,-0.3057482],[29.4417199,-0.3057938],[29.441689,-0.3058884],[29.4416749,-0.305944],[29.4416387,-0.3061016],[29.4416106,-0.3061989],[29.4415764,-0.3062786],[29.4415462,-0.3063457],[29.4415361,-0.3063859],[29.4415247,-0.3064483],[29.4415087,-0.3065207],[29.4414892,-0.3065844],[29.441459,-0.3066776],[29.4414449,-0.3067199],[29.4414195,-0.3067856],[29.4413886,-0.3068318],[29.441339,-0.3068982],[29.4412988,-0.3069525],[29.441229,-0.3070592],[29.4411982,-0.3070987],[29.4411177,-0.3072087],[29.441052,-0.307312],[29.4410285,-0.3073636],[29.440997,-0.3074622],[29.4409715,-0.3075943],[29.4409534,-0.3077257],[29.4409534,-0.3078276],[29.4409615,-0.3079791],[29.4409917,-0.3082655],[29.4410145,-0.3084244],[29.4410513,-0.3086048],[29.4410808,-0.3087369],[29.4411036,-0.308812],[29.4411331,-0.3089052],[29.441168,-0.3089695],[29.4411898,-0.3090359],[29.4411989,-0.3090792],[29.4412089,-0.3091298],[29.4412129,-0.309162],[29.4412083,-0.309195],[29.4412059,-0.3092022],[29.4411915,-0.3092257],[29.4411784,-0.3092522],[29.441168,-0.3092968],[29.4411586,-0.3093296],[29.4411331,-0.3094369],[29.4410473,-0.3096609],[29.4409075,-0.3100525],[29.4407523,-0.3104829],[29.4406477,-0.3106747],[29.4405927,-0.3107901],[29.4405296,-0.310896],[29.4403727,-0.3111414],[29.4402467,-0.3112956],[29.4401447,-0.3114391],[29.440024,-0.3115719],[29.4399295,-0.3116819],[29.439843,-0.3117972],[29.4397699,-0.3119166],[29.439723,-0.3120245],[29.4396874,-0.3121479],[29.4396552,-0.3122948],[29.4396378,-0.3123933],[29.4396217,-0.3125174],[29.4396063,-0.3126884],[29.4395982,-0.3127722],[29.4395875,-0.3128386],[29.439558,-0.3129566],[29.4395278,-0.3130954],[29.4395144,-0.313151],[29.4394943,-0.3132134],[29.4394635,-0.3132731],[29.4394279,-0.3133388],[29.4393857,-0.3134119],[29.4393307,-0.3135071],[29.4392569,-0.3136037],[29.4391993,-0.3136694],[29.4390759,-0.3138115],[29.4389559,-0.3139986],[29.4388854,-0.3141522],[29.4387943,-0.3144096],[29.4387205,-0.3145773],[29.4385904,-0.3147999],[29.4385247,-0.3149555],[29.4384187,-0.3152854],[29.4383866,-0.3153524],[29.4383128,-0.3154731],[29.4381948,-0.3157065],[29.4380231,-0.3160739],[29.4379815,-0.3161946],[29.4379628,-0.3162657],[29.4379494,-0.3164079],[29.4379205,-0.3170093],[29.4379131,-0.3171609],[29.4379085,-0.317189],[29.4379011,-0.3172105],[29.437883,-0.3172427],[29.4378635,-0.3172916],[29.4378474,-0.3173486],[29.4378313,-0.3174485],[29.4378045,-0.3176417],[29.4377898,-0.317814],[29.4377341,-0.3180232],[29.4377106,-0.3181003],[29.4376798,-0.3182156],[29.4376483,-0.3183316],[29.4375886,-0.3185067],[29.4375671,-0.3185476],[29.4375457,-0.3185844],[29.4374786,-0.3186716],[29.4373941,-0.318803],[29.4373365,-0.3188862],[29.4373016,-0.3189546],[29.4372198,-0.3191443],[29.4371822,-0.3192362],[29.437136,-0.3193703],[29.4370917,-0.319544],[29.4370367,-0.319723],[29.4370106,-0.3197988],[29.4370015,-0.3198306],[29.4370019,-0.3198404],[29.4370035,-0.3198601],[29.4370062,-0.3198727],[29.4370071,-0.3198792],[29.4370065,-0.3198853],[29.4370054,-0.3198878],[29.4370031,-0.3198902],[29.4369915,-0.3198947],[29.4369811,-0.3198967],[29.4369673,-0.3199042],[29.436959,-0.3199128],[29.4369489,-0.3199329],[29.4369087,-0.320006],[29.4368859,-0.3200637],[29.4368584,-0.3201616],[29.4368523,-0.3202246],[29.4368523,-0.3202802],[29.4368651,-0.3203185],[29.4368872,-0.3203594],[29.4369174,-0.3204117],[29.4369194,-0.3204234],[29.436918,-0.3204341],[29.4369078,-0.3204499],[29.4368805,-0.3204801],[29.4368597,-0.3205149],[29.4368456,-0.3205518],[29.4367008,-0.3208844],[29.4365908,-0.3210936],[29.4365566,-0.3211496],[29.4365399,-0.3212016],[29.4365305,-0.3212217],[29.4365134,-0.3212448],[29.4364849,-0.321278],[29.4364614,-0.3213021],[29.4364249,-0.3213585],[29.4363846,-0.3214322],[29.4363159,-0.32163],[29.4362716,-0.3217206],[29.4362113,-0.3218822],[29.4361925,-0.3219506],[29.4361714,-0.3220649],[29.4361597,-0.3221071],[29.4361315,-0.3222288],[29.4361194,-0.3222603],[29.4360986,-0.3223006],[29.4360678,-0.3223368],[29.4360235,-0.3223703],[29.4359873,-0.3224038],[29.4359323,-0.3224924],[29.4358787,-0.3225889],[29.4358331,-0.3226613],[29.435766,-0.3227452],[29.4356212,-0.3228799],[29.4355944,-0.3229133],[29.4355828,-0.3229416],[29.4355743,-0.3229751],[29.435564,-0.3229892],[29.4355513,-0.3229953],[29.435526,-0.3229974],[29.4355025,-0.3229979],[29.4354703,-0.323004],[29.4354328,-0.3230201],[29.4353946,-0.3230442],[29.4353335,-0.323116],[29.4352403,-0.3231917],[29.4348407,-0.3234573],[29.4347877,-0.3234948],[29.4346945,-0.3235934],[29.4345979,-0.3237141],[29.4344906,-0.3238938],[29.4344672,-0.3239454],[29.4344383,-0.3239997],[29.4343981,-0.32404],[29.4343176,-0.3240996],[29.4342627,-0.3241224],[29.4342151,-0.3241312],[29.4341567,-0.3241412],[29.4341011,-0.3241647],[29.434036,-0.3242103],[29.4338697,-0.3243203],[29.4337758,-0.3243886],[29.4337222,-0.3244329],[29.4336699,-0.3244946],[29.4335921,-0.3245972],[29.4335123,-0.324673],[29.4334419,-0.324736],[29.4333856,-0.3247655],[29.4333252,-0.3247816],[29.4332904,-0.3247937],[29.4332669,-0.324807],[29.4332133,-0.3248346],[29.4331797,-0.3248513],[29.4330584,-0.3249385],[29.4329216,-0.3250646],[29.4326976,-0.3253422],[29.4326292,-0.3254521],[29.4325943,-0.3255286],[29.4325809,-0.3255661],[29.4325595,-0.3256385],[29.4325279,-0.3257599],[29.4325246,-0.3258075],[29.4325259,-0.3259383],[29.4325179,-0.3261153],[29.4325132,-0.3261562],[29.4324978,-0.3262058],[29.4324663,-0.3262615],[29.4324213,-0.3263279],[29.4323543,-0.3264284],[29.4322993,-0.3265283],[29.4322684,-0.3266081],[29.4322188,-0.3267798],[29.4321866,-0.3268898],[29.4321685,-0.3269709],[29.4321437,-0.3271017],[29.4321042,-0.3272646],[29.4320713,-0.327384],[29.4320411,-0.3274711],[29.4319855,-0.3276133],[29.4319499,-0.3276891],[29.4319198,-0.3277481],[29.4318762,-0.3278144],[29.4318514,-0.3278507],[29.4318098,-0.3279023],[29.4317783,-0.3279318],[29.4317685,-0.3279442],[29.4317655,-0.3279556],[29.4317662,-0.3279727],[29.4317722,-0.3279988],[29.4317702,-0.3280139],[29.4317618,-0.3280253],[29.4317468,-0.328031],[29.431726,-0.3280377],[29.4317129,-0.3280505],[29.4316656,-0.3281162],[29.4316116,-0.3281708],[29.4315295,-0.3282399],[29.4313652,-0.3284052],[29.431335,-0.3284421],[29.4313203,-0.3284716],[29.4312955,-0.32854],[29.43128,-0.3285675],[29.4312626,-0.3285874],[29.4312395,-0.3286048],[29.4312184,-0.3286112],[29.4312006,-0.3286124],[29.4311654,-0.3286204],[29.4311305,-0.3286432],[29.4310668,-0.3286908],[29.4310435,-0.3287167],[29.4310046,-0.3287638],[29.4309582,-0.3288263],[29.4309005,-0.3288833],[29.4307637,-0.3289933],[29.4307161,-0.3290352],[29.4306658,-0.3290757],[29.4305951,-0.3291217],[29.4305284,-0.3291622],[29.4304673,-0.3292132],[29.4304264,-0.3292481],[29.4303808,-0.3292963],[29.4303486,-0.3293312],[29.4302776,-0.3294251],[29.4302514,-0.3294687],[29.430232,-0.3294982],[29.4302139,-0.3295411],[29.4301971,-0.3295934],[29.430171,-0.3296712],[29.4301495,-0.3297282],[29.430128,-0.3297657],[29.4300952,-0.329808],[29.4300328,-0.329867],[29.430008,-0.3298955],[29.4299731,-0.3299273],[29.4299503,-0.3299394],[29.4298464,-0.3299655],[29.4297988,-0.3299769],[29.4297378,-0.3299917],[29.4296352,-0.3300245],[29.4295145,-0.3300695],[29.4294092,-0.3301198],[29.4293542,-0.3301506],[29.4292898,-0.3301801],[29.4291732,-0.3302411],[29.4290706,-0.3303055],[29.4289271,-0.3303846],[29.4288728,-0.3304242],[29.4287769,-0.3304798],[29.4287447,-0.3305053],[29.4287118,-0.3305295],[29.428677,-0.3305496],[29.4286522,-0.3305657],[29.4284879,-0.3306642],[29.4283933,-0.3307313],[29.4283256,-0.3307789],[29.4282592,-0.3308352],[29.428168,-0.3309204],[29.4280621,-0.3310565],[29.4280078,-0.331145],[29.4279702,-0.3312101],[29.4279427,-0.3312791],[29.4279092,-0.3314052],[29.4278643,-0.3314944],[29.4278354,-0.3315494],[29.4277784,-0.3316452],[29.4277268,-0.3317371],[29.4275504,-0.3319443],[29.4274043,-0.3320858],[29.4273385,-0.3321445],[29.4272433,-0.3322139],[29.4272085,-0.3322447],[29.427181,-0.3322635],[29.4271575,-0.3322745],[29.4271374,-0.3322802],[29.4270851,-0.3322742],[29.4270354,-0.3322662],[29.4269711,-0.3322648],[29.426908,-0.3322796],[29.4268517,-0.332301],[29.4267458,-0.3323319],[29.4266117,-0.3323614],[29.4264467,-0.3323949],[29.4262737,-0.3324593],[29.4260618,-0.3325384],[29.4258942,-0.3326175],[29.4257466,-0.3327181],[29.425583,-0.3328428],[29.4254355,-0.3329903],[29.4252934,-0.3331379],[29.4251767,-0.333268],[29.4249903,-0.3334906],[29.424938,-0.3335844],[29.424879,-0.3336689],[29.4248079,-0.33374],[29.424663,-0.3338781],[29.4244458,-0.3340404],[29.4243935,-0.3341195],[29.4243345,-0.3342335],[29.4242553,-0.3343663],[29.424203,-0.3344334],[29.4241199,-0.3345031],[29.4240287,-0.3345795],[29.423912,-0.3346613],[29.4237645,-0.334778],[29.4233729,-0.3350717],[29.4233112,-0.3351133],[29.423165,-0.3352246],[29.4230014,-0.3353533],[29.4229048,-0.3354432],[29.422809,-0.3355518],[29.4227419,-0.3356497],[29.4226789,-0.3357423],[29.4226534,-0.3358274],[29.4226326,-0.3359173],[29.4226219,-0.335985],[29.4226152,-0.3360306],[29.4226152,-0.3360473],[29.4226172,-0.3360634],[29.4226202,-0.3360755],[29.4226282,-0.3360939],[29.4226373,-0.3361137],[29.4226376,-0.3361352],[29.4226346,-0.3361452],[29.4226266,-0.3361573],[29.4226175,-0.3361731],[29.4226111,-0.3361882],[29.4226118,-0.3362167],[29.4226125,-0.3362317],[29.422609,-0.3362385],[29.4226044,-0.3362438],[29.4225816,-0.3362545],[29.4225595,-0.3362626],[29.4225495,-0.3362753],[29.4225438,-0.3362904],[29.4225404,-0.3363082],[29.4225448,-0.3363303],[29.4225404,-0.3363414],[29.4225322,-0.3363498],[29.4225263,-0.3363534],[29.4225099,-0.3363534],[29.4224864,-0.3363441],[29.4224676,-0.3363377],[29.4224462,-0.3363377],[29.422415,-0.3363394],[29.4223885,-0.3363451],[29.4223523,-0.3363645],[29.4222772,-0.3364249],[29.4221082,-0.336571],[29.4219714,-0.3367011],[29.4218977,-0.3367843],[29.4217461,-0.3370257],[29.4216174,-0.3372188],[29.4214672,-0.3374548],[29.4213156,-0.3377069],[29.421266,-0.3378115],[29.4212419,-0.3379054],[29.4212258,-0.3380047],[29.4212191,-0.3383104],[29.4212124,-0.3385853],[29.4212298,-0.3389334],[29.4212392,-0.3392867],[29.4212472,-0.3395201],[29.4212432,-0.3397279],[29.4212311,-0.3398165],[29.421207,-0.3399237],[29.4211668,-0.3400163],[29.421093,-0.3401142],[29.4209991,-0.3401987],[29.4208959,-0.3402738],[29.4207846,-0.3403583],[29.4206505,-0.3404588],[29.420523,-0.3405138],[29.4203769,-0.3405581],[29.4202401,-0.3405876],[29.4201328,-0.3406291],[29.4197908,-0.3407807],[29.4195387,-0.3408947],[29.4193442,-0.3409939],[29.4192396,-0.341061],[29.419143,-0.3411361],[29.4190545,-0.3412112],[29.4189499,-0.3413118],[29.4188681,-0.341411],[29.4187595,-0.3415786],[29.4186173,-0.3417838],[29.4184792,-0.3419407],[29.4184296,-0.3419971],[29.4183558,-0.3420815],[29.4182579,-0.3422197],[29.4181721,-0.3423337],[29.4180983,-0.3424195],[29.4179025,-0.3426595],[29.4177188,-0.3428983],[29.4175418,-0.3431021],[29.4174479,-0.3432],[29.4173741,-0.3433086],[29.4173487,-0.3433623],[29.4173285,-0.3434266],[29.417295,-0.3435822],[29.4172159,-0.34377],[29.4171461,-0.3439135],[29.4170952,-0.3440234],[29.4170281,-0.3441817],[29.4169852,-0.344234],[29.4169034,-0.3443158],[29.4168203,-0.3443802],[29.4166754,-0.3444566],[29.4165923,-0.3444834],[29.4164515,-0.3445277],[29.4162744,-0.34458],[29.4161685,-0.3446215],[29.4159941,-0.3447221],[29.4158077,-0.3448576],[29.4155462,-0.3450614],[29.4154121,-0.3451794],[29.4153088,-0.3453068],[29.4152404,-0.3454007],[29.4151036,-0.3456193],[29.414987,-0.3458124],[29.4148207,-0.3460417],[29.4147429,-0.3461303],[29.4145122,-0.3463623],[29.4143768,-0.3465259],[29.4142252,-0.3467458],[29.4141313,-0.3468464],[29.4137806,-0.3471066],[29.4136418,-0.3472051],[29.4134662,-0.3473238],[29.413377,-0.3473989],[29.4133334,-0.3474438],[29.4132408,-0.3475491],[29.4131114,-0.3476651],[29.4129331,-0.3478173],[29.4128164,-0.3479347],[29.4127433,-0.3480185],[29.4126226,-0.3481633],[29.4125287,-0.3483042],[29.4124416,-0.3484342],[29.4123906,-0.3484725],[29.4123048,-0.3485261],[29.4122592,-0.3485516],[29.412223,-0.3485844],[29.4121693,-0.3486354],[29.4120325,-0.348736],[29.4119346,-0.3488124],[29.4118515,-0.3488915],[29.4117884,-0.3489653],[29.4117308,-0.3490619],[29.4116409,-0.3492469],[29.4115739,-0.3493314],[29.4114947,-0.3493985],[29.4114156,-0.3494816],[29.4113553,-0.3495527],[29.4112949,-0.3496265],[29.4111595,-0.3497337],[29.4110173,-0.3498075],[29.4108939,-0.3498665],[29.4108195,-0.3499094],[29.410741,-0.3499698],[29.410619,-0.350067],[29.4105466,-0.3501455],[29.4104835,-0.3502313],[29.4104192,-0.3503332],[29.4103789,-0.3504043],[29.4102998,-0.3504968],[29.4101999,-0.3506028],[29.4101389,-0.3506966],[29.4100973,-0.3507972],[29.4100544,-0.3509407],[29.4100276,-0.3510668],[29.4100182,-0.3512089],[29.4100182,-0.3513216],[29.4100235,-0.351504],[29.4100504,-0.3517722],[29.4100785,-0.3519438],[29.4100986,-0.3520994],[29.410108,-0.3522322],[29.4101074,-0.3523757],[29.4100799,-0.3525017],[29.4100356,-0.3526144],[29.4100001,-0.352729],[29.4099712,-0.3528129],[29.4099444,-0.3528779],[29.409927,-0.352951],[29.4099106,-0.3530774],[29.4098945,-0.3531334],[29.4098589,-0.3532031],[29.4098344,-0.3532366],[29.4097754,-0.3533037],[29.4097124,-0.3533929],[29.4096956,-0.353415],[29.4096561,-0.3534412],[29.4096179,-0.3534653],[29.4094978,-0.3535759],[29.4093865,-0.3537221],[29.4092403,-0.353879],[29.4091398,-0.3540131],[29.4090512,-0.3541875],[29.4089788,-0.354335],[29.4089131,-0.3544289],[29.4088507,-0.3545321],[29.4088005,-0.3546381],[29.4087267,-0.3548084],[29.408659,-0.3549914],[29.4086274,-0.355088],[29.4086194,-0.3551852],[29.4086248,-0.3552469],[29.4086348,-0.3552965],[29.408665,-0.3553797],[29.4086838,-0.35544],[29.4086824,-0.3555098],[29.4086771,-0.3556057],[29.4086838,-0.3556935],[29.4086851,-0.3557243],[29.4086771,-0.3557565],[29.4086583,-0.3558263],[29.4086442,-0.3559141],[29.4086315,-0.3560355],[29.4086234,-0.3560958],[29.408614,-0.3561649],[29.4086033,-0.3562554],[29.4085819,-0.3563225],[29.4085872,-0.3563922],[29.408606,-0.35647],[29.4086422,-0.3565585],[29.4086663,-0.3566658],[29.4086516,-0.3567302],[29.4086194,-0.3568964],[29.4085966,-0.3569581],[29.4085874,-0.3569776],[29.4085819,-0.3569863],[29.4085728,-0.3569937],[29.4085322,-0.3570064],[29.408527,-0.3570109],[29.4085227,-0.357017],[29.4085155,-0.3570302],[29.4085067,-0.3570574],[29.4084893,-0.3571754],[29.4084853,-0.3571975],[29.4084746,-0.357217],[29.4084001,-0.3573269],[29.4083016,-0.3574972],[29.4082362,-0.3576498],[29.4081916,-0.3577802],[29.4081353,-0.3579251],[29.4080883,-0.3580431],[29.4080602,-0.3581276],[29.4080427,-0.3581879],[29.4080333,-0.358257],[29.4080206,-0.3583498],[29.4080045,-0.3583998],[29.4079777,-0.3584447],[29.4079294,-0.3585238],[29.4078751,-0.3585922],[29.4078409,-0.3586398],[29.4077919,-0.3586935],[29.407751,-0.3587377],[29.4076605,-0.3588169],[29.407576,-0.3588806],[29.4075163,-0.3589242],[29.4074526,-0.3589604],[29.4073872,-0.358978],[29.4072796,-0.3589785],[29.40722,-0.3589657],[29.4071402,-0.358949],[29.407051,-0.3589496],[29.4069296,-0.358959],[29.4067647,-0.3589791],[29.4066158,-0.3590019],[29.4065125,-0.3590288],[29.4064777,-0.3590415],[29.4064441,-0.3590576],[29.4063382,-0.3591119],[29.4062714,-0.3591429],[29.4061786,-0.3591749],[29.4060606,-0.3591816],[29.4059814,-0.3591709],[29.4058956,-0.359136],[29.4057776,-0.359077],[29.4056945,-0.3590254],[29.4055898,-0.3589724],[29.4054919,-0.3589483],[29.4053525,-0.3589376],[29.4051533,-0.358957],[29.4048449,-0.3590019],[29.4045518,-0.3590509],[29.4044318,-0.3590737],[29.4043017,-0.3591039],[29.4042427,-0.359122],[29.4040469,-0.3591924],[29.4037887,-0.3592836],[29.4036292,-0.3593473],[29.4035145,-0.3594076],[29.4034085,-0.3594747],[29.4033127,-0.3595431],[29.4031651,-0.3596524],[29.4030458,-0.3597328],[29.4028446,-0.3598461],[29.4026676,-0.3599668],[29.4025087,-0.3600641],[29.4024181,-0.3601016],[29.4022901,-0.3601479],[29.402158,-0.3601982],[29.4020671,-0.3602481],[29.401997,-0.3602947],[29.4019427,-0.360336],[29.4018589,-0.3604242],[29.4018066,-0.3604845],[29.4016658,-0.3606387],[29.401588,-0.3607366],[29.4014438,-0.360921],[29.4013908,-0.3610048],[29.401362,-0.3610364],[29.4013298,-0.3610605],[29.4012983,-0.3610672],[29.4012641,-0.3610759],[29.4012417,-0.361088],[29.4012202,-0.3611001],[29.4011917,-0.3611269],[29.4011327,-0.3611832],[29.4010395,-0.3612623],[29.4009738,-0.3613133],[29.400896,-0.3613857],[29.4008108,-0.3614729],[29.4007371,-0.3615607],[29.4006982,-0.361603],[29.4006801,-0.3616117],[29.4006667,-0.3616157],[29.4006371,-0.3616144],[29.4006164,-0.361607],[29.4006099,-0.3616045],[29.4006036,-0.361604],[29.4005922,-0.3616083],[29.4005734,-0.3616211],[29.4005453,-0.3616398],[29.400503,-0.3616781],[29.4004212,-0.3617699],[29.4003247,-0.3618571],[29.4002087,-0.3619979],[29.4001342,-0.3620824],[29.4000256,-0.362187],[29.3999559,-0.3622447],[29.3998727,-0.3622916],[29.3998003,-0.362368],[29.3997212,-0.3624619],[29.3996313,-0.3625866],[29.3995066,-0.3627489],[29.3993738,-0.3629259],[29.3992598,-0.3630735],[29.3991888,-0.3631727],[29.3991485,-0.3632464],[29.3991056,-0.3633376],[29.3990694,-0.3634101],[29.3990251,-0.3634878],[29.3989554,-0.3636313],[29.3988937,-0.3637681],[29.3988267,-0.3638821],[29.3987569,-0.3639398],[29.3986858,-0.3640001],[29.3986188,-0.3640296],[29.3985169,-0.3640672],[29.3984015,-0.3641047],[29.3982781,-0.3641731],[29.3980756,-0.364271],[29.3978879,-0.3643904],[29.3978047,-0.3644601],[29.3977296,-0.3645486],[29.3976981,-0.3645916],[29.3976679,-0.3646452],[29.3976411,-0.3647243],[29.3976049,-0.3648303],[29.3975539,-0.3650194],[29.3975244,-0.3651548],[29.3975137,-0.3652956],[29.3974882,-0.3654619],[29.397454,-0.3656021],[29.3974259,-0.3656993],[29.3973796,-0.3658025],[29.3973387,-0.3658984],[29.3973045,-0.3659702],[29.3972743,-0.3660285],[29.3972435,-0.3660614],[29.3972033,-0.3661023],[29.3971429,-0.3661573],[29.3970792,-0.3662216],[29.3970168,-0.3662967],[29.3969733,-0.3663376],[29.3969364,-0.3663712],[29.3969028,-0.3664007],[29.3968344,-0.3664429],[29.3967654,-0.3664872],[29.3966695,-0.3665301],[29.3964998,-0.3665549],[29.3963838,-0.3665696],[29.3962779,-0.3665703],[29.3961532,-0.3665643],[29.3960097,-0.3665549],[29.3958621,-0.3665415],[29.3957944,-0.3665381],[29.3957247,-0.3665468],[29.395663,-0.3665636],[29.3955973,-0.3665991],[29.3955591,-0.3666213],[29.3952043,-0.3669009],[29.3951849,-0.366917],[29.3951621,-0.3669277],[29.3951091,-0.3669425],[29.3950367,-0.3669559],[29.394971,-0.3669854],[29.3948892,-0.3670256],[29.3947819,-0.367086],[29.3946826,-0.3671329],[29.3945847,-0.3671919],[29.3944815,-0.367259],[29.394393,-0.3673126],[29.3942857,-0.3673622],[29.394173,-0.3674159],[29.3940644,-0.3674883],[29.3939665,-0.3675728],[29.3938833,-0.3676586],[29.3938163,-0.3677645],[29.3937922,-0.3678303],[29.3937626,-0.3678785],[29.3937466,-0.3679228],[29.3937124,-0.3679717],[29.3936567,-0.3680328],[29.3936084,-0.3681038],[29.3935642,-0.3681742],[29.3935199,-0.3682406],[29.3934854,-0.3682782],[29.3934394,-0.3683104],[29.3934073,-0.3683305],[29.3933727,-0.3683516],[29.3933389,-0.3683841],[29.3933026,-0.368423],[29.3932195,-0.3685209],[29.393068,-0.3687006],[29.3928856,-0.3688897],[29.3927944,-0.3690077],[29.39273,-0.3690681],[29.3925181,-0.3692464],[29.3924269,-0.3693309],[29.3923759,-0.3693765],[29.3922968,-0.3694892],[29.392152,-0.3696581],[29.3920648,-0.3697876],[29.3920045,-0.3698969],[29.3919666,-0.3699626],[29.3919535,-0.3699951],[29.3919495,-0.370035],[29.3919448,-0.3700618],[29.3919398,-0.3700769],[29.3919314,-0.3700913],[29.3918797,-0.3701443],[29.3918174,-0.3702154],[29.3917952,-0.3702462],[29.3917832,-0.370273],[29.3917718,-0.3703119],[29.3917564,-0.3703904],[29.3917446,-0.3704333],[29.3917396,-0.3704544],[29.3917329,-0.3704668],[29.3917218,-0.3704755],[29.3917054,-0.3704836],[29.3916585,-0.3705017],[29.3916256,-0.3705245],[29.3915954,-0.3705533],[29.3915579,-0.3706009],[29.3914694,-0.3707189],[29.3914171,-0.3708155],[29.3913513,-0.3709375],[29.391291,-0.371081],[29.3912467,-0.3712366],[29.3912295,-0.3713508],[29.3912273,-0.3715014],[29.3912293,-0.371537],[29.3912343,-0.3715511],[29.3912501,-0.3715765],[29.3912561,-0.371598],[29.3912581,-0.3716205],[29.3912548,-0.3716449],[29.3912159,-0.3717288],[29.3911958,-0.3717958],[29.3911663,-0.3719514],[29.3911166,-0.3721029],[29.3910885,-0.3721834],[29.3910637,-0.372225],[29.3910308,-0.3722659],[29.3909899,-0.3723027],[29.3909477,-0.372343],[29.3908136,-0.3724436],[29.3907063,-0.3725133],[29.3906546,-0.3725515],[29.3905923,-0.3726152],[29.3905051,-0.3727426],[29.3904608,-0.3728539],[29.390438,-0.3729545],[29.3904246,-0.3730886],[29.3904266,-0.373206],[29.390438,-0.373334],[29.3904421,-0.3733776],[29.3904454,-0.3734205],[29.3904459,-0.3734447],[29.3904494,-0.3734653],[29.3904535,-0.3734747],[29.3904583,-0.3734815],[29.3904644,-0.3734866],[29.3904753,-0.3734914],[29.3904805,-0.3735],[29.3904826,-0.3735127],[29.3904816,-0.3735214],[29.390481,-0.373526],[29.3904788,-0.3735303],[29.3904627,-0.3735411],[29.3904568,-0.3735469],[29.3904552,-0.3735503],[29.3904555,-0.373555],[29.3904572,-0.3735637],[29.3904608,-0.3735845],[29.3904769,-0.3736787],[29.3904944,-0.373786],[29.3905373,-0.3739791],[29.3905514,-0.3740233],[29.3905695,-0.3741078],[29.3905728,-0.3741333],[29.3905675,-0.3741621],[29.390546,-0.3742453],[29.3905239,-0.3743593],[29.3905018,-0.3745423],[29.3904904,-0.3746811],[29.3904649,-0.3748394],[29.3904454,-0.3749044],[29.3904226,-0.3749534],[29.3903811,-0.3750137],[29.3903509,-0.3750546],[29.3902919,-0.375111],[29.3902624,-0.3751398],[29.3902436,-0.375168],[29.3902027,-0.3752377],[29.3901363,-0.3753255],[29.3900987,-0.3753872],[29.3900511,-0.3754798],[29.390033,-0.3755388],[29.3900022,-0.3756595],[29.3899908,-0.3757258],[29.3899861,-0.3757962],[29.3899848,-0.3758941],[29.3899941,-0.3761798],[29.3900089,-0.3764473],[29.390019,-0.3764903],[29.390027,-0.3765131],[29.3900418,-0.3765566],[29.3900619,-0.3765989],[29.3900746,-0.3766384],[29.3900726,-0.376672],[29.3900672,-0.3767055],[29.3900478,-0.3767377],[29.3900263,-0.3767578],[29.3899807,-0.3767873],[29.3899418,-0.3768101],[29.3899123,-0.3768503],[29.3898909,-0.3769536],[29.3898694,-0.3771253],[29.3898614,-0.377305],[29.3898553,-0.3774082],[29.3898523,-0.3774642],[29.3898453,-0.3775128],[29.3898218,-0.377712],[29.3897916,-0.3778763],[29.3897822,-0.3779433],[29.3897608,-0.3780231],[29.3897594,-0.3780466],[29.3897668,-0.3780744],[29.3897708,-0.3781076],[29.3897635,-0.3781254],[29.389742,-0.3781431],[29.3897085,-0.3781753],[29.3896911,-0.3782082],[29.389679,-0.3783114],[29.3896656,-0.3784288],[29.3896535,-0.3785823],[29.3896515,-0.3786028],[29.3896448,-0.378634],[29.3896287,-0.3786608],[29.3895878,-0.3787218],[29.3894939,-0.3788539],[29.3894497,-0.3789277],[29.3894225,-0.3789696],[29.3893933,-0.3790383],[29.3893169,-0.3792254],[29.3892525,-0.3793675],[29.3891948,-0.3794654],[29.3891506,-0.3795358],[29.3890473,-0.3796706],[29.388985,-0.3797303],[29.3889152,-0.3797846],[29.3888462,-0.379845],[29.3887442,-0.3799402],[29.3886973,-0.3800086],[29.3886323,-0.3801031],[29.3885672,-0.3801936],[29.3885015,-0.3802808],[29.388421,-0.380376],[29.3883674,-0.3804196],[29.3883111,-0.3804605],[29.3882648,-0.3804783],[29.3881977,-0.3804887],[29.3881635,-0.380493],[29.3881347,-0.3805054],[29.3881092,-0.3805292],[29.3880858,-0.3805624],[29.3880562,-0.3806174],[29.3880254,-0.3806831],[29.388012,-0.3807448],[29.3880066,-0.3808427],[29.3880147,-0.3809594],[29.3880257,-0.3810543],[29.3880452,-0.3811364],[29.3880623,-0.3812068],[29.3880744,-0.3812638],[29.3880797,-0.3813248],[29.388067,-0.3814449],[29.3880656,-0.3814972],[29.3880656,-0.3815669],[29.3880643,-0.3817506],[29.3880636,-0.3818586],[29.3880556,-0.3819136],[29.3880368,-0.3819913],[29.3879832,-0.3821107],[29.3879557,-0.3821717],[29.3879309,-0.3822166],[29.3879081,-0.3822482],[29.3878836,-0.3822646],[29.3878608,-0.3822713],[29.3877941,-0.3822783],[29.3877391,-0.382279],[29.387664,-0.3822877],[29.387607,-0.3823052],[29.3875319,-0.3823501],[29.3875024,-0.3823735],[29.3874675,-0.3824091],[29.3874494,-0.3824574],[29.3874444,-0.3825251],[29.387446,-0.3825687],[29.3874608,-0.3826813],[29.3874916,-0.3828248],[29.3875158,-0.3829187],[29.3875366,-0.3829676],[29.3875688,-0.3830267],[29.387611,-0.3830843],[29.3876707,-0.3831634],[29.3876921,-0.3831916],[29.3877465,-0.3832566],[29.3878108,-0.3833385],[29.3878383,-0.3833874],[29.3878792,-0.3834565],[29.3879423,-0.3835684],[29.3879543,-0.3836134],[29.3879677,-0.3837032],[29.3879738,-0.3837595],[29.3879751,-0.383838],[29.3879617,-0.3839097],[29.387954,-0.3839413],[29.3879423,-0.3839661],[29.3879101,-0.3840023],[29.3878618,-0.3840546],[29.3878242,-0.3841109],[29.3878068,-0.3841592],[29.3877941,-0.3842095],[29.3877894,-0.3842598],[29.387788,-0.3843738],[29.3877874,-0.3844287],[29.3877773,-0.3844938],[29.3877572,-0.3845561],[29.3877116,-0.3846567],[29.3876499,-0.3847452],[29.3875996,-0.384811],[29.3875587,-0.3848565],[29.3875084,-0.3848928],[29.3874769,-0.3849021],[29.3874279,-0.3849129],[29.3873656,-0.3849182],[29.3873307,-0.3849296],[29.3872824,-0.3849504],[29.3872321,-0.38499],[29.3872033,-0.3850242],[29.3871483,-0.3850812],[29.3870813,-0.3851415],[29.3870035,-0.3851932],[29.386858,-0.3852837],[29.3868016,-0.3853206],[29.3867252,-0.3853688],[29.3866588,-0.3854124],[29.3866045,-0.3854567],[29.3864603,-0.3856022],[29.3864184,-0.3856602],[29.386401,-0.3856967],[29.3863889,-0.3857346],[29.3863819,-0.3857792],[29.3863732,-0.3858101],[29.3863571,-0.3858362],[29.3863356,-0.385857],[29.3863081,-0.3858845],[29.3862746,-0.385918],[29.3862391,-0.3859529],[29.3862293,-0.3859703],[29.3862183,-0.3859955],[29.3862152,-0.3860256],[29.3862102,-0.386039],[29.3862018,-0.3860511],[29.3861891,-0.3860595],[29.3861686,-0.3860628],[29.3861526,-0.3860598],[29.3861398,-0.3860649],[29.3861338,-0.3860689],[29.3861284,-0.3860803],[29.3861277,-0.3860944],[29.3861277,-0.3861292],[29.3861234,-0.3861534],[29.3861083,-0.3861845],[29.3860828,-0.3862191],[29.3860731,-0.3862382],[29.3860567,-0.3862553],[29.3860406,-0.3862637],[29.3860188,-0.386264],[29.3860013,-0.3862633],[29.3859899,-0.38627],[29.3859806,-0.3862808],[29.3859762,-0.3862959],[29.3859722,-0.3863257],[29.3859641,-0.3863425],[29.3859521,-0.3863552],[29.3859407,-0.3863659],[29.3859286,-0.386374],[29.3858656,-0.3863961],[29.3858293,-0.3864028],[29.3858069,-0.3864058],[29.3857977,-0.3864077],[29.3857905,-0.3864127],[29.3857839,-0.3864206],[29.3857603,-0.3864511],[29.3857241,-0.3864994],[29.3857056,-0.3865218],[29.3856966,-0.3865319],[29.3856845,-0.3865389],[29.3856584,-0.386553],[29.3856087,-0.3865745],[29.3855752,-0.3865986],[29.3855423,-0.3866274],[29.3854941,-0.3866697],[29.3854619,-0.3866905],[29.3854371,-0.3867119],[29.3854056,-0.3867468],[29.3853546,-0.3868159],[29.3853231,-0.3868601],[29.3852969,-0.3868923],[29.3852346,-0.3869647],[29.3851326,-0.3870613],[29.3850803,-0.3871189],[29.3850522,-0.3871712],[29.3850394,-0.3872101],[29.3850166,-0.3872993],[29.3850032,-0.3873196],[29.3849947,-0.3873278],[29.3849851,-0.3873349],[29.3849563,-0.3873469],[29.3849194,-0.3873577],[29.3848758,-0.3873851],[29.3848363,-0.38741],[29.384798,-0.3874395],[29.3847397,-0.3875072],[29.3846928,-0.3875923],[29.3846653,-0.3876775],[29.3846592,-0.3877278],[29.3846626,-0.3877714],[29.3846673,-0.3878612],[29.3846693,-0.3879088],[29.384684,-0.3879953],[29.3847316,-0.3882032],[29.3847679,-0.3883769],[29.3848108,-0.3886907],[29.3848671,-0.3890266],[29.3848792,-0.3890481],[29.3848899,-0.3890561],[29.3849036,-0.3890581],[29.3849275,-0.3890534],[29.3849496,-0.3890568],[29.3849598,-0.3890682],[29.384963,-0.3890824],[29.384959,-0.3890987],[29.3849499,-0.3891151],[29.3849358,-0.3891329],[29.3849224,-0.3891446],[29.3849112,-0.3891539],[29.3849068,-0.3891592],[29.384904,-0.3891661],[29.3849038,-0.3891738],[29.3849058,-0.3891825],[29.3849147,-0.3892023],[29.384957,-0.3892767],[29.3849851,-0.3893706],[29.385016,-0.3895262],[29.3850468,-0.3896576],[29.3850723,-0.3897575],[29.3850897,-0.3898319],[29.3851058,-0.3899218],[29.3851206,-0.3900613],[29.3851152,-0.3902074],[29.385087,-0.3902839],[29.3850227,-0.3903945],[29.3849838,-0.3904421],[29.3849167,-0.3904904],[29.3848456,-0.3905333],[29.3848027,-0.3905528],[29.3847591,-0.3905896],[29.3847035,-0.39065],[29.3846391,-0.3907305],[29.3846177,-0.390772],[29.3846029,-0.3908203],[29.3845975,-0.3909558],[29.3846056,-0.3910832],[29.3846337,-0.3912079],[29.3846753,-0.391397],[29.3847343,-0.3915861],[29.3847665,-0.3917309],[29.3847967,-0.3918891],[29.3847994,-0.3919589],[29.3848114,-0.3920253],[29.3848436,-0.3921466],[29.3848627,-0.392219],[29.3848637,-0.3922683],[29.3848654,-0.3923599],[29.3848738,-0.3924544],[29.3848829,-0.3924836],[29.384901,-0.3925225],[29.3849079,-0.3925336],[29.3849114,-0.3925424],[29.3849115,-0.3925493],[29.3849093,-0.3925553],[29.3848949,-0.3925691],[29.3848725,-0.3925865],[29.3848383,-0.3926401],[29.3848239,-0.3927065],[29.3848282,-0.392785],[29.3848336,-0.3930331],[29.3848577,-0.3932731],[29.3848698,-0.3934971],[29.3848671,-0.3935869],[29.3848416,-0.3937063],[29.3848054,-0.3937707],[29.384769,-0.3938265],[29.3847276,-0.39389],[29.3846512,-0.3939986],[29.3845801,-0.3941113],[29.3844815,-0.3942716],[29.3844151,-0.3943547],[29.3843608,-0.3944338],[29.3843159,-0.3945002],[29.3842777,-0.3945371],[29.3842381,-0.3945666],[29.3841952,-0.3945901],[29.3841127,-0.3946062],[29.3840329,-0.3946135],[29.3839444,-0.3946303],[29.3837681,-0.3946967],[29.3836279,-0.3947617],[29.3835729,-0.3948013],[29.3835206,-0.3948623],[29.3834784,-0.3949247],[29.3834274,-0.3950199],[29.3833798,-0.3951433],[29.3833563,-0.3951989],[29.3833309,-0.3952485],[29.3832886,-0.3952981],[29.3832551,-0.3953538],[29.3832316,-0.3954121],[29.3832189,-0.3954651],[29.3831988,-0.3955543],[29.3831532,-0.3956428],[29.3829882,-0.3958748],[29.3827951,-0.3961658],[29.3825684,-0.3964917],[29.3823123,-0.3968659],[29.3822452,-0.3969624],[29.3821849,-0.3970389],[29.3821299,-0.39712],[29.3820669,-0.3972326],[29.3820045,-0.397348],[29.3819509,-0.3974734],[29.3819133,-0.3975599],[29.3817745,-0.3978864],[29.3817564,-0.3979441],[29.3817296,-0.3980131],[29.3816847,-0.3980983],[29.3816652,-0.3981265],[29.3816149,-0.3981821],[29.3815613,-0.3982485],[29.3814996,-0.398341],[29.3814661,-0.39839],[29.3814412,-0.3984363],[29.3814369,-0.3984477],[29.3814339,-0.3984711],[29.3814359,-0.3984798],[29.3814473,-0.398514],[29.381453,-0.3985449],[29.381448,-0.3985643],[29.3814339,-0.3985818],[29.3814151,-0.3985945],[29.3813789,-0.3985992],[29.3813413,-0.3986032],[29.3813051,-0.3986139],[29.381277,-0.3986327],[29.3812609,-0.3986602],[29.3812408,-0.3986958],[29.3812253,-0.3987393],[29.3812146,-0.398797],[29.3811563,-0.399084],[29.3811066,-0.3993656],[29.3810785,-0.3995024],[29.3810678,-0.3995681],[29.3810718,-0.3997116],[29.3810818,-0.3998263],[29.3811254,-0.4001582],[29.3811549,-0.400362],[29.3811965,-0.4006061],[29.38123,-0.4007724],[29.3812837,-0.4010098],[29.3814097,-0.4014926],[29.3814245,-0.4015925],[29.3814399,-0.4016763],[29.3814513,-0.4017246],[29.3814822,-0.4018225],[29.3815304,-0.4019472],[29.3815948,-0.402139],[29.3816538,-0.4022744],[29.3817262,-0.4024313],[29.3818778,-0.4027478],[29.3818992,-0.4028108],[29.3819341,-0.4029168],[29.3820065,-0.4031112],[29.3821044,-0.4033325],[29.3821929,-0.4035337],[29.3822962,-0.4037482],[29.3823633,-0.4038703],[29.382378,-0.4039065],[29.382384,-0.40394],[29.3823861,-0.4039695],[29.3823847,-0.4040084],[29.3823633,-0.4040728],[29.3823411,-0.404105],[29.3823297,-0.4041345],[29.382327,-0.4041599],[29.3823338,-0.4041821],[29.3823512,-0.4042565],[29.382374,-0.4043262],[29.3824109,-0.4044758],[29.3824518,-0.4046763],[29.3824558,-0.4047701],[29.3824511,-0.404813],[29.3824236,-0.4048828],[29.3823807,-0.4049458],[29.3823063,-0.4050236],[29.3822848,-0.4050464],[29.3822771,-0.4050588],[29.3822744,-0.4050756],[29.3822734,-0.4051088],[29.3822734,-0.4051564],[29.3822868,-0.4053066],[29.382323,-0.4054849],[29.3823485,-0.4056003],[29.3823928,-0.4057411],[29.3825054,-0.4060133],[29.3826503,-0.4063285],[29.3827817,-0.4065618],[29.3828621,-0.406716],[29.3829614,-0.4068971],[29.3829963,-0.406948],[29.3830419,-0.4070513],[29.3831035,-0.4072176],[29.3832068,-0.4075582],[29.383294,-0.4078157],[29.3834388,-0.4081832],[29.3837379,-0.4088135],[29.3841322,-0.4096342],[29.3845479,-0.4104697],[29.3846472,-0.4106923],[29.3847182,-0.4108626],[29.3847504,-0.4109806],[29.3847799,-0.4110986],[29.3847974,-0.4111805],[29.3848041,-0.4113038],[29.3848041,-0.4114138],[29.3847907,-0.4114956],[29.3847692,-0.4116163],[29.384737,-0.4117062],[29.3846512,-0.4119046],[29.3845318,-0.4121286],[29.3844782,-0.4122707],[29.3844219,-0.4125041],[29.3844064,-0.4125671],[29.3843991,-0.4126677],[29.3843991,-0.4127166],[29.3844017,-0.4127602],[29.3844178,-0.4128353],[29.3844447,-0.4129587],[29.3844876,-0.4130875],[29.3845171,-0.4132712],[29.3845493,-0.4134348],[29.3846029,-0.4136909],[29.3846297,-0.4138867],[29.3846498,-0.4140758],[29.3846512,-0.4142019],[29.3846418,-0.4143145],[29.384623,-0.4144339],[29.3846284,-0.4145506],[29.3846472,-0.4146592],[29.384674,-0.4151594],[29.384682,-0.415374],[29.3847115,-0.4155483],[29.3847209,-0.4156462],[29.3847182,-0.4156908],[29.3847082,-0.4157522],[29.3846954,-0.4158346],[29.3846726,-0.4161062],[29.3846592,-0.4164669],[29.3846431,-0.416715],[29.3846498,-0.4170382],[29.3846767,-0.4173614],[29.3847129,-0.4176055],[29.3847357,-0.4177155],[29.3847652,-0.4178187],[29.3848014,-0.4179381],[29.3848295,-0.4180427],[29.3848386,-0.4181098],[29.3848376,-0.4181513],[29.3848121,-0.4183404],[29.3847947,-0.4184296],[29.3847826,-0.4185134],[29.3847357,-0.4186395],[29.3846673,-0.4187736],[29.3845251,-0.4190525],[29.3844447,-0.4192041],[29.3844017,-0.4192926],[29.3843655,-0.4194441],[29.3843628,-0.419542],[29.3843709,-0.4196305],[29.3843816,-0.4197137],[29.3844192,-0.4198411],[29.3844728,-0.4200261],[29.3844916,-0.4201683],[29.3844943,-0.4202769],[29.3844822,-0.4204647],[29.3844621,-0.4205518],[29.3844433,-0.4206377],[29.3843722,-0.4208201],[29.384277,-0.4210252],[29.3842328,-0.4211996],[29.3842006,-0.4212747],[29.3841657,-0.4214034],[29.3841496,-0.4215617],[29.3841684,-0.4217843],[29.3841952,-0.422204],[29.3842234,-0.4223904],[29.3842475,-0.4225675],[29.3842489,-0.4226533],[29.3842623,-0.4228089],[29.3843092,-0.422947],[29.3843602,-0.4231052],[29.3844433,-0.4233359],[29.3844661,-0.4234418],[29.3844782,-0.423588],[29.3844688,-0.4236765],[29.38445,-0.4237731],[29.3844245,-0.423871],[29.3843669,-0.4240158],[29.3843253,-0.4241177],[29.3842784,-0.4242143],[29.3841965,-0.4243417],[29.3840879,-0.4244986],[29.3839873,-0.4246434],[29.383935,-0.4247212],[29.3838693,-0.4248526],[29.3838358,-0.4249371],[29.3838277,-0.425031],[29.3838345,-0.4251396],[29.3838438,-0.4252134],[29.3838653,-0.4253234],[29.3838814,-0.4254897],[29.3838841,-0.425778],[29.3838881,-0.42625],[29.3838747,-0.4263815],[29.3838572,-0.4264807],[29.383821,-0.4266108],[29.3837862,-0.4267127],[29.3837553,-0.42682],[29.3837298,-0.4269233],[29.3836963,-0.4271217],[29.3836749,-0.4272827],[29.3836494,-0.4275375],[29.3836494,-0.427744],[29.3836614,-0.4279505],[29.3837044,-0.4281691],[29.3837513,-0.4283448],[29.3838049,-0.428499],[29.3838707,-0.4286492],[29.3839699,-0.4288316],[29.3840651,-0.4290046],[29.3840986,-0.429081],[29.3841201,-0.4291695],[29.3841188,-0.4292218],[29.3841147,-0.4293144],[29.3840906,-0.4294994],[29.3840718,-0.4296027],[29.3840611,-0.4297542],[29.384041,-0.4298347],[29.3840168,-0.4299165],[29.383994,-0.4300292],[29.3839766,-0.4300842],[29.3839605,-0.430174],[29.3839484,-0.4302585],[29.3839297,-0.430398],[29.3839283,-0.4304724],[29.3839193,-0.4305602],[29.3839179,-0.4305787],[29.3839119,-0.4305941],[29.3839012,-0.4306125],[29.3838251,-0.4307171],[29.3837795,-0.4307963],[29.3837138,-0.4309853],[29.3836534,-0.4310658],[29.3835461,-0.4311825],[29.3833664,-0.4313917],[29.3831317,-0.4317028],[29.383003,-0.4319268],[29.3829507,-0.4320019],[29.3829064,-0.4321306],[29.3828635,-0.4322915],[29.3828139,-0.4324699],[29.3827844,-0.4326416],[29.3827441,-0.4328669],[29.3827093,-0.4330573],[29.3826663,-0.4332249],[29.3825899,-0.4334073],[29.3825336,-0.4335495],[29.3824679,-0.4336782],[29.3823016,-0.4339799],[29.3821688,-0.4342052],[29.3820387,-0.4344721],[29.3819435,-0.4346237],[29.3818429,-0.4347765],[29.3817396,-0.4349402],[29.3816847,-0.4350904],[29.3816216,-0.4352607],[29.3815801,-0.4354095],[29.381574,-0.4354451],[29.3815626,-0.4354853],[29.3815418,-0.4355208],[29.3815204,-0.4355456],[29.3814111,-0.4356724],[29.3813226,-0.4357823],[29.3812461,-0.4359057],[29.3812193,-0.435958],[29.3811791,-0.436064],[29.381108,-0.436249],[29.3809994,-0.4365079],[29.3809015,-0.4366943],[29.3807419,-0.4369518],[29.3805434,-0.4371998],[29.3803744,-0.437393],[29.3802819,-0.4375251],[29.3801035,-0.437749],[29.379846,-0.4380675],[29.3797179,-0.4382244],[29.3795764,-0.4383954],[29.3794873,-0.4385268],[29.3794135,-0.4386388],[29.3793578,-0.4387206],[29.3793049,-0.4387904],[29.3792633,-0.4388467],[29.3792023,-0.4389338],[29.3791446,-0.4390405],[29.3791024,-0.439129],[29.3790501,-0.4392135],[29.3789911,-0.4392933],[29.3788368,-0.4394676],[29.3786585,-0.43965],[29.3785197,-0.4397774],[29.3783748,-0.4398981],[29.3781911,-0.4400449],[29.3780288,-0.4402072],[29.3779671,-0.4402709],[29.3778773,-0.4403809],[29.3777619,-0.4405391],[29.3776701,-0.4406833],[29.3776171,-0.440808],[29.3775836,-0.4409186],[29.3775681,-0.4410386],[29.3775675,-0.4411674],[29.3775688,-0.4413209],[29.3775836,-0.4414819],[29.3775983,-0.4418466],[29.3776097,-0.4419908],[29.3776318,-0.4421397],[29.3776399,-0.4422959],[29.3776412,-0.442365],[29.3776486,-0.4424796],[29.3776479,-0.4425936],[29.3776402,-0.4426439],[29.3776312,-0.4426657],[29.3776154,-0.4426898],[29.3775816,-0.4427384],[29.3775668,-0.4427753],[29.3775561,-0.442831],[29.377542,-0.4428833],[29.3775071,-0.442953],[29.3774548,-0.4430523],[29.3774199,-0.4431676],[29.3773603,-0.4433081],[29.3773348,-0.4433882],[29.3772919,-0.4434861],[29.3772697,-0.4435558],[29.3772386,-0.4436125],[29.3772198,-0.4436383],[29.3771953,-0.4436624],[29.3771611,-0.4436859],[29.3771356,-0.4437134],[29.3771122,-0.4437563],[29.377084,-0.4438113],[29.3770505,-0.4438609],[29.3769848,-0.4439213],[29.3769298,-0.4439756],[29.3769016,-0.4440158],[29.3768751,-0.4440611],[29.3768426,-0.4441127],[29.3768024,-0.44416],[29.3767588,-0.4442097],[29.3766864,-0.444282],[29.3765965,-0.4443799],[29.3764664,-0.4444993],[29.3763685,-0.4445797],[29.3762827,-0.4446535],[29.3761781,-0.4447433],[29.3760574,-0.4448748],[29.3759635,-0.4449861],[29.3758696,-0.4451054],[29.3757489,-0.4452261],[29.375639,-0.4453173],[29.3755625,-0.4453683],[29.3754405,-0.4454407],[29.3753739,-0.4454802],[29.3752977,-0.4455225],[29.3752353,-0.445546],[29.3751206,-0.4455835],[29.3750475,-0.4455969],[29.3749892,-0.4456036],[29.3748651,-0.4455942],[29.3747049,-0.4455527],[29.3746184,-0.4455312],[29.374554,-0.4455212],[29.374431,-0.4455108],[29.3742915,-0.4455041],[29.3741926,-0.4455094],[29.3741168,-0.4455238],[29.3740491,-0.4455332],[29.3739653,-0.4455614],[29.3737909,-0.445611],[29.373691,-0.4456459],[29.3735455,-0.4457096],[29.3733718,-0.4457961],[29.3731465,-0.4459181],[29.3730272,-0.4459852],[29.3728213,-0.4460965],[29.3725544,-0.4462373],[29.3723895,-0.4463338],[29.3719643,-0.4466168],[29.3716358,-0.4468394],[29.3713541,-0.4470366],[29.3711449,-0.4471707],[29.370929,-0.4472967],[29.3708378,-0.4473437],[29.3707024,-0.4474027],[29.3706045,-0.4474603],[29.3704824,-0.4475395],[29.3703134,-0.4476481],[29.3701297,-0.4477755],[29.3699057,-0.4479619],[29.3696898,-0.4481295],[29.3695973,-0.4481966],[29.3695403,-0.4482522],[29.3695001,-0.4483019],[29.3694149,-0.4484031],[29.3693143,-0.4485184],[29.3692338,-0.4485969],[29.3691608,-0.4486566],[29.3690917,-0.4487156],[29.3690132,-0.4487779],[29.3689589,-0.4488182],[29.368916,-0.4488564],[29.3688664,-0.4489087],[29.3688134,-0.4489818],[29.3688,-0.4489965],[29.3687738,-0.449028],[29.3687557,-0.4490602],[29.368747,-0.4490807],[29.368738,-0.4490974],[29.3687242,-0.4491145],[29.3686987,-0.4491333],[29.3686793,-0.4491444],[29.3686521,-0.4491628],[29.3686374,-0.4491806],[29.3686069,-0.4492265],[29.3685569,-0.4493187],[29.3684627,-0.4494558],[29.368403,-0.4495665],[29.3683782,-0.4496315],[29.3683621,-0.4496825],[29.3683581,-0.4497354],[29.3683514,-0.4498132],[29.36834,-0.4498461],[29.3683159,-0.4498856],[29.3683018,-0.4499333],[29.3682763,-0.450064],[29.3682495,-0.4502497],[29.3682441,-0.4503041],[29.3682394,-0.4503416],[29.3682307,-0.4503718],[29.3682019,-0.4504522],[29.3681777,-0.4505582],[29.368173,-0.4506098],[29.3681791,-0.4506641],[29.3681911,-0.4507131],[29.3682079,-0.4507929],[29.3682126,-0.450864],[29.3682166,-0.4509914],[29.3682173,-0.4511851],[29.3682227,-0.4512401],[29.368232,-0.4512884],[29.3682569,-0.451389],[29.3682736,-0.4514446],[29.3682783,-0.4515204],[29.3682897,-0.4516391],[29.3683024,-0.4517283],[29.3683226,-0.4517792],[29.3683311,-0.4517938],[29.3683366,-0.451806],[29.3683388,-0.4518216],[29.3683387,-0.4518402],[29.3683387,-0.4518791],[29.3683521,-0.4519502],[29.3683675,-0.4519965],[29.3683923,-0.4520495],[29.3684171,-0.4521453],[29.3684486,-0.4522566],[29.3684855,-0.4523968],[29.368507,-0.4525007],[29.3685492,-0.4526496],[29.3686055,-0.4527723],[29.3686384,-0.4528474],[29.368692,-0.4529547],[29.3687685,-0.4530754],[29.3688261,-0.4531518],[29.3688731,-0.453239],[29.3689455,-0.4533516],[29.3690568,-0.4535219],[29.3692553,-0.4537674],[29.3692969,-0.4538344],[29.3694283,-0.4540342],[29.369494,-0.4541294],[29.3695624,-0.4542233],[29.3695856,-0.4542485],[29.3696124,-0.4542662],[29.3696482,-0.454281],[29.3696657,-0.454284],[29.3696912,-0.4542803],[29.3697274,-0.4542649],[29.3697572,-0.4542528],[29.3697716,-0.4542485],[29.3698011,-0.4542475],[29.36984,-0.4542501],[29.3698558,-0.4542575],[29.3698668,-0.4542723],[29.3698883,-0.4543507],[29.3698943,-0.4543883],[29.369893,-0.4544453],[29.3698836,-0.4544821],[29.3698756,-0.4544976],[29.3698333,-0.4545344],[29.3698092,-0.4545559],[29.3697777,-0.4545975],[29.3697643,-0.4546407],[29.3697529,-0.4546696],[29.3697388,-0.454685],[29.3697267,-0.4546927],[29.3696999,-0.4546981],[29.3696684,-0.4547071],[29.3696462,-0.4547202],[29.3696328,-0.454745],[29.3696214,-0.4547778],[29.3696161,-0.454804],[29.3696,-0.4548449],[29.3695872,-0.4548603],[29.3695745,-0.4548684],[29.3695597,-0.4548757],[29.3695225,-0.4548774],[29.3695054,-0.4548778],[29.369489,-0.4548778],[29.3694776,-0.4548855],[29.3694638,-0.4549029],[29.3694437,-0.4549555],[29.369429,-0.4550253],[29.3694276,-0.4550715],[29.3694283,-0.4552412],[29.3694317,-0.4553297],[29.3694303,-0.4553766],[29.3694263,-0.4554115],[29.3694219,-0.4554232],[29.3694115,-0.4554383],[29.3693887,-0.4554517],[29.369374,-0.4554574],[29.3693586,-0.4554661],[29.3693421,-0.4554718],[29.3693352,-0.455481],[29.3693271,-0.4554876],[29.3693163,-0.4554879],[29.3693086,-0.4554859],[29.3693032,-0.4554792],[29.3693029,-0.4554387],[29.3693026,-0.4554299],[29.3692965,-0.4554209],[29.3692851,-0.4554165],[29.3692694,-0.4554112],[29.3692379,-0.4554095],[29.369207,-0.4554232],[29.3691795,-0.4554477],[29.369152,-0.4554705],[29.3691145,-0.4555027],[29.3690675,-0.455551],[29.3690099,-0.4556294],[29.3689113,-0.4557602],[29.3688825,-0.4558259],[29.3688583,-0.4558765],[29.3688422,-0.4559228],[29.3688416,-0.4559432],[29.3688412,-0.45597],[29.3688459,-0.4560066],[29.3688503,-0.4560371],[29.3688513,-0.4560482],[29.3688453,-0.4560629],[29.3688329,-0.4560726],[29.3688231,-0.4560777],[29.3688067,-0.4560797],[29.3687893,-0.4560847],[29.3687806,-0.4560897],[29.3687658,-0.4561015],[29.368739,-0.4561162],[29.3687055,-0.4561256],[29.3686572,-0.4561457],[29.3686129,-0.4561766],[29.3685539,-0.456243],[29.3685003,-0.4563227],[29.36846,-0.4564052],[29.3684319,-0.4564803],[29.3683782,-0.4565675],[29.3683407,-0.456664],[29.3683202,-0.4567341],[29.3683058,-0.4567703],[29.3682954,-0.4567864],[29.3681918,-0.4569323],[29.3681462,-0.4570275],[29.3681194,-0.4570731],[29.3680564,-0.4571468],[29.368,-0.4572072],[29.3679504,-0.4572648],[29.3679236,-0.4573171],[29.3678981,-0.4573802],[29.3678887,-0.4574338],[29.367887,-0.457457],[29.3678882,-0.4574732],[29.3678921,-0.4574868],[29.3679013,-0.4574956],[29.3679109,-0.4574999],[29.3679254,-0.4575029],[29.3679638,-0.4575076],[29.3679856,-0.4575207],[29.3679927,-0.4575307],[29.3679987,-0.4575485],[29.3679963,-0.4575585],[29.3679883,-0.4575704],[29.3679725,-0.4575802],[29.3679575,-0.457585],[29.3679343,-0.4575901],[29.3679108,-0.4575921],[29.3678988,-0.4575994],[29.3678854,-0.4576122],[29.3678773,-0.4576289],[29.3678545,-0.457694],[29.3677479,-0.4579327],[29.367713,-0.4580963],[29.3676755,-0.4582881],[29.3676674,-0.4584396],[29.3676339,-0.4586072],[29.3675937,-0.4587353],[29.3675823,-0.4587789],[29.3675749,-0.4588828],[29.3675762,-0.4589734],[29.3675776,-0.4590216],[29.3675816,-0.4590381],[29.3675883,-0.4590552],[29.3676044,-0.4590756],[29.3676059,-0.4590818],[29.3676056,-0.4590878],[29.3676026,-0.4590952],[29.3675903,-0.4591018],[29.3675534,-0.4591088],[29.3675266,-0.4591142],[29.3674871,-0.4591296],[29.3674334,-0.4591624],[29.367414,-0.4591839],[29.3673818,-0.4592577],[29.3673697,-0.4593193],[29.3673657,-0.4594172],[29.367369,-0.4595916],[29.3673633,-0.4596395],[29.3673446,-0.4597052],[29.3673164,-0.4597713],[29.3672919,-0.4598504],[29.3672785,-0.4599329],[29.3672691,-0.4600087],[29.3672732,-0.4601079],[29.3672832,-0.4601743],[29.3672792,-0.4602125],[29.3672651,-0.46025],[29.3672383,-0.4602742],[29.3672162,-0.460303],[29.3672014,-0.4603433],[29.3671793,-0.4604371],[29.3671625,-0.460472],[29.3671424,-0.4604888],[29.3671069,-0.4605062],[29.3670559,-0.4605437],[29.3670157,-0.4605974],[29.3669955,-0.460639],[29.3669848,-0.4607228],[29.3669774,-0.4609125],[29.3669466,-0.4611754],[29.3669312,-0.4613296],[29.3669258,-0.4614228],[29.3669191,-0.4616152],[29.3669111,-0.4617038],[29.3669043,-0.4617916],[29.366895,-0.4619009],[29.3668829,-0.4619398],[29.3668648,-0.4619693],[29.3668011,-0.4620363],[29.3667783,-0.4620833],[29.3667722,-0.4621168],[29.3667726,-0.4621336],[29.3667729,-0.4621517],[29.366779,-0.4621694],[29.3667815,-0.4621844],[29.3667818,-0.4621986],[29.3667766,-0.4622056],[29.3667692,-0.4622093],[29.3667505,-0.462206],[29.3667263,-0.4621943],[29.3667112,-0.4621865],[29.3667018,-0.462186],[29.3666933,-0.4621901],[29.3666861,-0.4622006],[29.366667,-0.4622321],[29.3666415,-0.4622985],[29.366612,-0.4624199],[29.3665322,-0.4628564],[29.3665114,-0.4629563],[29.366435,-0.4631709],[29.3663411,-0.4633948],[29.3662794,-0.4635558],[29.3662499,-0.4636751],[29.3662284,-0.4637502],[29.3661936,-0.4638293],[29.3661185,-0.4639795],[29.3660876,-0.4640613],[29.3660635,-0.4641076],[29.3660273,-0.4641579],[29.3659817,-0.4642089],[29.365932,-0.4642638],[29.3658355,-0.4644127],[29.3658167,-0.4644422],[29.3657845,-0.4644791],[29.3657329,-0.4645005],[29.3656638,-0.4645106],[29.3656075,-0.4645274],[29.3655653,-0.4645582],[29.3655086,-0.4646162],[29.3654741,-0.4646745],[29.3654583,-0.4647114],[29.3654422,-0.4647436],[29.3654224,-0.4647684],[29.3653929,-0.4647842],[29.3653601,-0.4648009],[29.3653339,-0.4648237],[29.3653151,-0.4648526],[29.3652843,-0.4649122],[29.3652689,-0.4649599],[29.3651596,-0.4652348],[29.3650925,-0.4654386],[29.3649986,-0.4657444],[29.3648873,-0.4660314],[29.3648511,-0.4661574],[29.3647881,-0.4664069],[29.3647559,-0.4665276],[29.3647197,-0.4667421],[29.3646647,-0.4670077],[29.3646513,-0.4671713],[29.3646446,-0.4674086],[29.3646406,-0.4675146],[29.3646111,-0.4677265],[29.3645561,-0.4679236],[29.364485,-0.468224],[29.3644005,-0.4684614],[29.3643013,-0.4687443],[29.3642637,-0.4689267],[29.3642463,-0.4690796],[29.3642409,-0.4692338],[29.3642443,-0.4693364],[29.3642503,-0.4694779],[29.364253,-0.4695476],[29.3642469,-0.4695791],[29.3642349,-0.4695999],[29.364194,-0.4696442],[29.3641524,-0.4697005],[29.3641323,-0.4697461],[29.3640988,-0.4699392],[29.3640686,-0.4702389],[29.3640619,-0.4703509],[29.3640384,-0.470489],[29.3639968,-0.4706419],[29.3639338,-0.4707385],[29.363905,-0.4708075],[29.3638929,-0.4708417],[29.3638882,-0.4708793],[29.3638916,-0.4709309],[29.3638949,-0.4709852],[29.3638862,-0.4710523],[29.3638694,-0.4711348],[29.3638252,-0.4712078],[29.3637112,-0.4713634],[29.3636857,-0.4713896],[29.3636508,-0.4714425],[29.3636428,-0.4714734],[29.3636441,-0.4715069],[29.3636562,-0.4715525],[29.3636629,-0.4716048],[29.3636616,-0.4716625],[29.3636555,-0.4717228],[29.3636186,-0.4718314],[29.3635824,-0.4718998],[29.3635749,-0.4719131],[29.3635677,-0.4719293],[29.3635623,-0.4719521],[29.3635637,-0.4720044],[29.3635637,-0.47204],[29.3635704,-0.4723129],[29.3635677,-0.472447],[29.3635771,-0.4725301],[29.3635784,-0.4725784],[29.3635684,-0.472616],[29.3635556,-0.4726441],[29.3634979,-0.47273],[29.363451,-0.4728131],[29.3634175,-0.4729244],[29.3634094,-0.4730518],[29.3633987,-0.4730934],[29.3633799,-0.4731269],[29.3633142,-0.473206],[29.363274,-0.4732677],[29.3632565,-0.4733294],[29.3632525,-0.4734568],[29.3632525,-0.4735064],[29.3632351,-0.4736137],[29.3631962,-0.4737639],[29.3631157,-0.4741126],[29.3630621,-0.4743325],[29.3629682,-0.4746463],[29.3628944,-0.4748314],[29.3628475,-0.4749695],[29.3628274,-0.4750755],[29.3628247,-0.4751787],[29.3628113,-0.4753155],[29.3627925,-0.4754013],[29.3627188,-0.475577],[29.3625136,-0.4759244],[29.3624626,-0.4760182],[29.3623835,-0.4762288],[29.3622386,-0.4765077],[29.3620777,-0.4768215],[29.3620469,-0.4768805],[29.3619879,-0.476965],[29.3618081,-0.4771849],[29.3616016,-0.4773781],[29.3613562,-0.477594],[29.3612958,-0.477653],[29.3607715,-0.4781183],[29.3605985,-0.4782323],[29.3603812,-0.4783664],[29.3601868,-0.4784388],[29.359991,-0.4784952],[29.3597268,-0.4785488],[29.3596007,-0.4785676],[29.3594505,-0.4785568],[29.3592815,-0.4785206],[29.3591863,-0.4784831],[29.359028,-0.4784013],[29.3589301,-0.4783262],[29.3585533,-0.4780312],[29.358391,-0.4778649],[29.3583173,-0.477771],[29.3582582,-0.4776798],[29.3582113,-0.4775832],[29.3581429,-0.4774223],[29.3581013,-0.4772909],[29.3579853,-0.4769704],[29.3579518,-0.476841],[29.3579216,-0.476727],[29.3579223,-0.4766921],[29.3579384,-0.4766693],[29.3579572,-0.4766673],[29.3579766,-0.4766794],[29.3579867,-0.4767075],[29.3580209,-0.476792],[29.3580477,-0.4768383],[29.358104,-0.476898],[29.3581308,-0.4769281],[29.3581577,-0.4769476],[29.3582381,-0.4769704],[29.3583152,-0.4769912],[29.3583481,-0.4770052],[29.3583977,-0.4770589],[29.358442,-0.4771373],[29.3584822,-0.4772332],[29.358511,-0.4772936],[29.3585459,-0.4773338],[29.3585895,-0.4773633],[29.3586425,-0.4773821],[29.358668,-0.4773874],[29.3587705,-0.4774397],[29.3588074,-0.4774652],[29.3588299,-0.47749],[29.3588564,-0.4775376],[29.3589288,-0.4776919],[29.3589663,-0.4777522],[29.3590012,-0.4778045],[29.3590341,-0.477834],[29.3590562,-0.4778474],[29.3590837,-0.4778468],[29.359138,-0.4778213],[29.3591809,-0.4778085],[29.3592366,-0.4778112],[29.3592822,-0.4778233],[29.3593184,-0.4778488],[29.3593412,-0.4778743],[29.359374,-0.4779185],[29.3593878,-0.4779403],[29.3594046,-0.4779453],[29.3594152,-0.4779462],[29.3594367,-0.4779373],[29.3594438,-0.4779252],[29.3594438,-0.4779078],[29.359419,-0.4778618],[29.3594076,-0.4778421],[29.3594039,-0.4778156],[29.3594049,-0.4777951],[29.3594196,-0.4777549],[29.3594498,-0.4776872],[29.3594874,-0.477653],[29.3595216,-0.4776396],[29.3595812,-0.4776496],[29.3596154,-0.477663],[29.359655,-0.4776644],[29.3596818,-0.4776617],[29.3597335,-0.4776483],[29.3597623,-0.4776322],[29.3597791,-0.4776074],[29.3597938,-0.4775759],[29.3598025,-0.477547],[29.3597958,-0.4775266],[29.3597791,-0.4775162],[29.359763,-0.4775169],[29.3597355,-0.4775242],[29.3596631,-0.4775383],[29.359594,-0.4775403],[29.3595383,-0.4775316],[29.3594921,-0.4775135],[29.3594753,-0.4774934],[29.3594612,-0.4774693],[29.3594579,-0.4774344],[29.3594619,-0.4774076],[29.359488,-0.4773392],[29.3594954,-0.477313],[29.3594867,-0.4772869],[29.3594451,-0.4772406],[29.3593459,-0.4771306],[29.3592319,-0.4770187],[29.3591823,-0.4769637],[29.3591655,-0.4769214],[29.3591642,-0.4768644],[29.3591662,-0.476792],[29.3591434,-0.4767142],[29.3591166,-0.4766271],[29.3591179,-0.4765935],[29.35914,-0.4765654],[29.3591608,-0.4765506],[29.3592225,-0.476556],[29.359248,-0.476556],[29.3592909,-0.4765426],[29.3593204,-0.4765144],[29.3593526,-0.4764796],[29.3594062,-0.4764608],[29.3594626,-0.4764702],[29.3594867,-0.4764983],[29.3595175,-0.4765439],[29.3595819,-0.4766418],[29.3596718,-0.4767156],[29.3597482,-0.4767813],[29.3597911,-0.4768229],[29.3598448,-0.4768631],[29.3599226,-0.4768966],[29.3599883,-0.4769033],[29.3600218,-0.476902],[29.3600996,-0.4768537],[29.3601264,-0.4768269],[29.3601573,-0.4767598],[29.36018,-0.4766941],[29.3602015,-0.4766552],[29.3602364,-0.4766297],[29.3602779,-0.476607],[29.3603128,-0.4765795],[29.360341,-0.4765399],[29.3603772,-0.4765117],[29.3604127,-0.4765097],[29.360451,-0.4765124],[29.3604784,-0.4765205],[29.3605193,-0.4765473],[29.3605871,-0.4766123],[29.3606387,-0.4766525],[29.3606964,-0.4766546],[29.3607145,-0.4766472],[29.3607379,-0.4766163],[29.3607527,-0.4765667],[29.3607721,-0.476507],[29.3608318,-0.4763863],[29.3608882,-0.4762998],[29.3609545,-0.4761932],[29.3610169,-0.4761329],[29.3610692,-0.4761087],[29.3611034,-0.4761074],[29.3611456,-0.4761262],[29.3611664,-0.4761704],[29.3611725,-0.4762006],[29.3611758,-0.4762583],[29.3611872,-0.476324],[29.3612,-0.4763381],[29.3612181,-0.4763374],[29.3612301,-0.476326],[29.3612617,-0.4762724],[29.3612838,-0.4762415],[29.3613099,-0.4762234],[29.3613609,-0.4761973],[29.361434,-0.4761376],[29.3614675,-0.476092],[29.3615319,-0.475982],[29.3615681,-0.4758855],[29.3615963,-0.4757634],[29.3616083,-0.4757071],[29.361615,-0.4756213],[29.3616258,-0.475573],[29.361662,-0.4755368],[29.3616968,-0.4755287],[29.3617585,-0.4755207],[29.3618477,-0.4755395],[29.3619148,-0.4755348],[29.3619711,-0.475518],[29.3620261,-0.4754872],[29.3620791,-0.4754168],[29.3621045,-0.4753705],[29.3621501,-0.4752485],[29.3621716,-0.4751827],[29.3621944,-0.4751063],[29.3621984,-0.4750621],[29.3621917,-0.4750124],[29.3621796,-0.4749756],[29.3621568,-0.4749065],[29.3621568,-0.4748736],[29.3621629,-0.4748475],[29.3621709,-0.4748207],[29.3621837,-0.4747429],[29.3621917,-0.4746812],[29.3622091,-0.4746463],[29.3622521,-0.4745913],[29.3623111,-0.4745498],[29.3623399,-0.4745169],[29.3623607,-0.474478],[29.3623728,-0.4744247],[29.3623821,-0.4743912],[29.3623848,-0.4743432],[29.3623768,-0.4742655],[29.3623654,-0.474193],[29.3623647,-0.4741381],[29.3623701,-0.4740824],[29.3623949,-0.4740254],[29.3624197,-0.4739859],[29.3624405,-0.4739463],[29.3624492,-0.4739074],[29.3624505,-0.4738766],[29.3624458,-0.4738162],[29.3624338,-0.4737673],[29.362418,-0.4737368],[29.3624116,-0.4737052],[29.3624096,-0.473666],[29.3624257,-0.4736171],[29.3624505,-0.4735641],[29.3624619,-0.47354],[29.3624767,-0.4735031],[29.3624767,-0.4734689],[29.3624713,-0.4734427],[29.3624515,-0.4734105],[29.3624375,-0.4733881],[29.3624264,-0.4733763],[29.362415,-0.4733737],[29.3624006,-0.4733733],[29.3623905,-0.4733814],[29.36236,-0.4734132],[29.3623265,-0.473436],[29.3622956,-0.4734521],[29.3622427,-0.4734662],[29.3621917,-0.4734709],[29.3621488,-0.4734595],[29.3621247,-0.4734441],[29.3620898,-0.4734092],[29.3620609,-0.4733716],[29.3620086,-0.4733079],[29.361957,-0.473261],[29.3619402,-0.4732503],[29.3619154,-0.4732456],[29.3618933,-0.4732476],[29.3618658,-0.4732624],[29.3618457,-0.4732831],[29.3618055,-0.4733395],[29.361786,-0.4733623],[29.361776,-0.473373],[29.3617552,-0.4733804],[29.3617089,-0.4733777],[29.3616512,-0.4733723],[29.3616107,-0.4733773],[29.3615912,-0.4733901],[29.3615782,-0.4734045],[29.3615721,-0.47343],[29.3615808,-0.4734937],[29.3615835,-0.4735138],[29.3615875,-0.47354],[29.3615875,-0.4735641],[29.3615771,-0.4735953],[29.3615651,-0.4736184],[29.361553,-0.4736315],[29.3615339,-0.4736355],[29.3615037,-0.4736409],[29.3614789,-0.4736489],[29.3614306,-0.4736764],[29.3613958,-0.4736992],[29.3613877,-0.4737133],[29.3613874,-0.473726],[29.3613901,-0.4737366],[29.3613944,-0.4737421],[29.3614023,-0.4737468],[29.3614139,-0.4737458],[29.3614521,-0.4737361],[29.3614762,-0.4737274],[29.3614838,-0.4737284],[29.3614893,-0.4737317],[29.361493,-0.4737398],[29.361497,-0.4737552],[29.3615025,-0.4737646],[29.3615073,-0.4737711],[29.3615165,-0.473775],[29.3615349,-0.473774],[29.3615486,-0.4737636],[29.3615674,-0.4737398],[29.3615969,-0.4737197],[29.3616224,-0.4737076],[29.3616492,-0.4737069],[29.3617203,-0.4737197],[29.3617686,-0.4737398],[29.3618142,-0.47378],[29.3618356,-0.4738182],[29.3618517,-0.4738531],[29.3618511,-0.473904],[29.3618377,-0.4739315],[29.3617934,-0.4739691],[29.3617438,-0.4739919],[29.3616989,-0.474008],[29.3616298,-0.4740415],[29.3615916,-0.4740596],[29.3615339,-0.4741019],[29.3614628,-0.4741481],[29.3614011,-0.4742058],[29.361376,-0.4742313],[29.3613347,-0.4742863],[29.3612784,-0.4743915],[29.3612348,-0.4744639],[29.3611577,-0.47459],[29.3611342,-0.4746188],[29.3611041,-0.474641],[29.3610538,-0.4746457],[29.3609934,-0.474645],[29.3609525,-0.4746383],[29.3608949,-0.4746302],[29.3608513,-0.4746041],[29.3608144,-0.4745793],[29.3607936,-0.4745404],[29.3607835,-0.4745042],[29.3607835,-0.474474],[29.3607876,-0.4744515],[29.3607889,-0.4744244],[29.3607829,-0.4744106],[29.3607732,-0.4744029],[29.36075,-0.4744023],[29.3607178,-0.474409],[29.3607004,-0.4744173],[29.3606816,-0.474421],[29.3606628,-0.4744137],[29.3606447,-0.4744029],[29.3606219,-0.4743795],[29.3606112,-0.4743587],[29.3606045,-0.4743339],[29.3606059,-0.4743114],[29.3606085,-0.4742846],[29.3606102,-0.4742588],[29.3606095,-0.474236],[29.3606032,-0.4742205],[29.3605958,-0.4742179],[29.3605874,-0.4742185],[29.3605804,-0.4742219],[29.3605435,-0.4742386],[29.3605147,-0.4742427],[29.3604778,-0.4742407],[29.3604456,-0.4742326],[29.3604241,-0.4742212],[29.3603926,-0.4741944],[29.3603443,-0.4741434],[29.3603061,-0.4740938],[29.360294,-0.4740791],[29.360285,-0.4740687],[29.3602766,-0.4740643],[29.3602689,-0.4740633],[29.3602511,-0.474065],[29.3602344,-0.4740683],[29.3602136,-0.4740683],[29.3602022,-0.4740643],[29.3601894,-0.4740516],[29.3601713,-0.4740247],[29.3601499,-0.4739835],[29.3601371,-0.473953],[29.3601331,-0.4739248],[29.3601348,-0.4739047],[29.3601495,-0.4738853],[29.360164,-0.4738779],[29.3601881,-0.4738766],[29.360231,-0.4738833],[29.3602739,-0.4738994],[29.360292,-0.4739034],[29.3603061,-0.4738992],[29.3603137,-0.4738932],[29.3603222,-0.4738839],[29.3603282,-0.4738511],[29.3603276,-0.473784],[29.360337,-0.4737324],[29.3603504,-0.4737069],[29.3603497,-0.4736808],[29.3603383,-0.4736566],[29.3603128,-0.4736385],[29.3602766,-0.4736231],[29.3602531,-0.4736171],[29.360229,-0.4736077],[29.3602054,-0.4735907],[29.3601946,-0.4735752],[29.3601755,-0.4735627],[29.3601653,-0.4735617],[29.3601474,-0.4735626],[29.3601311,-0.4735768],[29.3601103,-0.473601],[29.3600868,-0.4736238],[29.3600771,-0.4736281],[29.3600634,-0.4736264],[29.3600453,-0.4736117],[29.3600265,-0.4735896],[29.3600003,-0.473542],[29.3599849,-0.4735178],[29.3599675,-0.4734977],[29.3599373,-0.473485],[29.3598528,-0.4734595],[29.3595564,-0.4733696],[29.3594223,-0.4733482],[29.3592131,-0.4733549],[29.3591353,-0.4733623],[29.3590978,-0.4733643],[29.3590669,-0.473379],[29.3590401,-0.4734058],[29.3590146,-0.4734424],[29.3589761,-0.4734729],[29.3589496,-0.4734856],[29.35891,-0.4734917],[29.3588765,-0.473491],[29.3588369,-0.4734749],[29.3587504,-0.4734374],[29.3586928,-0.4734166],[29.3585633,-0.4733958],[29.3584447,-0.4733951],[29.3581838,-0.4734072],[29.3579337,-0.4734206],[29.3577902,-0.4734125],[29.3576534,-0.4734032],[29.3572739,-0.4733629],[29.3570539,-0.4733334],[29.3569373,-0.4733408],[29.356834,-0.4733515],[29.3564907,-0.4733804],[29.3556833,-0.4734595],[29.3551705,-0.4735521],[29.35442,-0.4736244],[29.3533565,-0.4736204],[29.3527624,-0.4736405],[29.3521455,-0.4736834],[29.351483,-0.4736405],[29.3512765,-0.473611],[29.3509412,-0.4735037],[29.3506274,-0.4733428],[29.3504852,-0.4732704],[29.3501499,-0.473088],[29.3498817,-0.4729056],[29.3496913,-0.472852],[29.3493372,-0.4728198],[29.3488973,-0.4728252],[29.3474007,-0.4730022],[29.3470895,-0.4730156],[29.346706,-0.4729941],[29.3464297,-0.4729137],[29.3462339,-0.4728171],[29.345668,-0.4724443],[29.3445951,-0.4717255],[29.3440962,-0.47146],[29.3435544,-0.4712213],[29.3428999,-0.4710898],[29.342511,-0.4710362],[29.3418351,-0.4710523],[29.3415883,-0.4711086],[29.3408614,-0.4712937],[29.3402955,-0.4714305],[29.3396759,-0.471578],[29.3392521,-0.471763],[29.3388578,-0.4719977],[29.3386178,-0.4722311],[29.3385507,-0.4723169],[29.3384716,-0.4724349],[29.3384193,-0.4724899],[29.338367,-0.4725234],[29.3382516,-0.472561],[29.3381712,-0.4725771],[29.3380371,-0.4725757],[29.3379861,-0.4725918],[29.3378949,-0.4726495],[29.337734,-0.4728332],[29.337687,-0.472911],[29.3375958,-0.4729888],[29.3375006,-0.4730277],[29.3374161,-0.473033],[29.3373638,-0.4730397],[29.3372968,-0.4730391],[29.3372143,-0.4730585],[29.3371586,-0.47308],[29.337109,-0.4731383],[29.3370675,-0.4732221],[29.3369997,-0.4733623],[29.3369608,-0.4734172],[29.3369085,-0.473487],[29.3368663,-0.4735091],[29.3367362,-0.4735386],[29.3366624,-0.4735326],[29.3365666,-0.4735393],[29.3364586,-0.4735755],[29.3362963,-0.4736781],[29.3362051,-0.4737264],[29.3360884,-0.4738256],[29.3357304,-0.4741314],[29.3356633,-0.4741823],[29.3355674,-0.4742554],[29.3355426,-0.4742876],[29.3354595,-0.474421],[29.3354166,-0.4744774],[29.3350142,-0.4749548],[29.3347996,-0.4751559],[29.3344992,-0.4754416],[29.3343276,-0.4755904],[29.3339749,-0.4758962],[29.3338904,-0.4759485],[29.3338099,-0.475982],[29.3336691,-0.4760276],[29.3335417,-0.4760518],[29.3334183,-0.4760719],[29.3333204,-0.4761041],[29.3332252,-0.476151],[29.3322945,-0.4766043],[29.3317902,-0.4767974],[29.3314699,-0.4769403],[29.3309534,-0.4771595],[29.3307964,-0.4771957],[29.3305725,-0.4772131],[29.3303043,-0.4772627],[29.3301769,-0.4772989],[29.3301313,-0.4773231],[29.3300548,-0.4773928],[29.3300132,-0.4774156],[29.3299489,-0.4774317],[29.3298818,-0.4774411],[29.3296686,-0.4774612],[29.3295948,-0.4774773],[29.3294607,-0.4775283],[29.3293253,-0.477602],[29.3291563,-0.4776758],[29.3290061,-0.4777053],[29.3288451,-0.4777106],[29.3285917,-0.477708],[29.3284562,-0.4777173],[29.3283275,-0.4777522],[29.3281357,-0.4778193],[29.3280432,-0.4778313],[29.3279332,-0.4778327],[29.3277548,-0.4778139],[29.327618,-0.4778233],[29.3274879,-0.4778716],[29.327323,-0.4779091],[29.3272237,-0.4779279],[29.3271232,-0.4779266],[29.3270467,-0.4779078],[29.3269354,-0.477885],[29.326745,-0.4778917],[29.3263493,-0.4779775],[29.3258317,-0.4781022],[29.3256453,-0.4781599],[29.3255165,-0.478243],[29.3254347,-0.4783155],[29.325377,-0.4783664],[29.3252684,-0.4784214],[29.3251866,-0.4784254],[29.3250015,-0.4784066],[29.3244555,-0.4784586],[29.3240172,-0.47853],[29.3237704,-0.4785756],[29.3232769,-0.4786346],[29.3224883,-0.4788304],[29.3214637,-0.4791791],[29.3209943,-0.4794661],[29.3206671,-0.4797128],[29.3202165,-0.4800669],[29.3191972,-0.4810003],[29.3187922,-0.4814482],[29.3184033,-0.4818585],[29.31806,-0.4822528],[29.3179755,-0.4823882],[29.317836,-0.4826994],[29.3168744,-0.4849966],[29.3166384,-0.4858629],[29.3163004,-0.4873113],[29.3160832,-0.4886818],[29.315992,-0.4897681],[29.3159008,-0.4912164],[29.3159062,-0.4915812],[29.3159652,-0.4921632],[29.316169,-0.4937001],[29.3162522,-0.4943196],[29.3164507,-0.4956204],[29.316625,-0.4965672],[29.3167135,-0.4969937],[29.3168691,-0.4975194],[29.3172768,-0.4988631],[29.3174967,-0.4994907],[29.3175772,-0.4996543],[29.3176804,-0.4998179],[29.3177931,-0.4999386],[29.3179232,-0.5000218],[29.3180734,-0.5000567],[29.3181579,-0.5001036],[29.3182518,-0.5002095],[29.3183202,-0.5003168],[29.3184288,-0.5005408],[29.3185079,-0.5006481],[29.3186058,-0.5007755],[29.3186447,-0.5008573],[29.3186735,-0.5009022],[29.3187057,-0.5009196],[29.318756,-0.5009189],[29.3187976,-0.5008948],[29.3189055,-0.500807],[29.3190148,-0.5007553],[29.3191248,-0.5007232],[29.3192656,-0.5006722],[29.3193662,-0.5006467],[29.3195097,-0.500644],[29.3196063,-0.5006816],[29.3196411,-0.5007151],[29.3197149,-0.5008184],[29.3198571,-0.5009042],[29.3200555,-0.5009605],[29.3202218,-0.5010624],[29.3205625,-0.5013467],[29.3207985,-0.5016404],[29.3210708,-0.5019891],[29.3212894,-0.5024571],[29.3214476,-0.5028139],[29.3218017,-0.5036078],[29.3224937,-0.5050695],[29.3229389,-0.5059734],[29.3231696,-0.5064454],[29.3236336,-0.5073117],[29.323938,-0.5077905],[29.3241808,-0.5082103],[29.3247829,-0.5091423],[29.3250552,-0.509613],[29.3261629,-0.5113671],[29.3267396,-0.5121677],[29.3272908,-0.5128865],[29.3277079,-0.5134377],[29.3278205,-0.5136442],[29.3280485,-0.5139339],[29.3284991,-0.51443],[29.32915,-0.5151633],[29.3293038,-0.5153366],[29.3299046,-0.5159991],[29.3301192,-0.5162163],[29.3303069,-0.516329],[29.33061,-0.5165301],[29.330885,-0.5167031],[29.3312202,-0.5168868],[29.3318345,-0.5172664],[29.3323588,-0.5176566],[29.332788,-0.5179946],[29.3330052,-0.5181018],[29.3332762,-0.5182735],[29.3334813,-0.5184076],[29.3338019,-0.5186034],[29.3339159,-0.5186342],[29.3340513,-0.5186342],[29.3341184,-0.5186034],[29.3342847,-0.5184572],[29.3343852,-0.5183861],[29.3344885,-0.5183151],[29.3346468,-0.5182614],[29.3347594,-0.518244],[29.3348452,-0.5182762],[29.3349391,-0.5183365],[29.3349954,-0.5184304],[29.3350142,-0.5184907],[29.3350638,-0.5185927],[29.3351175,-0.5186409],[29.3351765,-0.5186537],[29.3352731,-0.5186195],[29.3353093,-0.5185591],[29.3353307,-0.5185068],[29.3353844,-0.5183888],[29.3353978,-0.5183258],[29.3354192,-0.5182789],[29.3354554,-0.5182494],[29.3355252,-0.5182359],[29.3355922,-0.5181836],[29.3356016,-0.5181448],[29.335603,-0.518067],[29.3356248,-0.5179895],[29.3356526,-0.517961],[29.3356875,-0.5179563],[29.335725,-0.5179852],[29.3357424,-0.5180375],[29.3357438,-0.5181139],[29.3357317,-0.5182212],[29.3357371,-0.5182547],[29.3357585,-0.5182856],[29.3358068,-0.5183084],[29.3358497,-0.5183017],[29.3359677,-0.5182896],[29.3360294,-0.5182722],[29.3360938,-0.51824],[29.3362065,-0.5181488],[29.3362829,-0.5181193],[29.3363661,-0.5181032],[29.3365203,-0.518079],[29.336645,-0.5180294],[29.336755,-0.5180053],[29.3368569,-0.5179999],[29.3369213,-0.518008],[29.337054,-0.5180375],[29.3371747,-0.5180415],[29.3373397,-0.5180469],[29.3376629,-0.5180442],[29.3378185,-0.5180174],[29.3379191,-0.5179986],[29.3379888,-0.517957],[29.3380585,-0.51789],[29.3381309,-0.5178363],[29.338202,-0.5178095],[29.3383053,-0.5178095],[29.3383992,-0.5178296],[29.3386634,-0.5179034],[29.3388216,-0.5179691],[29.3389048,-0.5179946],[29.338943,-0.5179999],[29.3389826,-0.5179946],[29.3390939,-0.5179302],[29.3392709,-0.5178685],[29.3394479,-0.5178082],[29.339641,-0.5177666],[29.3397993,-0.5177652],[29.3398757,-0.5177773],[29.3401118,-0.5178162],[29.3401869,-0.5178524],[29.3402499,-0.5178993],[29.3402821,-0.5179704],[29.3403089,-0.5180562],[29.3403485,-0.5181461],[29.3404484,-0.5182775],[29.340494,-0.5183084],[29.3405275,-0.5183405],[29.3405503,-0.5183982],[29.340557,-0.5184519],[29.3405342,-0.5185927],[29.3404739,-0.5187415],[29.3403719,-0.5189641],[29.3403183,-0.5190634],[29.3402486,-0.5192109],[29.3401949,-0.5193665],[29.3401694,-0.5195448],[29.3401292,-0.5198398],[29.3400876,-0.5205653],[29.3400675,-0.5209958],[29.3400729,-0.5211863],[29.3400729,-0.5214075],[29.3400782,-0.5215175],[29.3400742,-0.5215765],[29.3400474,-0.5216342],[29.3400179,-0.5216771],[29.3399522,-0.5217696],[29.3399435,-0.5217917],[29.3399388,-0.5218219],[29.3399736,-0.5219815],[29.3399723,-0.5220311],[29.3399542,-0.5220633],[29.3399361,-0.5220781],[29.3398865,-0.5220995],[29.3397832,-0.5221397],[29.3397363,-0.5221813],[29.3396933,-0.5222376],[29.3396719,-0.5223194],[29.3396692,-0.5224576],[29.3396933,-0.5226896],[29.3397027,-0.5228787],[29.3397081,-0.5229578],[29.3397262,-0.5230295],[29.3397577,-0.5230905],[29.3397644,-0.5231301],[29.3397557,-0.5231723],[29.3397363,-0.5232072],[29.3396397,-0.5233024],[29.3396209,-0.5233293],[29.3396062,-0.5233628],[29.3396048,-0.5234258],[29.3396196,-0.5235049],[29.3396598,-0.5237785],[29.3396601,-0.5238697],[29.3396404,-0.5239367],[29.3395954,-0.5240286],[29.3395767,-0.5240863],[29.3395726,-0.5241446],[29.3395753,-0.5242975],[29.3395914,-0.5243981],[29.3396263,-0.5246354],[29.3396947,-0.5249653],[29.3397939,-0.5253086],[29.3398368,-0.5254602],[29.3398516,-0.5255289],[29.3398563,-0.5255862],[29.3398469,-0.5256154],[29.339755,-0.5257063],[29.3397128,-0.5257545],[29.3396913,-0.5257954],[29.3396813,-0.5258759],[29.3396679,-0.5260864],[29.3395096,-0.5265987],[29.339464,-0.5268803],[29.3393299,-0.5279049],[29.3392655,-0.5282268],[29.3392615,-0.5283837],[29.3393017,-0.5286331],[29.3393567,-0.5288584],[29.3393943,-0.529077],[29.3394171,-0.5295638],[29.3394788,-0.5299138],[29.3395016,-0.5300747],[29.3395619,-0.5302987],[29.3396719,-0.5305736],[29.3399213,-0.5311717],[29.3400447,-0.5314117],[29.3401574,-0.5316598],[29.3403988,-0.5321574],[29.3408775,-0.5329767],[29.3411458,-0.533481],[29.3417975,-0.5347013],[29.3421704,-0.5353289],[29.342224,-0.5354832],[29.3424493,-0.5358774],[29.3425539,-0.5360813],[29.3425673,-0.5361383],[29.34257,-0.5361953],[29.3425707,-0.5362388],[29.3425774,-0.5362737],[29.3426116,-0.5363515],[29.342676,-0.5364527],[29.3428195,-0.5366646],[29.3429643,-0.5368698],[29.3430233,-0.5369476],[29.3430582,-0.537024],[29.3431132,-0.5372533],[29.3433157,-0.5377978],[29.3433438,-0.5378675],[29.34338,-0.5379239],[29.343439,-0.5379815],[29.3435155,-0.5380915],[29.3435745,-0.5382162],[29.3436536,-0.5383838],[29.3437247,-0.5385314],[29.344009,-0.5392542],[29.3443295,-0.5401031],[29.3443456,-0.5402479],[29.3443429,-0.5403981],[29.3442678,-0.5406958],[29.3442444,-0.5408004],[29.344174,-0.5410545],[29.344176,-0.5411189],[29.3441968,-0.5411953],[29.3442601,-0.5413154],[29.3442702,-0.5413378],[29.3442772,-0.5413623],[29.3442772,-0.5414092],[29.3442759,-0.5415098],[29.3442719,-0.5419859],[29.3442705,-0.5421227],[29.3442813,-0.5422005],[29.344292,-0.542242],[29.3443456,-0.5424016],[29.3443657,-0.5424673],[29.3443724,-0.5425116],[29.3443631,-0.5425907],[29.3443456,-0.5426671],[29.3443027,-0.5428978],[29.3442813,-0.5429796],[29.3442719,-0.5430681],[29.3442893,-0.5431459],[29.3443376,-0.5432532],[29.3443859,-0.5433484],[29.3444154,-0.5434557],[29.3444221,-0.5435428],[29.3444207,-0.5435965],[29.3444127,-0.5436582],[29.3443671,-0.5438271],[29.3443537,-0.5439022],[29.3443523,-0.5439425],[29.3443564,-0.5439733],[29.3443745,-0.5440605],[29.3443745,-0.5440886],[29.3443577,-0.5441195],[29.3443309,-0.544149],[29.3443094,-0.5442107],[29.3443041,-0.5443019],[29.3443094,-0.5445486],[29.3443027,-0.5448718],[29.344292,-0.5450502],[29.3442813,-0.5451052],[29.3442853,-0.5451427],[29.3443014,-0.5452004],[29.3443188,-0.5453519],[29.3442987,-0.5455169],[29.3442947,-0.5456148],[29.3442732,-0.5458079],[29.3442222,-0.5460318],[29.344182,-0.5461632],[29.3441445,-0.5463134],[29.3441431,-0.5463832],[29.3441713,-0.5464542],[29.3441713,-0.5464911],[29.3441579,-0.546528],[29.3441002,-0.5465977],[29.3439929,-0.546764],[29.3439406,-0.5468579],[29.3437676,-0.5470899],[29.3436764,-0.5471932],[29.3436402,-0.5472884],[29.3435463,-0.5476183],[29.3434444,-0.5479401],[29.3432473,-0.5484135],[29.343203,-0.548616],[29.3431909,-0.548679],[29.3431789,-0.5487193],[29.343136,-0.5487769],[29.3431215,-0.5488121],[29.3431158,-0.5488561],[29.3431936,-0.5493187],[29.3432209,-0.5494621],[29.3432627,-0.5499034],[29.3433404,-0.5504505],[29.3435007,-0.5513115],[29.3435839,-0.5516334],[29.3435711,-0.5517695],[29.3435276,-0.5518613],[29.3434663,-0.5519161],[29.3433526,-0.5519995],[29.343241,-0.5520336],[29.3431856,-0.5520705],[29.3431346,-0.5521416],[29.3430769,-0.5522999],[29.3429682,-0.5526398],[29.3429571,-0.5528682],[29.3429871,-0.5533904],[29.3429383,-0.5538159],[29.3430067,-0.5547466],[29.3429267,-0.5550825],[29.3427925,-0.5554742],[29.3426692,-0.5556431],[29.3425325,-0.5558871],[29.3420997,-0.5564204],[29.3418485,-0.5567522],[29.3416469,-0.5571316],[29.3415856,-0.5572966],[29.3415347,-0.5573811],[29.3413463,-0.5575071],[29.3411284,-0.5576178],[29.3404595,-0.5578654],[29.3399739,-0.5581284],[29.3397403,-0.5582179],[29.3394485,-0.5583698],[29.3391032,-0.5585954],[29.3388364,-0.5587784],[29.3386701,-0.5588911],[29.3386345,-0.5589052],[29.3385977,-0.5589018],[29.338469,-0.5588859],[29.3380209,-0.5589154],[29.3378054,-0.5589583],[29.3374784,-0.5590451],[29.3370586,-0.5591969],[29.3368132,-0.5592923],[29.3367658,-0.5593104],[29.3367328,-0.5593195],[29.3366785,-0.5593175],[29.3366214,-0.5592849],[29.3365243,-0.5592035],[29.3364157,-0.5591539],[29.3363124,-0.5591311],[29.3361863,-0.5591445],[29.3360911,-0.5591284],[29.3359997,-0.559082],[29.3358121,-0.558941],[29.3356889,-0.5588439],[29.3355118,-0.5587744],[29.3353971,-0.5587181],[29.3353736,-0.5586943],[29.335371,-0.5586574],[29.3354655,-0.5585478],[29.3356928,-0.5583386],[29.3359584,-0.5580811],[29.3361689,-0.557837],[29.3362239,-0.5577753],[29.3363607,-0.5576144],[29.3364331,-0.5575581],[29.3364733,-0.5575339],[29.3366584,-0.5575366],[29.3367751,-0.5575581],[29.3368381,-0.5575903],[29.3368703,-0.557652],[29.3369199,-0.557711],[29.3369776,-0.5577244],[29.3371412,-0.5577405],[29.3372981,-0.5577123],[29.337341,-0.5576882],[29.3373826,-0.557652],[29.3374188,-0.5575487],[29.3374617,-0.5573998],[29.3374805,-0.5573747],[29.3375006,-0.5573542],[29.3375321,-0.5573485],[29.337561,-0.5573502],[29.3376455,-0.5573569],[29.3377018,-0.5573663],[29.337797,-0.557363],[29.3379043,-0.5573314],[29.3381001,-0.5572268],[29.3382543,-0.5571584],[29.3383536,-0.5570673],[29.3384045,-0.5569975],[29.3384528,-0.5569117],[29.3385065,-0.5568339],[29.3385695,-0.5567307],[29.3386674,-0.5566502],[29.3387304,-0.5566086],[29.3388525,-0.556559],[29.3389209,-0.556555],[29.3390167,-0.5565577],[29.3391442,-0.5565825],[29.3392615,-0.5566234],[29.3392984,-0.556677],[29.3393071,-0.5567226],[29.3392977,-0.5567749],[29.3392796,-0.5568111],[29.3391556,-0.5569573],[29.3390885,-0.5570284],[29.3389665,-0.5571142],[29.3389269,-0.5571544],[29.3389168,-0.5571987],[29.3389356,-0.557255],[29.3389624,-0.5572858],[29.3390214,-0.5573013],[29.3390818,-0.5572885],[29.3391267,-0.5573013],[29.3391535,-0.5573341],[29.3391569,-0.5573824],[29.3391421,-0.5574112],[29.3391033,-0.5574428],[29.3390701,-0.5574652],[29.3390587,-0.5575018],[29.339063,-0.5575353],[29.3391046,-0.5575728],[29.3391582,-0.5575943],[29.3392414,-0.5575782],[29.3393031,-0.5575433],[29.3393876,-0.5575018],[29.3394989,-0.5574843],[29.3396464,-0.5574977],[29.3397322,-0.5575058],[29.3398368,-0.5574937],[29.3400246,-0.5574696],[29.3402626,-0.5574381],[29.3403109,-0.5574226],[29.3403196,-0.5574025],[29.3403089,-0.5573744],[29.3402144,-0.557306],[29.3401547,-0.5572242],[29.3401426,-0.5571571],[29.3401634,-0.5570787],[29.3402177,-0.5570163],[29.340329,-0.5569888],[29.3403646,-0.556968],[29.3403773,-0.5569479],[29.3404242,-0.5568259],[29.3404269,-0.556732],[29.3404229,-0.556669],[29.3404457,-0.5566059],[29.3405034,-0.5565389],[29.3405946,-0.5564745],[29.3406723,-0.5564598],[29.340734,-0.5564651],[29.340781,-0.5564879],[29.3408467,-0.5565094],[29.340895,-0.556504],[29.3409526,-0.5564745],[29.3409929,-0.5564182],[29.3410069,-0.556327],[29.3409982,-0.5562318],[29.3409406,-0.556158],[29.34084,-0.5561084],[29.3407803,-0.5560843],[29.3407126,-0.5560762],[29.3406026,-0.556095],[29.340555,-0.5561004],[29.3405231,-0.5560906],[29.340504,-0.5560595],[29.3405107,-0.5559676],[29.3405014,-0.5559166],[29.3404638,-0.555869],[29.3403833,-0.5557738],[29.3402942,-0.5556592],[29.3402177,-0.5555519],[29.3401211,-0.5554929],[29.3400246,-0.5554875],[29.3399173,-0.5554929],[29.3398516,-0.5554781],[29.3397912,-0.5554486],[29.339743,-0.5554087],[29.3397188,-0.5553591],[29.3397175,-0.5553226],[29.339743,-0.5552515],[29.3398268,-0.5551905],[29.3399052,-0.5551556],[29.3399642,-0.5551248],[29.3399978,-0.555108],[29.3400165,-0.5550758],[29.3400112,-0.555045],[29.339975,-0.554986],[29.3399421,-0.554943],[29.3399334,-0.5549055],[29.3399428,-0.5548693],[29.3399649,-0.5548311],[29.3399629,-0.5548056],[29.3399575,-0.5547875],[29.3399414,-0.5547392],[29.3399602,-0.5546883],[29.3400165,-0.5546373],[29.3401359,-0.5545944],[29.3402284,-0.5545488],[29.3404128,-0.5545126],[29.3404698,-0.5544951],[29.3405242,-0.5544589],[29.340557,-0.5544267],[29.3406616,-0.5543396],[29.3407434,-0.5542484],[29.3408614,-0.5541049],[29.3409567,-0.5539426],[29.3409989,-0.5538756],[29.3410143,-0.5538159],[29.3410049,-0.5536919],[29.3409231,-0.5533204],[29.3409111,-0.5531782],[29.3409419,-0.5530401],[29.3409942,-0.5528966],[29.3410318,-0.5527773],[29.3410371,-0.552615],[29.341017,-0.5524802],[29.3410183,-0.5524112],[29.3410371,-0.5523736],[29.3411082,-0.5523374],[29.3412557,-0.5523428],[29.3413778,-0.5523387],[29.3414978,-0.5523287],[29.3416607,-0.5523414],[29.3417197,-0.552328],[29.341772,-0.552275],[29.3418002,-0.552202],[29.3418083,-0.5520866],[29.3417969,-0.5520229],[29.34176,-0.5519767],[29.3416755,-0.5519458],[29.3416111,-0.5519391],[29.3415561,-0.5519177],[29.3414106,-0.5518107],[29.341312,-0.5517245],[29.341247,-0.5516615],[29.3412068,-0.5516267],[29.3411451,-0.5515516],[29.3411216,-0.5515274],[29.3410867,-0.5515227],[29.3410445,-0.5515328],[29.3409868,-0.5515509],[29.340903,-0.5515522],[29.3408239,-0.5515516],[29.3407957,-0.5515516],[29.3407629,-0.5515335],[29.3407173,-0.5514905],[29.3406824,-0.551453],[29.3406388,-0.5514161],[29.3405852,-0.551402],[29.340549,-0.551402],[29.3404544,-0.5514101],[29.3403907,-0.5514],[29.3403089,-0.5513812],[29.3402539,-0.5513558],[29.3401667,-0.5513015],[29.3400735,-0.5512485],[29.3399461,-0.551215],[29.3398798,-0.5512042],[29.3397275,-0.5511747],[29.3396705,-0.55117],[29.3395666,-0.5511754],[29.3395351,-0.5511828],[29.339515,-0.5512029],[29.3395056,-0.5512337],[29.3395022,-0.5512907],[29.3394942,-0.5513209],[29.3394761,-0.5513477],[29.3394258,-0.5513571],[29.3393809,-0.5513497],[29.3393493,-0.551345],[29.3392863,-0.5513162],[29.3392481,-0.55129],[29.3391998,-0.5512123],[29.3391542,-0.5512056],[29.339118,-0.5512324],[29.3390965,-0.5512498],[29.3390308,-0.5514174],[29.3389946,-0.5514899],[29.3389316,-0.5515288],[29.3388122,-0.5515757],[29.3386835,-0.5515998],[29.3386017,-0.551632],[29.3384135,-0.5517895],[29.3383764,-0.5518399],[29.3383616,-0.5519378],[29.3383656,-0.5520303],[29.3383653,-0.5520836],[29.3383388,-0.5521322],[29.3382637,-0.5521658],[29.3382128,-0.5521644],[29.3381082,-0.552159],[29.3380196,-0.5522073],[29.3378909,-0.552324],[29.3378305,-0.5523978],[29.3377729,-0.5524554],[29.337738,-0.5524769],[29.3375891,-0.5524997],[29.3375409,-0.5525278],[29.3374872,-0.5526043],[29.3374671,-0.5528215],[29.3374778,-0.5529905],[29.337506,-0.5531662],[29.3375663,-0.5533351],[29.3376723,-0.5534974],[29.3377179,-0.5536114],[29.3376951,-0.5537522],[29.3376227,-0.5538514],[29.3375462,-0.5539037],[29.3374966,-0.5539708],[29.3374671,-0.5541813],[29.3374483,-0.5543342],[29.337451,-0.5544455],[29.3374778,-0.5545461],[29.3375154,-0.5546239],[29.3375482,-0.5547017],[29.3375543,-0.5547406],[29.3375393,-0.5547805],[29.33751,-0.5548076],[29.3374631,-0.554823],[29.3373437,-0.5548545],[29.3372405,-0.5548881],[29.3372187,-0.5549115],[29.3372163,-0.554943],[29.3372177,-0.5549994],[29.3372203,-0.555057],[29.3372405,-0.5551925],[29.3372498,-0.5552595],[29.3372391,-0.5554379],[29.3372244,-0.5554929],[29.3371922,-0.5555291],[29.3371506,-0.5555572],[29.3370876,-0.5555613],[29.336987,-0.5554848],[29.3368676,-0.5553561],[29.3366946,-0.5552126],[29.336535,-0.5550825],[29.336472,-0.5550503],[29.3363661,-0.5550396],[29.3362695,-0.5550624],[29.3361535,-0.5550946],[29.3361206,-0.555106],[29.3360905,-0.5551301],[29.3360797,-0.5551744],[29.3360918,-0.5552233],[29.3361019,-0.555275],[29.3361112,-0.5553004],[29.3361307,-0.5553092],[29.3361572,-0.5553095],[29.3361729,-0.5553024],[29.336186,-0.5552847],[29.3361991,-0.5552595],[29.3362242,-0.5552411],[29.3362695,-0.555227],[29.3362906,-0.555225],[29.3363205,-0.5552455],[29.3363412,-0.5552743],[29.3363835,-0.555336],[29.3364385,-0.5553916],[29.3364626,-0.5554205],[29.3364915,-0.5555063],[29.3365082,-0.5555901],[29.3365062,-0.5556699],[29.3364532,-0.5557524],[29.3364009,-0.5558027],[29.3363419,-0.5558067],[29.3362802,-0.5557892],[29.3362427,-0.5557457],[29.3362112,-0.5556974],[29.3361642,-0.5556176],[29.3361327,-0.5555948],[29.3360965,-0.5555981],[29.3360496,-0.5556424],[29.3360301,-0.5556672],[29.3359973,-0.5556826],[29.3359349,-0.5557041],[29.3358531,-0.5557041],[29.3357713,-0.555684],[29.335717,-0.5556793],[29.3356466,-0.5556873],[29.3355795,-0.5557369],[29.335544,-0.555798],[29.3355091,-0.5558389],[29.3354628,-0.5558731],[29.3354192,-0.5558972],[29.335375,-0.5559079],[29.3353341,-0.5559106],[29.3352623,-0.5558818],[29.3352094,-0.555861],[29.3351577,-0.5558469],[29.3350598,-0.5558543],[29.3349827,-0.5558516],[29.3349445,-0.5558436],[29.3348989,-0.5558174],[29.334809,-0.555749],[29.3347259,-0.5557128],[29.3345878,-0.5556887],[29.3344711,-0.555686],[29.3344228,-0.555686],[29.3343437,-0.5556712],[29.3342833,-0.5556377],[29.3342002,-0.5555707],[29.3340687,-0.555454],[29.3340325,-0.555454],[29.3339735,-0.5554835],[29.3339279,-0.5555318],[29.3338763,-0.5555901],[29.3338615,-0.5556075],[29.3338146,-0.5556149],[29.3337717,-0.5555968],[29.3337355,-0.5555653],[29.3337026,-0.5555304],[29.3336557,-0.5555123],[29.3335886,-0.5554915],[29.3334961,-0.5554439],[29.3333875,-0.5553507],[29.3333385,-0.555348],[29.3333097,-0.555391],[29.333315,-0.5554352],[29.3333298,-0.5554848],[29.3333673,-0.5555814],[29.333421,-0.5557135],[29.3334559,-0.5558181],[29.3334907,-0.555867],[29.3335725,-0.5559052],[29.3336838,-0.5559461],[29.3337308,-0.555971],[29.333765,-0.5560159],[29.333767,-0.5560789],[29.3337596,-0.5561191],[29.3337301,-0.5561533],[29.3336631,-0.5561667],[29.3336014,-0.5561728],[29.3335678,-0.5561802],[29.333482,-0.5562298],[29.3334585,-0.5562388],[29.3334364,-0.5562365],[29.3334197,-0.5562187],[29.3334197,-0.5561802],[29.3334317,-0.5561426],[29.3334458,-0.5560977],[29.3334411,-0.5560816],[29.3334203,-0.5560655],[29.3333969,-0.5560709],[29.3333741,-0.5561031],[29.3333338,-0.5561822],[29.3332332,-0.5563471],[29.333193,-0.556382],[29.3331534,-0.5563874],[29.3331233,-0.5563713],[29.3331072,-0.5563485],[29.3330891,-0.5562874],[29.3330703,-0.5561828],[29.3330475,-0.5561071],[29.3330247,-0.5560668],[29.3329778,-0.5560253],[29.3329519,-0.5560209],[29.3329409,-0.55603],[29.3329305,-0.5560387],[29.3329261,-0.5560568],[29.3329442,-0.5561339],[29.3329617,-0.5561808],[29.3329757,-0.5562197],[29.3329751,-0.5562512],[29.3329348,-0.5562854],[29.3328872,-0.5563116],[29.3327826,-0.5563538],[29.3327236,-0.5563552],[29.332678,-0.5563344],[29.3326411,-0.5562807],[29.3326271,-0.5562144],[29.3326411,-0.5561258],[29.3326546,-0.5560776],[29.33268,-0.5560326],[29.3327069,-0.5560105],[29.3327323,-0.5559917],[29.3327404,-0.5559793],[29.3327464,-0.5559629],[29.3327421,-0.5559394],[29.3327303,-0.555924],[29.3326968,-0.5559066],[29.332681,-0.5559022],[29.3326659,-0.5559052],[29.3326056,-0.5559689],[29.33256,-0.5560005],[29.33245,-0.5560434],[29.3323065,-0.5560521],[29.3322234,-0.5560226],[29.3321751,-0.5559837],[29.3321409,-0.5559334],[29.3321282,-0.5558422],[29.3321288,-0.555812],[29.3321295,-0.5557892],[29.3321671,-0.5557369],[29.3321818,-0.5556887],[29.3321724,-0.5556538],[29.3321536,-0.5556297],[29.3321174,-0.555623],[29.3320638,-0.5556216],[29.3320055,-0.5556142],[29.3319458,-0.5555867],[29.3318653,-0.5555398],[29.3317969,-0.5554781],[29.3317392,-0.5554392],[29.3316635,-0.5554151],[29.3316239,-0.5554252],[29.3315689,-0.555458],[29.3314945,-0.5555009],[29.3312055,-0.5556659],[29.3310928,-0.5557182],[29.3309923,-0.5557772],[29.3308514,-0.5558469],[29.3307443,-0.5558734],[29.3306597,-0.5558576],[29.3305993,-0.5558261],[29.3305276,-0.5557785],[29.3304464,-0.5557477],[29.3304075,-0.5557363],[29.3303525,-0.5556994],[29.3302949,-0.555639],[29.3302178,-0.5555787],[29.3301809,-0.5555613],[29.3301299,-0.5555559],[29.3300816,-0.5555559],[29.3300354,-0.5555787],[29.3299927,-0.5556062],[29.3299339,-0.5556465],[29.3298193,-0.5557148],[29.3297397,-0.5557437],[29.3296281,-0.5557534],[29.329515,-0.5557363],[29.32946,-0.5557269],[29.3293648,-0.5557115],[29.3292924,-0.555682],[29.3292649,-0.5556484],[29.3292595,-0.555629],[29.3292616,-0.5555908],[29.3292978,-0.5555358],[29.3293045,-0.5555177],[29.3293092,-0.5554909],[29.3292857,-0.555456],[29.3292716,-0.5554473],[29.3292341,-0.5554298],[29.3291925,-0.555407],[29.3291469,-0.5553816],[29.3290892,-0.5553708],[29.3290316,-0.5553762],[29.3289095,-0.5553923],[29.3287392,-0.5553735],[29.3285702,-0.5552998],[29.3284495,-0.5552448],[29.3282242,-0.5551898],[29.3279962,-0.5551455],[29.3278795,-0.5551295],[29.3278044,-0.5551348],[29.3277635,-0.5551402],[29.3276703,-0.5551308],[29.3275644,-0.5550906],[29.327492,-0.5550356],[29.3274356,-0.5550047],[29.3273418,-0.5549967],[29.3272063,-0.55499],[29.3270923,-0.5549873],[29.3270226,-0.5550155],[29.3269414,-0.5550557],[29.3268811,-0.5550731],[29.3267939,-0.5550664],[29.3267497,-0.555053],[29.3267114,-0.5550235],[29.3267041,-0.5550061],[29.3267034,-0.554984],[29.3267121,-0.5549645],[29.3267389,-0.5549514],[29.32675,-0.554937],[29.3267513,-0.5549038],[29.3267436,-0.554876],[29.3267275,-0.5548505],[29.326688,-0.554827],[29.3266397,-0.5548136],[29.3265244,-0.5547982],[29.3264271,-0.5547902],[29.3263621,-0.5547882],[29.3262789,-0.5547975],[29.3262468,-0.554819],[29.3262246,-0.5548572],[29.3261918,-0.5549035],[29.3261535,-0.5549323],[29.326122,-0.5549377],[29.3260865,-0.5549337],[29.3260496,-0.5549095],[29.3260335,-0.5548639],[29.3260335,-0.5548277],[29.3260293,-0.5548103],[29.3260199,-0.5547975],[29.325994,-0.5547982],[29.325884,-0.554884],[29.3257794,-0.5549726],[29.32555,-0.5551482],[29.3252993,-0.5553588],[29.325173,-0.555465],[29.3249313,-0.5557146],[29.3247385,-0.5559393],[29.3243819,-0.5564044],[29.3241026,-0.5567465],[29.3239989,-0.5569067],[29.3239139,-0.5571049],[29.3238831,-0.557198],[29.323878,-0.5572325],[29.3238871,-0.5572745],[29.32393,-0.5573817],[29.3239333,-0.557436],[29.3239159,-0.5574709],[29.3238924,-0.5574908],[29.3238173,-0.5575192],[29.3237436,-0.5575138],[29.323639,-0.5574924],[29.323594,-0.5575038],[29.3235572,-0.5575259],[29.3235089,-0.5575956],[29.3234556,-0.5576923],[29.3233114,-0.5578419],[29.3232029,-0.5579303],[29.3231183,-0.5579972],[29.3230499,-0.5580766],[29.3229832,-0.5582313],[29.3229322,-0.5583104],[29.3228625,-0.5583734],[29.3227606,-0.5584271],[29.322668,-0.5584566],[29.3223891,-0.5585531],[29.3222348,-0.558592],[29.3220471,-0.5586028],[29.3218057,-0.5585867],[29.321402,-0.5585974],[29.3210064,-0.5585974],[29.3205611,-0.5586269],[29.3200891,-0.5586215],[29.3194789,-0.55858],[29.3192415,-0.5585598],[29.3190671,-0.5585665],[29.3189451,-0.5585826],[29.3188056,-0.5586121],[29.3186863,-0.5586604],[29.3183899,-0.558769],[29.3180139,-0.5589583],[29.3178146,-0.5590694],[29.3176724,-0.5591526],[29.3173492,-0.5593457],[29.3172754,-0.5593832],[29.3171802,-0.5594597],[29.3168919,-0.5597158],[29.3167832,-0.5598124],[29.3166934,-0.5598875],[29.316554,-0.5600043],[29.3165169,-0.5600542],[29.3164827,-0.5602115],[29.3162941,-0.5604826],[29.3161567,-0.5606349],[29.3157577,-0.5610247],[29.3157177,-0.5610736],[29.3156469,-0.561206],[29.3155986,-0.5613672],[29.3153418,-0.5619332],[29.315214,-0.5622929],[29.3150468,-0.5626915],[29.314753,-0.563214],[29.3143861,-0.5637897],[29.3143019,-0.5639011],[29.3141312,-0.564268],[29.3140984,-0.5642995],[29.3139522,-0.5643773],[29.3138523,-0.5644638],[29.3136853,-0.5647494],[29.3136102,-0.5648144],[29.3135418,-0.5648989],[29.3135042,-0.564966],[29.3134895,-0.5650384],[29.3134926,-0.5651961],[29.3134627,-0.5652784],[29.3132986,-0.5654011],[29.3131076,-0.5655108],[29.3130546,-0.5655439],[29.3128145,-0.5657857],[29.3127418,-0.5658973],[29.3125138,-0.5661185],[29.3123253,-0.5662197],[29.3121116,-0.566427],[29.311921,-0.5665787],[29.3112843,-0.5669563],[29.3110494,-0.5671821],[29.3108008,-0.5674877],[29.3105294,-0.5677893],[29.3102827,-0.5680266],[29.3099061,-0.5684822],[29.3096969,-0.5687853],[29.309442,-0.5692251],[29.3093158,-0.5695194],[29.3092561,-0.5698229],[29.3092313,-0.5700486],[29.3091501,-0.5704558],[29.3090015,-0.5708279],[29.3088761,-0.5709564],[29.3087514,-0.571002],[29.3087085,-0.5710503],[29.308672,-0.5711926],[29.3086069,-0.5713281],[29.3085311,-0.5713952],[29.3084964,-0.5714884],[29.3084758,-0.5716048],[29.3083199,-0.5718802],[29.3081644,-0.5720365],[29.3080111,-0.5721607],[29.3078817,-0.5723518],[29.3077476,-0.5723725],[29.3077207,-0.5723913],[29.3074118,-0.5730148],[29.3073162,-0.5731255],[29.3072008,-0.5733206],[29.3071341,-0.5733867],[29.3070685,-0.5735072],[29.3068753,-0.5737129],[29.3064963,-0.5745678],[29.3064923,-0.5746483],[29.3063893,-0.5747599],[29.3063088,-0.5749798],[29.3062434,-0.5750423],[29.3060343,-0.5751816],[29.3059146,-0.5752855],[29.3057894,-0.5754427],[29.3056467,-0.575575],[29.3051919,-0.5761177],[29.3049354,-0.5764602],[29.3048237,-0.5767724],[29.3047838,-0.5768511],[29.3046431,-0.5770432],[29.304579,-0.5771711],[29.3045182,-0.57733],[29.3043115,-0.5777423],[29.3041778,-0.5780783],[29.3040837,-0.5785627],[29.3039887,-0.5793041],[29.3038877,-0.5798315],[29.3038138,-0.5801194],[29.3038222,-0.5806146],[29.3038711,-0.581214],[29.3038309,-0.5816431],[29.3036609,-0.5823582],[29.3035785,-0.5829106],[29.3034535,-0.5851598],[29.3034467,-0.5855201]],[[29.3259323,-0.5884288],[29.3259329,-0.5883812],[29.325949,-0.5883443],[29.3259651,-0.5883268],[29.325994,-0.5883161],[29.3260396,-0.5883335],[29.3260644,-0.5883604],[29.3260758,-0.5883926],[29.3260731,-0.5884516],[29.3260516,-0.5884904],[29.3260168,-0.5885065],[29.3259799,-0.5884978],[29.325949,-0.588469],[29.3259323,-0.5884288]],[[29.3270145,-0.5891663],[29.3270206,-0.5891482],[29.3270554,-0.5891167],[29.3271004,-0.5891194],[29.3271352,-0.5891362],[29.327154,-0.5891596],[29.3271909,-0.5892046],[29.3272278,-0.5892414],[29.3272573,-0.5892763],[29.3272687,-0.5893058],[29.3272734,-0.5893474],[29.3272579,-0.5893802],[29.3272184,-0.5894024],[29.3271808,-0.5894003],[29.3271446,-0.5893863],[29.3271111,-0.5893615],[29.3270848,-0.5893346],[29.3270816,-0.5893167],[29.3270829,-0.5892803],[29.3270769,-0.5892569],[29.3270635,-0.5892401],[29.327034,-0.589218],[29.3270199,-0.5891945],[29.3270145,-0.5891663]],[[29.3325292,-0.5568393],[29.3325412,-0.5567977],[29.3325774,-0.5567776],[29.3326391,-0.5568232],[29.3326928,-0.5568165],[29.3327612,-0.5567655],[29.3328859,-0.5567588],[29.3329623,-0.5568017],[29.3330616,-0.5568795],[29.3331166,-0.5569278],[29.3332654,-0.5571839],[29.3333164,-0.5572161],[29.3333539,-0.5572631],[29.3333526,-0.5573247],[29.333315,-0.5574012],[29.3331682,-0.5575748],[29.3331347,-0.5576815],[29.3331575,-0.5577827],[29.333189,-0.5578907],[29.3332882,-0.558065],[29.3334009,-0.5582232],[29.3335041,-0.5583895],[29.3335176,-0.5584432],[29.3334974,-0.5584914],[29.3334143,-0.5585196],[29.3333365,-0.5585156],[29.3332869,-0.5584566],[29.3332185,-0.5583104],[29.3331662,-0.5581649],[29.3330482,-0.5579463],[29.3329275,-0.5577968],[29.3327317,-0.5575514],[29.3326539,-0.5573998],[29.3326163,-0.5573107],[29.3325935,-0.5571705],[29.3325935,-0.5570941],[29.3325841,-0.5569989],[29.3325493,-0.5569224],[29.3325292,-0.5568393]],[[29.3339822,-0.5883778],[29.3340171,-0.5882859],[29.3340634,-0.5882457],[29.3341197,-0.5882471],[29.3341552,-0.5882752],[29.334176,-0.5883282],[29.3341774,-0.5883704],[29.3341707,-0.5884442],[29.3341392,-0.5884891],[29.3341016,-0.5885079],[29.3340647,-0.5885065],[29.3340272,-0.5884985],[29.3339856,-0.5884395],[29.3339822,-0.5883778]],[[29.3356821,-0.5880399],[29.3357103,-0.5879768],[29.3357666,-0.5879178],[29.3358229,-0.5879111],[29.3358652,-0.5879192],[29.3359114,-0.5879567],[29.3359382,-0.5879715],[29.3359677,-0.5879782],[29.3360341,-0.5879648],[29.3360891,-0.5879748],[29.3361454,-0.5880124],[29.3361897,-0.5880613],[29.3361977,-0.5881002],[29.3361971,-0.5881357],[29.3361783,-0.5881961],[29.3361247,-0.5882538],[29.3360429,-0.5882672],[29.3359718,-0.5882558],[29.3359094,-0.5882357],[29.3358149,-0.5881941],[29.3357518,-0.5881793],[29.3357069,-0.5881438],[29.3356834,-0.5881049],[29.3356821,-0.5880399]],[[29.3360509,-0.583306],[29.3360576,-0.5832242],[29.3361072,-0.5831223],[29.3361931,-0.5830472],[29.3362574,-0.5830351],[29.3363164,-0.5830311],[29.3363915,-0.5830391],[29.3364465,-0.5830297],[29.3364881,-0.5829962],[29.3365216,-0.5829453],[29.3365471,-0.5828863],[29.3365672,-0.5828313],[29.3366343,-0.5827481],[29.3367241,-0.5827039],[29.3368126,-0.5826958],[29.3368676,-0.5826905],[29.3369105,-0.5826757],[29.3369669,-0.5826462],[29.3370058,-0.5826154],[29.3370768,-0.5825751],[29.3371694,-0.582551],[29.337223,-0.5825591],[29.3373223,-0.5826114],[29.3374135,-0.5826704],[29.3374899,-0.5827388],[29.3375395,-0.5828125],[29.3375891,-0.5828729],[29.33762,-0.5829077],[29.3376777,-0.5829412],[29.3377528,-0.5829708],[29.3378037,-0.5829788],[29.3378775,-0.5829627],[29.3379486,-0.5829265],[29.3380585,-0.5828729],[29.3381139,-0.5828568],[29.3381413,-0.582844],[29.3381618,-0.5828326],[29.3381779,-0.5828128],[29.3381863,-0.5827968],[29.33819,-0.5827803],[29.3382017,-0.5827324],[29.3382104,-0.5827139],[29.3382275,-0.5826972],[29.3382543,-0.5826918],[29.3382677,-0.5826932],[29.3382912,-0.5827146],[29.338318,-0.5827434],[29.3383361,-0.5827488],[29.3383609,-0.5827434],[29.3383931,-0.5827287],[29.3384253,-0.5827052],[29.338477,-0.5826811],[29.338536,-0.5826757],[29.3385775,-0.5826945],[29.3386178,-0.5827186],[29.3386634,-0.5827629],[29.3386714,-0.5827897],[29.338658,-0.5828286],[29.3386137,-0.5828594],[29.338544,-0.582901],[29.338434,-0.582956],[29.3382677,-0.5830284],[29.3381014,-0.5831196],[29.3380558,-0.5831478],[29.3379848,-0.58318],[29.3378694,-0.583239],[29.3377583,-0.5832797],[29.337691,-0.5833138],[29.3376307,-0.5833328],[29.3375825,-0.5833476],[29.3375409,-0.583357],[29.3374806,-0.5833369],[29.3374443,-0.5833006],[29.3373772,-0.5832014],[29.337337,-0.5831451],[29.3373089,-0.5830821],[29.3372565,-0.5829667],[29.3372136,-0.5828715],[29.337168,-0.5828152],[29.3371171,-0.5827911],[29.337054,-0.5827763],[29.3369763,-0.5827803],[29.3368448,-0.5828071],[29.3367308,-0.5828487],[29.3366463,-0.5828903],[29.3365686,-0.5829466],[29.336527,-0.5830003],[29.3365069,-0.5830968],[29.3365042,-0.5831746],[29.3364908,-0.5832282],[29.3364626,-0.5832832],[29.336413,-0.5833268],[29.3363741,-0.5833355],[29.3362967,-0.5833194],[29.3362276,-0.5833124],[29.336185,-0.5833208],[29.3361672,-0.5833332],[29.3361589,-0.5833553],[29.3361575,-0.5833808],[29.3361535,-0.5833989],[29.3361334,-0.5834063],[29.3361166,-0.5834016],[29.3360965,-0.5833831],[29.336076,-0.5833563],[29.3360509,-0.583306]],[[29.3372944,-0.5559364],[29.3372995,-0.5558791],[29.3373585,-0.5557329],[29.3373947,-0.5555935],[29.3374148,-0.5554111],[29.3374121,-0.5553413],[29.3374195,-0.5553202],[29.3374349,-0.5553045],[29.3374765,-0.5553031],[29.3375442,-0.5553239],[29.3376414,-0.5553588],[29.3377393,-0.5553413],[29.3378064,-0.5552944],[29.3379137,-0.5551549],[29.3379848,-0.5551],[29.33808,-0.5550785],[29.3381484,-0.5550973],[29.338202,-0.5551442],[29.338261,-0.5552797],[29.3383107,-0.5553883],[29.3383475,-0.5555559],[29.3383274,-0.5556431],[29.3382892,-0.5557021],[29.3382476,-0.555745],[29.3381484,-0.5557819],[29.3381001,-0.5558322],[29.3380545,-0.5559502],[29.3380263,-0.5559824],[29.3379962,-0.5559958],[29.3379338,-0.5559716],[29.3378815,-0.5559341],[29.3377937,-0.5558778],[29.3377206,-0.5558778],[29.3376622,-0.5558898],[29.3375603,-0.5559401],[29.3374363,-0.5560092],[29.3374135,-0.5560256],[29.3373705,-0.55603],[29.3373095,-0.5559907],[29.3372944,-0.5559364]],[[29.3384542,-0.5860384],[29.3384575,-0.5860102],[29.3384629,-0.5859914],[29.338479,-0.5859753],[29.3385112,-0.585966],[29.3385561,-0.585968],[29.3386084,-0.5859928],[29.3386573,-0.5860263],[29.3387009,-0.5860444],[29.3387519,-0.5860491],[29.3388397,-0.5860504],[29.3389188,-0.5860739],[29.3389819,-0.5861262],[29.3389946,-0.5861698],[29.3389812,-0.5862161],[29.3389577,-0.5862382],[29.3389209,-0.5862476],[29.338837,-0.5862362],[29.3387177,-0.5861845],[29.3386332,-0.5861591],[29.338542,-0.5861215],[29.3384904,-0.5860927],[29.3384649,-0.5860699],[29.3384542,-0.5860384]],[[29.340321,-0.5867739],[29.340323,-0.5867223],[29.3403491,-0.5866874],[29.3403874,-0.586674],[29.3404216,-0.586678],[29.3404732,-0.5867129],[29.3405047,-0.586731],[29.3405677,-0.5867391],[29.3406053,-0.5867263],[29.3406227,-0.5867106],[29.3406291,-0.5866864],[29.3406301,-0.5866143],[29.3406361,-0.5865741],[29.3406804,-0.5865225],[29.3407193,-0.5865064],[29.3408065,-0.5865312],[29.3408869,-0.5865949],[29.3409392,-0.586666],[29.3409734,-0.586729],[29.3409955,-0.5868135],[29.3409955,-0.5868678],[29.3409935,-0.5869288],[29.3409855,-0.5869798],[29.3409687,-0.5870073],[29.3409164,-0.5870468],[29.3408749,-0.587071],[29.3408111,-0.5870951],[29.340787,-0.5870884],[29.3407535,-0.5870636],[29.3407179,-0.5870287],[29.3406864,-0.5870046],[29.3406381,-0.5869744],[29.3405624,-0.5869302],[29.3405047,-0.586898],[29.3403934,-0.5868437],[29.3403532,-0.5868195],[29.3403317,-0.5867961],[29.340321,-0.5867739]],[[29.3524566,-0.6012678],[29.35247,-0.6011726],[29.3525237,-0.6011203],[29.3526149,-0.6010841],[29.3527047,-0.6010586],[29.352926,-0.6009916],[29.3529971,-0.6009875],[29.353103,-0.6010036],[29.3531889,-0.6010398],[29.3532465,-0.6010693],[29.353264,-0.6011122],[29.3532479,-0.6011552],[29.353205,-0.6011887],[29.3531661,-0.6012611],[29.3531701,-0.6013308],[29.3532211,-0.6013858],[29.3533243,-0.6013979],[29.3533485,-0.6014281],[29.3533478,-0.6014623],[29.3533062,-0.6015541],[29.3532264,-0.6016124],[29.3531634,-0.601642],[29.3530212,-0.6016406],[29.3529113,-0.6016098],[29.3527986,-0.6015628],[29.3526927,-0.6015199],[29.3525867,-0.6014716],[29.3524875,-0.6013764],[29.3524566,-0.6012678]],[[29.3558684,-0.6047773],[29.3558872,-0.6047384],[29.3559381,-0.6046713],[29.3560709,-0.6045506],[29.3561125,-0.6045332],[29.3561594,-0.6045238],[29.3561916,-0.6045413],[29.3562292,-0.6046137],[29.3563083,-0.6047143],[29.3563646,-0.6048028],[29.3563753,-0.6048484],[29.3563727,-0.6049275],[29.3563566,-0.6049985],[29.3563324,-0.6050777],[29.3563311,-0.60513],[29.3563324,-0.6051481],[29.3563418,-0.6051876],[29.3563639,-0.6052399],[29.3563968,-0.6052721],[29.3564424,-0.6053251],[29.3564524,-0.6053459],[29.3564511,-0.6053693],[29.3564384,-0.6054102],[29.3564263,-0.6054639],[29.3564236,-0.60548],[29.3564256,-0.6054981],[29.3564357,-0.6055189],[29.3564719,-0.6055752],[29.3564846,-0.6056154],[29.3564853,-0.605657],[29.3564846,-0.6056731],[29.3564679,-0.605708],[29.3564478,-0.605722],[29.3564109,-0.6057207],[29.3563914,-0.6057066],[29.35638,-0.6056597],[29.356376,-0.6055611],[29.3563706,-0.6055169],[29.3563653,-0.6054572],[29.3563753,-0.605421],[29.3563787,-0.6053975],[29.356376,-0.6053767],[29.3563659,-0.6053579],[29.3563445,-0.6053325],[29.3563163,-0.6053217],[29.3562841,-0.6053244],[29.3562664,-0.6053315],[29.3562456,-0.6053506],[29.3562399,-0.60536],[29.3562231,-0.6053794],[29.3562054,-0.6053814],[29.3561916,-0.605372],[29.3561883,-0.6053553],[29.356203,-0.6053197],[29.3562151,-0.6052896],[29.3562144,-0.6052614],[29.3562104,-0.6051769],[29.3562131,-0.6051018],[29.3562251,-0.6049798],[29.3562117,-0.6049409],[29.3561554,-0.6048993],[29.3560883,-0.6048779],[29.3560146,-0.6048644],[29.3559475,-0.6048631],[29.3558885,-0.6048524],[29.3558724,-0.6048081],[29.3558684,-0.6047773]],[[29.3594491,-0.6091195],[29.3594518,-0.6090686],[29.3594693,-0.609027],[29.3595276,-0.60896],[29.3595812,-0.6089392],[29.3596382,-0.6089412],[29.3596691,-0.6089667],[29.3597107,-0.6090337],[29.3597341,-0.6091021],[29.3597422,-0.6091591],[29.3597214,-0.6092007],[29.3596577,-0.6092268],[29.3595786,-0.6092342],[29.3595377,-0.6092329],[29.3594867,-0.6091933],[29.3594719,-0.6091772],[29.3594491,-0.6091195]],[[29.3595269,-0.4750674],[29.3595605,-0.4750232],[29.359594,-0.474991],[29.359657,-0.4749776],[29.3597187,-0.4749802],[29.359771,-0.474995],[29.3598542,-0.4750433],[29.3599239,-0.4751197],[29.3599413,-0.4752029],[29.3599346,-0.4752485],[29.3599078,-0.4752833],[29.3598662,-0.4753101],[29.3597978,-0.4753276],[29.3597227,-0.4753262],[29.3596449,-0.4753034],[29.3595994,-0.4752699],[29.3595497,-0.4752123],[29.3595323,-0.4751479],[29.3595269,-0.4750674]],[[29.3621461,-0.4737552],[29.3621609,-0.4736861],[29.362179,-0.4736057],[29.362191,-0.4735855],[29.3622051,-0.4735721],[29.362236,-0.4735554],[29.3622681,-0.473552],[29.362297,-0.4735654],[29.3623184,-0.4735822],[29.3623352,-0.473599],[29.3623479,-0.4736244],[29.362358,-0.473658],[29.3623795,-0.4737002],[29.3623949,-0.4737277],[29.3624016,-0.4737505],[29.3624036,-0.4737793],[29.3623976,-0.4738095],[29.3623855,-0.4738357],[29.3623734,-0.4738484],[29.3623486,-0.4738578],[29.3623272,-0.4738645],[29.3622816,-0.4738645],[29.3621924,-0.4738544],[29.3621669,-0.4738363],[29.3621528,-0.4738182],[29.3621468,-0.4737994],[29.3621461,-0.4737552]],[[29.3725343,-0.6816164],[29.372537,-0.6814662],[29.3725544,-0.6813106],[29.3726027,-0.6812047],[29.3726885,-0.6810827],[29.3727945,-0.6809499],[29.3728857,-0.6808145],[29.3729728,-0.6806321],[29.3730989,-0.6803451],[29.373229,-0.6801627],[29.373284,-0.6801017],[29.3733075,-0.6800722],[29.3733282,-0.6800608],[29.3733591,-0.6800581],[29.3733913,-0.6800668],[29.3734302,-0.6801064],[29.3735468,-0.6803317],[29.3735871,-0.6803692],[29.3736836,-0.6804148],[29.3737614,-0.6804403],[29.3738191,-0.6804966],[29.374035,-0.6809512],[29.3740444,-0.681025],[29.3740377,-0.6810719],[29.3740001,-0.6811175],[29.3738888,-0.6812168],[29.3738526,-0.6813187],[29.3738513,-0.6813723],[29.37387,-0.6815694],[29.3738593,-0.6816821],[29.3738204,-0.6817679],[29.3737252,-0.6818832],[29.373638,-0.6819583],[29.3735898,-0.6819811],[29.3735522,-0.6819758],[29.3735147,-0.6819624],[29.3734717,-0.681961],[29.3734422,-0.6819744],[29.3734342,-0.6819999],[29.3734369,-0.6820267],[29.3734221,-0.6821152],[29.3734007,-0.6821488],[29.3733618,-0.6821555],[29.3733242,-0.6821367],[29.3732652,-0.6821099],[29.373107,-0.6821273],[29.3730332,-0.6821233],[29.3729407,-0.6820911],[29.3728776,-0.682067],[29.37282,-0.6820321],[29.372706,-0.6819342],[29.3726,-0.6818336],[29.3725544,-0.6817237],[29.3725343,-0.6816164]],[[29.3741993,-0.6315884],[29.3743891,-0.63129],[29.3744334,-0.6310627],[29.3747579,-0.6307248],[29.3748504,-0.6306283],[29.3749698,-0.6305692],[29.3751481,-0.6305639],[29.3752554,-0.6305183],[29.3753963,-0.6304674],[29.3755102,-0.6304539],[29.3755209,-0.6306578],[29.3754646,-0.6308347],[29.3754861,-0.6310521],[29.3756041,-0.6312518],[29.376044,-0.6318043],[29.375875,-0.6319156],[29.37547,-0.6315683],[29.3752353,-0.631508],[29.3750321,-0.6315737],[29.3749349,-0.6315951],[29.3746921,-0.6317688],[29.3743602,-0.6316903],[29.3741993,-0.6315884]],[[29.409622,-0.6371393],[29.4096367,-0.637029],[29.4096975,-0.6369254],[29.4097718,-0.6368669],[29.4098551,-0.636868],[29.4098956,-0.6369029],[29.4099227,-0.6369524],[29.4100296,-0.6370223],[29.4100949,-0.637047],[29.4101287,-0.6370841],[29.4101355,-0.6371236],[29.4101253,-0.6371731],[29.4099609,-0.6372745],[29.4099024,-0.6373623],[29.4098427,-0.637539],[29.4098123,-0.6375773],[29.4097831,-0.6375852],[29.4097538,-0.6375694],[29.4096776,-0.637452],[29.409622,-0.6371393]],[[29.4100087,-0.6366481],[29.4100235,-0.6366012],[29.410057,-0.6365636],[29.4100973,-0.6365529],[29.4101496,-0.636581],[29.4101978,-0.6366602],[29.4102622,-0.6367728],[29.4103159,-0.6368855],[29.4103951,-0.6370732],[29.4103293,-0.6370115],[29.4102529,-0.6369257],[29.4101509,-0.6368171],[29.4100785,-0.6368036],[29.4100248,-0.6367594],[29.4100087,-0.6366481]],[[29.4113861,-0.6357174],[29.411425,-0.6356665],[29.4115001,-0.6356249],[29.4115188,-0.6355565],[29.4115672,-0.6354787],[29.4117844,-0.6352628],[29.4119025,-0.6351904],[29.4119453,-0.6350108],[29.4119615,-0.6348068],[29.412003,-0.6345695],[29.4120352,-0.6344716],[29.4120902,-0.6344489],[29.4122484,-0.6345628],[29.412396,-0.6347452],[29.4124536,-0.6353138],[29.4124617,-0.6355042],[29.4124442,-0.6355766],[29.412408,-0.6356195],[29.4123383,-0.6356517],[29.4122712,-0.6356584],[29.4120781,-0.6356302],[29.4119266,-0.6356289],[29.4116677,-0.6357134],[29.4115778,-0.6357576],[29.4114115,-0.6358006],[29.4113861,-0.6357174]],[[29.4126112,-0.6342986],[29.4126374,-0.6341336],[29.4127239,-0.6340807],[29.4127802,-0.634076],[29.4128023,-0.6340954],[29.4128439,-0.6341973],[29.4128707,-0.6342235],[29.4130068,-0.6342396],[29.413031,-0.6342617],[29.413033,-0.6342912],[29.4129981,-0.634432],[29.4128922,-0.6345118],[29.4127742,-0.6347291],[29.4127487,-0.6347425],[29.4127125,-0.6347371],[29.4127024,-0.6347123],[29.4126749,-0.6346124],[29.4126541,-0.634422],[29.4126166,-0.6343435],[29.4126112,-0.6342986]],[[29.419709,-0.63732],[29.4197278,-0.6372811],[29.4198914,-0.6372274],[29.4199222,-0.6372006],[29.4199296,-0.6371563],[29.4199564,-0.6371543],[29.4200027,-0.6372086],[29.4200228,-0.6372623],[29.4200081,-0.6373468],[29.4199638,-0.6373682],[29.4197693,-0.6373803],[29.4197237,-0.6373548],[29.419709,-0.63732]],[[29.4224583,-0.6386147],[29.4224596,-0.6385845],[29.422477,-0.6385644],[29.4226004,-0.6385074],[29.4226413,-0.6385114],[29.4227131,-0.6385852],[29.4227245,-0.6386268],[29.4227171,-0.6386677],[29.4226816,-0.6387166],[29.4225682,-0.6387944],[29.4225166,-0.6387756],[29.4225005,-0.6386791],[29.4224583,-0.6386147]],[[29.7573716,-0.0755384],[29.7573797,-0.0755203],[29.7573984,-0.0755008],[29.7574206,-0.0754881],[29.757442,-0.0754854],[29.7574608,-0.0754881],[29.7574762,-0.0755048],[29.7574856,-0.0755303],[29.7574856,-0.0755591],[29.7574843,-0.0755752],[29.7574668,-0.0755954],[29.757442,-0.0756054],[29.7574179,-0.0756054],[29.7573998,-0.0756007],[29.7573817,-0.0755813],[29.7573723,-0.0755618],[29.7573716,-0.0755384]],[[29.7574038,-0.0759481],[29.7574078,-0.0759206],[29.7574246,-0.0759038],[29.7574393,-0.0758864],[29.7574648,-0.0758703],[29.7574984,-0.0758616],[29.7575299,-0.0758575],[29.757552,-0.0758616],[29.7575741,-0.0758723],[29.7576003,-0.0758884],[29.7576103,-0.0759186],[29.757609,-0.075944],[29.7575983,-0.0759662],[29.7575835,-0.0759722],[29.7575553,-0.0759709],[29.7575346,-0.0759668],[29.7575064,-0.0759709],[29.7574628,-0.0759756],[29.7574494,-0.0759776],[29.7574239,-0.0759796],[29.7574092,-0.0759682],[29.7574038,-0.0759481]],[[29.757611,-0.0757288],[29.7576117,-0.0757087],[29.7576184,-0.0756772],[29.7576271,-0.0756537],[29.7576539,-0.0756249],[29.7576794,-0.0756114],[29.7577163,-0.0756081],[29.7577344,-0.0756135],[29.7577451,-0.0756269],[29.7577558,-0.0756389],[29.757776,-0.0756423],[29.7577927,-0.0756302],[29.7578055,-0.0756249],[29.7578216,-0.0756282],[29.7578417,-0.0756497],[29.7578497,-0.0756691],[29.7578477,-0.075698],[29.7578316,-0.0757214],[29.7578189,-0.0757402],[29.7578028,-0.0757523],[29.7577753,-0.0757617],[29.7577344,-0.0757643],[29.7577089,-0.0757617],[29.7576895,-0.0757657],[29.7576653,-0.0757697],[29.7576472,-0.0757657],[29.7576311,-0.0757576],[29.7576177,-0.0757415],[29.757611,-0.0757288]],[[29.7576217,-0.0754203],[29.7576224,-0.0753975],[29.7576385,-0.0753754],[29.7576586,-0.0753654],[29.7576888,-0.0753633],[29.7577042,-0.0753654],[29.7577196,-0.0753754],[29.7577324,-0.0753949],[29.757733,-0.075421],[29.7577277,-0.0754405],[29.7577149,-0.0754579],[29.7576968,-0.07547],[29.75767,-0.0754726],[29.7576452,-0.0754599],[29.7576291,-0.0754384],[29.7576217,-0.0754203]],[[29.7580147,-0.0810912],[29.758016,-0.0810188],[29.7580308,-0.0809692],[29.7580683,-0.0809236],[29.7581327,-0.0808552],[29.7581743,-0.0807868],[29.7582293,-0.0806781],[29.7583017,-0.0805212],[29.7583204,-0.0804501],[29.7583406,-0.0803509],[29.7583754,-0.080253],[29.758413,-0.0802222],[29.7584599,-0.080198],[29.7584948,-0.0801927],[29.7585753,-0.080198],[29.7586356,-0.0802222],[29.7587201,-0.0802691],[29.7587697,-0.0803241],[29.758814,-0.0803965],[29.7588462,-0.0804729],[29.7588676,-0.0805534],[29.7588743,-0.0806701],[29.7588824,-0.0807385],[29.7588797,-0.0808485],[29.7588636,-0.0809329],[29.7588448,-0.0810067],[29.7587872,-0.0810724],[29.7587308,-0.081118],[29.7586718,-0.0811462],[29.7585417,-0.0812038],[29.7584465,-0.0812789],[29.7583151,-0.0813996],[29.7582293,-0.0814479],[29.7581461,-0.0814667],[29.7580871,-0.0814721],[29.758067,-0.081468],[29.7580455,-0.0814466],[29.7580455,-0.081397],[29.7580428,-0.0813259],[29.7580402,-0.0812709],[29.7580335,-0.0811743],[29.7580147,-0.0810912]],[[29.8587129,-0.1655417],[29.8587149,-0.1655209],[29.8587289,-0.1654921],[29.8587434,-0.165475],[29.8587561,-0.1654656],[29.8587712,-0.1654559],[29.8587896,-0.1654458],[29.8588061,-0.1654411],[29.8588362,-0.1654384],[29.8588577,-0.1654357],[29.8588724,-0.1654411],[29.8588859,-0.1654498],[29.858908,-0.165478],[29.858918,-0.1655102],[29.8589254,-0.1655491],[29.8589201,-0.1655732],[29.8589167,-0.1656007],[29.8589201,-0.1656208],[29.8589247,-0.1656436],[29.8589268,-0.1656718],[29.8589214,-0.1656899],[29.8589127,-0.1656986],[29.858904,-0.1657033],[29.8588872,-0.165706],[29.8588691,-0.165704],[29.8588617,-0.1656986],[29.8588456,-0.1656852],[29.8588336,-0.1656724],[29.8588215,-0.1656604],[29.8587913,-0.1656268],[29.8587652,-0.1656101],[29.858737,-0.1655846],[29.8587209,-0.1655631],[29.8587129,-0.1655417]],[[29.8704797,-0.1707539],[29.8704844,-0.1707411],[29.8705102,-0.1707086],[29.8705179,-0.1706942],[29.8705243,-0.1706717],[29.8705226,-0.1706419],[29.8705159,-0.1706124],[29.8705079,-0.1705842],[29.8705079,-0.1705654],[29.8705146,-0.1705319],[29.8705159,-0.1705038],[29.8705092,-0.1704689],[29.8705065,-0.1704313],[29.8705079,-0.1703991],[29.8705307,-0.1703683],[29.8705575,-0.1703281],[29.8705846,-0.1702831],[29.8705967,-0.1702603],[29.8706098,-0.1702372],[29.8706222,-0.1702221],[29.870644,-0.170199],[29.8706648,-0.1701846],[29.8706832,-0.1701735],[29.8707164,-0.1701614],[29.8707506,-0.1701487],[29.8707935,-0.1701199],[29.8708086,-0.1701058],[29.8708244,-0.1700924],[29.8708431,-0.170083],[29.8708666,-0.1700769],[29.8708884,-0.1700729],[29.8709273,-0.1700615],[29.8710195,-0.1700126],[29.8710819,-0.1699747],[29.8711094,-0.1699603],[29.8711224,-0.1699499],[29.8711358,-0.1699365],[29.8711492,-0.1699187],[29.8711764,-0.1698788],[29.8711989,-0.1698469],[29.871223,-0.1698114],[29.8712448,-0.1697792],[29.8712696,-0.1697323],[29.8712793,-0.1697075],[29.8712817,-0.1696921],[29.8712824,-0.1696776],[29.8712844,-0.1696632],[29.8712891,-0.1696532],[29.8712995,-0.1696424],[29.8713119,-0.1696364],[29.8713363,-0.1696216],[29.8713665,-0.1696029],[29.8713839,-0.1695885],[29.8713896,-0.1695821],[29.8713913,-0.1695737],[29.8713896,-0.1695663],[29.871386,-0.1695556],[29.8713816,-0.1695415],[29.8713796,-0.1695217],[29.8713839,-0.1694976],[29.8713883,-0.1694832],[29.871393,-0.1694745],[29.8714084,-0.1694559],[29.8714133,-0.1694525],[29.8714168,-0.169451],[29.8714238,-0.1694507],[29.8714322,-0.1694503],[29.8714398,-0.16945],[29.8714414,-0.1694478],[29.8714419,-0.1694446],[29.8714423,-0.1694376],[29.8714423,-0.1694275],[29.8714423,-0.1694201],[29.8714463,-0.1694118],[29.8714671,-0.1693893],[29.8714906,-0.1693682],[29.8715087,-0.1693531],[29.8715154,-0.1693467],[29.8715227,-0.1693434],[29.8715291,-0.1693414],[29.8715596,-0.1693403],[29.8715774,-0.1693388],[29.8715826,-0.1693365],[29.8715864,-0.1693313],[29.8716139,-0.1692864],[29.871629,-0.1692589],[29.8716331,-0.1692518],[29.8716334,-0.1692475],[29.871632,-0.1692424],[29.8716297,-0.1692381],[29.8716274,-0.1692317],[29.8716304,-0.1692264],[29.8716384,-0.169226],[29.8716491,-0.1692257],[29.8716528,-0.1692213],[29.8716528,-0.1692133],[29.8716525,-0.1692026],[29.8716508,-0.1691912],[29.8716525,-0.1691798],[29.8716582,-0.169171],[29.8716703,-0.1691616],[29.8716854,-0.1691509],[29.8716957,-0.1691449],[29.8717065,-0.1691399],[29.8717102,-0.1691352],[29.8717098,-0.1691301],[29.8717085,-0.1691274],[29.8717041,-0.1691241],[29.8716924,-0.1691187],[29.871687,-0.1691157],[29.8716847,-0.169108],[29.871685,-0.1691],[29.871688,-0.1690886],[29.8716947,-0.1690778],[29.8717045,-0.1690684],[29.8717179,-0.1690624],[29.871734,-0.169056],[29.871744,-0.1690507],[29.8717516,-0.169048],[29.8717588,-0.1690478],[29.8717652,-0.1690498],[29.8717693,-0.1690542],[29.8717719,-0.1690594],[29.871775,-0.1690649],[29.8717787,-0.1690663],[29.8717824,-0.1690654],[29.8717848,-0.1690631],[29.8717878,-0.169056],[29.8717906,-0.1690473],[29.8717926,-0.1690394],[29.871796,-0.1690339],[29.8718017,-0.1690301],[29.8718812,-0.1689836],[29.8718972,-0.1689749],[29.871916,-0.1689736],[29.8719294,-0.168985],[29.8719375,-0.1690024],[29.8719428,-0.1690185],[29.8719502,-0.1690225],[29.8719724,-0.1690185],[29.8719891,-0.1690151],[29.8720072,-0.1690111],[29.8720615,-0.1689984],[29.872085,-0.168999],[29.8720957,-0.1690031],[29.8721024,-0.1690104],[29.8721031,-0.1690212],[29.8720937,-0.1690339],[29.8720884,-0.1690426],[29.8720927,-0.1690503],[29.8721016,-0.1690614],[29.8721058,-0.1690626],[29.8721113,-0.1690622],[29.8721159,-0.1690587],[29.8721226,-0.1690466],[29.8721326,-0.1690312],[29.872146,-0.1690245],[29.8721581,-0.1690205],[29.8721762,-0.1690158],[29.8721963,-0.1690171],[29.8722111,-0.1690252],[29.8722218,-0.1690393],[29.8722285,-0.1690587],[29.8722272,-0.1690715],[29.8722231,-0.1690902],[29.8722184,-0.1691103],[29.8722225,-0.1691197],[29.8722352,-0.1691305],[29.872256,-0.1691533],[29.8722734,-0.1691741],[29.8722889,-0.1691962],[29.8723003,-0.1692136],[29.8723076,-0.1692351],[29.8723143,-0.1692592],[29.8723331,-0.1692847],[29.8723653,-0.1693135],[29.8724203,-0.1693564],[29.8724783,-0.1694],[29.8724917,-0.1694087],[29.8724981,-0.1694098],[29.8725054,-0.1694084],[29.8725168,-0.1694034],[29.8725363,-0.1694041],[29.872553,-0.1694101],[29.8725644,-0.1694188],[29.8725772,-0.1694295],[29.8725846,-0.169447],[29.8725859,-0.1694664],[29.8725872,-0.1694838],[29.8725926,-0.1694932],[29.8726027,-0.169502],[29.8726302,-0.169518],[29.8726543,-0.1695234],[29.8726637,-0.1695301],[29.8726711,-0.1695408],[29.8726825,-0.1695489],[29.8727033,-0.1695529],[29.872718,-0.1695563],[29.8727294,-0.1695657],[29.8727354,-0.1695777],[29.8727495,-0.1696226],[29.8727549,-0.1696367],[29.8727629,-0.1696475],[29.8727723,-0.1696488],[29.8727877,-0.1696441],[29.8728172,-0.1696454],[29.8728481,-0.1696481],[29.8728702,-0.1696461],[29.8728843,-0.1696441],[29.8728984,-0.1696448],[29.8729064,-0.1696501],[29.8729138,-0.1696602],[29.8729138,-0.1696709],[29.8729172,-0.169679],[29.8729245,-0.1696803],[29.872942,-0.1696817],[29.8729507,-0.1696857],[29.8729601,-0.1696971],[29.8729675,-0.1697165],[29.8729762,-0.169738],[29.8729809,-0.169744],[29.8729889,-0.1697447],[29.873013,-0.1697467],[29.8730379,-0.1697474],[29.8730573,-0.1697474],[29.8730814,-0.1697507],[29.8730935,-0.1697568],[29.8731103,-0.1697615],[29.8731257,-0.1697648],[29.8731458,-0.1697641],[29.8731612,-0.1697655],[29.8731747,-0.1697682],[29.8731861,-0.1697749],[29.8731906,-0.1697812],[29.8731928,-0.1697889],[29.873198,-0.1698112],[29.8732013,-0.1698191],[29.8732095,-0.1698285],[29.8732243,-0.1698399],[29.873233,-0.1698453],[29.873243,-0.169856],[29.8732511,-0.1698708],[29.8732571,-0.1698835],[29.8732732,-0.169909],[29.8732913,-0.1699365],[29.8733309,-0.1700075],[29.873349,-0.1700712],[29.8733664,-0.170149],[29.8733664,-0.1702308],[29.8733604,-0.1703019],[29.8733497,-0.1703375],[29.8733363,-0.170377],[29.8733215,-0.1704105],[29.8733007,-0.170436],[29.8732752,-0.1704521],[29.873243,-0.1704575],[29.8732236,-0.1704615],[29.8732102,-0.1704709],[29.8731894,-0.1704816],[29.8731626,-0.1704856],[29.8731371,-0.1704836],[29.8731183,-0.170481],[29.8731022,-0.170487],[29.8730687,-0.1704957],[29.8729272,-0.1705145],[29.8729024,-0.1705219],[29.8728877,-0.1705279],[29.8728689,-0.1705312],[29.8728327,-0.1705239],[29.8728132,-0.1705306],[29.8728005,-0.17054],[29.8727864,-0.1705561],[29.8727663,-0.1705775],[29.8727522,-0.1705849],[29.8727348,-0.1705909],[29.8727247,-0.170597],[29.8727234,-0.1706124],[29.8727341,-0.1706271],[29.8727455,-0.1706399],[29.8727509,-0.1706566],[29.8727455,-0.1706868],[29.8727408,-0.1707002],[29.8727294,-0.170725],[29.872714,-0.1707478],[29.8726556,-0.1707988],[29.8726342,-0.170829],[29.8726214,-0.1708558],[29.8725805,-0.1709094],[29.8725504,-0.1709523],[29.872541,-0.1709658],[29.8725356,-0.1709839],[29.8725403,-0.1710013],[29.8725504,-0.1710207],[29.8725504,-0.1710368],[29.8725417,-0.1710549],[29.8725262,-0.171067],[29.8725068,-0.171071],[29.8724572,-0.171069],[29.8721983,-0.1710945],[29.8720931,-0.1711099],[29.8720635,-0.1711099],[29.8720441,-0.1711072],[29.8720173,-0.1711026],[29.8720012,-0.1711079],[29.8719911,-0.171118],[29.8719864,-0.1711267],[29.8719784,-0.1711361],[29.8719703,-0.1711508],[29.8719563,-0.1711575],[29.8719449,-0.1711582],[29.8719274,-0.1711555],[29.8719093,-0.1711475],[29.8718952,-0.1711421],[29.8718765,-0.1711461],[29.8718671,-0.1711555],[29.871853,-0.1711709],[29.8718396,-0.1711763],[29.8718195,-0.171177],[29.8718014,-0.1711736],[29.8717672,-0.1711663],[29.8717497,-0.1711696],[29.871741,-0.171181],[29.8717363,-0.1711971],[29.8717323,-0.1712139],[29.8717142,-0.1712561],[29.8717048,-0.1712695],[29.8716927,-0.1712809],[29.8716713,-0.1712883],[29.8716525,-0.1712997],[29.8716398,-0.1713131],[29.871629,-0.1713269],[29.8716223,-0.1713319],[29.8716056,-0.1713413],[29.8715509,-0.1713654],[29.8715083,-0.1713758],[29.8714953,-0.1713822],[29.8714788,-0.1713969],[29.8714647,-0.1714103],[29.8714517,-0.1714174],[29.8714403,-0.1714187],[29.8714228,-0.1714137],[29.8714141,-0.171415],[29.8714091,-0.1714214],[29.8714051,-0.1714338],[29.871399,-0.1714465],[29.8713876,-0.1714573],[29.8713762,-0.1714579],[29.8713608,-0.1714506],[29.8713494,-0.1714351],[29.871336,-0.1714237],[29.8713239,-0.1714211],[29.8713105,-0.1714224],[29.8712998,-0.1714271],[29.871279,-0.1714224],[29.8712495,-0.171409],[29.8712166,-0.1713936],[29.8712012,-0.1713936],[29.8711912,-0.1714023],[29.8711831,-0.171417],[29.8711704,-0.1714305],[29.8711476,-0.1714418],[29.8711248,-0.1714432],[29.8711067,-0.1714345],[29.8710973,-0.1714184],[29.8710919,-0.1714063],[29.8710832,-0.1713936],[29.871043,-0.1713647],[29.8710188,-0.1713513],[29.8710041,-0.1713372],[29.8709913,-0.1713151],[29.8709846,-0.1712977],[29.8709773,-0.171287],[29.8709719,-0.171287],[29.8709605,-0.171295],[29.8709464,-0.1713024],[29.870939,-0.1713051],[29.870927,-0.1713051],[29.8709176,-0.171299],[29.8709135,-0.1712883],[29.8708995,-0.1712762],[29.8708861,-0.1712655],[29.8708726,-0.1712541],[29.8708552,-0.1712373],[29.8708371,-0.1712159],[29.8708264,-0.1711951],[29.8708093,-0.1711659],[29.8708012,-0.1711559],[29.8707972,-0.1711498],[29.8707918,-0.1711448],[29.8707861,-0.1711468],[29.8707818,-0.1711505],[29.8707751,-0.1711528],[29.8707633,-0.1711505],[29.8707533,-0.1711428],[29.8707439,-0.1711324],[29.8707322,-0.171125],[29.8707164,-0.1711223],[29.8707053,-0.1711186],[29.8706976,-0.1711119],[29.8706881,-0.1711004],[29.8706861,-0.1710943],[29.8706824,-0.1710846],[29.8706794,-0.1710769],[29.870675,-0.1710705],[29.8706695,-0.1710663],[29.8706594,-0.1710596],[29.8706473,-0.1710462],[29.8706433,-0.1710281],[29.8706433,-0.1710107],[29.8706339,-0.1709946],[29.8706225,-0.1709825],[29.8706098,-0.1709537],[29.8706064,-0.1709255],[29.8706024,-0.1709135],[29.8705917,-0.1708994],[29.8705769,-0.1708907],[29.8705468,-0.1708598],[29.8705005,-0.1707954],[29.8704817,-0.1707706],[29.8704797,-0.1707539]],[[29.8706654,-0.1685531],[29.8706715,-0.168535],[29.8706869,-0.1685048],[29.8707063,-0.1684867],[29.8707379,-0.1684713],[29.8707727,-0.1684532],[29.8707989,-0.1684411],[29.8708378,-0.1684311],[29.8708666,-0.1684204],[29.8708901,-0.168417],[29.8709095,-0.168415],[29.8709323,-0.1684116],[29.8709511,-0.1684143],[29.8709793,-0.1684264],[29.8709954,-0.1684257],[29.8710074,-0.1684237],[29.8710235,-0.1684096],[29.8710389,-0.1684076],[29.8710517,-0.1684103],[29.8710684,-0.168423],[29.8710886,-0.1684297],[29.8711161,-0.1684364],[29.8711315,-0.1684438],[29.8711516,-0.1684405],[29.8711677,-0.1684432],[29.8711905,-0.1684532],[29.8712093,-0.168474],[29.871218,-0.1685028],[29.8712321,-0.1685223],[29.8712917,-0.1685799],[29.8713219,-0.1686021],[29.8713394,-0.1686101],[29.8713561,-0.1686128],[29.8713735,-0.1686121],[29.8713836,-0.1686202],[29.8713883,-0.1686302],[29.871389,-0.1686436],[29.8713883,-0.1686611],[29.8713903,-0.1686732],[29.8713963,-0.1686839],[29.8714017,-0.168698],[29.871399,-0.1687134],[29.8713849,-0.1687214],[29.8713675,-0.1687194],[29.8713548,-0.1687006],[29.8713414,-0.1686933],[29.8713333,-0.1686953],[29.8713226,-0.1687067],[29.8713246,-0.1687248],[29.8713199,-0.1687442],[29.8713085,-0.168759],[29.871283,-0.1687845],[29.8712656,-0.1687999],[29.8712508,-0.1688193],[29.8712381,-0.1688401],[29.8712254,-0.1688502],[29.8712005,-0.1688602],[29.871159,-0.1688716],[29.8711254,-0.1688777],[29.8711067,-0.1688817],[29.8710866,-0.1688817],[29.8710611,-0.168873],[29.871043,-0.1688656],[29.8710128,-0.1688468],[29.870984,-0.1688361],[29.8709652,-0.1688227],[29.8709568,-0.1688093],[29.8709524,-0.1687905],[29.8709508,-0.1687754],[29.8709481,-0.1687654],[29.870938,-0.1687546],[29.8709273,-0.1687499],[29.8709179,-0.1687506],[29.8709085,-0.1687509],[29.8708931,-0.1687553],[29.8708834,-0.16876],[29.8708726,-0.1687623],[29.8708589,-0.1687583],[29.8708405,-0.1687429],[29.8708203,-0.1687006],[29.8708143,-0.1686886],[29.8708036,-0.1686778],[29.8707801,-0.1686664],[29.870764,-0.1686544],[29.8707526,-0.1686363],[29.8707473,-0.1686249],[29.8707392,-0.1686148],[29.8707184,-0.1686101],[29.8706996,-0.1686048],[29.8706876,-0.1686007],[29.8706748,-0.1685907],[29.8706668,-0.1685732],[29.8706654,-0.1685531]],[[29.8730137,-0.2974194],[29.8730157,-0.2974067],[29.8730271,-0.2973933],[29.8730526,-0.2973805],[29.8730754,-0.2973785],[29.8731076,-0.2973819],[29.8731418,-0.297394],[29.8731612,-0.2974094],[29.8731881,-0.2974483],[29.8732249,-0.2974999],[29.8732276,-0.29751],[29.8732243,-0.2975207],[29.8732196,-0.2975294],[29.8732088,-0.2975328],[29.8731874,-0.2975314],[29.8731384,-0.2975173],[29.8730761,-0.2974979],[29.8730493,-0.2974811],[29.8730298,-0.2974637],[29.8730211,-0.2974543],[29.8730157,-0.2974349],[29.8730137,-0.2974194]],[[29.8761794,-0.1641815],[29.8761811,-0.1641459],[29.8761838,-0.1641345],[29.8761901,-0.1641215],[29.8762102,-0.1640896],[29.8762163,-0.1640812],[29.8762203,-0.1640695],[29.876218,-0.1640578],[29.8762133,-0.1640427],[29.8762129,-0.1640306],[29.8762156,-0.1640028],[29.876219,-0.1639853],[29.876221,-0.1639672],[29.876221,-0.1639438],[29.876227,-0.1639163],[29.8762438,-0.1638532],[29.8762612,-0.1637761],[29.8762679,-0.1637051],[29.8762679,-0.1636682],[29.8762713,-0.1636286],[29.8762766,-0.1635951],[29.8762867,-0.1635616],[29.8763021,-0.163518],[29.8763095,-0.1634985],[29.8763242,-0.1634449],[29.876339,-0.1633738],[29.8763531,-0.1633101],[29.8763544,-0.1632994],[29.8763564,-0.163285],[29.8763591,-0.1632769],[29.8763651,-0.1632648],[29.8763725,-0.1632578],[29.8763796,-0.1632511],[29.8763859,-0.163239],[29.8763916,-0.1632176],[29.8763933,-0.1632052],[29.876394,-0.1631921],[29.8763886,-0.1631748],[29.8763822,-0.1631545],[29.8763809,-0.1631381],[29.8763822,-0.1631235],[29.8763873,-0.1631049],[29.8763958,-0.163091],[29.8764114,-0.1630781],[29.8764329,-0.163062],[29.876449,-0.1630379],[29.876461,-0.162999],[29.8764798,-0.1629534],[29.8765026,-0.1628957],[29.876516,-0.162838],[29.8765309,-0.1627782],[29.8765603,-0.162716],[29.876571,-0.1626771],[29.8765777,-0.1626355],[29.8765804,-0.162606],[29.8765925,-0.1625725],[29.8766206,-0.1625309],[29.8766354,-0.162488],[29.8766448,-0.1624317],[29.8766528,-0.1623955],[29.8766689,-0.1623579],[29.8767038,-0.162307],[29.87674,-0.1622775],[29.8767735,-0.1622453],[29.876799,-0.1622077],[29.8768218,-0.1621688],[29.8768298,-0.1621071],[29.8768312,-0.1620723],[29.8768419,-0.1620481],[29.8768795,-0.1620253],[29.8768915,-0.1620173],[29.876913,-0.1619837],[29.8769331,-0.1619516],[29.8769626,-0.1619288],[29.8770095,-0.1618872],[29.8770404,-0.1618443],[29.8770578,-0.1617893],[29.8770766,-0.1617558],[29.8771141,-0.1617128],[29.8771517,-0.1616914],[29.8772013,-0.1616646],[29.8773502,-0.1615224],[29.8774679,-0.1613906],[29.8774816,-0.1613742],[29.8774933,-0.1613568],[29.8775021,-0.1613424],[29.8775068,-0.1613306],[29.8775098,-0.1613192],[29.8775131,-0.1613095],[29.8775862,-0.1611965],[29.8776023,-0.1611767],[29.877606,-0.1611704],[29.877609,-0.16116],[29.8776104,-0.1611479],[29.8776104,-0.1611389],[29.8776137,-0.1611258],[29.8776241,-0.1611073],[29.8776439,-0.1610772],[29.8776529,-0.1610658],[29.8776674,-0.161058],[29.8776716,-0.1610551],[29.8776736,-0.1610518],[29.8776751,-0.1610466],[29.8776751,-0.1610252],[29.8776764,-0.1610165],[29.8776818,-0.1610088],[29.8777016,-0.1609997],[29.8777093,-0.160997],[29.8777143,-0.160991],[29.8777163,-0.1609826],[29.8777153,-0.1609706],[29.8777146,-0.1609622],[29.8777143,-0.1609528],[29.8777173,-0.1609159],[29.8777207,-0.1609065],[29.877728,-0.1609008],[29.8777445,-0.1609001],[29.8777495,-0.1608954],[29.8777535,-0.1608864],[29.8777569,-0.16087],[29.8777616,-0.1608408],[29.8777639,-0.1608257],[29.8777666,-0.160815],[29.8777735,-0.1608022],[29.8777867,-0.1607868],[29.8778162,-0.1607499],[29.877833,-0.1607305],[29.8778538,-0.1607204],[29.8778766,-0.1607191],[29.8778974,-0.1607231],[29.8779275,-0.1607372],[29.8779604,-0.1607707],[29.8780308,-0.1608458],[29.8780918,-0.1609189],[29.8781421,-0.160988],[29.8781776,-0.1610463],[29.8782192,-0.1611395],[29.8782615,-0.1612314],[29.8782662,-0.1612508],[29.8782655,-0.1612669],[29.8782594,-0.1612824],[29.8782601,-0.1612998],[29.8782615,-0.1613186],[29.8782722,-0.1613434],[29.8782856,-0.1613729],[29.8782936,-0.1614037],[29.878295,-0.1614238],[29.8782963,-0.1614493],[29.878301,-0.1614701],[29.8783144,-0.161501],[29.8783607,-0.1616136],[29.8783681,-0.1616317],[29.8783788,-0.1616512],[29.8783842,-0.1616646],[29.8783882,-0.161678],[29.8783889,-0.16169],[29.8783808,-0.1617041],[29.8783768,-0.1617182],[29.8783775,-0.161739],[29.8783795,-0.1617544],[29.8783969,-0.1618396],[29.8784184,-0.1619254],[29.8784211,-0.1619442],[29.8784217,-0.1619663],[29.8784251,-0.1619858],[29.8784325,-0.1619998],[29.8784392,-0.1620092],[29.8784479,-0.1620273],[29.8784485,-0.1620454],[29.8784398,-0.1620682],[29.8784345,-0.1620897],[29.8784371,-0.1621138],[29.8784425,-0.1621386],[29.8784479,-0.1621561],[29.8784546,-0.1621775],[29.8784626,-0.1621956],[29.8784834,-0.1622265],[29.8784908,-0.1622379],[29.8784928,-0.1622486],[29.8784908,-0.162258],[29.8784801,-0.1622701],[29.8784754,-0.1622821],[29.8784747,-0.1622942],[29.8784787,-0.1623224],[29.8784868,-0.1623754],[29.8784928,-0.1624411],[29.8784988,-0.1625041],[29.8785042,-0.1625249],[29.8785149,-0.1625537],[29.8785297,-0.162606],[29.8785444,-0.1626758],[29.8785464,-0.1626999],[29.8785444,-0.1627207],[29.8785397,-0.1627468],[29.8785344,-0.1627804],[29.8785317,-0.1628186],[29.878529,-0.1628568],[29.8785324,-0.162885],[29.8785357,-0.1629084],[29.8785424,-0.1629205],[29.8785505,-0.1629312],[29.8785572,-0.1629446],[29.8785599,-0.1629601],[29.8785619,-0.1629869],[29.8785612,-0.1630117],[29.8785619,-0.1630841],[29.8785639,-0.1631156],[29.8785619,-0.1631418],[29.8785572,-0.1631579],[29.8785478,-0.1631679],[29.8785391,-0.1631807],[29.8785377,-0.1631995],[29.8785397,-0.1632182],[29.8785478,-0.1632404],[29.8785625,-0.1632571],[29.8785652,-0.1632719],[29.8785605,-0.1632987],[29.8785625,-0.1633356],[29.8785659,-0.1633698],[29.8785713,-0.1633979],[29.878576,-0.1634207],[29.8785773,-0.1634409],[29.8785659,-0.1635756],[29.8785646,-0.1636031],[29.8785666,-0.1636454],[29.8785659,-0.1636595],[29.8785599,-0.1636823],[29.8785538,-0.1636957],[29.8785458,-0.1637064],[29.8785263,-0.1637252],[29.8785196,-0.1637413],[29.878521,-0.1637567],[29.8785277,-0.1637654],[29.878529,-0.1637808],[29.8785257,-0.1637983],[29.8785176,-0.163819],[29.8785062,-0.1638479],[29.8784841,-0.1639277],[29.878478,-0.1639485],[29.8784754,-0.1639813],[29.878474,-0.1640128],[29.8784801,-0.1640443],[29.8784821,-0.1640638],[29.8784854,-0.1640946],[29.8784827,-0.1641322],[29.878474,-0.1641771],[29.8784586,-0.164212],[29.8784392,-0.1642462],[29.8784231,-0.1642757],[29.8784123,-0.1643153],[29.878405,-0.1643642],[29.8783895,-0.1644634],[29.8783815,-0.1644936],[29.8783728,-0.1645245],[29.8783681,-0.1645459],[29.8783453,-0.164613],[29.8783399,-0.1646264],[29.8783332,-0.1646411],[29.8783225,-0.1646659],[29.8783144,-0.1646887],[29.8782916,-0.1647632],[29.8782822,-0.164794],[29.8782742,-0.1648161],[29.8782574,-0.164845],[29.8782487,-0.1648738],[29.8782447,-0.1649013],[29.8782454,-0.1649342],[29.8782434,-0.1649529],[29.8782393,-0.164969],[29.8782085,-0.1650676],[29.8781723,-0.1651776],[29.8781347,-0.1652882],[29.8780851,-0.1654324],[29.8780529,-0.1655303],[29.8780449,-0.1655638],[29.8780422,-0.1655846],[29.8780348,-0.1656141],[29.8780248,-0.1656389],[29.8779818,-0.1657489],[29.8779718,-0.1657831],[29.8779704,-0.1657998],[29.8779771,-0.1658159],[29.8779879,-0.165832],[29.8779926,-0.1658461],[29.8779906,-0.1658642],[29.8779778,-0.1658904],[29.8779222,-0.1659876],[29.8778886,-0.1660419],[29.8778652,-0.1660821],[29.8778491,-0.1661117],[29.8778176,-0.1661841],[29.8778068,-0.1662075],[29.8777948,-0.1662216],[29.8777793,-0.1662377],[29.8777552,-0.1662471],[29.8777404,-0.1662484],[29.8777069,-0.1662518],[29.8776814,-0.1662525],[29.8776439,-0.1662498],[29.8776003,-0.1662397],[29.877552,-0.1662183],[29.8774742,-0.166172],[29.8774192,-0.1661231],[29.8773978,-0.1660969],[29.8773763,-0.166062],[29.8773596,-0.1660433],[29.8773401,-0.1660298],[29.8773126,-0.1660104],[29.8772952,-0.1659889],[29.8772221,-0.1658589],[29.8772154,-0.16583],[29.87721,-0.1658066],[29.8771986,-0.1657844],[29.8771778,-0.1657583],[29.8771611,-0.1657449],[29.877145,-0.1657268],[29.8770853,-0.1656463],[29.8770753,-0.1656188],[29.8770699,-0.1655953],[29.8770692,-0.1655712],[29.8770699,-0.1655544],[29.8770739,-0.165543],[29.8770759,-0.1655276],[29.8770732,-0.1655135],[29.8770625,-0.1654854],[29.8770498,-0.1654652],[29.8770203,-0.1654056],[29.8770075,-0.1653861],[29.8769928,-0.1653613],[29.8769827,-0.1653513],[29.8769686,-0.1653385],[29.8769566,-0.1653231],[29.8769445,-0.165309],[29.8769344,-0.1653003],[29.876915,-0.1652956],[29.8769009,-0.1652862],[29.8768742,-0.1652383],[29.876866,-0.1652279],[29.876856,-0.1652145],[29.8768453,-0.1652091],[29.8768265,-0.165197],[29.8768184,-0.165187],[29.8768158,-0.1651601],[29.8768144,-0.165142],[29.8768084,-0.16513],[29.876797,-0.1651192],[29.8767862,-0.1651085],[29.8767755,-0.1650917],[29.8766092,-0.1648453],[29.8765666,-0.1647749],[29.8764966,-0.1646666],[29.8764781,-0.1646411],[29.8764671,-0.1646244],[29.8764604,-0.164612],[29.8764537,-0.1646019],[29.8764392,-0.16456],[29.8764362,-0.1645469],[29.8764315,-0.1645372],[29.8764268,-0.1645315],[29.8764184,-0.1645255],[29.8764117,-0.1645191],[29.8764024,-0.1645111],[29.8763799,-0.1644779],[29.8763718,-0.1644611],[29.8763477,-0.1643776],[29.8763387,-0.1643575],[29.8763306,-0.1643458],[29.8763182,-0.1643344],[29.8763091,-0.1643253],[29.8762998,-0.1643183],[29.8762874,-0.1643149],[29.8762746,-0.1643072],[29.8762652,-0.1642971],[29.8762418,-0.1642609],[29.8762381,-0.1642465],[29.876233,-0.1642378],[29.8762267,-0.1642304],[29.8762159,-0.1642237],[29.8762042,-0.164216],[29.8761895,-0.1642016],[29.8761811,-0.1641905],[29.8761794,-0.1641815]],[[29.8988119,-0.157015],[29.8988293,-0.1567347],[29.8988561,-0.1565657],[29.8988897,-0.1564236],[29.8989138,-0.1563096],[29.8989607,-0.1561446],[29.8989969,-0.1560507],[29.8990318,-0.1560024],[29.8990533,-0.1559756],[29.899072,-0.1559461],[29.8990734,-0.1558858],[29.8990841,-0.1558348],[29.8991042,-0.1557865],[29.8991257,-0.1557463],[29.8991404,-0.1557061],[29.8991565,-0.1556497],[29.8991726,-0.1555934],[29.8991874,-0.1555746],[29.8992048,-0.1555679],[29.8992357,-0.1555451],[29.8992665,-0.1554969],[29.8993121,-0.1554486],[29.899347,-0.1553762],[29.8993671,-0.155293],[29.8993537,-0.1552407],[29.8993403,-0.1552139],[29.8993336,-0.1551991],[29.8993336,-0.1551817],[29.8993376,-0.155171],[29.8993859,-0.1551213],[29.8994341,-0.1550778],[29.8994543,-0.1550583],[29.8994623,-0.1550462],[29.8994677,-0.1550415],[29.8994797,-0.1550389],[29.8994885,-0.1550409],[29.8995032,-0.1550409],[29.8995186,-0.1550389],[29.8995327,-0.1550328],[29.8995414,-0.1550208],[29.8995461,-0.1550047],[29.8995475,-0.1549799],[29.8995542,-0.1549678],[29.8995683,-0.1549584],[29.8995897,-0.1549524],[29.8996072,-0.1549443],[29.8996232,-0.1549215],[29.8996306,-0.1549074],[29.8996447,-0.1548913],[29.8996608,-0.154888],[29.8996702,-0.1548813],[29.899691,-0.1548578],[29.8997151,-0.1548437],[29.8997279,-0.1548397],[29.8997446,-0.1548397],[29.8997594,-0.1548364],[29.8997761,-0.1548243],[29.899803,-0.1548089],[29.8998372,-0.1547794],[29.8998499,-0.1547666],[29.8998586,-0.1547619],[29.8998814,-0.1547579],[29.8999646,-0.1547358],[29.8999766,-0.1547291],[29.8999853,-0.1547123],[29.8999907,-0.1546982],[29.8999988,-0.1546909],[29.9000088,-0.1546915],[29.9000229,-0.1546969],[29.900049,-0.1547016],[29.9000745,-0.1547016],[29.9001215,-0.1547036],[29.9001791,-0.1546935],[29.9002053,-0.1546929],[29.9002355,-0.1546895],[29.9002697,-0.1546795],[29.9003146,-0.1546667],[29.9003421,-0.1546593],[29.9003582,-0.1546506],[29.9003629,-0.1546399],[29.9003696,-0.1546231],[29.9003743,-0.1546178],[29.900381,-0.1546097],[29.9003997,-0.1546057],[29.9004467,-0.154599],[29.9004628,-0.154597],[29.9004836,-0.1545956],[29.9004936,-0.1545903],[29.900497,-0.1545809],[29.9004963,-0.1545702],[29.9004963,-0.1545534],[29.9005003,-0.1545474],[29.9005171,-0.1545427],[29.9005318,-0.154542],[29.9006116,-0.1545447],[29.9007066,-0.1545281],[29.900794,-0.1544776],[29.9010193,-0.1542751],[29.9011454,-0.1541477],[29.9011856,-0.1541088],[29.9012044,-0.1540874],[29.9012057,-0.1540686],[29.9012031,-0.1540391],[29.9012031,-0.1540109],[29.9012111,-0.1539895],[29.9012406,-0.1539747],[29.9012607,-0.1539747],[29.9012889,-0.1539801],[29.901309,-0.1539707],[29.9013278,-0.15396],[29.9013291,-0.1539157],[29.9013305,-0.1538741],[29.9013345,-0.1538232],[29.9013492,-0.1537829],[29.9013747,-0.1537628],[29.9014042,-0.1537521],[29.9014485,-0.1537387],[29.9015075,-0.1537333],[29.9015585,-0.1537333],[29.9015987,-0.1537226],[29.9016336,-0.1536998],[29.9016939,-0.153689],[29.9017435,-0.1537011],[29.9018079,-0.153744],[29.9018414,-0.1537829],[29.9018562,-0.1538352],[29.9018562,-0.1539371],[29.9018615,-0.1540149],[29.9018723,-0.1540605],[29.9018937,-0.1540847],[29.901942,-0.1541008],[29.9019836,-0.1541061],[29.902001,-0.1541276],[29.9020117,-0.1542],[29.9019983,-0.1543958],[29.9019501,-0.1545111],[29.9019045,-0.1545943],[29.9018669,-0.1546184],[29.9018267,-0.1546318],[29.9017918,-0.1546479],[29.901761,-0.1546734],[29.9017502,-0.1547029],[29.9017382,-0.1547472],[29.9017395,-0.154782],[29.9017489,-0.1548102],[29.9017623,-0.1548558],[29.9017677,-0.1549027],[29.9017636,-0.1549564],[29.9017422,-0.155006],[29.901706,-0.1550637],[29.9016859,-0.1550717],[29.9016671,-0.1550798],[29.9016497,-0.1550999],[29.9016523,-0.1551307],[29.901659,-0.1551602],[29.9016403,-0.1552769],[29.9016094,-0.1553265],[29.9015424,-0.1554727],[29.9015196,-0.1555089],[29.9015035,-0.1555331],[29.9014887,-0.1555988],[29.9014834,-0.1556578],[29.9014619,-0.1557181],[29.9014284,-0.1557758],[29.9014096,-0.1557892],[29.901372,-0.155804],[29.901356,-0.1558187],[29.9013519,-0.1558442],[29.9013412,-0.1559501],[29.9013211,-0.1559716],[29.9012983,-0.1559984],[29.9012782,-0.1560252],[29.9012218,-0.1561138],[29.9011615,-0.1562438],[29.901018,-0.1564852],[29.9010059,-0.1565349],[29.9010073,-0.1565791],[29.901014,-0.1566046],[29.901026,-0.1566247],[29.9010421,-0.1566515],[29.9010582,-0.1566864],[29.9010529,-0.1567065],[29.9010428,-0.1567246],[29.9010227,-0.156728],[29.9009711,-0.156728],[29.9009496,-0.1567266],[29.9009348,-0.1567233],[29.9009201,-0.1567219],[29.9009053,-0.1567313],[29.9008691,-0.1567843],[29.900843,-0.1568252],[29.9008316,-0.1568621],[29.9008289,-0.1568869],[29.9008289,-0.1569084],[29.9008282,-0.1569224],[29.9008249,-0.1569432],[29.9008363,-0.1569687],[29.900845,-0.1569814],[29.9008483,-0.1569935],[29.9008577,-0.1570217],[29.9008604,-0.1570411],[29.9008517,-0.1570626],[29.9008403,-0.1570726],[29.9008175,-0.1570901],[29.9007853,-0.1571149],[29.9007565,-0.1571578],[29.9007256,-0.1571954],[29.9007089,-0.1572047],[29.9006961,-0.1572188],[29.9006794,-0.157247],[29.9006774,-0.1572711],[29.900678,-0.1572832],[29.9006881,-0.1572933],[29.9007082,-0.1572993],[29.9007256,-0.1573026],[29.9007317,-0.157308],[29.9007297,-0.1573228],[29.9007122,-0.1573402],[29.9006914,-0.1573704],[29.9006854,-0.1573838],[29.9006733,-0.1573878],[29.9006572,-0.1573898],[29.9006432,-0.1573905],[29.9006284,-0.1573958],[29.900613,-0.1574099],[29.9006143,-0.1574233],[29.9006197,-0.1574441],[29.900617,-0.1574562],[29.9005989,-0.1574917],[29.9005902,-0.1575078],[29.9005821,-0.1575125],[29.9005707,-0.1575125],[29.900552,-0.1575025],[29.9005459,-0.1575011],[29.9005325,-0.1575051],[29.9005218,-0.1575239],[29.9005211,-0.1575367],[29.9005251,-0.1575608],[29.9005312,-0.1575803],[29.9005372,-0.1575923],[29.9005332,-0.1576171],[29.9005218,-0.1576413],[29.900509,-0.1576627],[29.900497,-0.1576688],[29.9004876,-0.1576701],[29.9004735,-0.1576668],[29.9004574,-0.1576668],[29.9004413,-0.1576761],[29.9004339,-0.1576929],[29.9004326,-0.1577251],[29.9004319,-0.1577459],[29.9004252,-0.1577579],[29.9004178,-0.1577593],[29.9004031,-0.1577546],[29.9003883,-0.1577526],[29.9003682,-0.1577566],[29.9003528,-0.157768],[29.9003454,-0.1577861],[29.9003488,-0.1578035],[29.9003562,-0.157821],[29.9003575,-0.157833],[29.9003521,-0.1578491],[29.9003448,-0.1578626],[29.9003347,-0.1578706],[29.9003313,-0.1578766],[29.9003334,-0.1578914],[29.9003381,-0.1579048],[29.9003381,-0.1579209],[29.9003354,-0.1579403],[29.9003267,-0.1579437],[29.9003186,-0.157941],[29.9003126,-0.1579377],[29.9003065,-0.1579323],[29.9003025,-0.1579263],[29.9002945,-0.1579122],[29.9002891,-0.1579081],[29.9002757,-0.1579122],[29.9002509,-0.1579249],[29.900222,-0.1579511],[29.9002194,-0.1579665],[29.900222,-0.1579819],[29.900222,-0.1579993],[29.900208,-0.1580215],[29.9001811,-0.1580503],[29.9001664,-0.1580691],[29.900153,-0.1580758],[29.9001295,-0.1580825],[29.9000946,-0.1580926],[29.9000651,-0.1581133],[29.9000457,-0.1581368],[29.9000249,-0.1581636],[29.8999867,-0.1582293],[29.8999578,-0.1582924],[29.8999424,-0.1583212],[29.899929,-0.1583534],[29.8999237,-0.1584077],[29.8999282,-0.1584377],[29.8999337,-0.158451],[29.8999351,-0.1584583],[29.8999357,-0.1584657],[29.899931,-0.1584707],[29.899924,-0.1584714],[29.8999109,-0.1584707],[29.8999015,-0.1584674],[29.8998941,-0.158466],[29.8998848,-0.1584701],[29.8998814,-0.1584781],[29.8998774,-0.1584922],[29.8998734,-0.158509],[29.899868,-0.1585311],[29.8998599,-0.1585774],[29.8998593,-0.1586753],[29.8998559,-0.158745],[29.8998452,-0.1587953],[29.8998331,-0.1588201],[29.899815,-0.1588322],[29.8997936,-0.1588355],[29.8997755,-0.1588342],[29.8997533,-0.1588281],[29.8997258,-0.1588214],[29.899705,-0.1588188],[29.899642,-0.1588268],[29.8996118,-0.1588281],[29.8995944,-0.1588295],[29.899577,-0.1588268],[29.8995696,-0.1588221],[29.8995689,-0.1588121],[29.8995716,-0.1588007],[29.8995716,-0.1587839],[29.8995683,-0.1587577],[29.8995609,-0.1587329],[29.8995548,-0.1587141],[29.8994985,-0.158639],[29.89941,-0.1585452],[29.8993349,-0.1584687],[29.8992839,-0.1584017],[29.8992719,-0.1583601],[29.8992504,-0.1582971],[29.8992357,-0.1582448],[29.8991954,-0.1581656],[29.899123,-0.1580664],[29.8990908,-0.158006],[29.8990707,-0.1579779],[29.89906,-0.1579537],[29.8990573,-0.1579296],[29.8990586,-0.1578921],[29.8990493,-0.1578719],[29.8990318,-0.1578652],[29.8990211,-0.1578491],[29.8990171,-0.1578304],[29.899013,-0.1577968],[29.8989996,-0.1577593],[29.8989809,-0.1576708],[29.8989312,-0.1574897],[29.8988843,-0.1573422],[29.8988347,-0.1572135],[29.8988146,-0.1571491],[29.8988119,-0.157015]],[[29.9019447,-0.1528348],[29.9019903,-0.1526202],[29.9020466,-0.1525129],[29.9021485,-0.1522983],[29.902229,-0.1521857],[29.9023068,-0.1520355],[29.9023765,-0.1518102],[29.9024409,-0.1515768],[29.9024919,-0.1514052],[29.9025401,-0.151145],[29.9026072,-0.1509867],[29.902685,-0.150866],[29.9027547,-0.150807],[29.9028379,-0.1507641],[29.9029398,-0.1507373],[29.9030095,-0.1507266],[29.9030511,-0.1507373],[29.9030846,-0.1507775],[29.9031705,-0.1508687],[29.903259,-0.1509331],[29.9033113,-0.1509599],[29.9033529,-0.1509894],[29.9033743,-0.1510229],[29.9033931,-0.1510551],[29.9033985,-0.1510793],[29.9034132,-0.1511235],[29.9034253,-0.1511785],[29.9034226,-0.1512281],[29.9034105,-0.1512818],[29.9033998,-0.1513448],[29.9034038,-0.1513877],[29.9033904,-0.1515352],[29.9033797,-0.1516197],[29.9032858,-0.1519121],[29.9031061,-0.1522742],[29.9029264,-0.1524405],[29.9026796,-0.1526121],[29.9025267,-0.1527463],[29.9024597,-0.1528321],[29.9023899,-0.1528804],[29.9023524,-0.1528991],[29.9023215,-0.1528951],[29.9023041,-0.1528857],[29.9022894,-0.1528643],[29.9022867,-0.1528482],[29.9022773,-0.1528321],[29.9022505,-0.1528254],[29.9022196,-0.1528294],[29.9021727,-0.1528254],[29.9021392,-0.1528321],[29.9021123,-0.1528509],[29.9020694,-0.1528924],[29.9020332,-0.1529246],[29.9020091,-0.1529179],[29.9019769,-0.1528978],[29.9019474,-0.1528643],[29.9019447,-0.1528348]]]}}]}